#
# There is insufficient memory for the Java Runtime Environment to continue.
# Native memory allocation (malloc) failed to allocate 1277936 bytes. Error detail: Chunk::new
# Possible reasons:
#   The system is out of physical RAM or swap space
#   This process is running with CompressedOops enabled, and the Java Heap may be blocking the growth of the native heap
# Possible solutions:
#   Reduce memory load on the system
#   Increase physical memory or swap space
#   Check if swap backing store is full
#   Decrease Java heap size (-Xmx/-Xms)
#   Decrease number of Java threads
#   Decrease Java thread stack sizes (-Xss)
#   Set larger code cache with -XX:ReservedCodeCacheSize=
#   JVM is running with Unscaled Compressed Oops mode in which the Java heap is
#     placed in the first 4GB address space. The Java Heap base address is the
#     maximum limit for the native heap growth. Please use -XX:HeapBaseMinAddress
#     to set the Java Heap base and to place the Java Heap above 4GB virtual address.
# This output file may be truncated or incomplete.
#
#  Out of Memory Error (arena.cpp:168), pid=15468, tid=9736
#
# JRE version: OpenJDK Runtime Environment (21.0.9) (build 21.0.9+-14787801-b1163.94)
# Java VM: OpenJDK 64-Bit Server VM (21.0.9+-14787801-b1163.94, mixed mode, tiered, compressed oops, compressed class ptrs, g1 gc, windows-amd64)
# No core dump will be written. Minidumps are not enabled by default on client versions of Windows
#

---------------  S U M M A R Y ------------

Command Line: --add-opens=java.base/java.lang=ALL-UNNAMED --add-opens=java.base/java.lang.invoke=ALL-UNNAMED --add-opens=java.base/java.util=ALL-UNNAMED --add-opens=java.prefs/java.util.prefs=ALL-UNNAMED --add-exports=jdk.compiler/com.sun.tools.javac.api=ALL-UNNAMED --add-exports=jdk.compiler/com.sun.tools.javac.util=ALL-UNNAMED --add-opens=java.base/java.util=ALL-UNNAMED --add-opens=java.prefs/java.util.prefs=ALL-UNNAMED --add-opens=java.base/java.nio.charset=ALL-UNNAMED --add-opens=java.base/java.net=ALL-UNNAMED --add-opens=java.base/java.util.concurrent.atomic=ALL-UNNAMED --add-opens=java.xml/javax.xml.namespace=ALL-UNNAMED -Xmx2048m -Dfile.encoding=UTF-8 -Duser.country=RU -Duser.language=ru -Duser.variant -javaagent:C:\Users\User\.gradle\wrapper\dists\gradle-8.13-bin\5xuhj0ry160q40clulazy9h7d\gradle-8.13\lib\agents\gradle-instrumentation-agent-8.13.jar org.gradle.launcher.daemon.bootstrap.GradleDaemon 8.13

Host: 13th Gen Intel(R) Core(TM) i5-1335U, 12 cores, 11G,  Windows 11 , 64 bit Build 26100 (10.0.26100.7920)
Time: Sat Mar 28 10:56:06 2026 elapsed time: 71.128883 seconds (0d 0h 1m 11s)

---------------  T H R E A D  ---------------

Current thread (0x00000122cac294d0):  JavaThread "C2 CompilerThread2" daemon [_thread_in_native, id=9736, stack(0x0000000e99b00000,0x0000000e99c00000) (1024K)]


Current CompileTask:
C2:71129 22485       4       com.android.tools.r8.dex.k::a (1855 bytes)

Stack: [0x0000000e99b00000,0x0000000e99c00000]
Native frames: (J=compiled Java code, j=interpreted, Vv=VM code, C=native code)
V  [jvm.dll+0x6d6c99]
V  [jvm.dll+0x866b83]
V  [jvm.dll+0x8691ae]
V  [jvm.dll+0x869893]
V  [jvm.dll+0x280776]
V  [jvm.dll+0xc07cd]
V  [jvm.dll+0xc0d03]
V  [jvm.dll+0x3b9831]
V  [jvm.dll+0x3856a7]
V  [jvm.dll+0x384b1a]
V  [jvm.dll+0x249462]
V  [jvm.dll+0x248a31]
V  [jvm.dll+0x1c7344]
V  [jvm.dll+0x2581ae]
V  [jvm.dll+0x2566f6]
V  [jvm.dll+0x3f48a6]
V  [jvm.dll+0x80f118]
V  [jvm.dll+0x6d54ed]
C  [ucrtbase.dll+0x37b0]
C  [KERNEL32.DLL+0x2e8d7]
C  [ntdll.dll+0x8c48c]


---------------  P R O C E S S  ---------------

Threads class SMR info:
_java_thread_list=0x00000122d1a9fbd0, length=207, elements={
0x00000122a7bbc2c0, 0x00000122bf7bdfc0, 0x00000122bf80f930, 0x00000122bf80ffa0,
0x00000122bf81f490, 0x00000122bf812a10, 0x00000122bf813470, 0x00000122bf813ed0,
0x00000122bf815a10, 0x00000122bf7f26c0, 0x00000122bfaed6f0, 0x00000122c616c050,
0x00000122c65161a0, 0x00000122c6133e90, 0x00000122c64d8c30, 0x00000122c64ff590,
0x00000122c63dcce0, 0x00000122c63dd370, 0x00000122c63dedb0, 0x00000122c7716e50,
0x00000122c771a960, 0x00000122c771a2d0, 0x00000122c77174e0, 0x00000122c7718890,
0x00000122c77195b0, 0x00000122c6f6c230, 0x00000122c6f6ae80, 0x00000122c82ab590,
0x00000122c82a8110, 0x00000122c82abc20, 0x00000122c676e1b0, 0x00000122c8071410,
0x00000122c99c7080, 0x00000122c99c3c00, 0x00000122c99c8ac0, 0x00000122c99c7710,
0x00000122c99c9150, 0x00000122c99c7da0, 0x00000122c99c97e0, 0x00000122c99c9e70,
0x00000122c99ca500, 0x00000122c9634db0, 0x00000122c9635440, 0x00000122c9634720,
0x00000122c9636160, 0x00000122c9634090, 0x00000122c9635ad0, 0x00000122c9632ce0,
0x00000122c9633370, 0x00000122c96367f0, 0x00000122c9636e80, 0x00000122c9633a00,
0x00000122c9637510, 0x00000122c9639c70, 0x00000122c9638230, 0x00000122c9637ba0,
0x00000122c96388c0, 0x00000122c9638f50, 0x00000122c963a300, 0x00000122c6f66650,
0x00000122c6f68090, 0x00000122c6f66ce0, 0x00000122c6f67a00, 0x00000122c6f68db0,
0x00000122c6f65930, 0x00000122c6f69440, 0x00000122c6f65fc0, 0x00000122c6f6c8c0,
0x00000122c6f6cf50, 0x00000122c6f69ad0, 0x00000122c6f6a160, 0x00000122c6f6a7f0,
0x00000122c6f6b510, 0x00000122c6f6bba0, 0x00000122c80706f0, 0x00000122c8074200,
0x00000122c8071aa0, 0x00000122c8070d80, 0x00000122c8077680, 0x00000122c80755b0,
0x00000122c8075c40, 0x00000122c80762d0, 0x00000122c8076960, 0x00000122c8076ff0,
0x00000122c8074890, 0x00000122c8074f20, 0x00000122c771aff0, 0x00000122c676db20,
0x00000122c676a6a0, 0x00000122c6770910, 0x00000122c6770fa0, 0x00000122c82a94c0,
0x00000122c82a87a0, 0x00000122c82a9b50, 0x00000122c82aa1e0, 0x00000122c82adcf0,
0x00000122c82aaf00, 0x00000122c82aa870, 0x00000122c82ae380, 0x00000122c82aea10,
0x00000122c771bd10, 0x00000122c771c3a0, 0x00000122c7718f20, 0x00000122c771ca30,
0x00000122c771d0c0, 0x00000122c771d750, 0x00000122c771e470, 0x00000122c771dde0,
0x00000122ca7ab130, 0x00000122ca7aa410, 0x00000122ca7ab7c0, 0x00000122cbd7b920,
0x00000122cbd77780, 0x00000122cbd784a0, 0x00000122cbd763d0, 0x00000122cbd77e10,
0x00000122cbd75020, 0x00000122cbd76a60, 0x00000122cbd770f0, 0x00000122cbd78b30,
0x00000122cbd791c0, 0x00000122cbd75d40, 0x00000122cbd7b290, 0x00000122cbd79850,
0x00000122cbd7d360, 0x00000122cbd7a570, 0x00000122cbd7c640, 0x00000122cbd79ee0,
0x00000122cbd7bfb0, 0x00000122cbd7d9f0, 0x00000122cbd7e080, 0x00000122cbd7ac00,
0x00000122cbd7fac0, 0x00000122cbd80150, 0x00000122cbd81b90, 0x00000122cbd7eda0,
0x00000122d21a4940, 0x00000122d21a3c20, 0x00000122d21a2870, 0x00000122d21a5660,
0x00000122d21a4fd0, 0x00000122d21a2f00, 0x00000122d21a6a10, 0x00000122d21a3590,
0x00000122d21a7730, 0x00000122cac6e130, 0x00000122cac71c40, 0x00000122cac715b0,
0x00000122cac6f4e0, 0x00000122cac722d0, 0x00000122cac70f20, 0x00000122cac6ee50,
0x00000122cac72ff0, 0x00000122cac6fb70, 0x00000122cac73680, 0x00000122cac70200,
0x00000122cac73d10, 0x00000122cac74a30, 0x00000122cac75de0, 0x00000122cac76470,
0x00000122cac75750, 0x00000122cac77820, 0x00000122cac76b00, 0x00000122cac77190,
0x00000122cac743a0, 0x00000122cac79f80, 0x00000122cac7a610, 0x00000122cac79260,
0x00000122cac78540, 0x00000122cac750c0, 0x00000122cac78bd0, 0x00000122cac7c6e0,
0x00000122cac7cd70, 0x00000122cac7b9c0, 0x00000122cac7c050, 0x00000122cac798f0,
0x00000122cac7aca0, 0x00000122cac7d400, 0x00000122cac7b330, 0x00000122d21a8450,
0x00000122d21aa520, 0x00000122d21a9170, 0x00000122d21a7dc0, 0x00000122d21aabb0,
0x00000122d21a9800, 0x00000122d21ab8d0, 0x00000122d21abf60, 0x00000122d21a8ae0,
0x00000122d21ac5f0, 0x00000122d21ad310, 0x00000122d21a9e90, 0x00000122d21b0e20,
0x00000122d21ae6c0, 0x00000122d21a5cf0, 0x00000122d21b0790, 0x00000122d21b14b0,
0x00000122d21ae030, 0x00000122d21b1b40, 0x00000122d21aed50, 0x00000122d21af3e0,
0x00000122d21afa70, 0x00000122cbd807e0, 0x00000122cbd7ccd0, 0x00000122cbd80e70,
0x00000122cbd7e710, 0x00000122cac2a270, 0x00000122cac294d0
}

Java Threads: ( => current thread )
  0x00000122a7bbc2c0 JavaThread "main"                              [_thread_blocked, id=20468, stack(0x0000000e8bd00000,0x0000000e8be00000) (1024K)]
  0x00000122bf7bdfc0 JavaThread "Common-Cleaner"             daemon [_thread_blocked, id=22728, stack(0x0000000e8c500000,0x0000000e8c600000) (1024K)]
  0x00000122bf80f930 JavaThread "Reference Handler"          daemon [_thread_blocked, id=5536, stack(0x0000000e8c600000,0x0000000e8c700000) (1024K)]
  0x00000122bf80ffa0 JavaThread "Finalizer"                  daemon [_thread_blocked, id=19744, stack(0x0000000e8c700000,0x0000000e8c800000) (1024K)]
  0x00000122bf81f490 JavaThread "Signal Dispatcher"          daemon [_thread_blocked, id=18032, stack(0x0000000e8c800000,0x0000000e8c900000) (1024K)]
  0x00000122bf812a10 JavaThread "Attach Listener"            daemon [_thread_blocked, id=24800, stack(0x0000000e8c900000,0x0000000e8ca00000) (1024K)]
  0x00000122bf813470 JavaThread "Service Thread"             daemon [_thread_blocked, id=24392, stack(0x0000000e8ca00000,0x0000000e8cb00000) (1024K)]
  0x00000122bf813ed0 JavaThread "Monitor Deflation Thread"   daemon [_thread_blocked, id=17792, stack(0x0000000e8cb00000,0x0000000e8cc00000) (1024K)]
  0x00000122bf815a10 JavaThread "C2 CompilerThread0"         daemon [_thread_in_native, id=22140, stack(0x0000000e8cc00000,0x0000000e8cd00000) (1024K)]
  0x00000122bf7f26c0 JavaThread "C1 CompilerThread0"         daemon [_thread_in_native, id=23556, stack(0x0000000e8cd00000,0x0000000e8ce00000) (1024K)]
  0x00000122bfaed6f0 JavaThread "Notification Thread"        daemon [_thread_blocked, id=21124, stack(0x0000000e8ce00000,0x0000000e8cf00000) (1024K)]
  0x00000122c616c050 JavaThread "Daemon health stats"               [_thread_blocked, id=23720, stack(0x0000000e8d500000,0x0000000e8d600000) (1024K)]
  0x00000122c65161a0 JavaThread "Incoming local TCP Connector on port 51871"        [_thread_in_native, id=24724, stack(0x0000000e8d600000,0x0000000e8d700000) (1024K)]
  0x00000122c6133e90 JavaThread "Daemon periodic checks"            [_thread_blocked, id=18860, stack(0x0000000e8d700000,0x0000000e8d800000) (1024K)]
  0x00000122c64d8c30 JavaThread "Daemon"                            [_thread_blocked, id=21616, stack(0x0000000e8d800000,0x0000000e8d900000) (1024K)]
  0x00000122c64ff590 JavaThread "Daemon worker"                     [_thread_blocked, id=25068, stack(0x0000000e8db00000,0x0000000e8dc00000) (1024K)]
  0x00000122c63dcce0 JavaThread "Cache worker for journal cache (C:\Users\User\.gradle\caches\journal-1)"        [_thread_blocked, id=24296, stack(0x0000000e8cf00000,0x0000000e8d000000) (1024K)]
  0x00000122c63dd370 JavaThread "File lock request listener"        [_thread_in_native, id=24940, stack(0x0000000e8e500000,0x0000000e8e600000) (1024K)]
  0x00000122c63dedb0 JavaThread "Cache worker for file hash cache (C:\Users\User\.gradle\caches\8.13\fileHashes)"        [_thread_blocked, id=24932, stack(0x0000000e8e600000,0x0000000e8e700000) (1024K)]
  0x00000122c7716e50 JavaThread "File watcher server"        daemon [_thread_in_native, id=8428, stack(0x0000000e8eb00000,0x0000000e8ec00000) (1024K)]
  0x00000122c771a960 JavaThread "File watcher consumer"      daemon [_thread_blocked, id=25312, stack(0x0000000e8ec00000,0x0000000e8ed00000) (1024K)]
  0x00000122c771a2d0 JavaThread "jar transforms"                    [_thread_blocked, id=19616, stack(0x0000000e8e800000,0x0000000e8e900000) (1024K)]
  0x00000122c77174e0 JavaThread "jar transforms Thread 2"           [_thread_blocked, id=24928, stack(0x0000000e8ed00000,0x0000000e8ee00000) (1024K)]
  0x00000122c7718890 JavaThread "Cache worker for file content cache (C:\Users\User\.gradle\caches\8.13\fileContent)"        [_thread_blocked, id=22896, stack(0x0000000e8f000000,0x0000000e8f100000) (1024K)]
  0x00000122c77195b0 JavaThread "jar transforms Thread 3"           [_thread_blocked, id=8924, stack(0x0000000e8f100000,0x0000000e8f200000) (1024K)]
  0x00000122c6f6c230 JavaThread "jar transforms Thread 4"           [_thread_blocked, id=14920, stack(0x0000000e90700000,0x0000000e90800000) (1024K)]
  0x00000122c6f6ae80 JavaThread "jar transforms Thread 5"           [_thread_blocked, id=17348, stack(0x0000000e90800000,0x0000000e90900000) (1024K)]
  0x00000122c82ab590 JavaThread "jar transforms Thread 6"           [_thread_blocked, id=22464, stack(0x0000000e91300000,0x0000000e91400000) (1024K)]
  0x00000122c82a8110 JavaThread "jar transforms Thread 7"           [_thread_blocked, id=8484, stack(0x0000000e91400000,0x0000000e91500000) (1024K)]
  0x00000122c82abc20 JavaThread "jar transforms Thread 8"           [_thread_blocked, id=18968, stack(0x0000000e91500000,0x0000000e91600000) (1024K)]
  0x00000122c676e1b0 JavaThread "Memory manager"                    [_thread_blocked, id=25516, stack(0x0000000e93800000,0x0000000e93900000) (1024K)]
  0x00000122c8071410 JavaThread "included builds"                   [_thread_blocked, id=22276, stack(0x0000000e93b00000,0x0000000e93c00000) (1024K)]
  0x00000122c99c7080 JavaThread "VFS cleanup"                       [_thread_blocked, id=19608, stack(0x0000000e8dc00000,0x0000000e8dd00000) (1024K)]
  0x00000122c99c3c00 JavaThread "Handler for socket connection from /127.0.0.1:51871 to /127.0.0.1:60558"        [_thread_in_native, id=24464, stack(0x0000000e8d900000,0x0000000e8da00000) (1024K)]
  0x00000122c99c8ac0 JavaThread "Cancel handler"                    [_thread_blocked, id=14972, stack(0x0000000e8da00000,0x0000000e8db00000) (1024K)]
  0x00000122c99c7710 JavaThread "Asynchronous log dispatcher for DefaultDaemonConnection: socket connection from /127.0.0.1:51871 to /127.0.0.1:60558"        [_thread_blocked, id=21164, stack(0x0000000e8dd00000,0x0000000e8de00000) (1024K)]
  0x00000122c99c9150 JavaThread "Stdin handler"                     [_thread_blocked, id=24700, stack(0x0000000e8de00000,0x0000000e8df00000) (1024K)]
  0x00000122c99c7da0 JavaThread "Daemon client event forwarder"        [_thread_blocked, id=24696, stack(0x0000000e8e700000,0x0000000e8e800000) (1024K)]
  0x00000122c99c97e0 JavaThread "Cache worker for file hash cache (C:\Users\User\StudioProjects\Android-Project\.gradle\8.13\fileHashes)"        [_thread_blocked, id=21684, stack(0x0000000e8e900000,0x0000000e8ea00000) (1024K)]
  0x00000122c99c9e70 JavaThread "Cache worker for Build Output Cleanup Cache (C:\Users\User\StudioProjects\Android-Project\.gradle\buildOutputCleanup)"        [_thread_blocked, id=9596, stack(0x0000000e8ea00000,0x0000000e8eb00000) (1024K)]
  0x00000122c99ca500 JavaThread "Cache worker for checksums cache (C:\Users\User\StudioProjects\Android-Project\.gradle\8.13\checksums)"        [_thread_blocked, id=24804, stack(0x0000000e8ee00000,0x0000000e8ef00000) (1024K)]
  0x00000122c9634db0 JavaThread "Cache worker for cache directory md-supplier (C:\Users\User\.gradle\caches\8.13\md-supplier)"        [_thread_blocked, id=24020, stack(0x0000000e8ef00000,0x0000000e8f000000) (1024K)]
  0x00000122c9635440 JavaThread "Cache worker for cache directory md-rule (C:\Users\User\.gradle\caches\8.13\md-rule)"        [_thread_blocked, id=24736, stack(0x0000000e8f200000,0x0000000e8f300000) (1024K)]
  0x00000122c9634720 JavaThread "Unconstrained build operations"        [_thread_blocked, id=24808, stack(0x0000000e8f300000,0x0000000e8f400000) (1024K)]
  0x00000122c9636160 JavaThread "Unconstrained build operations Thread 2"        [_thread_blocked, id=23844, stack(0x0000000e8f400000,0x0000000e8f500000) (1024K)]
  0x00000122c9634090 JavaThread "Unconstrained build operations Thread 3"        [_thread_blocked, id=24856, stack(0x0000000e8f500000,0x0000000e8f600000) (1024K)]
  0x00000122c9635ad0 JavaThread "Unconstrained build operations Thread 4"        [_thread_blocked, id=24672, stack(0x0000000e8f600000,0x0000000e8f700000) (1024K)]
  0x00000122c9632ce0 JavaThread "Unconstrained build operations Thread 5"        [_thread_blocked, id=24288, stack(0x0000000e8f700000,0x0000000e8f800000) (1024K)]
  0x00000122c9633370 JavaThread "Unconstrained build operations Thread 6"        [_thread_blocked, id=24676, stack(0x0000000e8f800000,0x0000000e8f900000) (1024K)]
  0x00000122c96367f0 JavaThread "Unconstrained build operations Thread 7"        [_thread_blocked, id=22192, stack(0x0000000e8f900000,0x0000000e8fa00000) (1024K)]
  0x00000122c9636e80 JavaThread "Unconstrained build operations Thread 8"        [_thread_blocked, id=22936, stack(0x0000000e8fb00000,0x0000000e8fc00000) (1024K)]
  0x00000122c9633a00 JavaThread "Unconstrained build operations Thread 9"        [_thread_blocked, id=25556, stack(0x0000000e8fc00000,0x0000000e8fd00000) (1024K)]
  0x00000122c9637510 JavaThread "Unconstrained build operations Thread 10"        [_thread_blocked, id=12892, stack(0x0000000e8fd00000,0x0000000e8fe00000) (1024K)]
  0x00000122c9639c70 JavaThread "Unconstrained build operations Thread 11"        [_thread_blocked, id=23928, stack(0x0000000e8fe00000,0x0000000e8ff00000) (1024K)]
  0x00000122c9638230 JavaThread "Unconstrained build operations Thread 12"        [_thread_blocked, id=13556, stack(0x0000000e8ff00000,0x0000000e90000000) (1024K)]
  0x00000122c9637ba0 JavaThread "Unconstrained build operations Thread 13"        [_thread_blocked, id=20304, stack(0x0000000e90000000,0x0000000e90100000) (1024K)]
  0x00000122c96388c0 JavaThread "Unconstrained build operations Thread 14"        [_thread_blocked, id=21536, stack(0x0000000e90100000,0x0000000e90200000) (1024K)]
  0x00000122c9638f50 JavaThread "Unconstrained build operations Thread 15"        [_thread_blocked, id=23932, stack(0x0000000e90200000,0x0000000e90300000) (1024K)]
  0x00000122c963a300 JavaThread "Unconstrained build operations Thread 16"        [_thread_blocked, id=7668, stack(0x0000000e90300000,0x0000000e90400000) (1024K)]
  0x00000122c6f66650 JavaThread "Unconstrained build operations Thread 17"        [_thread_blocked, id=22200, stack(0x0000000e90400000,0x0000000e90500000) (1024K)]
  0x00000122c6f68090 JavaThread "Unconstrained build operations Thread 18"        [_thread_blocked, id=19096, stack(0x0000000e90500000,0x0000000e90600000) (1024K)]
  0x00000122c6f66ce0 JavaThread "Unconstrained build operations Thread 19"        [_thread_blocked, id=23032, stack(0x0000000e90600000,0x0000000e90700000) (1024K)]
  0x00000122c6f67a00 JavaThread "Unconstrained build operations Thread 20"        [_thread_blocked, id=11396, stack(0x0000000e90900000,0x0000000e90a00000) (1024K)]
  0x00000122c6f68db0 JavaThread "Unconstrained build operations Thread 21"        [_thread_blocked, id=14564, stack(0x0000000e90a00000,0x0000000e90b00000) (1024K)]
  0x00000122c6f65930 JavaThread "Unconstrained build operations Thread 22"        [_thread_blocked, id=23328, stack(0x0000000e90b00000,0x0000000e90c00000) (1024K)]
  0x00000122c6f69440 JavaThread "Unconstrained build operations Thread 23"        [_thread_blocked, id=23368, stack(0x0000000e90c00000,0x0000000e90d00000) (1024K)]
  0x00000122c6f65fc0 JavaThread "Unconstrained build operations Thread 24"        [_thread_blocked, id=23996, stack(0x0000000e90d00000,0x0000000e90e00000) (1024K)]
  0x00000122c6f6c8c0 JavaThread "Unconstrained build operations Thread 25"        [_thread_blocked, id=22664, stack(0x0000000e90e00000,0x0000000e90f00000) (1024K)]
  0x00000122c6f6cf50 JavaThread "Unconstrained build operations Thread 26"        [_thread_blocked, id=22044, stack(0x0000000e90f00000,0x0000000e91000000) (1024K)]
  0x00000122c6f69ad0 JavaThread "Unconstrained build operations Thread 27"        [_thread_blocked, id=10460, stack(0x0000000e91000000,0x0000000e91100000) (1024K)]
  0x00000122c6f6a160 JavaThread "Unconstrained build operations Thread 28"        [_thread_blocked, id=8764, stack(0x0000000e91100000,0x0000000e91200000) (1024K)]
  0x00000122c6f6a7f0 JavaThread "Unconstrained build operations Thread 29"        [_thread_blocked, id=18744, stack(0x0000000e91200000,0x0000000e91300000) (1024K)]
  0x00000122c6f6b510 JavaThread "Unconstrained build operations Thread 30"        [_thread_blocked, id=18480, stack(0x0000000e91600000,0x0000000e91700000) (1024K)]
  0x00000122c6f6bba0 JavaThread "Unconstrained build operations Thread 31"        [_thread_blocked, id=7828, stack(0x0000000e91700000,0x0000000e91800000) (1024K)]
  0x00000122c80706f0 JavaThread "Unconstrained build operations Thread 32"        [_thread_blocked, id=24268, stack(0x0000000e91800000,0x0000000e91900000) (1024K)]
  0x00000122c8074200 JavaThread "Unconstrained build operations Thread 33"        [_thread_blocked, id=18188, stack(0x0000000e91900000,0x0000000e91a00000) (1024K)]
  0x00000122c8071aa0 JavaThread "Unconstrained build operations Thread 34"        [_thread_blocked, id=14428, stack(0x0000000e91a00000,0x0000000e91b00000) (1024K)]
  0x00000122c8070d80 JavaThread "Unconstrained build operations Thread 35"        [_thread_blocked, id=20544, stack(0x0000000e91b00000,0x0000000e91c00000) (1024K)]
  0x00000122c8077680 JavaThread "Unconstrained build operations Thread 36"        [_thread_blocked, id=1648, stack(0x0000000e91c00000,0x0000000e91d00000) (1024K)]
  0x00000122c80755b0 JavaThread "Unconstrained build operations Thread 37"        [_thread_blocked, id=2408, stack(0x0000000e91d00000,0x0000000e91e00000) (1024K)]
  0x00000122c8075c40 JavaThread "Unconstrained build operations Thread 38"        [_thread_blocked, id=21176, stack(0x0000000e91e00000,0x0000000e91f00000) (1024K)]
  0x00000122c80762d0 JavaThread "Unconstrained build operations Thread 39"        [_thread_blocked, id=20904, stack(0x0000000e91f00000,0x0000000e92000000) (1024K)]
  0x00000122c8076960 JavaThread "Unconstrained build operations Thread 40"        [_thread_blocked, id=20808, stack(0x0000000e92000000,0x0000000e92100000) (1024K)]
  0x00000122c8076ff0 JavaThread "Unconstrained build operations Thread 41"        [_thread_blocked, id=22836, stack(0x0000000e92100000,0x0000000e92200000) (1024K)]
  0x00000122c8074890 JavaThread "Unconstrained build operations Thread 42"        [_thread_blocked, id=15016, stack(0x0000000e92200000,0x0000000e92300000) (1024K)]
  0x00000122c8074f20 JavaThread "build event listener"              [_thread_blocked, id=24748, stack(0x0000000e92400000,0x0000000e92500000) (1024K)]
  0x00000122c771aff0 JavaThread "build event listener"              [_thread_blocked, id=22252, stack(0x0000000e92500000,0x0000000e92600000) (1024K)]
  0x00000122c676db20 JavaThread "included builds"                   [_thread_blocked, id=1508, stack(0x0000000e92600000,0x0000000e92700000) (1024K)]
  0x00000122c676a6a0 JavaThread "Execution worker"                  [_thread_blocked, id=5004, stack(0x0000000e92700000,0x0000000e92800000) (1024K)]
  0x00000122c6770910 JavaThread "Execution worker Thread 2"         [_thread_blocked, id=25232, stack(0x0000000e92800000,0x0000000e92900000) (1024K)]
  0x00000122c6770fa0 JavaThread "Execution worker Thread 3"         [_thread_blocked, id=23072, stack(0x0000000e92900000,0x0000000e92a00000) (1024K)]
  0x00000122c82a94c0 JavaThread "Execution worker Thread 4"         [_thread_blocked, id=23668, stack(0x0000000e92a00000,0x0000000e92b00000) (1024K)]
  0x00000122c82a87a0 JavaThread "Execution worker Thread 5"         [_thread_blocked, id=23660, stack(0x0000000e92b00000,0x0000000e92c00000) (1024K)]
  0x00000122c82a9b50 JavaThread "Execution worker Thread 6"         [_thread_blocked, id=23520, stack(0x0000000e92c00000,0x0000000e92d00000) (1024K)]
  0x00000122c82aa1e0 JavaThread "Execution worker Thread 7"         [_thread_blocked, id=18940, stack(0x0000000e92d00000,0x0000000e92e00000) (1024K)]
  0x00000122c82adcf0 JavaThread "Execution worker Thread 8"         [_thread_blocked, id=25236, stack(0x0000000e92e00000,0x0000000e92f00000) (1024K)]
  0x00000122c82aaf00 JavaThread "Execution worker Thread 9"         [_thread_blocked, id=23380, stack(0x0000000e92f00000,0x0000000e93000000) (1024K)]
  0x00000122c82aa870 JavaThread "Execution worker Thread 10"        [_thread_in_Java, id=23064, stack(0x0000000e93000000,0x0000000e93100000) (1024K)]
  0x00000122c82ae380 JavaThread "Execution worker Thread 11"        [_thread_blocked, id=23476, stack(0x0000000e93100000,0x0000000e93200000) (1024K)]
  0x00000122c82aea10 JavaThread "Cache worker for execution history cache (C:\Users\User\StudioProjects\Android-Project\.gradle\8.13\executionHistory)"        [_thread_blocked, id=23384, stack(0x0000000e93200000,0x0000000e93300000) (1024K)]
  0x00000122c771bd10 JavaThread "Unconstrained build operations Thread 43"        [_thread_blocked, id=25152, stack(0x0000000e93300000,0x0000000e93400000) (1024K)]
  0x00000122c771c3a0 JavaThread "Unconstrained build operations Thread 44"        [_thread_blocked, id=22984, stack(0x0000000e93400000,0x0000000e93500000) (1024K)]
  0x00000122c7718f20 JavaThread "Unconstrained build operations Thread 45"        [_thread_blocked, id=22968, stack(0x0000000e93500000,0x0000000e93600000) (1024K)]
  0x00000122c771ca30 JavaThread "Unconstrained build operations Thread 46"        [_thread_blocked, id=23008, stack(0x0000000e93600000,0x0000000e93700000) (1024K)]
  0x00000122c771d0c0 JavaThread "Unconstrained build operations Thread 47"        [_thread_blocked, id=19980, stack(0x0000000e93700000,0x0000000e93800000) (1024K)]
  0x00000122c771d750 JavaThread "Unconstrained build operations Thread 48"        [_thread_blocked, id=23572, stack(0x0000000e93900000,0x0000000e93a00000) (1024K)]
  0x00000122c771e470 JavaThread "Unconstrained build operations Thread 49"        [_thread_blocked, id=25568, stack(0x0000000e93a00000,0x0000000e93b00000) (1024K)]
  0x00000122c771dde0 JavaThread "Unconstrained build operations Thread 50"        [_thread_blocked, id=7328, stack(0x0000000e93c00000,0x0000000e93d00000) (1024K)]
  0x00000122ca7ab130 JavaThread "Unconstrained build operations Thread 51"        [_thread_blocked, id=22724, stack(0x0000000e93d00000,0x0000000e93e00000) (1024K)]
  0x00000122ca7aa410 JavaThread "Unconstrained build operations Thread 52"        [_thread_blocked, id=22676, stack(0x0000000e93e00000,0x0000000e93f00000) (1024K)]
  0x00000122ca7ab7c0 JavaThread "Unconstrained build operations Thread 53"        [_thread_blocked, id=11616, stack(0x0000000e93f00000,0x0000000e94000000) (1024K)]
  0x00000122cbd7b920 JavaThread "WorkerExecutor Queue"              [_thread_blocked, id=22332, stack(0x0000000e94000000,0x0000000e94100000) (1024K)]
  0x00000122cbd77780 JavaThread "Unconstrained build operations Thread 54"        [_thread_blocked, id=2280, stack(0x0000000e94100000,0x0000000e94200000) (1024K)]
  0x00000122cbd784a0 JavaThread "Unconstrained build operations Thread 55"        [_thread_blocked, id=7256, stack(0x0000000e94200000,0x0000000e94300000) (1024K)]
  0x00000122cbd763d0 JavaThread "Unconstrained build operations Thread 56"        [_thread_blocked, id=24756, stack(0x0000000e94300000,0x0000000e94400000) (1024K)]
  0x00000122cbd77e10 JavaThread "Unconstrained build operations Thread 57"        [_thread_blocked, id=16712, stack(0x0000000e94400000,0x0000000e94500000) (1024K)]
  0x00000122cbd75020 JavaThread "Unconstrained build operations Thread 58"        [_thread_blocked, id=11388, stack(0x0000000e94500000,0x0000000e94600000) (1024K)]
  0x00000122cbd76a60 JavaThread "Unconstrained build operations Thread 59"        [_thread_blocked, id=14532, stack(0x0000000e94600000,0x0000000e94700000) (1024K)]
  0x00000122cbd770f0 JavaThread "Unconstrained build operations Thread 60"        [_thread_blocked, id=22268, stack(0x0000000e94700000,0x0000000e94800000) (1024K)]
  0x00000122cbd78b30 JavaThread "Unconstrained build operations Thread 61"        [_thread_blocked, id=21896, stack(0x0000000e94800000,0x0000000e94900000) (1024K)]
  0x00000122cbd791c0 JavaThread "Unconstrained build operations Thread 62"        [_thread_blocked, id=23896, stack(0x0000000e94900000,0x0000000e94a00000) (1024K)]
  0x00000122cbd75d40 JavaThread "Unconstrained build operations Thread 63"        [_thread_blocked, id=20300, stack(0x0000000e94a00000,0x0000000e94b00000) (1024K)]
  0x00000122cbd7b290 JavaThread "Unconstrained build operations Thread 64"        [_thread_blocked, id=20176, stack(0x0000000e94b00000,0x0000000e94c00000) (1024K)]
  0x00000122cbd79850 JavaThread "Unconstrained build operations Thread 65"        [_thread_blocked, id=17256, stack(0x0000000e94c00000,0x0000000e94d00000) (1024K)]
  0x00000122cbd7d360 JavaThread "WorkerExecutor Queue Thread 2"        [_thread_blocked, id=21676, stack(0x0000000e94d00000,0x0000000e94e00000) (1024K)]
  0x00000122cbd7a570 JavaThread "Unconstrained build operations Thread 66"        [_thread_blocked, id=16440, stack(0x0000000e94e00000,0x0000000e94f00000) (1024K)]
  0x00000122cbd7c640 JavaThread "Unconstrained build operations Thread 67"        [_thread_blocked, id=4772, stack(0x0000000e94f00000,0x0000000e95000000) (1024K)]
  0x00000122cbd79ee0 JavaThread "Unconstrained build operations Thread 68"        [_thread_blocked, id=24548, stack(0x0000000e95000000,0x0000000e95100000) (1024K)]
  0x00000122cbd7bfb0 JavaThread "Unconstrained build operations Thread 69"        [_thread_blocked, id=21868, stack(0x0000000e95100000,0x0000000e95200000) (1024K)]
  0x00000122cbd7d9f0 JavaThread "Unconstrained build operations Thread 70"        [_thread_blocked, id=23612, stack(0x0000000e95200000,0x0000000e95300000) (1024K)]
  0x00000122cbd7e080 JavaThread "Unconstrained build operations Thread 71"        [_thread_blocked, id=23784, stack(0x0000000e95300000,0x0000000e95400000) (1024K)]
  0x00000122cbd7ac00 JavaThread "Unconstrained build operations Thread 72"        [_thread_blocked, id=22692, stack(0x0000000e95400000,0x0000000e95500000) (1024K)]
  0x00000122cbd7fac0 JavaThread "Unconstrained build operations Thread 73"        [_thread_blocked, id=12428, stack(0x0000000e95500000,0x0000000e95600000) (1024K)]
  0x00000122cbd80150 JavaThread "Unconstrained build operations Thread 74"        [_thread_blocked, id=5300, stack(0x0000000e95600000,0x0000000e95700000) (1024K)]
  0x00000122cbd81b90 JavaThread "Unconstrained build operations Thread 75"        [_thread_blocked, id=12968, stack(0x0000000e95700000,0x0000000e95800000) (1024K)]
  0x00000122cbd7eda0 JavaThread "Unconstrained build operations Thread 76"        [_thread_blocked, id=23992, stack(0x0000000e95800000,0x0000000e95900000) (1024K)]
  0x00000122d21a4940 JavaThread "WorkerExecutor Queue Thread 3"        [_thread_blocked, id=18268, stack(0x0000000e8ba00000,0x0000000e8bb00000) (1024K)]
  0x00000122d21a3c20 JavaThread "WorkerExecutor Queue Thread 4"        [_thread_blocked, id=23656, stack(0x0000000e8bb00000,0x0000000e8bc00000) (1024K)]
  0x00000122d21a2870 JavaThread "WorkerExecutor Queue Thread 5"        [_thread_blocked, id=22048, stack(0x0000000e95900000,0x0000000e95a00000) (1024K)]
  0x00000122d21a5660 JavaThread "WorkerExecutor Queue Thread 6"        [_thread_blocked, id=6344, stack(0x0000000e95a00000,0x0000000e95b00000) (1024K)]
  0x00000122d21a4fd0 JavaThread "WorkerExecutor Queue Thread 7"        [_thread_blocked, id=24316, stack(0x0000000e95b00000,0x0000000e95c00000) (1024K)]
  0x00000122d21a2f00 JavaThread "WorkerExecutor Queue Thread 9"        [_thread_blocked, id=23716, stack(0x0000000e95d00000,0x0000000e95e00000) (1024K)]
  0x00000122d21a6a10 JavaThread "WorkerExecutor Queue Thread 10"        [_thread_blocked, id=23648, stack(0x0000000e95e00000,0x0000000e95f00000) (1024K)]
  0x00000122d21a3590 JavaThread "WorkerExecutor Queue Thread 11"        [_thread_blocked, id=24396, stack(0x0000000e95f00000,0x0000000e96000000) (1024K)]
  0x00000122d21a7730 JavaThread "WorkerExecutor Queue Thread 12"        [_thread_blocked, id=23088, stack(0x0000000e96000000,0x0000000e96100000) (1024K)]
  0x00000122cac6e130 JavaThread "Unconstrained build operations Thread 77"        [_thread_blocked, id=23824, stack(0x0000000e96100000,0x0000000e96200000) (1024K)]
  0x00000122cac71c40 JavaThread "Unconstrained build operations Thread 78"        [_thread_blocked, id=22556, stack(0x0000000e96200000,0x0000000e96300000) (1024K)]
  0x00000122cac715b0 JavaThread "Unconstrained build operations Thread 79"        [_thread_blocked, id=6528, stack(0x0000000e96300000,0x0000000e96400000) (1024K)]
  0x00000122cac6f4e0 JavaThread "Unconstrained build operations Thread 80"        [_thread_blocked, id=24644, stack(0x0000000e96400000,0x0000000e96500000) (1024K)]
  0x00000122cac722d0 JavaThread "Unconstrained build operations Thread 81"        [_thread_blocked, id=9364, stack(0x0000000e96500000,0x0000000e96600000) (1024K)]
  0x00000122cac70f20 JavaThread "Unconstrained build operations Thread 82"        [_thread_blocked, id=15936, stack(0x0000000e96600000,0x0000000e96700000) (1024K)]
  0x00000122cac6ee50 JavaThread "Unconstrained build operations Thread 83"        [_thread_blocked, id=21524, stack(0x0000000e96700000,0x0000000e96800000) (1024K)]
  0x00000122cac72ff0 JavaThread "Unconstrained build operations Thread 84"        [_thread_blocked, id=21696, stack(0x0000000e96800000,0x0000000e96900000) (1024K)]
  0x00000122cac6fb70 JavaThread "Unconstrained build operations Thread 85"        [_thread_blocked, id=21652, stack(0x0000000e96900000,0x0000000e96a00000) (1024K)]
  0x00000122cac73680 JavaThread "Unconstrained build operations Thread 86"        [_thread_blocked, id=9712, stack(0x0000000e96a00000,0x0000000e96b00000) (1024K)]
  0x00000122cac70200 JavaThread "Unconstrained build operations Thread 87"        [_thread_blocked, id=12608, stack(0x0000000e96b00000,0x0000000e96c00000) (1024K)]
  0x00000122cac73d10 JavaThread "Unconstrained build operations Thread 88"        [_thread_blocked, id=20112, stack(0x0000000e96c00000,0x0000000e96d00000) (1024K)]
  0x00000122cac74a30 JavaThread "Unconstrained build operations Thread 89"        [_thread_blocked, id=21044, stack(0x0000000e96d00000,0x0000000e96e00000) (1024K)]
  0x00000122cac75de0 JavaThread "Unconstrained build operations Thread 90"        [_thread_blocked, id=20068, stack(0x0000000e96e00000,0x0000000e96f00000) (1024K)]
  0x00000122cac76470 JavaThread "Unconstrained build operations Thread 91"        [_thread_blocked, id=9208, stack(0x0000000e96f00000,0x0000000e97000000) (1024K)]
  0x00000122cac75750 JavaThread "Unconstrained build operations Thread 92"        [_thread_blocked, id=20488, stack(0x0000000e97000000,0x0000000e97100000) (1024K)]
  0x00000122cac77820 JavaThread "Unconstrained build operations Thread 93"        [_thread_blocked, id=24016, stack(0x0000000e97100000,0x0000000e97200000) (1024K)]
  0x00000122cac76b00 JavaThread "Unconstrained build operations Thread 94"        [_thread_blocked, id=22868, stack(0x0000000e97200000,0x0000000e97300000) (1024K)]
  0x00000122cac77190 JavaThread "Unconstrained build operations Thread 95"        [_thread_blocked, id=23624, stack(0x0000000e97300000,0x0000000e97400000) (1024K)]
  0x00000122cac743a0 JavaThread "Unconstrained build operations Thread 96"        [_thread_blocked, id=22116, stack(0x0000000e97400000,0x0000000e97500000) (1024K)]
  0x00000122cac79f80 JavaThread "Unconstrained build operations Thread 97"        [_thread_blocked, id=23468, stack(0x0000000e97500000,0x0000000e97600000) (1024K)]
  0x00000122cac7a610 JavaThread "Unconstrained build operations Thread 98"        [_thread_blocked, id=16092, stack(0x0000000e97600000,0x0000000e97700000) (1024K)]
  0x00000122cac79260 JavaThread "Unconstrained build operations Thread 99"        [_thread_blocked, id=23296, stack(0x0000000e97700000,0x0000000e97800000) (1024K)]
  0x00000122cac78540 JavaThread "Unconstrained build operations Thread 100"        [_thread_blocked, id=22684, stack(0x0000000e97800000,0x0000000e97900000) (1024K)]
  0x00000122cac750c0 JavaThread "Unconstrained build operations Thread 101"        [_thread_blocked, id=6120, stack(0x0000000e97900000,0x0000000e97a00000) (1024K)]
  0x00000122cac78bd0 JavaThread "Unconstrained build operations Thread 102"        [_thread_blocked, id=23240, stack(0x0000000e97a00000,0x0000000e97b00000) (1024K)]
  0x00000122cac7c6e0 JavaThread "Unconstrained build operations Thread 103"        [_thread_blocked, id=11020, stack(0x0000000e97b00000,0x0000000e97c00000) (1024K)]
  0x00000122cac7cd70 JavaThread "Unconstrained build operations Thread 104"        [_thread_blocked, id=21644, stack(0x0000000e97c00000,0x0000000e97d00000) (1024K)]
  0x00000122cac7b9c0 JavaThread "Unconstrained build operations Thread 105"        [_thread_blocked, id=22708, stack(0x0000000e97d00000,0x0000000e97e00000) (1024K)]
  0x00000122cac7c050 JavaThread "Unconstrained build operations Thread 106"        [_thread_blocked, id=22424, stack(0x0000000e97e00000,0x0000000e97f00000) (1024K)]
  0x00000122cac798f0 JavaThread "Unconstrained build operations Thread 107"        [_thread_blocked, id=22052, stack(0x0000000e97f00000,0x0000000e98000000) (1024K)]
  0x00000122cac7aca0 JavaThread "Unconstrained build operations Thread 108"        [_thread_blocked, id=22036, stack(0x0000000e98000000,0x0000000e98100000) (1024K)]
  0x00000122cac7d400 JavaThread "Unconstrained build operations Thread 109"        [_thread_blocked, id=5288, stack(0x0000000e98100000,0x0000000e98200000) (1024K)]
  0x00000122cac7b330 JavaThread "Unconstrained build operations Thread 110"        [_thread_blocked, id=25424, stack(0x0000000e98200000,0x0000000e98300000) (1024K)]
  0x00000122d21a8450 JavaThread "WorkerExecutor Queue Thread 13"        [_thread_in_Java, id=20256, stack(0x0000000e98300000,0x0000000e98400000) (1024K)]
  0x00000122d21aa520 JavaThread "Unconstrained build operations Thread 111"        [_thread_blocked, id=19576, stack(0x0000000e98400000,0x0000000e98500000) (1024K)]
  0x00000122d21a9170 JavaThread "Unconstrained build operations Thread 112"        [_thread_blocked, id=21964, stack(0x0000000e98500000,0x0000000e98600000) (1024K)]
  0x00000122d21a7dc0 JavaThread "Unconstrained build operations Thread 113"        [_thread_blocked, id=25564, stack(0x0000000e98600000,0x0000000e98700000) (1024K)]
  0x00000122d21aabb0 JavaThread "Unconstrained build operations Thread 114"        [_thread_blocked, id=20716, stack(0x0000000e98700000,0x0000000e98800000) (1024K)]
  0x00000122d21a9800 JavaThread "Unconstrained build operations Thread 115"        [_thread_blocked, id=24664, stack(0x0000000e98800000,0x0000000e98900000) (1024K)]
  0x00000122d21ab8d0 JavaThread "Unconstrained build operations Thread 116"        [_thread_blocked, id=24712, stack(0x0000000e98900000,0x0000000e98a00000) (1024K)]
  0x00000122d21abf60 JavaThread "Unconstrained build operations Thread 117"        [_thread_blocked, id=8864, stack(0x0000000e98a00000,0x0000000e98b00000) (1024K)]
  0x00000122d21a8ae0 JavaThread "Unconstrained build operations Thread 118"        [_thread_blocked, id=20276, stack(0x0000000e98b00000,0x0000000e98c00000) (1024K)]
  0x00000122d21ac5f0 JavaThread "Unconstrained build operations Thread 119"        [_thread_blocked, id=23040, stack(0x0000000e98c00000,0x0000000e98d00000) (1024K)]
  0x00000122d21ad310 JavaThread "Unconstrained build operations Thread 120"        [_thread_blocked, id=22688, stack(0x0000000e98d00000,0x0000000e98e00000) (1024K)]
  0x00000122d21a9e90 JavaThread "pool-4-thread-1"                   [_thread_blocked, id=25228, stack(0x0000000e98e00000,0x0000000e98f00000) (1024K)]
  0x00000122d21b0e20 JavaThread "stderr"                            [_thread_in_native, id=22768, stack(0x0000000e98f00000,0x0000000e99000000) (1024K)]
  0x00000122d21ae6c0 JavaThread "stdout"                            [_thread_in_native, id=25428, stack(0x0000000e99000000,0x0000000e99100000) (1024K)]
  0x00000122d21a5cf0 JavaThread "ForkJoinPool-1-worker-1"    daemon [_thread_blocked, id=20168, stack(0x0000000e8fa00000,0x0000000e8fb00000) (1024K)]
  0x00000122d21b0790 JavaThread "ForkJoinPool-1-worker-2"    daemon [_thread_blocked, id=10480, stack(0x0000000e92300000,0x0000000e92400000) (1024K)]
  0x00000122d21b14b0 JavaThread "ForkJoinPool-1-worker-3"    daemon [_thread_blocked, id=22704, stack(0x0000000e95c00000,0x0000000e95d00000) (1024K)]
  0x00000122d21ae030 JavaThread "ForkJoinPool-1-worker-4"    daemon [_thread_blocked, id=14824, stack(0x0000000e99100000,0x0000000e99200000) (1024K)]
  0x00000122d21b1b40 JavaThread "ForkJoinPool-1-worker-5"    daemon [_thread_blocked, id=23224, stack(0x0000000e99200000,0x0000000e99300000) (1024K)]
  0x00000122d21aed50 JavaThread "ForkJoinPool-1-worker-6"    daemon [_thread_blocked, id=3480, stack(0x0000000e99300000,0x0000000e99400000) (1024K)]
  0x00000122d21af3e0 JavaThread "ForkJoinPool-1-worker-7"    daemon [_thread_blocked, id=2100, stack(0x0000000e99400000,0x0000000e99500000) (1024K)]
  0x00000122d21afa70 JavaThread "ForkJoinPool-1-worker-8"    daemon [_thread_blocked, id=9900, stack(0x0000000e99500000,0x0000000e99600000) (1024K)]
  0x00000122cbd807e0 JavaThread "ForkJoinPool-1-worker-9"    daemon [_thread_blocked, id=18576, stack(0x0000000e99600000,0x0000000e99700000) (1024K)]
  0x00000122cbd7ccd0 JavaThread "ForkJoinPool-1-worker-10"   daemon [_thread_blocked, id=22352, stack(0x0000000e99700000,0x0000000e99800000) (1024K)]
  0x00000122cbd80e70 JavaThread "ForkJoinPool-1-worker-11"   daemon [_thread_blocked, id=24032, stack(0x0000000e99800000,0x0000000e99900000) (1024K)]
  0x00000122cbd7e710 JavaThread "ForkJoinPool-1-worker-12"   daemon [_thread_blocked, id=3308, stack(0x0000000e99900000,0x0000000e99a00000) (1024K)]
  0x00000122cac2a270 JavaThread "C2 CompilerThread1"         daemon [_thread_in_native, id=24048, stack(0x0000000e99a00000,0x0000000e99b00000) (1024K)]
=>0x00000122cac294d0 JavaThread "C2 CompilerThread2"         daemon [_thread_in_native, id=9736, stack(0x0000000e99b00000,0x0000000e99c00000) (1024K)]
Total: 207

Other Threads:
  0x00000122bf7a5a70 VMThread "VM Thread"                           [id=22172, stack(0x0000000e8c400000,0x0000000e8c500000) (1024K)]
  0x00000122bf770090 WatcherThread "VM Periodic Task Thread"        [id=23608, stack(0x0000000e8c300000,0x0000000e8c400000) (1024K)]
  0x00000122a7c12e20 WorkerThread "GC Thread#0"                     [id=24608, stack(0x0000000e8be00000,0x0000000e8bf00000) (1024K)]
  0x00000122c4491110 WorkerThread "GC Thread#1"                     [id=23516, stack(0x0000000e8d000000,0x0000000e8d100000) (1024K)]
  0x00000122c44914b0 WorkerThread "GC Thread#2"                     [id=21464, stack(0x0000000e8d100000,0x0000000e8d200000) (1024K)]
  0x00000122c4491850 WorkerThread "GC Thread#3"                     [id=25488, stack(0x0000000e8d200000,0x0000000e8d300000) (1024K)]
  0x00000122c4fd85d0 WorkerThread "GC Thread#4"                     [id=17684, stack(0x0000000e8d300000,0x0000000e8d400000) (1024K)]
  0x00000122c52d1870 WorkerThread "GC Thread#5"                     [id=23864, stack(0x0000000e8d400000,0x0000000e8d500000) (1024K)]
  0x00000122c61a12a0 WorkerThread "GC Thread#6"                     [id=24752, stack(0x0000000e8df00000,0x0000000e8e000000) (1024K)]
  0x00000122c61a0f00 WorkerThread "GC Thread#7"                     [id=18980, stack(0x0000000e8e000000,0x0000000e8e100000) (1024K)]
  0x00000122c61a1d80 WorkerThread "GC Thread#8"                     [id=23024, stack(0x0000000e8e100000,0x0000000e8e200000) (1024K)]
  0x00000122c61a2860 WorkerThread "GC Thread#9"                     [id=6256, stack(0x0000000e8e200000,0x0000000e8e300000) (1024K)]
  0x00000122a7c27ab0 ConcurrentGCThread "G1 Main Marker"            [id=24068, stack(0x0000000e8bf00000,0x0000000e8c000000) (1024K)]
  0x00000122a7c284c0 WorkerThread "G1 Conc#0"                       [id=23532, stack(0x0000000e8c000000,0x0000000e8c100000) (1024K)]
  0x00000122c61a1640 WorkerThread "G1 Conc#1"                       [id=7912, stack(0x0000000e8e300000,0x0000000e8e400000) (1024K)]
  0x00000122c61a19e0 WorkerThread "G1 Conc#2"                       [id=24640, stack(0x0000000e8e400000,0x0000000e8e500000) (1024K)]
  0x00000122bec369c0 ConcurrentGCThread "G1 Refine#0"               [id=25376, stack(0x0000000e8c100000,0x0000000e8c200000) (1024K)]
  0x00000122bec371e0 ConcurrentGCThread "G1 Service"                [id=21636, stack(0x0000000e8c200000,0x0000000e8c300000) (1024K)]
Total: 18

Threads with active compile tasks:
C2 CompilerThread0  71231 22657       4       org.objectweb.asm.MethodVisitor::visitInsn (16 bytes)
C2 CompilerThread1  71231 22608       4       com.android.tools.r8.dex.p1$$Lambda/0x00000001014de6d8::accept (20 bytes)
C2 CompilerThread2  71231 22485       4       com.android.tools.r8.dex.k::a (1855 bytes)
Total: 3

VM state: not at safepoint (normal execution)

VM Mutex/Monitor currently owned by a thread: None

Heap address: 0x0000000080000000, size: 2048 MB, Compressed Oops mode: 32-bit

CDS archive(s) not mapped
Compressed class space mapped at: 0x0000000100000000-0x0000000140000000, reserved size: 1073741824
Narrow klass base: 0x0000000000000000, Narrow klass shift: 3, Narrow klass range: 0x140000000

GC Precious Log:
 CardTable entry size: 512
 Card Set container configuration: InlinePtr #cards 5 size 8 Array Of Cards #cards 12 size 40 Howl #buckets 4 coarsen threshold 1843 Howl Bitmap #cards 512 size 80 coarsen threshold 460 Card regions per heap region 1 cards per card region 2048
 CPUs: 12 total, 12 available
 Memory: 11913M
 Large Page Support: Disabled
 NUMA Support: Disabled
 Compressed Oops: Enabled (32-bit)
 Heap Region Size: 1M
 Heap Min Capacity: 8M
 Heap Initial Capacity: 188M
 Heap Max Capacity: 2G
 Pre-touch: Disabled
 Parallel Workers: 10
 Concurrent Workers: 3
 Concurrent Refinement Workers: 10
 Periodic GC: Disabled

Heap:
 garbage-first heap   total 664576K, used 363952K [0x0000000080000000, 0x0000000100000000)
  region size 1024K, 43 young (44032K), 13 survivors (13312K)
 Metaspace       used 145199K, committed 147584K, reserved 1179648K
  class space    used 20131K, committed 21312K, reserved 1048576K

Heap Regions: E=young(eden), S=young(survivor), O=old, HS=humongous(starts), HC=humongous(continues), CS=collection set, F=free, TAMS=top-at-mark-start, PB=parsable bottom
|   0|0x0000000080000000, 0x0000000080100000, 0x0000000080100000|100%|HS|  |TAMS 0x0000000080000000| PB 0x0000000080000000| Complete 
|   1|0x0000000080100000, 0x0000000080200000, 0x0000000080200000|100%|HC|  |TAMS 0x0000000080100000| PB 0x0000000080100000| Complete 
|   2|0x0000000080200000, 0x0000000080300000, 0x0000000080300000|100%|HC|  |TAMS 0x0000000080200000| PB 0x0000000080200000| Complete 
|   3|0x0000000080300000, 0x0000000080400000, 0x0000000080400000|100%| O|  |TAMS 0x0000000080300000| PB 0x0000000080300000| Untracked 
|   4|0x0000000080400000, 0x0000000080500000, 0x0000000080500000|100%| O|  |TAMS 0x0000000080400000| PB 0x0000000080400000| Untracked 
|   5|0x0000000080500000, 0x0000000080600000, 0x0000000080600000|100%| O|  |TAMS 0x0000000080500000| PB 0x0000000080500000| Untracked 
|   6|0x0000000080600000, 0x0000000080700000, 0x0000000080700000|100%|HS|  |TAMS 0x0000000080600000| PB 0x0000000080600000| Complete 
|   7|0x0000000080700000, 0x0000000080800000, 0x0000000080800000|100%| O|  |TAMS 0x0000000080700000| PB 0x0000000080700000| Untracked 
|   8|0x0000000080800000, 0x0000000080900000, 0x0000000080900000|100%| O|  |TAMS 0x0000000080800000| PB 0x0000000080800000| Untracked 
|   9|0x0000000080900000, 0x0000000080a00000, 0x0000000080a00000|100%| O|  |TAMS 0x0000000080900000| PB 0x0000000080900000| Untracked 
|  10|0x0000000080a00000, 0x0000000080b00000, 0x0000000080b00000|100%| O|  |TAMS 0x0000000080a00000| PB 0x0000000080a00000| Untracked 
|  11|0x0000000080b00000, 0x0000000080c00000, 0x0000000080c00000|100%| O|  |TAMS 0x0000000080b00000| PB 0x0000000080b00000| Untracked 
|  12|0x0000000080c00000, 0x0000000080d00000, 0x0000000080d00000|100%| O|  |TAMS 0x0000000080c00000| PB 0x0000000080c00000| Untracked 
|  13|0x0000000080d00000, 0x0000000080e00000, 0x0000000080e00000|100%| O|  |TAMS 0x0000000080d00000| PB 0x0000000080d00000| Untracked 
|  14|0x0000000080e00000, 0x0000000080f00000, 0x0000000080f00000|100%| O|  |TAMS 0x0000000080e00000| PB 0x0000000080e00000| Untracked 
|  15|0x0000000080f00000, 0x0000000081000000, 0x0000000081000000|100%| O|  |TAMS 0x0000000080f00000| PB 0x0000000080f00000| Untracked 
|  16|0x0000000081000000, 0x0000000081100000, 0x0000000081100000|100%| O|  |TAMS 0x0000000081000000| PB 0x0000000081000000| Untracked 
|  17|0x0000000081100000, 0x0000000081200000, 0x0000000081200000|100%| O|  |TAMS 0x0000000081100000| PB 0x0000000081100000| Untracked 
|  18|0x0000000081200000, 0x0000000081300000, 0x0000000081300000|100%| O|  |TAMS 0x0000000081200000| PB 0x0000000081200000| Untracked 
|  19|0x0000000081300000, 0x0000000081400000, 0x0000000081400000|100%| O|  |TAMS 0x0000000081300000| PB 0x0000000081300000| Untracked 
|  20|0x0000000081400000, 0x0000000081500000, 0x0000000081500000|100%| O|  |TAMS 0x0000000081400000| PB 0x0000000081400000| Untracked 
|  21|0x0000000081500000, 0x0000000081600000, 0x0000000081600000|100%|HS|  |TAMS 0x0000000081500000| PB 0x0000000081500000| Complete 
|  22|0x0000000081600000, 0x0000000081700000, 0x0000000081700000|100%|HC|  |TAMS 0x0000000081600000| PB 0x0000000081600000| Complete 
|  23|0x0000000081700000, 0x0000000081800000, 0x0000000081800000|100%|HS|  |TAMS 0x0000000081700000| PB 0x0000000081700000| Complete 
|  24|0x0000000081800000, 0x0000000081900000, 0x0000000081900000|100%| O|  |TAMS 0x0000000081800000| PB 0x0000000081800000| Untracked 
|  25|0x0000000081900000, 0x0000000081a00000, 0x0000000081a00000|100%| O|  |TAMS 0x0000000081900000| PB 0x0000000081900000| Untracked 
|  26|0x0000000081a00000, 0x0000000081b00000, 0x0000000081b00000|100%|HS|  |TAMS 0x0000000081a00000| PB 0x0000000081a00000| Complete 
|  27|0x0000000081b00000, 0x0000000081c00000, 0x0000000081c00000|100%| O|  |TAMS 0x0000000081b00000| PB 0x0000000081b00000| Untracked 
|  28|0x0000000081c00000, 0x0000000081d00000, 0x0000000081d00000|100%| O|  |TAMS 0x0000000081c00000| PB 0x0000000081c00000| Untracked 
|  29|0x0000000081d00000, 0x0000000081e00000, 0x0000000081e00000|100%|HS|  |TAMS 0x0000000081d00000| PB 0x0000000081d00000| Complete 
|  30|0x0000000081e00000, 0x0000000081f00000, 0x0000000081f00000|100%| O|  |TAMS 0x0000000081e00000| PB 0x0000000081e00000| Untracked 
|  31|0x0000000081f00000, 0x0000000082000000, 0x0000000082000000|100%| O|  |TAMS 0x0000000081f00000| PB 0x0000000081f00000| Untracked 
|  32|0x0000000082000000, 0x0000000082100000, 0x0000000082100000|100%| O|  |TAMS 0x0000000082000000| PB 0x0000000082000000| Untracked 
|  33|0x0000000082100000, 0x0000000082200000, 0x0000000082200000|100%| O|  |TAMS 0x0000000082100000| PB 0x0000000082100000| Untracked 
|  34|0x0000000082200000, 0x0000000082300000, 0x0000000082300000|100%| O|  |TAMS 0x0000000082200000| PB 0x0000000082200000| Untracked 
|  35|0x0000000082300000, 0x0000000082400000, 0x0000000082400000|100%| O|  |TAMS 0x0000000082300000| PB 0x0000000082300000| Untracked 
|  36|0x0000000082400000, 0x0000000082500000, 0x0000000082500000|100%| O|  |TAMS 0x0000000082400000| PB 0x0000000082400000| Untracked 
|  37|0x0000000082500000, 0x0000000082600000, 0x0000000082600000|100%| O|  |TAMS 0x0000000082500000| PB 0x0000000082500000| Untracked 
|  38|0x0000000082600000, 0x0000000082700000, 0x0000000082700000|100%| O|  |TAMS 0x0000000082600000| PB 0x0000000082600000| Untracked 
|  39|0x0000000082700000, 0x0000000082800000, 0x0000000082800000|100%| O|  |TAMS 0x0000000082700000| PB 0x0000000082700000| Untracked 
|  40|0x0000000082800000, 0x0000000082900000, 0x0000000082900000|100%| O|  |TAMS 0x0000000082800000| PB 0x0000000082800000| Untracked 
|  41|0x0000000082900000, 0x0000000082a00000, 0x0000000082a00000|100%| O|  |TAMS 0x0000000082900000| PB 0x0000000082900000| Untracked 
|  42|0x0000000082a00000, 0x0000000082b00000, 0x0000000082b00000|100%| O|  |TAMS 0x0000000082a00000| PB 0x0000000082a00000| Untracked 
|  43|0x0000000082b00000, 0x0000000082c00000, 0x0000000082c00000|100%| O|  |TAMS 0x0000000082b00000| PB 0x0000000082b00000| Untracked 
|  44|0x0000000082c00000, 0x0000000082d00000, 0x0000000082d00000|100%| O|  |TAMS 0x0000000082c00000| PB 0x0000000082c00000| Untracked 
|  45|0x0000000082d00000, 0x0000000082e00000, 0x0000000082e00000|100%|HS|  |TAMS 0x0000000082d00000| PB 0x0000000082d00000| Complete 
|  46|0x0000000082e00000, 0x0000000082f00000, 0x0000000082f00000|100%|HC|  |TAMS 0x0000000082e00000| PB 0x0000000082e00000| Complete 
|  47|0x0000000082f00000, 0x0000000083000000, 0x0000000083000000|100%|HS|  |TAMS 0x0000000082f00000| PB 0x0000000082f00000| Complete 
|  48|0x0000000083000000, 0x0000000083100000, 0x0000000083100000|100%| O|  |TAMS 0x0000000083000000| PB 0x0000000083000000| Untracked 
|  49|0x0000000083100000, 0x0000000083200000, 0x0000000083200000|100%| O|  |TAMS 0x0000000083100000| PB 0x0000000083100000| Untracked 
|  50|0x0000000083200000, 0x0000000083300000, 0x0000000083300000|100%| O|  |TAMS 0x0000000083200000| PB 0x0000000083200000| Untracked 
|  51|0x0000000083300000, 0x0000000083400000, 0x0000000083400000|100%|HS|  |TAMS 0x0000000083300000| PB 0x0000000083300000| Complete 
|  52|0x0000000083400000, 0x0000000083500000, 0x0000000083500000|100%|HC|  |TAMS 0x0000000083400000| PB 0x0000000083400000| Complete 
|  53|0x0000000083500000, 0x0000000083600000, 0x0000000083600000|100%|HS|  |TAMS 0x0000000083500000| PB 0x0000000083500000| Complete 
|  54|0x0000000083600000, 0x0000000083700000, 0x0000000083700000|100%|HC|  |TAMS 0x0000000083600000| PB 0x0000000083600000| Complete 
|  55|0x0000000083700000, 0x0000000083800000, 0x0000000083800000|100%|HC|  |TAMS 0x0000000083700000| PB 0x0000000083700000| Complete 
|  56|0x0000000083800000, 0x0000000083900000, 0x0000000083900000|100%|HC|  |TAMS 0x0000000083800000| PB 0x0000000083800000| Complete 
|  57|0x0000000083900000, 0x0000000083a00000, 0x0000000083a00000|100%| O|  |TAMS 0x0000000083900000| PB 0x0000000083900000| Untracked 
|  58|0x0000000083a00000, 0x0000000083b00000, 0x0000000083b00000|100%|HS|  |TAMS 0x0000000083a00000| PB 0x0000000083a00000| Complete 
|  59|0x0000000083b00000, 0x0000000083c00000, 0x0000000083c00000|100%|HS|  |TAMS 0x0000000083b00000| PB 0x0000000083b00000| Complete 
|  60|0x0000000083c00000, 0x0000000083d00000, 0x0000000083d00000|100%| O|  |TAMS 0x0000000083c00000| PB 0x0000000083c00000| Untracked 
|  61|0x0000000083d00000, 0x0000000083e00000, 0x0000000083e00000|100%| O|  |TAMS 0x0000000083d00000| PB 0x0000000083d00000| Untracked 
|  62|0x0000000083e00000, 0x0000000083f00000, 0x0000000083f00000|100%| O|  |TAMS 0x0000000083e00000| PB 0x0000000083e00000| Untracked 
|  63|0x0000000083f00000, 0x0000000084000000, 0x0000000084000000|100%| O|  |TAMS 0x0000000083f00000| PB 0x0000000083f00000| Untracked 
|  64|0x0000000084000000, 0x0000000084100000, 0x0000000084100000|100%| O|  |TAMS 0x0000000084000000| PB 0x0000000084000000| Untracked 
|  65|0x0000000084100000, 0x0000000084200000, 0x0000000084200000|100%| O|  |TAMS 0x0000000084100000| PB 0x0000000084100000| Untracked 
|  66|0x0000000084200000, 0x0000000084300000, 0x0000000084300000|100%| O|  |TAMS 0x0000000084200000| PB 0x0000000084200000| Untracked 
|  67|0x0000000084300000, 0x0000000084400000, 0x0000000084400000|100%| O|  |TAMS 0x0000000084300000| PB 0x0000000084300000| Untracked 
|  68|0x0000000084400000, 0x0000000084500000, 0x0000000084500000|100%| O|  |TAMS 0x0000000084400000| PB 0x0000000084400000| Untracked 
|  69|0x0000000084500000, 0x0000000084600000, 0x0000000084600000|100%| O|  |TAMS 0x0000000084500000| PB 0x0000000084500000| Untracked 
|  70|0x0000000084600000, 0x0000000084700000, 0x0000000084700000|100%|HS|  |TAMS 0x0000000084600000| PB 0x0000000084600000| Complete 
|  71|0x0000000084700000, 0x0000000084800000, 0x0000000084800000|100%|HS|  |TAMS 0x0000000084700000| PB 0x0000000084700000| Complete 
|  72|0x0000000084800000, 0x0000000084900000, 0x0000000084900000|100%|HC|  |TAMS 0x0000000084800000| PB 0x0000000084800000| Complete 
|  73|0x0000000084900000, 0x0000000084a00000, 0x0000000084a00000|100%|HC|  |TAMS 0x0000000084900000| PB 0x0000000084900000| Complete 
|  74|0x0000000084a00000, 0x0000000084b00000, 0x0000000084b00000|100%|HC|  |TAMS 0x0000000084a00000| PB 0x0000000084a00000| Complete 
|  75|0x0000000084b00000, 0x0000000084c00000, 0x0000000084c00000|100%| O|  |TAMS 0x0000000084b00000| PB 0x0000000084b00000| Untracked 
|  76|0x0000000084c00000, 0x0000000084d00000, 0x0000000084d00000|100%| O|  |TAMS 0x0000000084c00000| PB 0x0000000084c00000| Untracked 
|  77|0x0000000084d00000, 0x0000000084e00000, 0x0000000084e00000|100%| O|  |TAMS 0x0000000084d00000| PB 0x0000000084d00000| Untracked 
|  78|0x0000000084e00000, 0x0000000084f00000, 0x0000000084f00000|100%| O|  |TAMS 0x0000000084e00000| PB 0x0000000084e00000| Untracked 
|  79|0x0000000084f00000, 0x0000000085000000, 0x0000000085000000|100%| O|  |TAMS 0x0000000084f00000| PB 0x0000000084f00000| Untracked 
|  80|0x0000000085000000, 0x0000000085100000, 0x0000000085100000|100%| O|  |TAMS 0x0000000085000000| PB 0x0000000085000000| Untracked 
|  81|0x0000000085100000, 0x0000000085200000, 0x0000000085200000|100%| O|  |TAMS 0x0000000085100000| PB 0x0000000085100000| Untracked 
|  82|0x0000000085200000, 0x0000000085300000, 0x0000000085300000|100%| O|Cm|TAMS 0x0000000085200000| PB 0x0000000085200000| Complete 
|  83|0x0000000085300000, 0x0000000085400000, 0x0000000085400000|100%| O|  |TAMS 0x0000000085300000| PB 0x0000000085300000| Untracked 
|  84|0x0000000085400000, 0x0000000085500000, 0x0000000085500000|100%| O|  |TAMS 0x0000000085400000| PB 0x0000000085400000| Untracked 
|  85|0x0000000085500000, 0x0000000085600000, 0x0000000085600000|100%| O|Cm|TAMS 0x0000000085500000| PB 0x0000000085500000| Complete 
|  86|0x0000000085600000, 0x0000000085700000, 0x0000000085700000|100%| O|  |TAMS 0x0000000085600000| PB 0x0000000085600000| Untracked 
|  87|0x0000000085700000, 0x0000000085800000, 0x0000000085800000|100%| O|  |TAMS 0x0000000085700000| PB 0x0000000085700000| Untracked 
|  88|0x0000000085800000, 0x0000000085900000, 0x0000000085900000|100%| O|  |TAMS 0x0000000085800000| PB 0x0000000085800000| Untracked 
|  89|0x0000000085900000, 0x0000000085a00000, 0x0000000085a00000|100%| O|  |TAMS 0x0000000085900000| PB 0x0000000085900000| Untracked 
|  90|0x0000000085a00000, 0x0000000085b00000, 0x0000000085b00000|100%| O|  |TAMS 0x0000000085a00000| PB 0x0000000085a00000| Untracked 
|  91|0x0000000085b00000, 0x0000000085c00000, 0x0000000085c00000|100%| O|  |TAMS 0x0000000085b00000| PB 0x0000000085b00000| Untracked 
|  92|0x0000000085c00000, 0x0000000085d00000, 0x0000000085d00000|100%| O|  |TAMS 0x0000000085c00000| PB 0x0000000085c00000| Untracked 
|  93|0x0000000085d00000, 0x0000000085e00000, 0x0000000085e00000|100%| O|  |TAMS 0x0000000085d00000| PB 0x0000000085d00000| Untracked 
|  94|0x0000000085e00000, 0x0000000085f00000, 0x0000000085f00000|100%| O|  |TAMS 0x0000000085e00000| PB 0x0000000085e00000| Untracked 
|  95|0x0000000085f00000, 0x0000000086000000, 0x0000000086000000|100%| O|  |TAMS 0x0000000085f00000| PB 0x0000000085f00000| Untracked 
|  96|0x0000000086000000, 0x0000000086100000, 0x0000000086100000|100%| O|  |TAMS 0x0000000086000000| PB 0x0000000086000000| Untracked 
|  97|0x0000000086100000, 0x0000000086200000, 0x0000000086200000|100%| O|  |TAMS 0x0000000086100000| PB 0x0000000086100000| Untracked 
|  98|0x0000000086200000, 0x0000000086300000, 0x0000000086300000|100%| O|  |TAMS 0x0000000086200000| PB 0x0000000086200000| Untracked 
|  99|0x0000000086300000, 0x0000000086400000, 0x0000000086400000|100%| O|  |TAMS 0x0000000086300000| PB 0x0000000086300000| Untracked 
| 100|0x0000000086400000, 0x0000000086500000, 0x0000000086500000|100%| O|  |TAMS 0x0000000086400000| PB 0x0000000086400000| Untracked 
| 101|0x0000000086500000, 0x0000000086600000, 0x0000000086600000|100%| O|  |TAMS 0x0000000086500000| PB 0x0000000086500000| Untracked 
| 102|0x0000000086600000, 0x0000000086700000, 0x0000000086700000|100%| O|  |TAMS 0x0000000086600000| PB 0x0000000086600000| Untracked 
| 103|0x0000000086700000, 0x0000000086800000, 0x0000000086800000|100%| O|  |TAMS 0x0000000086700000| PB 0x0000000086700000| Untracked 
| 104|0x0000000086800000, 0x0000000086900000, 0x0000000086900000|100%| O|Cm|TAMS 0x0000000086800000| PB 0x0000000086800000| Complete 
| 105|0x0000000086900000, 0x0000000086a00000, 0x0000000086a00000|100%| O|  |TAMS 0x0000000086900000| PB 0x0000000086900000| Untracked 
| 106|0x0000000086a00000, 0x0000000086b00000, 0x0000000086b00000|100%| O|  |TAMS 0x0000000086a00000| PB 0x0000000086a00000| Untracked 
| 107|0x0000000086b00000, 0x0000000086c00000, 0x0000000086c00000|100%| O|  |TAMS 0x0000000086b00000| PB 0x0000000086b00000| Untracked 
| 108|0x0000000086c00000, 0x0000000086d00000, 0x0000000086d00000|100%| O|  |TAMS 0x0000000086c00000| PB 0x0000000086c00000| Untracked 
| 109|0x0000000086d00000, 0x0000000086e00000, 0x0000000086e00000|100%| O|  |TAMS 0x0000000086d00000| PB 0x0000000086d00000| Untracked 
| 110|0x0000000086e00000, 0x0000000086f00000, 0x0000000086f00000|100%| O|  |TAMS 0x0000000086e00000| PB 0x0000000086e00000| Untracked 
| 111|0x0000000086f00000, 0x0000000087000000, 0x0000000087000000|100%| O|  |TAMS 0x0000000086f00000| PB 0x0000000086f00000| Untracked 
| 112|0x0000000087000000, 0x0000000087100000, 0x0000000087100000|100%| O|  |TAMS 0x0000000087000000| PB 0x0000000087000000| Untracked 
| 113|0x0000000087100000, 0x0000000087200000, 0x0000000087200000|100%| O|  |TAMS 0x0000000087100000| PB 0x0000000087100000| Untracked 
| 114|0x0000000087200000, 0x0000000087300000, 0x0000000087300000|100%| O|  |TAMS 0x0000000087200000| PB 0x0000000087200000| Untracked 
| 115|0x0000000087300000, 0x0000000087400000, 0x0000000087400000|100%| O|  |TAMS 0x0000000087300000| PB 0x0000000087300000| Untracked 
| 116|0x0000000087400000, 0x0000000087500000, 0x0000000087500000|100%| O|  |TAMS 0x0000000087400000| PB 0x0000000087400000| Untracked 
| 117|0x0000000087500000, 0x0000000087600000, 0x0000000087600000|100%| O|  |TAMS 0x0000000087500000| PB 0x0000000087500000| Untracked 
| 118|0x0000000087600000, 0x0000000087700000, 0x0000000087700000|100%| O|  |TAMS 0x0000000087600000| PB 0x0000000087600000| Untracked 
| 119|0x0000000087700000, 0x0000000087800000, 0x0000000087800000|100%| O|  |TAMS 0x0000000087700000| PB 0x0000000087700000| Untracked 
| 120|0x0000000087800000, 0x0000000087900000, 0x0000000087900000|100%| O|  |TAMS 0x0000000087800000| PB 0x0000000087800000| Untracked 
| 121|0x0000000087900000, 0x0000000087a00000, 0x0000000087a00000|100%| O|  |TAMS 0x0000000087900000| PB 0x0000000087900000| Untracked 
| 122|0x0000000087a00000, 0x0000000087b00000, 0x0000000087b00000|100%| O|  |TAMS 0x0000000087a00000| PB 0x0000000087a00000| Untracked 
| 123|0x0000000087b00000, 0x0000000087c00000, 0x0000000087c00000|100%| O|  |TAMS 0x0000000087b00000| PB 0x0000000087b00000| Untracked 
| 124|0x0000000087c00000, 0x0000000087cf2210, 0x0000000087d00000| 94%| O|  |TAMS 0x0000000087c00000| PB 0x0000000087c00000| Untracked 
| 125|0x0000000087d00000, 0x0000000087e00000, 0x0000000087e00000|100%| O|  |TAMS 0x0000000087d00000| PB 0x0000000087d00000| Untracked 
| 126|0x0000000087e00000, 0x0000000087f00000, 0x0000000087f00000|100%|HS|  |TAMS 0x0000000087e00000| PB 0x0000000087e00000| Complete 
| 127|0x0000000087f00000, 0x0000000088000000, 0x0000000088000000|100%|HC|  |TAMS 0x0000000087f00000| PB 0x0000000087f00000| Complete 
| 128|0x0000000088000000, 0x0000000088100000, 0x0000000088100000|100%| O|  |TAMS 0x0000000088000000| PB 0x0000000088000000| Untracked 
| 129|0x0000000088100000, 0x0000000088100000, 0x0000000088200000|  0%| F|  |TAMS 0x0000000088100000| PB 0x0000000088100000| Untracked 
| 130|0x0000000088200000, 0x0000000088300000, 0x0000000088300000|100%| O|  |TAMS 0x0000000088200000| PB 0x0000000088200000| Untracked 
| 131|0x0000000088300000, 0x0000000088400000, 0x0000000088400000|100%| O|  |TAMS 0x0000000088300000| PB 0x0000000088300000| Untracked 
| 132|0x0000000088400000, 0x0000000088500000, 0x0000000088500000|100%| O|  |TAMS 0x0000000088400000| PB 0x0000000088400000| Untracked 
| 133|0x0000000088500000, 0x0000000088600000, 0x0000000088600000|100%| O|  |TAMS 0x0000000088500000| PB 0x0000000088500000| Untracked 
| 134|0x0000000088600000, 0x0000000088700000, 0x0000000088700000|100%| O|Cm|TAMS 0x0000000088600000| PB 0x0000000088600000| Complete 
| 135|0x0000000088700000, 0x0000000088800000, 0x0000000088800000|100%| O|Cm|TAMS 0x0000000088700000| PB 0x0000000088700000| Complete 
| 136|0x0000000088800000, 0x0000000088900000, 0x0000000088900000|100%| O|  |TAMS 0x0000000088800000| PB 0x0000000088800000| Untracked 
| 137|0x0000000088900000, 0x0000000088a00000, 0x0000000088a00000|100%| O|  |TAMS 0x0000000088900000| PB 0x0000000088900000| Untracked 
| 138|0x0000000088a00000, 0x0000000088b00000, 0x0000000088b00000|100%| O|  |TAMS 0x0000000088a00000| PB 0x0000000088a00000| Untracked 
| 139|0x0000000088b00000, 0x0000000088c00000, 0x0000000088c00000|100%| O|  |TAMS 0x0000000088b00000| PB 0x0000000088b00000| Untracked 
| 140|0x0000000088c00000, 0x0000000088d00000, 0x0000000088d00000|100%| O|Cm|TAMS 0x0000000088c00000| PB 0x0000000088c00000| Complete 
| 141|0x0000000088d00000, 0x0000000088e00000, 0x0000000088e00000|100%|HS|  |TAMS 0x0000000088d00000| PB 0x0000000088d00000| Complete 
| 142|0x0000000088e00000, 0x0000000088f00000, 0x0000000088f00000|100%| O|  |TAMS 0x0000000088e00000| PB 0x0000000088e00000| Untracked 
| 143|0x0000000088f00000, 0x0000000088f00000, 0x0000000089000000|  0%| F|  |TAMS 0x0000000088f00000| PB 0x0000000088f00000| Untracked 
| 144|0x0000000089000000, 0x0000000089100000, 0x0000000089100000|100%|HS|  |TAMS 0x0000000089000000| PB 0x0000000089000000| Complete 
| 145|0x0000000089100000, 0x0000000089200000, 0x0000000089200000|100%| O|Cm|TAMS 0x0000000089100000| PB 0x0000000089100000| Complete 
| 146|0x0000000089200000, 0x0000000089300000, 0x0000000089300000|100%| O|Cm|TAMS 0x0000000089200000| PB 0x0000000089200000| Complete 
| 147|0x0000000089300000, 0x0000000089400000, 0x0000000089400000|100%|HS|  |TAMS 0x0000000089300000| PB 0x0000000089300000| Complete 
| 148|0x0000000089400000, 0x0000000089500000, 0x0000000089500000|100%|HC|  |TAMS 0x0000000089400000| PB 0x0000000089400000| Complete 
| 149|0x0000000089500000, 0x0000000089600000, 0x0000000089600000|100%|HS|  |TAMS 0x0000000089500000| PB 0x0000000089500000| Complete 
| 150|0x0000000089600000, 0x0000000089700000, 0x0000000089700000|100%|HC|  |TAMS 0x0000000089600000| PB 0x0000000089600000| Complete 
| 151|0x0000000089700000, 0x0000000089800000, 0x0000000089800000|100%|HS|  |TAMS 0x0000000089700000| PB 0x0000000089700000| Complete 
| 152|0x0000000089800000, 0x0000000089900000, 0x0000000089900000|100%|HS|  |TAMS 0x0000000089800000| PB 0x0000000089800000| Complete 
| 153|0x0000000089900000, 0x0000000089a00000, 0x0000000089a00000|100%|HC|  |TAMS 0x0000000089900000| PB 0x0000000089900000| Complete 
| 154|0x0000000089a00000, 0x0000000089b00000, 0x0000000089b00000|100%| O|Cm|TAMS 0x0000000089a00000| PB 0x0000000089a00000| Complete 
| 155|0x0000000089b00000, 0x0000000089c00000, 0x0000000089c00000|100%|HS|  |TAMS 0x0000000089b00000| PB 0x0000000089b00000| Complete 
| 156|0x0000000089c00000, 0x0000000089d00000, 0x0000000089d00000|100%|HC|  |TAMS 0x0000000089c00000| PB 0x0000000089c00000| Complete 
| 157|0x0000000089d00000, 0x0000000089e00000, 0x0000000089e00000|100%|HS|  |TAMS 0x0000000089d00000| PB 0x0000000089d00000| Complete 
| 158|0x0000000089e00000, 0x0000000089f00000, 0x0000000089f00000|100%|HS|  |TAMS 0x0000000089e00000| PB 0x0000000089e00000| Complete 
| 159|0x0000000089f00000, 0x000000008a000000, 0x000000008a000000|100%|HC|  |TAMS 0x0000000089f00000| PB 0x0000000089f00000| Complete 
| 160|0x000000008a000000, 0x000000008a100000, 0x000000008a100000|100%|HC|  |TAMS 0x000000008a000000| PB 0x000000008a000000| Complete 
| 161|0x000000008a100000, 0x000000008a100000, 0x000000008a200000|  0%| F|  |TAMS 0x000000008a100000| PB 0x000000008a100000| Untracked 
| 162|0x000000008a200000, 0x000000008a200000, 0x000000008a300000|  0%| F|  |TAMS 0x000000008a200000| PB 0x000000008a200000| Untracked 
| 163|0x000000008a300000, 0x000000008a400000, 0x000000008a400000|100%| O|Cm|TAMS 0x000000008a300000| PB 0x000000008a300000| Complete 
| 164|0x000000008a400000, 0x000000008a500000, 0x000000008a500000|100%| O|  |TAMS 0x000000008a400000| PB 0x000000008a400000| Untracked 
| 165|0x000000008a500000, 0x000000008a600000, 0x000000008a600000|100%| O|  |TAMS 0x000000008a500000| PB 0x000000008a500000| Untracked 
| 166|0x000000008a600000, 0x000000008a700000, 0x000000008a700000|100%| O|  |TAMS 0x000000008a600000| PB 0x000000008a600000| Untracked 
| 167|0x000000008a700000, 0x000000008a800000, 0x000000008a800000|100%| O|  |TAMS 0x000000008a700000| PB 0x000000008a700000| Untracked 
| 168|0x000000008a800000, 0x000000008a800000, 0x000000008a900000|  0%| F|  |TAMS 0x000000008a800000| PB 0x000000008a800000| Untracked 
| 169|0x000000008a900000, 0x000000008aa00000, 0x000000008aa00000|100%| O|  |TAMS 0x000000008a900000| PB 0x000000008a900000| Untracked 
| 170|0x000000008aa00000, 0x000000008ab00000, 0x000000008ab00000|100%| O|  |TAMS 0x000000008aa00000| PB 0x000000008aa00000| Untracked 
| 171|0x000000008ab00000, 0x000000008ab00000, 0x000000008ac00000|  0%| F|  |TAMS 0x000000008ab00000| PB 0x000000008ab00000| Untracked 
| 172|0x000000008ac00000, 0x000000008ac00000, 0x000000008ad00000|  0%| F|  |TAMS 0x000000008ac00000| PB 0x000000008ac00000| Untracked 
| 173|0x000000008ad00000, 0x000000008ad00000, 0x000000008ae00000|  0%| F|  |TAMS 0x000000008ad00000| PB 0x000000008ad00000| Untracked 
| 174|0x000000008ae00000, 0x000000008af00000, 0x000000008af00000|100%| O|  |TAMS 0x000000008ae00000| PB 0x000000008ae00000| Untracked 
| 175|0x000000008af00000, 0x000000008b000000, 0x000000008b000000|100%| O|Cm|TAMS 0x000000008af00000| PB 0x000000008af00000| Complete 
| 176|0x000000008b000000, 0x000000008b100000, 0x000000008b100000|100%| O|  |TAMS 0x000000008b000000| PB 0x000000008b000000| Untracked 
| 177|0x000000008b100000, 0x000000008b200000, 0x000000008b200000|100%| O|Cm|TAMS 0x000000008b100000| PB 0x000000008b100000| Complete 
| 178|0x000000008b200000, 0x000000008b300000, 0x000000008b300000|100%| O|  |TAMS 0x000000008b200000| PB 0x000000008b200000| Untracked 
| 179|0x000000008b300000, 0x000000008b400000, 0x000000008b400000|100%| O|Cm|TAMS 0x000000008b300000| PB 0x000000008b300000| Complete 
| 180|0x000000008b400000, 0x000000008b400000, 0x000000008b500000|  0%| F|  |TAMS 0x000000008b400000| PB 0x000000008b400000| Untracked 
| 181|0x000000008b500000, 0x000000008b600000, 0x000000008b600000|100%| O|  |TAMS 0x000000008b500000| PB 0x000000008b500000| Untracked 
| 182|0x000000008b600000, 0x000000008b700000, 0x000000008b700000|100%| O|  |TAMS 0x000000008b600000| PB 0x000000008b600000| Untracked 
| 183|0x000000008b700000, 0x000000008b800000, 0x000000008b800000|100%| O|  |TAMS 0x000000008b700000| PB 0x000000008b700000| Untracked 
| 184|0x000000008b800000, 0x000000008b800000, 0x000000008b900000|  0%| F|  |TAMS 0x000000008b800000| PB 0x000000008b800000| Untracked 
| 185|0x000000008b900000, 0x000000008b900000, 0x000000008ba00000|  0%| F|  |TAMS 0x000000008b900000| PB 0x000000008b900000| Untracked 
| 186|0x000000008ba00000, 0x000000008ba00000, 0x000000008bb00000|  0%| F|  |TAMS 0x000000008ba00000| PB 0x000000008ba00000| Untracked 
| 187|0x000000008bb00000, 0x000000008bb00000, 0x000000008bc00000|  0%| F|  |TAMS 0x000000008bb00000| PB 0x000000008bb00000| Untracked 
| 188|0x000000008bc00000, 0x000000008bc00000, 0x000000008bd00000|  0%| F|  |TAMS 0x000000008bc00000| PB 0x000000008bc00000| Untracked 
| 189|0x000000008bd00000, 0x000000008be00000, 0x000000008be00000|100%| O|  |TAMS 0x000000008bd00000| PB 0x000000008bd00000| Untracked 
| 190|0x000000008be00000, 0x000000008be00000, 0x000000008bf00000|  0%| F|  |TAMS 0x000000008be00000| PB 0x000000008be00000| Untracked 
| 191|0x000000008bf00000, 0x000000008c000000, 0x000000008c000000|100%| O|  |TAMS 0x000000008bf00000| PB 0x000000008bf00000| Untracked 
| 192|0x000000008c000000, 0x000000008c100000, 0x000000008c100000|100%| O|  |TAMS 0x000000008c000000| PB 0x000000008c000000| Untracked 
| 193|0x000000008c100000, 0x000000008c200000, 0x000000008c200000|100%| O|  |TAMS 0x000000008c100000| PB 0x000000008c100000| Untracked 
| 194|0x000000008c200000, 0x000000008c300000, 0x000000008c300000|100%| O|  |TAMS 0x000000008c200000| PB 0x000000008c200000| Untracked 
| 195|0x000000008c300000, 0x000000008c400000, 0x000000008c400000|100%| O|  |TAMS 0x000000008c300000| PB 0x000000008c300000| Untracked 
| 196|0x000000008c400000, 0x000000008c500000, 0x000000008c500000|100%| O|  |TAMS 0x000000008c400000| PB 0x000000008c400000| Untracked 
| 197|0x000000008c500000, 0x000000008c600000, 0x000000008c600000|100%| O|  |TAMS 0x000000008c500000| PB 0x000000008c500000| Untracked 
| 198|0x000000008c600000, 0x000000008c700000, 0x000000008c700000|100%| O|  |TAMS 0x000000008c600000| PB 0x000000008c600000| Untracked 
| 199|0x000000008c700000, 0x000000008c800000, 0x000000008c800000|100%| O|  |TAMS 0x000000008c700000| PB 0x000000008c700000| Untracked 
| 200|0x000000008c800000, 0x000000008c900000, 0x000000008c900000|100%| O|  |TAMS 0x000000008c800000| PB 0x000000008c800000| Untracked 
| 201|0x000000008c900000, 0x000000008ca00000, 0x000000008ca00000|100%| O|  |TAMS 0x000000008c900000| PB 0x000000008c900000| Untracked 
| 202|0x000000008ca00000, 0x000000008cb00000, 0x000000008cb00000|100%| O|  |TAMS 0x000000008ca00000| PB 0x000000008ca00000| Untracked 
| 203|0x000000008cb00000, 0x000000008cc00000, 0x000000008cc00000|100%| O|  |TAMS 0x000000008cb00000| PB 0x000000008cb00000| Untracked 
| 204|0x000000008cc00000, 0x000000008cd00000, 0x000000008cd00000|100%| O|  |TAMS 0x000000008cc00000| PB 0x000000008cc00000| Untracked 
| 205|0x000000008cd00000, 0x000000008ce00000, 0x000000008ce00000|100%| O|  |TAMS 0x000000008cd00000| PB 0x000000008cd00000| Untracked 
| 206|0x000000008ce00000, 0x000000008cf00000, 0x000000008cf00000|100%| O|  |TAMS 0x000000008ce00000| PB 0x000000008ce00000| Untracked 
| 207|0x000000008cf00000, 0x000000008d000000, 0x000000008d000000|100%| O|  |TAMS 0x000000008cf00000| PB 0x000000008cf00000| Untracked 
| 208|0x000000008d000000, 0x000000008d100000, 0x000000008d100000|100%| O|  |TAMS 0x000000008d000000| PB 0x000000008d000000| Untracked 
| 209|0x000000008d100000, 0x000000008d200000, 0x000000008d200000|100%| O|  |TAMS 0x000000008d100000| PB 0x000000008d100000| Untracked 
| 210|0x000000008d200000, 0x000000008d300000, 0x000000008d300000|100%| O|  |TAMS 0x000000008d200000| PB 0x000000008d200000| Untracked 
| 211|0x000000008d300000, 0x000000008d400000, 0x000000008d400000|100%| O|  |TAMS 0x000000008d300000| PB 0x000000008d300000| Untracked 
| 212|0x000000008d400000, 0x000000008d500000, 0x000000008d500000|100%| O|  |TAMS 0x000000008d400000| PB 0x000000008d400000| Untracked 
| 213|0x000000008d500000, 0x000000008d600000, 0x000000008d600000|100%| O|  |TAMS 0x000000008d500000| PB 0x000000008d500000| Untracked 
| 214|0x000000008d600000, 0x000000008d600000, 0x000000008d700000|  0%| F|  |TAMS 0x000000008d600000| PB 0x000000008d600000| Untracked 
| 215|0x000000008d700000, 0x000000008d700000, 0x000000008d800000|  0%| F|  |TAMS 0x000000008d700000| PB 0x000000008d700000| Untracked 
| 216|0x000000008d800000, 0x000000008d800000, 0x000000008d900000|  0%| F|  |TAMS 0x000000008d800000| PB 0x000000008d800000| Untracked 
| 217|0x000000008d900000, 0x000000008da00000, 0x000000008da00000|100%| O|  |TAMS 0x000000008d900000| PB 0x000000008d900000| Untracked 
| 218|0x000000008da00000, 0x000000008db00000, 0x000000008db00000|100%| O|  |TAMS 0x000000008da00000| PB 0x000000008da00000| Untracked 
| 219|0x000000008db00000, 0x000000008dc00000, 0x000000008dc00000|100%|HS|  |TAMS 0x000000008db00000| PB 0x000000008db00000| Complete 
| 220|0x000000008dc00000, 0x000000008dd00000, 0x000000008dd00000|100%|HC|  |TAMS 0x000000008dc00000| PB 0x000000008dc00000| Complete 
| 221|0x000000008dd00000, 0x000000008de00000, 0x000000008de00000|100%|HS|  |TAMS 0x000000008dd00000| PB 0x000000008dd00000| Complete 
| 222|0x000000008de00000, 0x000000008df00000, 0x000000008df00000|100%|HC|  |TAMS 0x000000008de00000| PB 0x000000008de00000| Complete 
| 223|0x000000008df00000, 0x000000008e000000, 0x000000008e000000|100%| O|  |TAMS 0x000000008df00000| PB 0x000000008df00000| Untracked 
| 224|0x000000008e000000, 0x000000008e100000, 0x000000008e100000|100%| O|  |TAMS 0x000000008e000000| PB 0x000000008e000000| Untracked 
| 225|0x000000008e100000, 0x000000008e200000, 0x000000008e200000|100%| O|  |TAMS 0x000000008e100000| PB 0x000000008e100000| Untracked 
| 226|0x000000008e200000, 0x000000008e300000, 0x000000008e300000|100%| O|  |TAMS 0x000000008e200000| PB 0x000000008e200000| Untracked 
| 227|0x000000008e300000, 0x000000008e400000, 0x000000008e400000|100%| O|Cm|TAMS 0x000000008e300000| PB 0x000000008e300000| Complete 
| 228|0x000000008e400000, 0x000000008e500000, 0x000000008e500000|100%| O|  |TAMS 0x000000008e400000| PB 0x000000008e400000| Untracked 
| 229|0x000000008e500000, 0x000000008e600000, 0x000000008e600000|100%| O|  |TAMS 0x000000008e500000| PB 0x000000008e500000| Untracked 
| 230|0x000000008e600000, 0x000000008e700000, 0x000000008e700000|100%| O|  |TAMS 0x000000008e600000| PB 0x000000008e600000| Untracked 
| 231|0x000000008e700000, 0x000000008e800000, 0x000000008e800000|100%| O|  |TAMS 0x000000008e700000| PB 0x000000008e700000| Untracked 
| 232|0x000000008e800000, 0x000000008e900000, 0x000000008e900000|100%| O|  |TAMS 0x000000008e800000| PB 0x000000008e800000| Untracked 
| 233|0x000000008e900000, 0x000000008ea00000, 0x000000008ea00000|100%| O|Cm|TAMS 0x000000008e900000| PB 0x000000008e900000| Complete 
| 234|0x000000008ea00000, 0x000000008eb00000, 0x000000008eb00000|100%| O|  |TAMS 0x000000008ea00000| PB 0x000000008ea00000| Untracked 
| 235|0x000000008eb00000, 0x000000008ec00000, 0x000000008ec00000|100%| O|  |TAMS 0x000000008eb00000| PB 0x000000008eb00000| Untracked 
| 236|0x000000008ec00000, 0x000000008ed00000, 0x000000008ed00000|100%| O|  |TAMS 0x000000008ec00000| PB 0x000000008ec00000| Untracked 
| 237|0x000000008ed00000, 0x000000008ee00000, 0x000000008ee00000|100%| O|  |TAMS 0x000000008ed00000| PB 0x000000008ed00000| Untracked 
| 238|0x000000008ee00000, 0x000000008ef00000, 0x000000008ef00000|100%| O|  |TAMS 0x000000008ee00000| PB 0x000000008ee00000| Untracked 
| 239|0x000000008ef00000, 0x000000008f000000, 0x000000008f000000|100%| O|  |TAMS 0x000000008ef00000| PB 0x000000008ef00000| Untracked 
| 240|0x000000008f000000, 0x000000008f100000, 0x000000008f100000|100%| O|  |TAMS 0x000000008f000000| PB 0x000000008f000000| Untracked 
| 241|0x000000008f100000, 0x000000008f200000, 0x000000008f200000|100%| O|  |TAMS 0x000000008f100000| PB 0x000000008f100000| Untracked 
| 242|0x000000008f200000, 0x000000008f300000, 0x000000008f300000|100%| O|  |TAMS 0x000000008f200000| PB 0x000000008f200000| Untracked 
| 243|0x000000008f300000, 0x000000008f400000, 0x000000008f400000|100%| O|  |TAMS 0x000000008f300000| PB 0x000000008f300000| Untracked 
| 244|0x000000008f400000, 0x000000008f500000, 0x000000008f500000|100%| O|  |TAMS 0x000000008f400000| PB 0x000000008f400000| Untracked 
| 245|0x000000008f500000, 0x000000008f600000, 0x000000008f600000|100%| O|  |TAMS 0x000000008f500000| PB 0x000000008f500000| Untracked 
| 246|0x000000008f600000, 0x000000008f700000, 0x000000008f700000|100%| O|  |TAMS 0x000000008f600000| PB 0x000000008f600000| Untracked 
| 247|0x000000008f700000, 0x000000008f800000, 0x000000008f800000|100%| O|  |TAMS 0x000000008f700000| PB 0x000000008f700000| Untracked 
| 248|0x000000008f800000, 0x000000008f900000, 0x000000008f900000|100%| O|  |TAMS 0x000000008f800000| PB 0x000000008f800000| Untracked 
| 249|0x000000008f900000, 0x000000008fa00000, 0x000000008fa00000|100%| O|  |TAMS 0x000000008f900000| PB 0x000000008f900000| Untracked 
| 250|0x000000008fa00000, 0x000000008fb00000, 0x000000008fb00000|100%| O|Cm|TAMS 0x000000008fa00000| PB 0x000000008fa00000| Complete 
| 251|0x000000008fb00000, 0x000000008fc00000, 0x000000008fc00000|100%| O|Cm|TAMS 0x000000008fb00000| PB 0x000000008fb00000| Complete 
| 252|0x000000008fc00000, 0x000000008fd00000, 0x000000008fd00000|100%| O|Cm|TAMS 0x000000008fc00000| PB 0x000000008fc00000| Complete 
| 253|0x000000008fd00000, 0x000000008fe00000, 0x000000008fe00000|100%| O|Cm|TAMS 0x000000008fd00000| PB 0x000000008fd00000| Complete 
| 254|0x000000008fe00000, 0x000000008ff00000, 0x000000008ff00000|100%| O|Cm|TAMS 0x000000008fe00000| PB 0x000000008fe00000| Complete 
| 255|0x000000008ff00000, 0x000000008ff00000, 0x0000000090000000|  0%| F|  |TAMS 0x000000008ff00000| PB 0x000000008ff00000| Untracked 
| 256|0x0000000090000000, 0x0000000090000000, 0x0000000090100000|  0%| F|  |TAMS 0x0000000090000000| PB 0x0000000090000000| Untracked 
| 257|0x0000000090100000, 0x0000000090200000, 0x0000000090200000|100%| O|  |TAMS 0x0000000090100000| PB 0x0000000090100000| Untracked 
| 258|0x0000000090200000, 0x0000000090300000, 0x0000000090300000|100%| O|  |TAMS 0x0000000090200000| PB 0x0000000090200000| Untracked 
| 259|0x0000000090300000, 0x0000000090400000, 0x0000000090400000|100%| O|  |TAMS 0x0000000090300000| PB 0x0000000090300000| Untracked 
| 260|0x0000000090400000, 0x0000000090500000, 0x0000000090500000|100%| O|  |TAMS 0x0000000090400000| PB 0x0000000090400000| Untracked 
| 261|0x0000000090500000, 0x0000000090600000, 0x0000000090600000|100%| O|  |TAMS 0x0000000090500000| PB 0x0000000090500000| Untracked 
| 262|0x0000000090600000, 0x0000000090700000, 0x0000000090700000|100%| O|  |TAMS 0x0000000090600000| PB 0x0000000090600000| Untracked 
| 263|0x0000000090700000, 0x0000000090800000, 0x0000000090800000|100%| O|Cm|TAMS 0x0000000090700000| PB 0x0000000090700000| Complete 
| 264|0x0000000090800000, 0x0000000090900000, 0x0000000090900000|100%| O|  |TAMS 0x0000000090800000| PB 0x0000000090800000| Untracked 
| 265|0x0000000090900000, 0x0000000090a00000, 0x0000000090a00000|100%| O|  |TAMS 0x0000000090900000| PB 0x0000000090900000| Untracked 
| 266|0x0000000090a00000, 0x0000000090b00000, 0x0000000090b00000|100%| O|  |TAMS 0x0000000090a00000| PB 0x0000000090a00000| Untracked 
| 267|0x0000000090b00000, 0x0000000090c00000, 0x0000000090c00000|100%| O|  |TAMS 0x0000000090b00000| PB 0x0000000090b00000| Untracked 
| 268|0x0000000090c00000, 0x0000000090d00000, 0x0000000090d00000|100%| O|  |TAMS 0x0000000090c00000| PB 0x0000000090c00000| Untracked 
| 269|0x0000000090d00000, 0x0000000090e00000, 0x0000000090e00000|100%| O|  |TAMS 0x0000000090d00000| PB 0x0000000090d00000| Untracked 
| 270|0x0000000090e00000, 0x0000000090f00000, 0x0000000090f00000|100%| O|  |TAMS 0x0000000090e00000| PB 0x0000000090e00000| Untracked 
| 271|0x0000000090f00000, 0x0000000091000000, 0x0000000091000000|100%| O|  |TAMS 0x0000000090f00000| PB 0x0000000090f00000| Untracked 
| 272|0x0000000091000000, 0x0000000091100000, 0x0000000091100000|100%| O|  |TAMS 0x0000000091000000| PB 0x0000000091000000| Untracked 
| 273|0x0000000091100000, 0x0000000091200000, 0x0000000091200000|100%| O|  |TAMS 0x0000000091100000| PB 0x0000000091100000| Untracked 
| 274|0x0000000091200000, 0x0000000091300000, 0x0000000091300000|100%| O|  |TAMS 0x0000000091200000| PB 0x0000000091200000| Untracked 
| 275|0x0000000091300000, 0x0000000091400000, 0x0000000091400000|100%| O|  |TAMS 0x0000000091300000| PB 0x0000000091300000| Untracked 
| 276|0x0000000091400000, 0x0000000091500000, 0x0000000091500000|100%| O|  |TAMS 0x0000000091400000| PB 0x0000000091400000| Untracked 
| 277|0x0000000091500000, 0x0000000091600000, 0x0000000091600000|100%| O|  |TAMS 0x0000000091500000| PB 0x0000000091500000| Untracked 
| 278|0x0000000091600000, 0x0000000091700000, 0x0000000091700000|100%| O|  |TAMS 0x0000000091600000| PB 0x0000000091600000| Untracked 
| 279|0x0000000091700000, 0x0000000091800000, 0x0000000091800000|100%| O|Cm|TAMS 0x0000000091700000| PB 0x0000000091700000| Complete 
| 280|0x0000000091800000, 0x0000000091900000, 0x0000000091900000|100%| O|Cm|TAMS 0x0000000091800000| PB 0x0000000091800000| Complete 
| 281|0x0000000091900000, 0x0000000091a00000, 0x0000000091a00000|100%| O|Cm|TAMS 0x0000000091900000| PB 0x0000000091900000| Complete 
| 282|0x0000000091a00000, 0x0000000091b00000, 0x0000000091b00000|100%| O|Cm|TAMS 0x0000000091a00000| PB 0x0000000091a00000| Complete 
| 283|0x0000000091b00000, 0x0000000091b00000, 0x0000000091c00000|  0%| F|  |TAMS 0x0000000091b00000| PB 0x0000000091b00000| Untracked 
| 284|0x0000000091c00000, 0x0000000091c00000, 0x0000000091d00000|  0%| F|  |TAMS 0x0000000091c00000| PB 0x0000000091c00000| Untracked 
| 285|0x0000000091d00000, 0x0000000091d00000, 0x0000000091e00000|  0%| F|  |TAMS 0x0000000091d00000| PB 0x0000000091d00000| Untracked 
| 286|0x0000000091e00000, 0x0000000091e00000, 0x0000000091f00000|  0%| F|  |TAMS 0x0000000091e00000| PB 0x0000000091e00000| Untracked 
| 287|0x0000000091f00000, 0x0000000091f00000, 0x0000000092000000|  0%| F|  |TAMS 0x0000000091f00000| PB 0x0000000091f00000| Untracked 
| 288|0x0000000092000000, 0x0000000092000000, 0x0000000092100000|  0%| F|  |TAMS 0x0000000092000000| PB 0x0000000092000000| Untracked 
| 289|0x0000000092100000, 0x0000000092100000, 0x0000000092200000|  0%| F|  |TAMS 0x0000000092100000| PB 0x0000000092100000| Untracked 
| 290|0x0000000092200000, 0x0000000092200000, 0x0000000092300000|  0%| F|  |TAMS 0x0000000092200000| PB 0x0000000092200000| Untracked 
| 291|0x0000000092300000, 0x0000000092300000, 0x0000000092400000|  0%| F|  |TAMS 0x0000000092300000| PB 0x0000000092300000| Untracked 
| 292|0x0000000092400000, 0x0000000092400000, 0x0000000092500000|  0%| F|  |TAMS 0x0000000092400000| PB 0x0000000092400000| Untracked 
| 293|0x0000000092500000, 0x0000000092500000, 0x0000000092600000|  0%| F|  |TAMS 0x0000000092500000| PB 0x0000000092500000| Untracked 
| 294|0x0000000092600000, 0x0000000092600000, 0x0000000092700000|  0%| F|  |TAMS 0x0000000092600000| PB 0x0000000092600000| Untracked 
| 295|0x0000000092700000, 0x0000000092700000, 0x0000000092800000|  0%| F|  |TAMS 0x0000000092700000| PB 0x0000000092700000| Untracked 
| 296|0x0000000092800000, 0x0000000092800000, 0x0000000092900000|  0%| F|  |TAMS 0x0000000092800000| PB 0x0000000092800000| Untracked 
| 297|0x0000000092900000, 0x0000000092900000, 0x0000000092a00000|  0%| F|  |TAMS 0x0000000092900000| PB 0x0000000092900000| Untracked 
| 298|0x0000000092a00000, 0x0000000092a00000, 0x0000000092b00000|  0%| F|  |TAMS 0x0000000092a00000| PB 0x0000000092a00000| Untracked 
| 299|0x0000000092b00000, 0x0000000092b00000, 0x0000000092c00000|  0%| F|  |TAMS 0x0000000092b00000| PB 0x0000000092b00000| Untracked 
| 300|0x0000000092c00000, 0x0000000092c00000, 0x0000000092d00000|  0%| F|  |TAMS 0x0000000092c00000| PB 0x0000000092c00000| Untracked 
| 301|0x0000000092d00000, 0x0000000092d00000, 0x0000000092e00000|  0%| F|  |TAMS 0x0000000092d00000| PB 0x0000000092d00000| Untracked 
| 302|0x0000000092e00000, 0x0000000092e00000, 0x0000000092f00000|  0%| F|  |TAMS 0x0000000092e00000| PB 0x0000000092e00000| Untracked 
| 303|0x0000000092f00000, 0x0000000092f00000, 0x0000000093000000|  0%| F|  |TAMS 0x0000000092f00000| PB 0x0000000092f00000| Untracked 
| 304|0x0000000093000000, 0x0000000093000000, 0x0000000093100000|  0%| F|  |TAMS 0x0000000093000000| PB 0x0000000093000000| Untracked 
| 305|0x0000000093100000, 0x0000000093100000, 0x0000000093200000|  0%| F|  |TAMS 0x0000000093100000| PB 0x0000000093100000| Untracked 
| 306|0x0000000093200000, 0x0000000093200000, 0x0000000093300000|  0%| F|  |TAMS 0x0000000093200000| PB 0x0000000093200000| Untracked 
| 307|0x0000000093300000, 0x0000000093300000, 0x0000000093400000|  0%| F|  |TAMS 0x0000000093300000| PB 0x0000000093300000| Untracked 
| 308|0x0000000093400000, 0x0000000093400000, 0x0000000093500000|  0%| F|  |TAMS 0x0000000093400000| PB 0x0000000093400000| Untracked 
| 309|0x0000000093500000, 0x0000000093500000, 0x0000000093600000|  0%| F|  |TAMS 0x0000000093500000| PB 0x0000000093500000| Untracked 
| 310|0x0000000093600000, 0x0000000093600000, 0x0000000093700000|  0%| F|  |TAMS 0x0000000093600000| PB 0x0000000093600000| Untracked 
| 311|0x0000000093700000, 0x0000000093700000, 0x0000000093800000|  0%| F|  |TAMS 0x0000000093700000| PB 0x0000000093700000| Untracked 
| 312|0x0000000093800000, 0x0000000093800000, 0x0000000093900000|  0%| F|  |TAMS 0x0000000093800000| PB 0x0000000093800000| Untracked 
| 313|0x0000000093900000, 0x0000000093900000, 0x0000000093a00000|  0%| F|  |TAMS 0x0000000093900000| PB 0x0000000093900000| Untracked 
| 314|0x0000000093a00000, 0x0000000093a00000, 0x0000000093b00000|  0%| F|  |TAMS 0x0000000093a00000| PB 0x0000000093a00000| Untracked 
| 315|0x0000000093b00000, 0x0000000093b00000, 0x0000000093c00000|  0%| F|  |TAMS 0x0000000093b00000| PB 0x0000000093b00000| Untracked 
| 316|0x0000000093c00000, 0x0000000093c00000, 0x0000000093d00000|  0%| F|  |TAMS 0x0000000093c00000| PB 0x0000000093c00000| Untracked 
| 317|0x0000000093d00000, 0x0000000093d00000, 0x0000000093e00000|  0%| F|  |TAMS 0x0000000093d00000| PB 0x0000000093d00000| Untracked 
| 318|0x0000000093e00000, 0x0000000093e7a1a0, 0x0000000093f00000| 47%| S|CS|TAMS 0x0000000093e00000| PB 0x0000000093e00000| Complete 
| 319|0x0000000093f00000, 0x0000000094000000, 0x0000000094000000|100%| S|CS|TAMS 0x0000000093f00000| PB 0x0000000093f00000| Complete 
| 320|0x0000000094000000, 0x0000000094100000, 0x0000000094100000|100%| S|CS|TAMS 0x0000000094000000| PB 0x0000000094000000| Complete 
| 321|0x0000000094100000, 0x0000000094200000, 0x0000000094200000|100%| S|CS|TAMS 0x0000000094100000| PB 0x0000000094100000| Complete 
| 322|0x0000000094200000, 0x0000000094300000, 0x0000000094300000|100%| S|CS|TAMS 0x0000000094200000| PB 0x0000000094200000| Complete 
| 323|0x0000000094300000, 0x0000000094400000, 0x0000000094400000|100%| S|CS|TAMS 0x0000000094300000| PB 0x0000000094300000| Complete 
| 324|0x0000000094400000, 0x0000000094500000, 0x0000000094500000|100%| S|CS|TAMS 0x0000000094400000| PB 0x0000000094400000| Complete 
| 325|0x0000000094500000, 0x0000000094600000, 0x0000000094600000|100%| S|CS|TAMS 0x0000000094500000| PB 0x0000000094500000| Complete 
| 326|0x0000000094600000, 0x0000000094700000, 0x0000000094700000|100%| S|CS|TAMS 0x0000000094600000| PB 0x0000000094600000| Complete 
| 327|0x0000000094700000, 0x0000000094800000, 0x0000000094800000|100%| S|CS|TAMS 0x0000000094700000| PB 0x0000000094700000| Complete 
| 328|0x0000000094800000, 0x0000000094900000, 0x0000000094900000|100%| S|CS|TAMS 0x0000000094800000| PB 0x0000000094800000| Complete 
| 329|0x0000000094900000, 0x0000000094a00000, 0x0000000094a00000|100%| S|CS|TAMS 0x0000000094900000| PB 0x0000000094900000| Complete 
| 330|0x0000000094a00000, 0x0000000094b00000, 0x0000000094b00000|100%| S|CS|TAMS 0x0000000094a00000| PB 0x0000000094a00000| Complete 
| 331|0x0000000094b00000, 0x0000000094b00000, 0x0000000094c00000|  0%| F|  |TAMS 0x0000000094b00000| PB 0x0000000094b00000| Untracked 
| 332|0x0000000094c00000, 0x0000000094c00000, 0x0000000094d00000|  0%| F|  |TAMS 0x0000000094c00000| PB 0x0000000094c00000| Untracked 
| 333|0x0000000094d00000, 0x0000000094d00000, 0x0000000094e00000|  0%| F|  |TAMS 0x0000000094d00000| PB 0x0000000094d00000| Untracked 
| 334|0x0000000094e00000, 0x0000000094e00000, 0x0000000094f00000|  0%| F|  |TAMS 0x0000000094e00000| PB 0x0000000094e00000| Untracked 
| 335|0x0000000094f00000, 0x0000000094f00000, 0x0000000095000000|  0%| F|  |TAMS 0x0000000094f00000| PB 0x0000000094f00000| Untracked 
| 336|0x0000000095000000, 0x0000000095000000, 0x0000000095100000|  0%| F|  |TAMS 0x0000000095000000| PB 0x0000000095000000| Untracked 
| 337|0x0000000095100000, 0x0000000095100000, 0x0000000095200000|  0%| F|  |TAMS 0x0000000095100000| PB 0x0000000095100000| Untracked 
| 338|0x0000000095200000, 0x0000000095200000, 0x0000000095300000|  0%| F|  |TAMS 0x0000000095200000| PB 0x0000000095200000| Untracked 
| 339|0x0000000095300000, 0x0000000095300000, 0x0000000095400000|  0%| F|  |TAMS 0x0000000095300000| PB 0x0000000095300000| Untracked 
| 340|0x0000000095400000, 0x0000000095400000, 0x0000000095500000|  0%| F|  |TAMS 0x0000000095400000| PB 0x0000000095400000| Untracked 
| 341|0x0000000095500000, 0x0000000095500000, 0x0000000095600000|  0%| F|  |TAMS 0x0000000095500000| PB 0x0000000095500000| Untracked 
| 342|0x0000000095600000, 0x0000000095600000, 0x0000000095700000|  0%| F|  |TAMS 0x0000000095600000| PB 0x0000000095600000| Untracked 
| 343|0x0000000095700000, 0x0000000095700000, 0x0000000095800000|  0%| F|  |TAMS 0x0000000095700000| PB 0x0000000095700000| Untracked 
| 344|0x0000000095800000, 0x0000000095800000, 0x0000000095900000|  0%| F|  |TAMS 0x0000000095800000| PB 0x0000000095800000| Untracked 
| 345|0x0000000095900000, 0x0000000095900000, 0x0000000095a00000|  0%| F|  |TAMS 0x0000000095900000| PB 0x0000000095900000| Untracked 
| 346|0x0000000095a00000, 0x0000000095a00000, 0x0000000095b00000|  0%| F|  |TAMS 0x0000000095a00000| PB 0x0000000095a00000| Untracked 
| 347|0x0000000095b00000, 0x0000000095b00000, 0x0000000095c00000|  0%| F|  |TAMS 0x0000000095b00000| PB 0x0000000095b00000| Untracked 
| 348|0x0000000095c00000, 0x0000000095c00000, 0x0000000095d00000|  0%| F|  |TAMS 0x0000000095c00000| PB 0x0000000095c00000| Untracked 
| 349|0x0000000095d00000, 0x0000000095d00000, 0x0000000095e00000|  0%| F|  |TAMS 0x0000000095d00000| PB 0x0000000095d00000| Untracked 
| 350|0x0000000095e00000, 0x0000000095e00000, 0x0000000095f00000|  0%| F|  |TAMS 0x0000000095e00000| PB 0x0000000095e00000| Untracked 
| 351|0x0000000095f00000, 0x0000000095f00000, 0x0000000096000000|  0%| F|  |TAMS 0x0000000095f00000| PB 0x0000000095f00000| Untracked 
| 352|0x0000000096000000, 0x0000000096000000, 0x0000000096100000|  0%| F|  |TAMS 0x0000000096000000| PB 0x0000000096000000| Untracked 
| 353|0x0000000096100000, 0x0000000096100000, 0x0000000096200000|  0%| F|  |TAMS 0x0000000096100000| PB 0x0000000096100000| Untracked 
| 354|0x0000000096200000, 0x0000000096200000, 0x0000000096300000|  0%| F|  |TAMS 0x0000000096200000| PB 0x0000000096200000| Untracked 
| 355|0x0000000096300000, 0x0000000096300000, 0x0000000096400000|  0%| F|  |TAMS 0x0000000096300000| PB 0x0000000096300000| Untracked 
| 356|0x0000000096400000, 0x0000000096400000, 0x0000000096500000|  0%| F|  |TAMS 0x0000000096400000| PB 0x0000000096400000| Untracked 
| 357|0x0000000096500000, 0x0000000096500000, 0x0000000096600000|  0%| F|  |TAMS 0x0000000096500000| PB 0x0000000096500000| Untracked 
| 358|0x0000000096600000, 0x0000000096600000, 0x0000000096700000|  0%| F|  |TAMS 0x0000000096600000| PB 0x0000000096600000| Untracked 
| 359|0x0000000096700000, 0x0000000096700000, 0x0000000096800000|  0%| F|  |TAMS 0x0000000096700000| PB 0x0000000096700000| Untracked 
| 360|0x0000000096800000, 0x0000000096800000, 0x0000000096900000|  0%| F|  |TAMS 0x0000000096800000| PB 0x0000000096800000| Untracked 
| 361|0x0000000096900000, 0x0000000096900000, 0x0000000096a00000|  0%| F|  |TAMS 0x0000000096900000| PB 0x0000000096900000| Untracked 
| 362|0x0000000096a00000, 0x0000000096a00000, 0x0000000096b00000|  0%| F|  |TAMS 0x0000000096a00000| PB 0x0000000096a00000| Untracked 
| 363|0x0000000096b00000, 0x0000000096b00000, 0x0000000096c00000|  0%| F|  |TAMS 0x0000000096b00000| PB 0x0000000096b00000| Untracked 
| 364|0x0000000096c00000, 0x0000000096c00000, 0x0000000096d00000|  0%| F|  |TAMS 0x0000000096c00000| PB 0x0000000096c00000| Untracked 
| 365|0x0000000096d00000, 0x0000000096d00000, 0x0000000096e00000|  0%| F|  |TAMS 0x0000000096d00000| PB 0x0000000096d00000| Untracked 
| 366|0x0000000096e00000, 0x0000000096e00000, 0x0000000096f00000|  0%| F|  |TAMS 0x0000000096e00000| PB 0x0000000096e00000| Untracked 
| 367|0x0000000096f00000, 0x0000000096f00000, 0x0000000097000000|  0%| F|  |TAMS 0x0000000096f00000| PB 0x0000000096f00000| Untracked 
| 368|0x0000000097000000, 0x0000000097000000, 0x0000000097100000|  0%| F|  |TAMS 0x0000000097000000| PB 0x0000000097000000| Untracked 
| 369|0x0000000097100000, 0x0000000097100000, 0x0000000097200000|  0%| F|  |TAMS 0x0000000097100000| PB 0x0000000097100000| Untracked 
| 370|0x0000000097200000, 0x0000000097200000, 0x0000000097300000|  0%| F|  |TAMS 0x0000000097200000| PB 0x0000000097200000| Untracked 
| 371|0x0000000097300000, 0x0000000097300000, 0x0000000097400000|  0%| F|  |TAMS 0x0000000097300000| PB 0x0000000097300000| Untracked 
| 372|0x0000000097400000, 0x0000000097400000, 0x0000000097500000|  0%| F|  |TAMS 0x0000000097400000| PB 0x0000000097400000| Untracked 
| 373|0x0000000097500000, 0x0000000097500000, 0x0000000097600000|  0%| F|  |TAMS 0x0000000097500000| PB 0x0000000097500000| Untracked 
| 374|0x0000000097600000, 0x0000000097600000, 0x0000000097700000|  0%| F|  |TAMS 0x0000000097600000| PB 0x0000000097600000| Untracked 
| 375|0x0000000097700000, 0x0000000097700000, 0x0000000097800000|  0%| F|  |TAMS 0x0000000097700000| PB 0x0000000097700000| Untracked 
| 376|0x0000000097800000, 0x0000000097800000, 0x0000000097900000|  0%| F|  |TAMS 0x0000000097800000| PB 0x0000000097800000| Untracked 
| 377|0x0000000097900000, 0x0000000097900000, 0x0000000097a00000|  0%| F|  |TAMS 0x0000000097900000| PB 0x0000000097900000| Untracked 
| 378|0x0000000097a00000, 0x0000000097a00000, 0x0000000097b00000|  0%| F|  |TAMS 0x0000000097a00000| PB 0x0000000097a00000| Untracked 
| 379|0x0000000097b00000, 0x0000000097b00000, 0x0000000097c00000|  0%| F|  |TAMS 0x0000000097b00000| PB 0x0000000097b00000| Untracked 
| 380|0x0000000097c00000, 0x0000000097c00000, 0x0000000097d00000|  0%| F|  |TAMS 0x0000000097c00000| PB 0x0000000097c00000| Untracked 
| 381|0x0000000097d00000, 0x0000000097d00000, 0x0000000097e00000|  0%| F|  |TAMS 0x0000000097d00000| PB 0x0000000097d00000| Untracked 
| 382|0x0000000097e00000, 0x0000000097e00000, 0x0000000097f00000|  0%| F|  |TAMS 0x0000000097e00000| PB 0x0000000097e00000| Untracked 
| 383|0x0000000097f00000, 0x0000000097f00000, 0x0000000098000000|  0%| F|  |TAMS 0x0000000097f00000| PB 0x0000000097f00000| Untracked 
| 384|0x0000000098000000, 0x0000000098000000, 0x0000000098100000|  0%| F|  |TAMS 0x0000000098000000| PB 0x0000000098000000| Untracked 
| 385|0x0000000098100000, 0x0000000098100000, 0x0000000098200000|  0%| F|  |TAMS 0x0000000098100000| PB 0x0000000098100000| Untracked 
| 386|0x0000000098200000, 0x0000000098200000, 0x0000000098300000|  0%| F|  |TAMS 0x0000000098200000| PB 0x0000000098200000| Untracked 
| 387|0x0000000098300000, 0x0000000098300000, 0x0000000098400000|  0%| F|  |TAMS 0x0000000098300000| PB 0x0000000098300000| Untracked 
| 388|0x0000000098400000, 0x0000000098400000, 0x0000000098500000|  0%| F|  |TAMS 0x0000000098400000| PB 0x0000000098400000| Untracked 
| 389|0x0000000098500000, 0x0000000098500000, 0x0000000098600000|  0%| F|  |TAMS 0x0000000098500000| PB 0x0000000098500000| Untracked 
| 390|0x0000000098600000, 0x0000000098600000, 0x0000000098700000|  0%| F|  |TAMS 0x0000000098600000| PB 0x0000000098600000| Untracked 
| 391|0x0000000098700000, 0x0000000098700000, 0x0000000098800000|  0%| F|  |TAMS 0x0000000098700000| PB 0x0000000098700000| Untracked 
| 392|0x0000000098800000, 0x0000000098800000, 0x0000000098900000|  0%| F|  |TAMS 0x0000000098800000| PB 0x0000000098800000| Untracked 
| 393|0x0000000098900000, 0x0000000098900000, 0x0000000098a00000|  0%| F|  |TAMS 0x0000000098900000| PB 0x0000000098900000| Untracked 
| 394|0x0000000098a00000, 0x0000000098a00000, 0x0000000098b00000|  0%| F|  |TAMS 0x0000000098a00000| PB 0x0000000098a00000| Untracked 
| 395|0x0000000098b00000, 0x0000000098b00000, 0x0000000098c00000|  0%| F|  |TAMS 0x0000000098b00000| PB 0x0000000098b00000| Untracked 
| 396|0x0000000098c00000, 0x0000000098c00000, 0x0000000098d00000|  0%| F|  |TAMS 0x0000000098c00000| PB 0x0000000098c00000| Untracked 
| 397|0x0000000098d00000, 0x0000000098d00000, 0x0000000098e00000|  0%| F|  |TAMS 0x0000000098d00000| PB 0x0000000098d00000| Untracked 
| 398|0x0000000098e00000, 0x0000000098e00000, 0x0000000098f00000|  0%| F|  |TAMS 0x0000000098e00000| PB 0x0000000098e00000| Untracked 
| 399|0x0000000098f00000, 0x0000000098f00000, 0x0000000099000000|  0%| F|  |TAMS 0x0000000098f00000| PB 0x0000000098f00000| Untracked 
| 400|0x0000000099000000, 0x0000000099000000, 0x0000000099100000|  0%| F|  |TAMS 0x0000000099000000| PB 0x0000000099000000| Untracked 
| 401|0x0000000099100000, 0x0000000099100000, 0x0000000099200000|  0%| F|  |TAMS 0x0000000099100000| PB 0x0000000099100000| Untracked 
| 402|0x0000000099200000, 0x0000000099200000, 0x0000000099300000|  0%| F|  |TAMS 0x0000000099200000| PB 0x0000000099200000| Untracked 
| 403|0x0000000099300000, 0x0000000099300000, 0x0000000099400000|  0%| F|  |TAMS 0x0000000099300000| PB 0x0000000099300000| Untracked 
| 404|0x0000000099400000, 0x0000000099400000, 0x0000000099500000|  0%| F|  |TAMS 0x0000000099400000| PB 0x0000000099400000| Untracked 
| 405|0x0000000099500000, 0x0000000099500000, 0x0000000099600000|  0%| F|  |TAMS 0x0000000099500000| PB 0x0000000099500000| Untracked 
| 406|0x0000000099600000, 0x0000000099600000, 0x0000000099700000|  0%| F|  |TAMS 0x0000000099600000| PB 0x0000000099600000| Untracked 
| 407|0x0000000099700000, 0x0000000099700000, 0x0000000099800000|  0%| F|  |TAMS 0x0000000099700000| PB 0x0000000099700000| Untracked 
| 408|0x0000000099800000, 0x0000000099800000, 0x0000000099900000|  0%| F|  |TAMS 0x0000000099800000| PB 0x0000000099800000| Untracked 
| 409|0x0000000099900000, 0x0000000099900000, 0x0000000099a00000|  0%| F|  |TAMS 0x0000000099900000| PB 0x0000000099900000| Untracked 
| 410|0x0000000099a00000, 0x0000000099a00000, 0x0000000099b00000|  0%| F|  |TAMS 0x0000000099a00000| PB 0x0000000099a00000| Untracked 
| 411|0x0000000099b00000, 0x0000000099b00000, 0x0000000099c00000|  0%| F|  |TAMS 0x0000000099b00000| PB 0x0000000099b00000| Untracked 
| 412|0x0000000099c00000, 0x0000000099c00000, 0x0000000099d00000|  0%| F|  |TAMS 0x0000000099c00000| PB 0x0000000099c00000| Untracked 
| 413|0x0000000099d00000, 0x0000000099d00000, 0x0000000099e00000|  0%| F|  |TAMS 0x0000000099d00000| PB 0x0000000099d00000| Untracked 
| 414|0x0000000099e00000, 0x0000000099e00000, 0x0000000099f00000|  0%| F|  |TAMS 0x0000000099e00000| PB 0x0000000099e00000| Untracked 
| 415|0x0000000099f00000, 0x0000000099f00000, 0x000000009a000000|  0%| F|  |TAMS 0x0000000099f00000| PB 0x0000000099f00000| Untracked 
| 416|0x000000009a000000, 0x000000009a000000, 0x000000009a100000|  0%| F|  |TAMS 0x000000009a000000| PB 0x000000009a000000| Untracked 
| 417|0x000000009a100000, 0x000000009a100000, 0x000000009a200000|  0%| F|  |TAMS 0x000000009a100000| PB 0x000000009a100000| Untracked 
| 418|0x000000009a200000, 0x000000009a200000, 0x000000009a300000|  0%| F|  |TAMS 0x000000009a200000| PB 0x000000009a200000| Untracked 
| 419|0x000000009a300000, 0x000000009a300000, 0x000000009a400000|  0%| F|  |TAMS 0x000000009a300000| PB 0x000000009a300000| Untracked 
| 420|0x000000009a400000, 0x000000009a400000, 0x000000009a500000|  0%| F|  |TAMS 0x000000009a400000| PB 0x000000009a400000| Untracked 
| 421|0x000000009a500000, 0x000000009a500000, 0x000000009a600000|  0%| F|  |TAMS 0x000000009a500000| PB 0x000000009a500000| Untracked 
| 422|0x000000009a600000, 0x000000009a600000, 0x000000009a700000|  0%| F|  |TAMS 0x000000009a600000| PB 0x000000009a600000| Untracked 
| 423|0x000000009a700000, 0x000000009a700000, 0x000000009a800000|  0%| F|  |TAMS 0x000000009a700000| PB 0x000000009a700000| Untracked 
| 424|0x000000009a800000, 0x000000009a800000, 0x000000009a900000|  0%| F|  |TAMS 0x000000009a800000| PB 0x000000009a800000| Untracked 
| 425|0x000000009a900000, 0x000000009a900000, 0x000000009aa00000|  0%| F|  |TAMS 0x000000009a900000| PB 0x000000009a900000| Untracked 
| 426|0x000000009aa00000, 0x000000009aa00000, 0x000000009ab00000|  0%| F|  |TAMS 0x000000009aa00000| PB 0x000000009aa00000| Untracked 
| 427|0x000000009ab00000, 0x000000009ab00000, 0x000000009ac00000|  0%| F|  |TAMS 0x000000009ab00000| PB 0x000000009ab00000| Untracked 
| 428|0x000000009ac00000, 0x000000009ac00000, 0x000000009ad00000|  0%| F|  |TAMS 0x000000009ac00000| PB 0x000000009ac00000| Untracked 
| 429|0x000000009ad00000, 0x000000009ad00000, 0x000000009ae00000|  0%| F|  |TAMS 0x000000009ad00000| PB 0x000000009ad00000| Untracked 
| 430|0x000000009ae00000, 0x000000009ae00000, 0x000000009af00000|  0%| F|  |TAMS 0x000000009ae00000| PB 0x000000009ae00000| Untracked 
| 431|0x000000009af00000, 0x000000009af00000, 0x000000009b000000|  0%| F|  |TAMS 0x000000009af00000| PB 0x000000009af00000| Untracked 
| 432|0x000000009b000000, 0x000000009b000000, 0x000000009b100000|  0%| F|  |TAMS 0x000000009b000000| PB 0x000000009b000000| Untracked 
| 433|0x000000009b100000, 0x000000009b100000, 0x000000009b200000|  0%| F|  |TAMS 0x000000009b100000| PB 0x000000009b100000| Untracked 
| 434|0x000000009b200000, 0x000000009b200000, 0x000000009b300000|  0%| F|  |TAMS 0x000000009b200000| PB 0x000000009b200000| Untracked 
| 435|0x000000009b300000, 0x000000009b300000, 0x000000009b400000|  0%| F|  |TAMS 0x000000009b300000| PB 0x000000009b300000| Untracked 
| 436|0x000000009b400000, 0x000000009b400000, 0x000000009b500000|  0%| F|  |TAMS 0x000000009b400000| PB 0x000000009b400000| Untracked 
| 437|0x000000009b500000, 0x000000009b500000, 0x000000009b600000|  0%| F|  |TAMS 0x000000009b500000| PB 0x000000009b500000| Untracked 
| 438|0x000000009b600000, 0x000000009b600000, 0x000000009b700000|  0%| F|  |TAMS 0x000000009b600000| PB 0x000000009b600000| Untracked 
| 439|0x000000009b700000, 0x000000009b700000, 0x000000009b800000|  0%| F|  |TAMS 0x000000009b700000| PB 0x000000009b700000| Untracked 
| 440|0x000000009b800000, 0x000000009b800000, 0x000000009b900000|  0%| F|  |TAMS 0x000000009b800000| PB 0x000000009b800000| Untracked 
| 441|0x000000009b900000, 0x000000009b900000, 0x000000009ba00000|  0%| F|  |TAMS 0x000000009b900000| PB 0x000000009b900000| Untracked 
| 442|0x000000009ba00000, 0x000000009ba00000, 0x000000009bb00000|  0%| F|  |TAMS 0x000000009ba00000| PB 0x000000009ba00000| Untracked 
| 443|0x000000009bb00000, 0x000000009bb00000, 0x000000009bc00000|  0%| F|  |TAMS 0x000000009bb00000| PB 0x000000009bb00000| Untracked 
| 444|0x000000009bc00000, 0x000000009bc00000, 0x000000009bd00000|  0%| F|  |TAMS 0x000000009bc00000| PB 0x000000009bc00000| Untracked 
| 445|0x000000009bd00000, 0x000000009bd00000, 0x000000009be00000|  0%| F|  |TAMS 0x000000009bd00000| PB 0x000000009bd00000| Untracked 
| 446|0x000000009be00000, 0x000000009be00000, 0x000000009bf00000|  0%| F|  |TAMS 0x000000009be00000| PB 0x000000009be00000| Untracked 
| 447|0x000000009bf00000, 0x000000009bf00000, 0x000000009c000000|  0%| F|  |TAMS 0x000000009bf00000| PB 0x000000009bf00000| Untracked 
| 448|0x000000009c000000, 0x000000009c000000, 0x000000009c100000|  0%| F|  |TAMS 0x000000009c000000| PB 0x000000009c000000| Untracked 
| 449|0x000000009c100000, 0x000000009c100000, 0x000000009c200000|  0%| F|  |TAMS 0x000000009c100000| PB 0x000000009c100000| Untracked 
| 450|0x000000009c200000, 0x000000009c200000, 0x000000009c300000|  0%| F|  |TAMS 0x000000009c200000| PB 0x000000009c200000| Untracked 
| 451|0x000000009c300000, 0x000000009c300000, 0x000000009c400000|  0%| F|  |TAMS 0x000000009c300000| PB 0x000000009c300000| Untracked 
| 452|0x000000009c400000, 0x000000009c400000, 0x000000009c500000|  0%| F|  |TAMS 0x000000009c400000| PB 0x000000009c400000| Untracked 
| 453|0x000000009c500000, 0x000000009c500000, 0x000000009c600000|  0%| F|  |TAMS 0x000000009c500000| PB 0x000000009c500000| Untracked 
| 454|0x000000009c600000, 0x000000009c600000, 0x000000009c700000|  0%| F|  |TAMS 0x000000009c600000| PB 0x000000009c600000| Untracked 
| 455|0x000000009c700000, 0x000000009c700000, 0x000000009c800000|  0%| F|  |TAMS 0x000000009c700000| PB 0x000000009c700000| Untracked 
| 456|0x000000009c800000, 0x000000009c800000, 0x000000009c900000|  0%| F|  |TAMS 0x000000009c800000| PB 0x000000009c800000| Untracked 
| 457|0x000000009c900000, 0x000000009c900000, 0x000000009ca00000|  0%| F|  |TAMS 0x000000009c900000| PB 0x000000009c900000| Untracked 
| 458|0x000000009ca00000, 0x000000009ca00000, 0x000000009cb00000|  0%| F|  |TAMS 0x000000009ca00000| PB 0x000000009ca00000| Untracked 
| 459|0x000000009cb00000, 0x000000009cb00000, 0x000000009cc00000|  0%| F|  |TAMS 0x000000009cb00000| PB 0x000000009cb00000| Untracked 
| 460|0x000000009cc00000, 0x000000009cc00000, 0x000000009cd00000|  0%| F|  |TAMS 0x000000009cc00000| PB 0x000000009cc00000| Untracked 
| 461|0x000000009cd00000, 0x000000009cd00000, 0x000000009ce00000|  0%| F|  |TAMS 0x000000009cd00000| PB 0x000000009cd00000| Untracked 
| 462|0x000000009ce00000, 0x000000009ce00000, 0x000000009cf00000|  0%| F|  |TAMS 0x000000009ce00000| PB 0x000000009ce00000| Untracked 
| 463|0x000000009cf00000, 0x000000009cf00000, 0x000000009d000000|  0%| F|  |TAMS 0x000000009cf00000| PB 0x000000009cf00000| Untracked 
| 464|0x000000009d000000, 0x000000009d000000, 0x000000009d100000|  0%| F|  |TAMS 0x000000009d000000| PB 0x000000009d000000| Untracked 
| 465|0x000000009d100000, 0x000000009d100000, 0x000000009d200000|  0%| F|  |TAMS 0x000000009d100000| PB 0x000000009d100000| Untracked 
| 466|0x000000009d200000, 0x000000009d200000, 0x000000009d300000|  0%| F|  |TAMS 0x000000009d200000| PB 0x000000009d200000| Untracked 
| 467|0x000000009d300000, 0x000000009d300000, 0x000000009d400000|  0%| F|  |TAMS 0x000000009d300000| PB 0x000000009d300000| Untracked 
| 468|0x000000009d400000, 0x000000009d400000, 0x000000009d500000|  0%| F|  |TAMS 0x000000009d400000| PB 0x000000009d400000| Untracked 
| 469|0x000000009d500000, 0x000000009d500000, 0x000000009d600000|  0%| F|  |TAMS 0x000000009d500000| PB 0x000000009d500000| Untracked 
| 470|0x000000009d600000, 0x000000009d600000, 0x000000009d700000|  0%| F|  |TAMS 0x000000009d600000| PB 0x000000009d600000| Untracked 
| 471|0x000000009d700000, 0x000000009d700000, 0x000000009d800000|  0%| F|  |TAMS 0x000000009d700000| PB 0x000000009d700000| Untracked 
| 472|0x000000009d800000, 0x000000009d800000, 0x000000009d900000|  0%| F|  |TAMS 0x000000009d800000| PB 0x000000009d800000| Untracked 
| 473|0x000000009d900000, 0x000000009d900000, 0x000000009da00000|  0%| F|  |TAMS 0x000000009d900000| PB 0x000000009d900000| Untracked 
| 474|0x000000009da00000, 0x000000009da00000, 0x000000009db00000|  0%| F|  |TAMS 0x000000009da00000| PB 0x000000009da00000| Untracked 
| 475|0x000000009db00000, 0x000000009db00000, 0x000000009dc00000|  0%| F|  |TAMS 0x000000009db00000| PB 0x000000009db00000| Untracked 
| 476|0x000000009dc00000, 0x000000009dc00000, 0x000000009dd00000|  0%| F|  |TAMS 0x000000009dc00000| PB 0x000000009dc00000| Untracked 
| 477|0x000000009dd00000, 0x000000009dd00000, 0x000000009de00000|  0%| F|  |TAMS 0x000000009dd00000| PB 0x000000009dd00000| Untracked 
| 478|0x000000009de00000, 0x000000009de00000, 0x000000009df00000|  0%| F|  |TAMS 0x000000009de00000| PB 0x000000009de00000| Untracked 
| 479|0x000000009df00000, 0x000000009df00000, 0x000000009e000000|  0%| F|  |TAMS 0x000000009df00000| PB 0x000000009df00000| Untracked 
| 480|0x000000009e000000, 0x000000009e000000, 0x000000009e100000|  0%| F|  |TAMS 0x000000009e000000| PB 0x000000009e000000| Untracked 
| 481|0x000000009e100000, 0x000000009e100000, 0x000000009e200000|  0%| F|  |TAMS 0x000000009e100000| PB 0x000000009e100000| Untracked 
| 482|0x000000009e200000, 0x000000009e200000, 0x000000009e300000|  0%| F|  |TAMS 0x000000009e200000| PB 0x000000009e200000| Untracked 
| 483|0x000000009e300000, 0x000000009e300000, 0x000000009e400000|  0%| F|  |TAMS 0x000000009e300000| PB 0x000000009e300000| Untracked 
| 484|0x000000009e400000, 0x000000009e400000, 0x000000009e500000|  0%| F|  |TAMS 0x000000009e400000| PB 0x000000009e400000| Untracked 
| 485|0x000000009e500000, 0x000000009e500000, 0x000000009e600000|  0%| F|  |TAMS 0x000000009e500000| PB 0x000000009e500000| Untracked 
| 486|0x000000009e600000, 0x000000009e600000, 0x000000009e700000|  0%| F|  |TAMS 0x000000009e600000| PB 0x000000009e600000| Untracked 
| 487|0x000000009e700000, 0x000000009e700000, 0x000000009e800000|  0%| F|  |TAMS 0x000000009e700000| PB 0x000000009e700000| Untracked 
| 488|0x000000009e800000, 0x000000009e800000, 0x000000009e900000|  0%| F|  |TAMS 0x000000009e800000| PB 0x000000009e800000| Untracked 
| 489|0x000000009e900000, 0x000000009e900000, 0x000000009ea00000|  0%| F|  |TAMS 0x000000009e900000| PB 0x000000009e900000| Untracked 
| 490|0x000000009ea00000, 0x000000009ea00000, 0x000000009eb00000|  0%| F|  |TAMS 0x000000009ea00000| PB 0x000000009ea00000| Untracked 
| 491|0x000000009eb00000, 0x000000009eb00000, 0x000000009ec00000|  0%| F|  |TAMS 0x000000009eb00000| PB 0x000000009eb00000| Untracked 
| 492|0x000000009ec00000, 0x000000009ec00000, 0x000000009ed00000|  0%| F|  |TAMS 0x000000009ec00000| PB 0x000000009ec00000| Untracked 
| 493|0x000000009ed00000, 0x000000009ed00000, 0x000000009ee00000|  0%| F|  |TAMS 0x000000009ed00000| PB 0x000000009ed00000| Untracked 
| 494|0x000000009ee00000, 0x000000009ee00000, 0x000000009ef00000|  0%| F|  |TAMS 0x000000009ee00000| PB 0x000000009ee00000| Untracked 
| 495|0x000000009ef00000, 0x000000009ef00000, 0x000000009f000000|  0%| F|  |TAMS 0x000000009ef00000| PB 0x000000009ef00000| Untracked 
| 496|0x000000009f000000, 0x000000009f000000, 0x000000009f100000|  0%| F|  |TAMS 0x000000009f000000| PB 0x000000009f000000| Untracked 
| 497|0x000000009f100000, 0x000000009f100000, 0x000000009f200000|  0%| F|  |TAMS 0x000000009f100000| PB 0x000000009f100000| Untracked 
| 498|0x000000009f200000, 0x000000009f200000, 0x000000009f300000|  0%| F|  |TAMS 0x000000009f200000| PB 0x000000009f200000| Untracked 
| 499|0x000000009f300000, 0x000000009f300000, 0x000000009f400000|  0%| F|  |TAMS 0x000000009f300000| PB 0x000000009f300000| Untracked 
| 500|0x000000009f400000, 0x000000009f400000, 0x000000009f500000|  0%| F|  |TAMS 0x000000009f400000| PB 0x000000009f400000| Untracked 
| 501|0x000000009f500000, 0x000000009f500000, 0x000000009f600000|  0%| F|  |TAMS 0x000000009f500000| PB 0x000000009f500000| Untracked 
| 502|0x000000009f600000, 0x000000009f600000, 0x000000009f700000|  0%| F|  |TAMS 0x000000009f600000| PB 0x000000009f600000| Untracked 
| 503|0x000000009f700000, 0x000000009f700000, 0x000000009f800000|  0%| F|  |TAMS 0x000000009f700000| PB 0x000000009f700000| Untracked 
| 504|0x000000009f800000, 0x000000009f800000, 0x000000009f900000|  0%| F|  |TAMS 0x000000009f800000| PB 0x000000009f800000| Untracked 
| 505|0x000000009f900000, 0x000000009f900000, 0x000000009fa00000|  0%| F|  |TAMS 0x000000009f900000| PB 0x000000009f900000| Untracked 
| 506|0x000000009fa00000, 0x000000009fa00000, 0x000000009fb00000|  0%| F|  |TAMS 0x000000009fa00000| PB 0x000000009fa00000| Untracked 
| 507|0x000000009fb00000, 0x000000009fb00000, 0x000000009fc00000|  0%| F|  |TAMS 0x000000009fb00000| PB 0x000000009fb00000| Untracked 
| 508|0x000000009fc00000, 0x000000009fc00000, 0x000000009fd00000|  0%| F|  |TAMS 0x000000009fc00000| PB 0x000000009fc00000| Untracked 
| 509|0x000000009fd00000, 0x000000009fd00000, 0x000000009fe00000|  0%| F|  |TAMS 0x000000009fd00000| PB 0x000000009fd00000| Untracked 
| 510|0x000000009fe00000, 0x000000009fe00000, 0x000000009ff00000|  0%| F|  |TAMS 0x000000009fe00000| PB 0x000000009fe00000| Untracked 
| 511|0x000000009ff00000, 0x000000009ff00000, 0x00000000a0000000|  0%| F|  |TAMS 0x000000009ff00000| PB 0x000000009ff00000| Untracked 
| 512|0x00000000a0000000, 0x00000000a0000000, 0x00000000a0100000|  0%| F|  |TAMS 0x00000000a0000000| PB 0x00000000a0000000| Untracked 
| 513|0x00000000a0100000, 0x00000000a0100000, 0x00000000a0200000|  0%| F|  |TAMS 0x00000000a0100000| PB 0x00000000a0100000| Untracked 
| 514|0x00000000a0200000, 0x00000000a0200000, 0x00000000a0300000|  0%| F|  |TAMS 0x00000000a0200000| PB 0x00000000a0200000| Untracked 
| 515|0x00000000a0300000, 0x00000000a0300000, 0x00000000a0400000|  0%| F|  |TAMS 0x00000000a0300000| PB 0x00000000a0300000| Untracked 
| 516|0x00000000a0400000, 0x00000000a0400000, 0x00000000a0500000|  0%| F|  |TAMS 0x00000000a0400000| PB 0x00000000a0400000| Untracked 
| 517|0x00000000a0500000, 0x00000000a0500000, 0x00000000a0600000|  0%| F|  |TAMS 0x00000000a0500000| PB 0x00000000a0500000| Untracked 
| 518|0x00000000a0600000, 0x00000000a0600000, 0x00000000a0700000|  0%| F|  |TAMS 0x00000000a0600000| PB 0x00000000a0600000| Untracked 
| 519|0x00000000a0700000, 0x00000000a0700000, 0x00000000a0800000|  0%| F|  |TAMS 0x00000000a0700000| PB 0x00000000a0700000| Untracked 
| 520|0x00000000a0800000, 0x00000000a0800000, 0x00000000a0900000|  0%| F|  |TAMS 0x00000000a0800000| PB 0x00000000a0800000| Untracked 
| 521|0x00000000a0900000, 0x00000000a0900000, 0x00000000a0a00000|  0%| F|  |TAMS 0x00000000a0900000| PB 0x00000000a0900000| Untracked 
| 522|0x00000000a0a00000, 0x00000000a0a00000, 0x00000000a0b00000|  0%| F|  |TAMS 0x00000000a0a00000| PB 0x00000000a0a00000| Untracked 
| 523|0x00000000a0b00000, 0x00000000a0b00000, 0x00000000a0c00000|  0%| F|  |TAMS 0x00000000a0b00000| PB 0x00000000a0b00000| Untracked 
| 524|0x00000000a0c00000, 0x00000000a0c00000, 0x00000000a0d00000|  0%| F|  |TAMS 0x00000000a0c00000| PB 0x00000000a0c00000| Untracked 
| 525|0x00000000a0d00000, 0x00000000a0d00000, 0x00000000a0e00000|  0%| F|  |TAMS 0x00000000a0d00000| PB 0x00000000a0d00000| Untracked 
| 526|0x00000000a0e00000, 0x00000000a0e00000, 0x00000000a0f00000|  0%| F|  |TAMS 0x00000000a0e00000| PB 0x00000000a0e00000| Untracked 
| 527|0x00000000a0f00000, 0x00000000a0f00000, 0x00000000a1000000|  0%| F|  |TAMS 0x00000000a0f00000| PB 0x00000000a0f00000| Untracked 
| 528|0x00000000a1000000, 0x00000000a1000000, 0x00000000a1100000|  0%| F|  |TAMS 0x00000000a1000000| PB 0x00000000a1000000| Untracked 
| 529|0x00000000a1100000, 0x00000000a1100000, 0x00000000a1200000|  0%| F|  |TAMS 0x00000000a1100000| PB 0x00000000a1100000| Untracked 
| 530|0x00000000a1200000, 0x00000000a1200000, 0x00000000a1300000|  0%| F|  |TAMS 0x00000000a1200000| PB 0x00000000a1200000| Untracked 
| 531|0x00000000a1300000, 0x00000000a1300000, 0x00000000a1400000|  0%| F|  |TAMS 0x00000000a1300000| PB 0x00000000a1300000| Untracked 
| 532|0x00000000a1400000, 0x00000000a1400000, 0x00000000a1500000|  0%| F|  |TAMS 0x00000000a1400000| PB 0x00000000a1400000| Untracked 
| 533|0x00000000a1500000, 0x00000000a1500000, 0x00000000a1600000|  0%| F|  |TAMS 0x00000000a1500000| PB 0x00000000a1500000| Untracked 
| 534|0x00000000a1600000, 0x00000000a1600000, 0x00000000a1700000|  0%| F|  |TAMS 0x00000000a1600000| PB 0x00000000a1600000| Untracked 
| 535|0x00000000a1700000, 0x00000000a1700000, 0x00000000a1800000|  0%| F|  |TAMS 0x00000000a1700000| PB 0x00000000a1700000| Untracked 
| 536|0x00000000a1800000, 0x00000000a1800000, 0x00000000a1900000|  0%| F|  |TAMS 0x00000000a1800000| PB 0x00000000a1800000| Untracked 
| 537|0x00000000a1900000, 0x00000000a1900000, 0x00000000a1a00000|  0%| F|  |TAMS 0x00000000a1900000| PB 0x00000000a1900000| Untracked 
| 538|0x00000000a1a00000, 0x00000000a1a00000, 0x00000000a1b00000|  0%| F|  |TAMS 0x00000000a1a00000| PB 0x00000000a1a00000| Untracked 
| 539|0x00000000a1b00000, 0x00000000a1b00000, 0x00000000a1c00000|  0%| F|  |TAMS 0x00000000a1b00000| PB 0x00000000a1b00000| Untracked 
| 540|0x00000000a1c00000, 0x00000000a1c00000, 0x00000000a1d00000|  0%| F|  |TAMS 0x00000000a1c00000| PB 0x00000000a1c00000| Untracked 
| 541|0x00000000a1d00000, 0x00000000a1d00000, 0x00000000a1e00000|  0%| F|  |TAMS 0x00000000a1d00000| PB 0x00000000a1d00000| Untracked 
| 542|0x00000000a1e00000, 0x00000000a1e00000, 0x00000000a1f00000|  0%| F|  |TAMS 0x00000000a1e00000| PB 0x00000000a1e00000| Untracked 
| 543|0x00000000a1f00000, 0x00000000a1f00000, 0x00000000a2000000|  0%| F|  |TAMS 0x00000000a1f00000| PB 0x00000000a1f00000| Untracked 
| 544|0x00000000a2000000, 0x00000000a2000000, 0x00000000a2100000|  0%| F|  |TAMS 0x00000000a2000000| PB 0x00000000a2000000| Untracked 
| 545|0x00000000a2100000, 0x00000000a2100000, 0x00000000a2200000|  0%| F|  |TAMS 0x00000000a2100000| PB 0x00000000a2100000| Untracked 
| 546|0x00000000a2200000, 0x00000000a2200000, 0x00000000a2300000|  0%| F|  |TAMS 0x00000000a2200000| PB 0x00000000a2200000| Untracked 
| 547|0x00000000a2300000, 0x00000000a2300000, 0x00000000a2400000|  0%| F|  |TAMS 0x00000000a2300000| PB 0x00000000a2300000| Untracked 
| 548|0x00000000a2400000, 0x00000000a2400000, 0x00000000a2500000|  0%| F|  |TAMS 0x00000000a2400000| PB 0x00000000a2400000| Untracked 
| 549|0x00000000a2500000, 0x00000000a2500000, 0x00000000a2600000|  0%| F|  |TAMS 0x00000000a2500000| PB 0x00000000a2500000| Untracked 
| 550|0x00000000a2600000, 0x00000000a2600000, 0x00000000a2700000|  0%| F|  |TAMS 0x00000000a2600000| PB 0x00000000a2600000| Untracked 
| 551|0x00000000a2700000, 0x00000000a2700000, 0x00000000a2800000|  0%| F|  |TAMS 0x00000000a2700000| PB 0x00000000a2700000| Untracked 
| 552|0x00000000a2800000, 0x00000000a2800000, 0x00000000a2900000|  0%| F|  |TAMS 0x00000000a2800000| PB 0x00000000a2800000| Untracked 
| 553|0x00000000a2900000, 0x00000000a2900000, 0x00000000a2a00000|  0%| F|  |TAMS 0x00000000a2900000| PB 0x00000000a2900000| Untracked 
| 554|0x00000000a2a00000, 0x00000000a2a00000, 0x00000000a2b00000|  0%| F|  |TAMS 0x00000000a2a00000| PB 0x00000000a2a00000| Untracked 
| 555|0x00000000a2b00000, 0x00000000a2b00000, 0x00000000a2c00000|  0%| F|  |TAMS 0x00000000a2b00000| PB 0x00000000a2b00000| Untracked 
| 556|0x00000000a2c00000, 0x00000000a2c00000, 0x00000000a2d00000|  0%| F|  |TAMS 0x00000000a2c00000| PB 0x00000000a2c00000| Untracked 
| 557|0x00000000a2d00000, 0x00000000a2d00000, 0x00000000a2e00000|  0%| F|  |TAMS 0x00000000a2d00000| PB 0x00000000a2d00000| Untracked 
| 558|0x00000000a2e00000, 0x00000000a2e00000, 0x00000000a2f00000|  0%| F|  |TAMS 0x00000000a2e00000| PB 0x00000000a2e00000| Untracked 
| 559|0x00000000a2f00000, 0x00000000a2f00000, 0x00000000a3000000|  0%| F|  |TAMS 0x00000000a2f00000| PB 0x00000000a2f00000| Untracked 
| 560|0x00000000a3000000, 0x00000000a30cd5d0, 0x00000000a3100000| 80%| E|  |TAMS 0x00000000a3000000| PB 0x00000000a3000000| Complete 
| 561|0x00000000a3100000, 0x00000000a3200000, 0x00000000a3200000|100%| E|CS|TAMS 0x00000000a3100000| PB 0x00000000a3100000| Complete 
| 562|0x00000000a3200000, 0x00000000a3300000, 0x00000000a3300000|100%| E|CS|TAMS 0x00000000a3200000| PB 0x00000000a3200000| Complete 
| 563|0x00000000a3300000, 0x00000000a3400000, 0x00000000a3400000|100%| E|CS|TAMS 0x00000000a3300000| PB 0x00000000a3300000| Complete 
| 564|0x00000000a3400000, 0x00000000a3500000, 0x00000000a3500000|100%| E|CS|TAMS 0x00000000a3400000| PB 0x00000000a3400000| Complete 
| 565|0x00000000a3500000, 0x00000000a3600000, 0x00000000a3600000|100%| E|CS|TAMS 0x00000000a3500000| PB 0x00000000a3500000| Complete 
| 566|0x00000000a3600000, 0x00000000a3700000, 0x00000000a3700000|100%| E|CS|TAMS 0x00000000a3600000| PB 0x00000000a3600000| Complete 
| 567|0x00000000a3700000, 0x00000000a3800000, 0x00000000a3800000|100%| E|CS|TAMS 0x00000000a3700000| PB 0x00000000a3700000| Complete 
| 568|0x00000000a3800000, 0x00000000a3900000, 0x00000000a3900000|100%| E|CS|TAMS 0x00000000a3800000| PB 0x00000000a3800000| Complete 
| 569|0x00000000a3900000, 0x00000000a3a00000, 0x00000000a3a00000|100%| E|CS|TAMS 0x00000000a3900000| PB 0x00000000a3900000| Complete 
| 570|0x00000000a3a00000, 0x00000000a3b00000, 0x00000000a3b00000|100%| E|CS|TAMS 0x00000000a3a00000| PB 0x00000000a3a00000| Complete 
| 571|0x00000000a3b00000, 0x00000000a3c00000, 0x00000000a3c00000|100%| E|CS|TAMS 0x00000000a3b00000| PB 0x00000000a3b00000| Complete 
| 572|0x00000000a3c00000, 0x00000000a3d00000, 0x00000000a3d00000|100%| E|CS|TAMS 0x00000000a3c00000| PB 0x00000000a3c00000| Complete 
| 573|0x00000000a3d00000, 0x00000000a3e00000, 0x00000000a3e00000|100%| E|CS|TAMS 0x00000000a3d00000| PB 0x00000000a3d00000| Complete 
| 574|0x00000000a3e00000, 0x00000000a3f00000, 0x00000000a3f00000|100%| E|CS|TAMS 0x00000000a3e00000| PB 0x00000000a3e00000| Complete 
| 575|0x00000000a3f00000, 0x00000000a4000000, 0x00000000a4000000|100%| E|CS|TAMS 0x00000000a3f00000| PB 0x00000000a3f00000| Complete 
| 576|0x00000000a4000000, 0x00000000a4100000, 0x00000000a4100000|100%| E|CS|TAMS 0x00000000a4000000| PB 0x00000000a4000000| Complete 
| 577|0x00000000a4100000, 0x00000000a4200000, 0x00000000a4200000|100%| E|CS|TAMS 0x00000000a4100000| PB 0x00000000a4100000| Complete 
| 578|0x00000000a4200000, 0x00000000a4300000, 0x00000000a4300000|100%| E|CS|TAMS 0x00000000a4200000| PB 0x00000000a4200000| Complete 
| 579|0x00000000a4300000, 0x00000000a4400000, 0x00000000a4400000|100%| E|CS|TAMS 0x00000000a4300000| PB 0x00000000a4300000| Complete 
| 580|0x00000000a4400000, 0x00000000a4500000, 0x00000000a4500000|100%| E|CS|TAMS 0x00000000a4400000| PB 0x00000000a4400000| Complete 
| 581|0x00000000a4500000, 0x00000000a4600000, 0x00000000a4600000|100%| E|CS|TAMS 0x00000000a4500000| PB 0x00000000a4500000| Complete 
| 582|0x00000000a4600000, 0x00000000a4700000, 0x00000000a4700000|100%| E|  |TAMS 0x00000000a4600000| PB 0x00000000a4600000| Complete 
| 583|0x00000000a4700000, 0x00000000a4800000, 0x00000000a4800000|100%| E|CS|TAMS 0x00000000a4700000| PB 0x00000000a4700000| Complete 
| 584|0x00000000a4800000, 0x00000000a4900000, 0x00000000a4900000|100%| E|CS|TAMS 0x00000000a4800000| PB 0x00000000a4800000| Complete 
| 585|0x00000000a4900000, 0x00000000a4a00000, 0x00000000a4a00000|100%| E|CS|TAMS 0x00000000a4900000| PB 0x00000000a4900000| Complete 
|1985|0x00000000fc100000, 0x00000000fc200000, 0x00000000fc200000|100%| O|  |TAMS 0x00000000fc100000| PB 0x00000000fc100000| Untracked 
|1986|0x00000000fc200000, 0x00000000fc300000, 0x00000000fc300000|100%| O|Cm|TAMS 0x00000000fc200000| PB 0x00000000fc200000| Complete 
|1987|0x00000000fc300000, 0x00000000fc400000, 0x00000000fc400000|100%| O|Cm|TAMS 0x00000000fc300000| PB 0x00000000fc300000| Complete 
|1988|0x00000000fc400000, 0x00000000fc500000, 0x00000000fc500000|100%| O|  |TAMS 0x00000000fc400000| PB 0x00000000fc400000| Untracked 
|1989|0x00000000fc500000, 0x00000000fc600000, 0x00000000fc600000|100%| O|  |TAMS 0x00000000fc500000| PB 0x00000000fc500000| Untracked 
|1990|0x00000000fc600000, 0x00000000fc700000, 0x00000000fc700000|100%| O|  |TAMS 0x00000000fc600000| PB 0x00000000fc600000| Untracked 
|1991|0x00000000fc700000, 0x00000000fc800000, 0x00000000fc800000|100%| O|  |TAMS 0x00000000fc700000| PB 0x00000000fc700000| Untracked 
|1992|0x00000000fc800000, 0x00000000fc900000, 0x00000000fc900000|100%| O|  |TAMS 0x00000000fc800000| PB 0x00000000fc800000| Untracked 
|1993|0x00000000fc900000, 0x00000000fca00000, 0x00000000fca00000|100%| O|Cm|TAMS 0x00000000fc900000| PB 0x00000000fc900000| Complete 
|1994|0x00000000fca00000, 0x00000000fcb00000, 0x00000000fcb00000|100%| O|Cm|TAMS 0x00000000fca00000| PB 0x00000000fca00000| Complete 
|1995|0x00000000fcb00000, 0x00000000fcc00000, 0x00000000fcc00000|100%| O|Cm|TAMS 0x00000000fcb00000| PB 0x00000000fcb00000| Complete 
|1996|0x00000000fcc00000, 0x00000000fcd00000, 0x00000000fcd00000|100%| O|  |TAMS 0x00000000fcc00000| PB 0x00000000fcc00000| Untracked 
|1997|0x00000000fcd00000, 0x00000000fce00000, 0x00000000fce00000|100%| O|  |TAMS 0x00000000fcd00000| PB 0x00000000fcd00000| Untracked 
|1998|0x00000000fce00000, 0x00000000fcf00000, 0x00000000fcf00000|100%| O|  |TAMS 0x00000000fce00000| PB 0x00000000fce00000| Untracked 
|1999|0x00000000fcf00000, 0x00000000fd000000, 0x00000000fd000000|100%| O|  |TAMS 0x00000000fcf00000| PB 0x00000000fcf00000| Untracked 
|2000|0x00000000fd000000, 0x00000000fd100000, 0x00000000fd100000|100%| O|  |TAMS 0x00000000fd000000| PB 0x00000000fd000000| Untracked 
|2001|0x00000000fd100000, 0x00000000fd200000, 0x00000000fd200000|100%| O|  |TAMS 0x00000000fd100000| PB 0x00000000fd100000| Untracked 
|2002|0x00000000fd200000, 0x00000000fd300000, 0x00000000fd300000|100%| O|  |TAMS 0x00000000fd200000| PB 0x00000000fd200000| Untracked 
|2003|0x00000000fd300000, 0x00000000fd400000, 0x00000000fd400000|100%| O|  |TAMS 0x00000000fd300000| PB 0x00000000fd300000| Untracked 
|2004|0x00000000fd400000, 0x00000000fd500000, 0x00000000fd500000|100%| O|  |TAMS 0x00000000fd400000| PB 0x00000000fd400000| Untracked 
|2005|0x00000000fd500000, 0x00000000fd600000, 0x00000000fd600000|100%| O|  |TAMS 0x00000000fd500000| PB 0x00000000fd500000| Untracked 
|2006|0x00000000fd600000, 0x00000000fd700000, 0x00000000fd700000|100%| O|  |TAMS 0x00000000fd600000| PB 0x00000000fd600000| Untracked 
|2007|0x00000000fd700000, 0x00000000fd800000, 0x00000000fd800000|100%| O|  |TAMS 0x00000000fd700000| PB 0x00000000fd700000| Untracked 
|2008|0x00000000fd800000, 0x00000000fd900000, 0x00000000fd900000|100%| O|  |TAMS 0x00000000fd800000| PB 0x00000000fd800000| Untracked 
|2009|0x00000000fd900000, 0x00000000fda00000, 0x00000000fda00000|100%| O|  |TAMS 0x00000000fd900000| PB 0x00000000fd900000| Untracked 
|2010|0x00000000fda00000, 0x00000000fdb00000, 0x00000000fdb00000|100%| O|  |TAMS 0x00000000fda00000| PB 0x00000000fda00000| Untracked 
|2011|0x00000000fdb00000, 0x00000000fdc00000, 0x00000000fdc00000|100%| O|  |TAMS 0x00000000fdb00000| PB 0x00000000fdb00000| Untracked 
|2012|0x00000000fdc00000, 0x00000000fdd00000, 0x00000000fdd00000|100%| O|  |TAMS 0x00000000fdc00000| PB 0x00000000fdc00000| Untracked 
|2013|0x00000000fdd00000, 0x00000000fde00000, 0x00000000fde00000|100%| O|  |TAMS 0x00000000fdd00000| PB 0x00000000fdd00000| Untracked 
|2014|0x00000000fde00000, 0x00000000fdf00000, 0x00000000fdf00000|100%| O|  |TAMS 0x00000000fde00000| PB 0x00000000fde00000| Untracked 
|2015|0x00000000fdf00000, 0x00000000fe000000, 0x00000000fe000000|100%| O|  |TAMS 0x00000000fdf00000| PB 0x00000000fdf00000| Untracked 
|2016|0x00000000fe000000, 0x00000000fe100000, 0x00000000fe100000|100%| O|  |TAMS 0x00000000fe000000| PB 0x00000000fe000000| Untracked 
|2017|0x00000000fe100000, 0x00000000fe200000, 0x00000000fe200000|100%| O|  |TAMS 0x00000000fe100000| PB 0x00000000fe100000| Untracked 
|2018|0x00000000fe200000, 0x00000000fe300000, 0x00000000fe300000|100%| O|  |TAMS 0x00000000fe200000| PB 0x00000000fe200000| Untracked 
|2019|0x00000000fe300000, 0x00000000fe400000, 0x00000000fe400000|100%| O|Cm|TAMS 0x00000000fe300000| PB 0x00000000fe300000| Complete 
|2020|0x00000000fe400000, 0x00000000fe500000, 0x00000000fe500000|100%| O|  |TAMS 0x00000000fe400000| PB 0x00000000fe400000| Untracked 
|2021|0x00000000fe500000, 0x00000000fe600000, 0x00000000fe600000|100%| O|  |TAMS 0x00000000fe500000| PB 0x00000000fe500000| Untracked 
|2022|0x00000000fe600000, 0x00000000fe700000, 0x00000000fe700000|100%| O|  |TAMS 0x00000000fe600000| PB 0x00000000fe600000| Untracked 
|2023|0x00000000fe700000, 0x00000000fe800000, 0x00000000fe800000|100%| O|  |TAMS 0x00000000fe700000| PB 0x00000000fe700000| Untracked 
|2024|0x00000000fe800000, 0x00000000fe900000, 0x00000000fe900000|100%| O|  |TAMS 0x00000000fe800000| PB 0x00000000fe800000| Untracked 
|2025|0x00000000fe900000, 0x00000000fea00000, 0x00000000fea00000|100%| E|CS|TAMS 0x00000000fe900000| PB 0x00000000fe900000| Complete 
|2026|0x00000000fea00000, 0x00000000feb00000, 0x00000000feb00000|100%| E|CS|TAMS 0x00000000fea00000| PB 0x00000000fea00000| Complete 
|2027|0x00000000feb00000, 0x00000000fec00000, 0x00000000fec00000|100%| E|CS|TAMS 0x00000000feb00000| PB 0x00000000feb00000| Complete 
|2028|0x00000000fec00000, 0x00000000fed00000, 0x00000000fed00000|100%| E|CS|TAMS 0x00000000fec00000| PB 0x00000000fec00000| Complete 
|2029|0x00000000fed00000, 0x00000000fee00000, 0x00000000fee00000|100%| O|  |TAMS 0x00000000fed00000| PB 0x00000000fed00000| Untracked 
|2030|0x00000000fee00000, 0x00000000fef00000, 0x00000000fef00000|100%| E|CS|TAMS 0x00000000fee00000| PB 0x00000000fee00000| Complete 
|2031|0x00000000fef00000, 0x00000000ff000000, 0x00000000ff000000|100%| E|CS|TAMS 0x00000000fef00000| PB 0x00000000fef00000| Complete 
|2032|0x00000000ff000000, 0x00000000ff100000, 0x00000000ff100000|100%| E|CS|TAMS 0x00000000ff000000| PB 0x00000000ff000000| Complete 
|2033|0x00000000ff100000, 0x00000000ff200000, 0x00000000ff200000|100%| E|CS|TAMS 0x00000000ff100000| PB 0x00000000ff100000| Complete 
|2034|0x00000000ff200000, 0x00000000ff300000, 0x00000000ff300000|100%| E|CS|TAMS 0x00000000ff200000| PB 0x00000000ff200000| Complete 
|2035|0x00000000ff300000, 0x00000000ff400000, 0x00000000ff400000|100%| O|  |TAMS 0x00000000ff300000| PB 0x00000000ff300000| Untracked 
|2036|0x00000000ff400000, 0x00000000ff500000, 0x00000000ff500000|100%| O|  |TAMS 0x00000000ff400000| PB 0x00000000ff400000| Untracked 
|2037|0x00000000ff500000, 0x00000000ff600000, 0x00000000ff600000|100%| E|CS|TAMS 0x00000000ff500000| PB 0x00000000ff500000| Complete 
|2038|0x00000000ff600000, 0x00000000ff700000, 0x00000000ff700000|100%| O|  |TAMS 0x00000000ff600000| PB 0x00000000ff600000| Untracked 
|2039|0x00000000ff700000, 0x00000000ff800000, 0x00000000ff800000|100%| O|  |TAMS 0x00000000ff700000| PB 0x00000000ff700000| Untracked 
|2040|0x00000000ff800000, 0x00000000ff900000, 0x00000000ff900000|100%| O|  |TAMS 0x00000000ff800000| PB 0x00000000ff800000| Untracked 
|2041|0x00000000ff900000, 0x00000000ffa00000, 0x00000000ffa00000|100%| O|  |TAMS 0x00000000ff900000| PB 0x00000000ff900000| Untracked 
|2042|0x00000000ffa00000, 0x00000000ffb00000, 0x00000000ffb00000|100%| O|  |TAMS 0x00000000ffa00000| PB 0x00000000ffa00000| Untracked 
|2043|0x00000000ffb00000, 0x00000000ffc00000, 0x00000000ffc00000|100%| E|CS|TAMS 0x00000000ffb00000| PB 0x00000000ffb00000| Complete 
|2044|0x00000000ffc00000, 0x00000000ffd00000, 0x00000000ffd00000|100%| O|  |TAMS 0x00000000ffc00000| PB 0x00000000ffc00000| Untracked 
|2045|0x00000000ffd00000, 0x00000000ffe00000, 0x00000000ffe00000|100%| O|  |TAMS 0x00000000ffd00000| PB 0x00000000ffd00000| Untracked 
|2046|0x00000000ffe00000, 0x00000000fff00000, 0x00000000fff00000|100%| O|  |TAMS 0x00000000ffe00000| PB 0x00000000ffe00000| Untracked 
|2047|0x00000000fff00000, 0x0000000100000000, 0x0000000100000000|100%| O|  |TAMS 0x00000000fff00000| PB 0x00000000fff00000| Untracked 

Card table byte_map: [0x00000122ba640000,0x00000122baa40000] _byte_map_base: 0x00000122ba240000

Marking Bits: (CMBitMap*) 0x00000122a7c14440
 Bits: [0x00000122baa40000, 0x00000122bca40000)

Polling page: 0x00000122a5a00000

Metaspace:

Usage:
  Non-class:    122.15 MB used.
      Class:     19.66 MB used.
       Both:    141.81 MB used.

Virtual space:
  Non-class space:      128.00 MB reserved,     123.31 MB ( 96%) committed,  2 nodes.
      Class space:        1.00 GB reserved,      20.81 MB (  2%) committed,  1 nodes.
             Both:        1.12 GB reserved,     144.12 MB ( 13%) committed. 

Chunk freelists:
   Non-Class:  4.39 MB
       Class:  11.11 MB
        Both:  15.50 MB

MaxMetaspaceSize: unlimited
CompressedClassSpaceSize: 1.00 GB
Initial GC threshold: 21.00 MB
Current GC threshold: 238.75 MB
CDS: off
 - commit_granule_bytes: 65536.
 - commit_granule_words: 8192.
 - virtual_space_node_default_size: 8388608.
 - enlarge_chunks_in_place: 1.
 - use_allocation_guard: 0.


Internal statistics:

num_allocs_failed_limit: 9.
num_arena_births: 4602.
num_arena_deaths: 2.
num_vsnodes_births: 3.
num_vsnodes_deaths: 0.
num_space_committed: 2298.
num_space_uncommitted: 0.
num_chunks_returned_to_freelist: 12.
num_chunks_taken_from_freelist: 10796.
num_chunk_merges: 9.
num_chunk_splits: 7081.
num_chunks_enlarged: 4490.
num_inconsistent_stats: 0.

CodeHeap 'non-profiled nmethods': size=120000Kb used=12583Kb max_used=12639Kb free=107416Kb
 bounds [0x00000122b27c0000, 0x00000122b3420000, 0x00000122b9cf0000]
CodeHeap 'profiled nmethods': size=120000Kb used=29904Kb max_used=30494Kb free=90096Kb
 bounds [0x00000122aacf0000, 0x00000122acac0000, 0x00000122b2220000]
CodeHeap 'non-nmethods': size=5760Kb used=2782Kb max_used=2833Kb free=2978Kb
 bounds [0x00000122b2220000, 0x00000122b2500000, 0x00000122b27c0000]
CodeCache: size=245760Kb, used=45269Kb, max_used=45966Kb, free=200490Kb
 total_blobs=17386, nmethods=16331, adapters=958, full_count=0
Compilation: enabled, stopped_count=0, restarted_count=0

Compilation events (20 events):
Event: 70.836 Thread 0x00000122bf7f26c0 nmethod 22560 0x00000122aaec6a10 code [0x00000122aaec6d60, 0x00000122aaec8360]
Event: 70.836 Thread 0x00000122bf7f26c0 22561       3       com.android.tools.r8.dex.k::b (16 bytes)
Event: 70.838 Thread 0x00000122bf7f26c0 nmethod 22561 0x00000122ab9efb90 code [0x00000122ab9efec0, 0x00000122ab9f12d8]
Event: 70.840 Thread 0x00000122bf7f26c0 22563 %     2       com.android.tools.r8.graph.na::b @ 15 (64 bytes)
Event: 70.841 Thread 0x00000122bf7f26c0 nmethod 22563% 0x00000122ab467a90 code [0x00000122ab467cc0, 0x00000122ab468118]
Event: 70.855 Thread 0x00000122bf815a10 nmethod 22550 0x00000122b3376e90 code [0x00000122b3377100, 0x00000122b3377900]
Event: 70.856 Thread 0x00000122bf815a10 22565   !   4       java.util.concurrent.ForkJoinTask$InterruptibleTask::exec (84 bytes)
Event: 70.857 Thread 0x00000122bf7f26c0 22568       2       com.android.tools.r8.graph.na::b (64 bytes)
Event: 70.857 Thread 0x00000122bf7f26c0 nmethod 22568 0x00000122ab8cf090 code [0x00000122ab8cf2c0, 0x00000122ab8cf688]
Event: 70.881 Thread 0x00000122cac2a270 nmethod 22512 0x00000122b3373490 code [0x00000122b33737a0, 0x00000122b33758a8]
Event: 70.881 Thread 0x00000122cac2a270 22570       4       com.android.tools.r8.graph.ma$$Lambda/0x0000000101405988::apply (16 bytes)
Event: 70.897 Thread 0x00000122cac2a270 nmethod 22570 0x00000122b3372310 code [0x00000122b3372560, 0x00000122b3372d78]
Event: 70.897 Thread 0x00000122cac2a270 22574       4       com.android.tools.r8.graph.la$$Lambda/0x0000000101431368::accept (16 bytes)
Event: 70.900 Thread 0x00000122bf815a10 nmethod 22565 0x00000122b3370710 code [0x00000122b33709c0, 0x00000122b33716d0]
Event: 70.900 Thread 0x00000122bf815a10 22553       4       com.android.tools.r8.internal.o34$$Lambda/0x000000010143e178::call (16 bytes)
Event: 70.911 Thread 0x00000122cac2a270 nmethod 22574 0x00000122b336fb10 code [0x00000122b336fd20, 0x00000122b33702a0]
Event: 70.912 Thread 0x00000122cac2a270 22564       4       com.android.tools.r8.graph.j2::c (161 bytes)
Event: 70.918 Thread 0x00000122cac2a270 nmethod 22564 0x00000122b336f690 code [0x00000122b336f820, 0x00000122b336f9b0]
Event: 70.918 Thread 0x00000122cac2a270 22569       4       java.util.concurrent.ForkJoinPool$WorkQueue::topLevelExec (93 bytes)
Event: 70.924 Thread 0x00000122bf815a10 nmethod 22553 0x00000122b336e390 code [0x00000122b336e600, 0x00000122b336edc0]

GC Heap History (20 events):
Event: 63.992 GC heap before
{Heap before GC invocations=57 (full 0):
 garbage-first heap   total 384000K, used 313066K [0x0000000080000000, 0x0000000100000000)
  region size 1024K, 136 young (139264K), 10 survivors (10240K)
 Metaspace       used 130857K, committed 133120K, reserved 1179648K
  class space    used 17947K, committed 19072K, reserved 1048576K
}
Event: 64.001 GC heap after
{Heap after GC invocations=58 (full 0):
 garbage-first heap   total 384000K, used 188323K [0x0000000080000000, 0x0000000100000000)
  region size 1024K, 11 young (11264K), 11 survivors (11264K)
 Metaspace       used 130857K, committed 133120K, reserved 1179648K
  class space    used 17947K, committed 19072K, reserved 1048576K
}
Event: 65.903 GC heap before
{Heap before GC invocations=58 (full 0):
 garbage-first heap   total 384000K, used 363427K [0x0000000080000000, 0x0000000100000000)
  region size 1024K, 152 young (155648K), 11 survivors (11264K)
 Metaspace       used 135685K, committed 138048K, reserved 1179648K
  class space    used 18607K, committed 19776K, reserved 1048576K
}
Event: 65.920 GC heap after
{Heap after GC invocations=59 (full 0):
 garbage-first heap   total 391168K, used 222208K [0x0000000080000000, 0x0000000100000000)
  region size 1024K, 19 young (19456K), 19 survivors (19456K)
 Metaspace       used 135685K, committed 138048K, reserved 1179648K
  class space    used 18607K, committed 19776K, reserved 1048576K
}
Event: 67.148 GC heap before
{Heap before GC invocations=59 (full 0):
 garbage-first heap   total 391168K, used 366592K [0x0000000080000000, 0x0000000100000000)
  region size 1024K, 134 young (137216K), 19 survivors (19456K)
 Metaspace       used 138902K, committed 141184K, reserved 1179648K
  class space    used 19261K, committed 20416K, reserved 1048576K
}
Event: 67.187 GC heap after
{Heap after GC invocations=60 (full 0):
 garbage-first heap   total 428032K, used 252805K [0x0000000080000000, 0x0000000100000000)
  region size 1024K, 17 young (17408K), 17 survivors (17408K)
 Metaspace       used 138902K, committed 141184K, reserved 1179648K
  class space    used 19261K, committed 20416K, reserved 1048576K
}
Event: 67.479 GC heap before
{Heap before GC invocations=60 (full 0):
 garbage-first heap   total 428032K, used 361349K [0x0000000080000000, 0x0000000100000000)
  region size 1024K, 124 young (126976K), 17 survivors (17408K)
 Metaspace       used 139062K, committed 141440K, reserved 1179648K
  class space    used 19265K, committed 20416K, reserved 1048576K
}
Event: 67.563 GC heap after
{Heap after GC invocations=61 (full 0):
 garbage-first heap   total 435200K, used 307712K [0x0000000080000000, 0x0000000100000000)
  region size 1024K, 16 young (16384K), 16 survivors (16384K)
 Metaspace       used 139062K, committed 141440K, reserved 1179648K
  class space    used 19265K, committed 20416K, reserved 1048576K
}
Event: 68.289 GC heap before
{Heap before GC invocations=62 (full 0):
 garbage-first heap   total 510976K, used 373248K [0x0000000080000000, 0x0000000100000000)
  region size 1024K, 83 young (84992K), 16 survivors (16384K)
 Metaspace       used 140382K, committed 142720K, reserved 1179648K
  class space    used 19469K, committed 20608K, reserved 1048576K
}
Event: 68.332 GC heap after
{Heap after GC invocations=63 (full 0):
 garbage-first heap   total 510976K, used 337408K [0x0000000080000000, 0x0000000100000000)
  region size 1024K, 11 young (11264K), 11 survivors (11264K)
 Metaspace       used 140382K, committed 142720K, reserved 1179648K
  class space    used 19469K, committed 20608K, reserved 1048576K
}
Event: 69.088 GC heap before
{Heap before GC invocations=63 (full 0):
 garbage-first heap   total 510976K, used 424448K [0x0000000080000000, 0x0000000100000000)
  region size 1024K, 97 young (99328K), 11 survivors (11264K)
 Metaspace       used 142885K, committed 145152K, reserved 1179648K
  class space    used 19774K, committed 20928K, reserved 1048576K
}
Event: 69.104 GC heap after
{Heap after GC invocations=64 (full 0):
 garbage-first heap   total 510976K, used 338148K [0x0000000080000000, 0x0000000100000000)
  region size 1024K, 7 young (7168K), 7 survivors (7168K)
 Metaspace       used 142885K, committed 145152K, reserved 1179648K
  class space    used 19774K, committed 20928K, reserved 1048576K
}
Event: 69.408 GC heap before
{Heap before GC invocations=64 (full 0):
 garbage-first heap   total 510976K, used 432356K [0x0000000080000000, 0x0000000100000000)
  region size 1024K, 100 young (102400K), 7 survivors (7168K)
 Metaspace       used 144119K, committed 146496K, reserved 1179648K
  class space    used 19999K, committed 21184K, reserved 1048576K
}
Event: 69.418 GC heap after
{Heap after GC invocations=65 (full 0):
 garbage-first heap   total 510976K, used 339731K [0x0000000080000000, 0x0000000100000000)
  region size 1024K, 9 young (9216K), 9 survivors (9216K)
 Metaspace       used 144119K, committed 146496K, reserved 1179648K
  class space    used 19999K, committed 21184K, reserved 1048576K
}
Event: 69.645 GC heap before
{Heap before GC invocations=65 (full 0):
 garbage-first heap   total 510976K, used 441107K [0x0000000080000000, 0x0000000100000000)
  region size 1024K, 109 young (111616K), 9 survivors (9216K)
 Metaspace       used 144325K, committed 146688K, reserved 1179648K
  class space    used 20020K, committed 21184K, reserved 1048576K
}
Event: 69.655 GC heap after
{Heap after GC invocations=66 (full 0):
 garbage-first heap   total 510976K, used 339826K [0x0000000080000000, 0x0000000100000000)
  region size 1024K, 4 young (4096K), 4 survivors (4096K)
 Metaspace       used 144325K, committed 146688K, reserved 1179648K
  class space    used 20020K, committed 21184K, reserved 1048576K
}
Event: 70.228 GC heap before
{Heap before GC invocations=66 (full 0):
 garbage-first heap   total 541696K, used 434034K [0x0000000080000000, 0x0000000100000000)
  region size 1024K, 112 young (114688K), 4 survivors (4096K)
 Metaspace       used 144403K, committed 146752K, reserved 1179648K
  class space    used 20022K, committed 21184K, reserved 1048576K
}
Event: 70.237 GC heap after
{Heap after GC invocations=67 (full 0):
 garbage-first heap   total 541696K, used 329295K [0x0000000080000000, 0x0000000100000000)
  region size 1024K, 9 young (9216K), 9 survivors (9216K)
 Metaspace       used 144403K, committed 146752K, reserved 1179648K
  class space    used 20022K, committed 21184K, reserved 1048576K
}
Event: 70.784 GC heap before
{Heap before GC invocations=68 (full 0):
 garbage-first heap   total 541696K, used 468559K [0x0000000080000000, 0x0000000100000000)
  region size 1024K, 146 young (149504K), 9 survivors (9216K)
 Metaspace       used 144892K, committed 147264K, reserved 1179648K
  class space    used 20082K, committed 21248K, reserved 1048576K
}
Event: 70.798 GC heap after
{Heap after GC invocations=69 (full 0):
 garbage-first heap   total 664576K, used 333232K [0x0000000080000000, 0x0000000100000000)
  region size 1024K, 13 young (13312K), 13 survivors (13312K)
 Metaspace       used 144892K, committed 147264K, reserved 1179648K
  class space    used 20082K, committed 21248K, reserved 1048576K
}

Dll operation events (3 events):
Event: 0.015 Loaded shared library C:\Program Files\Android\Android Studio\jbr\bin\java.dll
Event: 0.023 Loaded shared library C:\Program Files\Android\Android Studio\jbr\bin\zip.dll
Event: 1.264 Loaded shared library C:\Program Files\Android\Android Studio\jbr\bin\verify.dll

Deoptimization events (20 events):
Event: 70.826 Thread 0x00000122cbd807e0 DEOPT UNPACKING pc=0x00000122b22743a2 sp=0x0000000e996feb70 mode 2
Event: 70.826 Thread 0x00000122d21b0790 Uncommon trap: trap_request=0xffffffc6 fr.pc=0x00000122b2c8c2a8 relative=0x0000000000000088
Event: 70.826 Thread 0x00000122d21ae030 DEOPT PACKING pc=0x00000122b33594dc sp=0x0000000e991feae0
Event: 70.826 Thread 0x00000122cbd80e70 Uncommon trap: reason=bimorphic_or_optimized_type_check action=maybe_recompile pc=0x00000122b33594dc method=com.android.tools.r8.graph.la.b(Ljava/util/function/Predicate;Ljava/util/function/Consumer;Lcom/android/tools/r8/graph/j3;)V @ 2 c2
Event: 70.826 Thread 0x00000122d21b0790 Uncommon trap: reason=bimorphic_or_optimized_type_check action=maybe_recompile pc=0x00000122b2c8c2a8 method=com.android.tools.r8.graph.la.b(Ljava/util/function/Predicate;Ljava/util/function/Consumer;Lcom/android/tools/r8/graph/j3;)V @ 2 c2
Event: 70.826 Thread 0x00000122d21af3e0 Uncommon trap: trap_request=0xffffffc6 fr.pc=0x00000122b2c8c2a8 relative=0x0000000000000088
Event: 70.826 Thread 0x00000122cbd80e70 DEOPT PACKING pc=0x00000122b33594dc sp=0x0000000e998fe8d0
Event: 70.826 Thread 0x00000122d21b0790 DEOPT PACKING pc=0x00000122b2c8c2a8 sp=0x0000000e923fee60
Event: 70.826 Thread 0x00000122d21af3e0 Uncommon trap: reason=bimorphic_or_optimized_type_check action=maybe_recompile pc=0x00000122b2c8c2a8 method=com.android.tools.r8.graph.la.b(Ljava/util/function/Predicate;Ljava/util/function/Consumer;Lcom/android/tools/r8/graph/j3;)V @ 2 c2
Event: 70.826 Thread 0x00000122d21ae030 DEOPT UNPACKING pc=0x00000122b22743a2 sp=0x0000000e991fe9d0 mode 2
Event: 70.826 Thread 0x00000122cbd807e0 Uncommon trap: trap_request=0xffffffc6 fr.pc=0x00000122b2cda97c relative=0x00000000000003dc
Event: 70.826 Thread 0x00000122d21af3e0 DEOPT PACKING pc=0x00000122b2c8c2a8 sp=0x0000000e994fe870
Event: 70.826 Thread 0x00000122cbd807e0 Uncommon trap: reason=bimorphic_or_optimized_type_check action=maybe_recompile pc=0x00000122b2cda97c method=com.android.tools.r8.graph.la.b(Ljava/util/function/Predicate;Ljava/util/function/Consumer;Lcom/android/tools/r8/graph/j3;)V @ 2 c2
Event: 70.826 Thread 0x00000122d21b0790 DEOPT UNPACKING pc=0x00000122b22743a2 sp=0x0000000e923fedb8 mode 2
Event: 70.826 Thread 0x00000122cbd80e70 DEOPT UNPACKING pc=0x00000122b22743a2 sp=0x0000000e998fe7c0 mode 2
Event: 70.826 Thread 0x00000122cbd807e0 DEOPT PACKING pc=0x00000122b2cda97c sp=0x0000000e996fec70
Event: 70.826 Thread 0x00000122cbd807e0 DEOPT UNPACKING pc=0x00000122b22743a2 sp=0x0000000e996fec38 mode 2
Event: 70.826 Thread 0x00000122d21af3e0 DEOPT UNPACKING pc=0x00000122b22743a2 sp=0x0000000e994fe7c8 mode 2
Event: 70.826 Thread 0x00000122d21afa70 DEOPT PACKING pc=0x00000122b33594dc sp=0x0000000e995feb90
Event: 70.826 Thread 0x00000122d21afa70 DEOPT UNPACKING pc=0x00000122b22743a2 sp=0x0000000e995fea80 mode 2

Classes loaded (20 events):
Event: 66.853 Loading class java/util/concurrent/CountedCompleter
Event: 66.854 Loading class java/util/concurrent/CountedCompleter done
Event: 66.916 Loading class java/util/AbstractList$RandomAccessSubList
Event: 66.916 Loading class java/util/AbstractList$SubList
Event: 66.916 Loading class java/util/AbstractList$SubList done
Event: 66.916 Loading class java/util/AbstractList$RandomAccessSubList done
Event: 66.916 Loading class java/util/AbstractList$SubList$1
Event: 66.916 Loading class java/util/AbstractList$SubList$1 done
Event: 67.092 Loading class java/nio/ShortBuffer
Event: 67.092 Loading class java/nio/ShortBuffer done
Event: 67.092 Loading class java/nio/HeapShortBuffer
Event: 67.092 Loading class java/nio/HeapShortBuffer done
Event: 69.215 Loading class java/util/IdentityHashMap$ValueIterator
Event: 69.215 Loading class java/util/IdentityHashMap$ValueIterator done
Event: 69.309 Loading class java/io/BufferedReader$1
Event: 69.310 Loading class java/io/BufferedReader$1 done
Event: 69.314 Loading class java/util/zip/ZipFile$ZipEntryIterator
Event: 69.314 Loading class java/util/zip/ZipFile$ZipEntryIterator done
Event: 69.317 Loading class java/io/PushbackInputStream
Event: 69.317 Loading class java/io/PushbackInputStream done

Classes unloaded (1 events):
Event: 69.862 Thread 0x00000122bf7a5a70 Unloading class 0x000000010138c400 'java/lang/invoke/LambdaForm$DMH+0x000000010138c400'

Classes redefined (0 events):
No events

Internal exceptions (20 events):
Event: 70.730 Thread 0x00000122cbd79850 Exception <a 'sun/nio/fs/WindowsException'{0x0000000095f61ff8}> (0x0000000095f61ff8) 
thrown [s\src\hotspot\share\prims\jni.cpp, line 537]
Event: 70.733 Thread 0x00000122cbd7eda0 Exception <a 'sun/nio/fs/WindowsException'{0x00000000963f1100}> (0x00000000963f1100) 
thrown [s\src\hotspot\share\prims\jni.cpp, line 537]
Event: 70.733 Thread 0x00000122cbd7eda0 Exception <a 'sun/nio/fs/WindowsException'{0x00000000963f12f8}> (0x00000000963f12f8) 
thrown [s\src\hotspot\share\prims\jni.cpp, line 537]
Event: 70.733 Thread 0x00000122cbd78b30 Exception <a 'sun/nio/fs/WindowsException'{0x0000000095ebaa80}> (0x0000000095ebaa80) 
thrown [s\src\hotspot\share\prims\jni.cpp, line 537]
Event: 70.735 Thread 0x00000122cbd76a60 Exception <a 'sun/nio/fs/WindowsException'{0x0000000095ff3680}> (0x0000000095ff3680) 
thrown [s\src\hotspot\share\prims\jni.cpp, line 537]
Event: 70.740 Thread 0x00000122cbd784a0 Exception <a 'sun/nio/fs/WindowsException'{0x0000000095a68c08}> (0x0000000095a68c08) 
thrown [s\src\hotspot\share\prims\jni.cpp, line 537]
Event: 70.758 Thread 0x00000122cbd7eda0 Exception <a 'sun/nio/fs/WindowsException'{0x00000000953f24f8}> (0x00000000953f24f8) 
thrown [s\src\hotspot\share\prims\jni.cpp, line 537]
Event: 70.758 Thread 0x00000122cbd75d40 Exception <a 'sun/nio/fs/WindowsException'{0x0000000095e5da00}> (0x0000000095e5da00) 
thrown [s\src\hotspot\share\prims\jni.cpp, line 537]
Event: 70.758 Thread 0x00000122cbd791c0 Exception <a 'sun/nio/fs/WindowsException'{0x00000000953dad08}> (0x00000000953dad08) 
thrown [s\src\hotspot\share\prims\jni.cpp, line 537]
Event: 70.760 Thread 0x00000122cbd79850 Exception <a 'sun/nio/fs/WindowsException'{0x0000000095240468}> (0x0000000095240468) 
thrown [s\src\hotspot\share\prims\jni.cpp, line 537]
Event: 70.775 Thread 0x00000122cbd7eda0 Exception <a 'sun/nio/fs/WindowsException'{0x00000000950ab7c8}> (0x00000000950ab7c8) 
thrown [s\src\hotspot\share\prims\jni.cpp, line 537]
Event: 70.776 Thread 0x00000122cbd7eda0 Exception <a 'sun/nio/fs/WindowsException'{0x00000000950ac688}> (0x00000000950ac688) 
thrown [s\src\hotspot\share\prims\jni.cpp, line 537]
Event: 70.776 Thread 0x00000122cbd7eda0 Exception <a 'sun/nio/fs/WindowsException'{0x00000000950ad7c8}> (0x00000000950ad7c8) 
thrown [s\src\hotspot\share\prims\jni.cpp, line 537]
Event: 70.776 Thread 0x00000122cbd7eda0 Exception <a 'sun/nio/fs/WindowsException'{0x00000000950aea30}> (0x00000000950aea30) 
thrown [s\src\hotspot\share\prims\jni.cpp, line 537]
Event: 70.784 Thread 0x00000122cbd7eda0 Exception <a 'sun/nio/fs/WindowsException'{0x00000000950b6ce0}> (0x00000000950b6ce0) 
thrown [s\src\hotspot\share\prims\jni.cpp, line 537]
Event: 70.798 Thread 0x00000122cbd7eda0 Exception <a 'sun/nio/fs/WindowsException'{0x00000000ffbad0c8}> (0x00000000ffbad0c8) 
thrown [s\src\hotspot\share\prims\jni.cpp, line 537]
Event: 70.801 Thread 0x00000122cbd77e10 Exception <a 'sun/nio/fs/WindowsException'{0x00000000ffb110f0}> (0x00000000ffb110f0) 
thrown [s\src\hotspot\share\prims\jni.cpp, line 537]
Event: 70.815 Thread 0x00000122cbd7eda0 Exception <a 'sun/nio/fs/WindowsException'{0x00000000ff1caf68}> (0x00000000ff1caf68) 
thrown [s\src\hotspot\share\prims\jni.cpp, line 537]
Event: 70.837 Thread 0x00000122c82aa870 Exception <a 'sun/nio/fs/WindowsException'{0x00000000feba4ca8}> (0x00000000feba4ca8) 
thrown [s\src\hotspot\share\prims\jni.cpp, line 537]
Event: 70.953 Thread 0x00000122c82aa870 Exception <a 'sun/nio/fs/WindowsException'{0x00000000a48d0ae0}> (0x00000000a48d0ae0) 
thrown [s\src\hotspot\share\prims\jni.cpp, line 537]

ZGC Phase Switch (0 events):
No events

VM Operations (20 events):
Event: 69.336 Executing VM operation: ICBufferFull
Event: 69.336 Executing VM operation: ICBufferFull done
Event: 69.360 Executing VM operation: HandshakeAllThreads (Deoptimize)
Event: 69.360 Executing VM operation: HandshakeAllThreads (Deoptimize) done
Event: 69.408 Executing VM operation: G1CollectForAllocation (G1 Evacuation Pause)
Event: 69.418 Executing VM operation: G1CollectForAllocation (G1 Evacuation Pause) done
Event: 69.546 Executing VM operation: HandshakeAllThreads (Deoptimize)
Event: 69.546 Executing VM operation: HandshakeAllThreads (Deoptimize) done
Event: 69.645 Executing VM operation: G1CollectForAllocation (G1 Evacuation Pause)
Event: 69.655 Executing VM operation: G1CollectForAllocation (G1 Evacuation Pause) done
Event: 69.860 Executing VM operation: G1PauseRemark
Event: 69.892 Executing VM operation: G1PauseRemark done
Event: 70.227 Executing VM operation: G1CollectForAllocation (G1 Evacuation Pause)
Event: 70.238 Executing VM operation: G1CollectForAllocation (G1 Evacuation Pause) done
Event: 70.252 Executing VM operation: G1PauseCleanup
Event: 70.253 Executing VM operation: G1PauseCleanup done
Event: 70.525 Executing VM operation: HandshakeAllThreads (Deoptimize)
Event: 70.526 Executing VM operation: HandshakeAllThreads (Deoptimize) done
Event: 70.784 Executing VM operation: G1CollectForAllocation (G1 Evacuation Pause)
Event: 70.798 Executing VM operation: G1CollectForAllocation (G1 Evacuation Pause) done

Memory protections (0 events):
No events

Nmethod flushes (20 events):
Event: 69.889 Thread 0x00000122bf7a5a70 flushing  nmethod 0x00000122ab7b4c90
Event: 69.889 Thread 0x00000122bf7a5a70 flushing  nmethod 0x00000122ab7b7b90
Event: 69.889 Thread 0x00000122bf7a5a70 flushing  nmethod 0x00000122ab849210
Event: 69.889 Thread 0x00000122bf7a5a70 flushing  nmethod 0x00000122ab852390
Event: 69.889 Thread 0x00000122bf7a5a70 flushing  nmethod 0x00000122ab979590
Event: 69.889 Thread 0x00000122bf7a5a70 flushing  nmethod 0x00000122ab9eb890
Event: 69.889 Thread 0x00000122bf7a5a70 flushing  nmethod 0x00000122ab9ee590
Event: 69.889 Thread 0x00000122bf7a5a70 flushing  nmethod 0x00000122ab9efb90
Event: 69.889 Thread 0x00000122bf7a5a70 flushing  nmethod 0x00000122abad9110
Event: 69.889 Thread 0x00000122bf7a5a70 flushing  nmethod 0x00000122abadaf10
Event: 69.889 Thread 0x00000122bf7a5a70 flushing  nmethod 0x00000122abb0ed90
Event: 69.889 Thread 0x00000122bf7a5a70 flushing  nmethod 0x00000122abb13890
Event: 69.889 Thread 0x00000122bf7a5a70 flushing  nmethod 0x00000122abb68b10
Event: 69.889 Thread 0x00000122bf7a5a70 flushing  nmethod 0x00000122ac055e90
Event: 69.889 Thread 0x00000122bf7a5a70 flushing  nmethod 0x00000122ac164b90
Event: 69.889 Thread 0x00000122bf7a5a70 flushing  nmethod 0x00000122ac512690
Event: 69.889 Thread 0x00000122bf7a5a70 flushing  nmethod 0x00000122ac512c10
Event: 69.889 Thread 0x00000122bf7a5a70 flushing  nmethod 0x00000122ac519410
Event: 69.889 Thread 0x00000122bf7a5a70 flushing  nmethod 0x00000122ac59fd10
Event: 69.889 Thread 0x00000122bf7a5a70 flushing  nmethod 0x00000122ac7be190

Events (20 events):
Event: 65.580 Thread 0x00000122c42f1710 Thread exited: 0x00000122c42f1710
Event: 65.740 Thread 0x00000122c42f3920 Thread exited: 0x00000122c42f3920
Event: 65.972 Thread 0x00000122bf7f26c0 Thread added: 0x00000122cac294d0
Event: 66.060 Thread 0x00000122bf7f26c0 Thread added: 0x00000122cac2a270
Event: 66.616 Thread 0x00000122cac2a270 Thread exited: 0x00000122cac2a270
Event: 66.823 Thread 0x00000122cac294d0 Thread exited: 0x00000122cac294d0
Event: 66.853 Thread 0x00000122d21a8450 Thread added: 0x00000122d21a5cf0
Event: 66.853 Thread 0x00000122d21a8450 Thread added: 0x00000122d21b0790
Event: 66.853 Thread 0x00000122d21a5cf0 Thread added: 0x00000122d21b14b0
Event: 66.854 Thread 0x00000122d21b0790 Thread added: 0x00000122d21ae030
Event: 66.854 Thread 0x00000122d21b14b0 Thread added: 0x00000122d21b1b40
Event: 66.854 Thread 0x00000122d21ae030 Thread added: 0x00000122d21aed50
Event: 66.855 Thread 0x00000122d21b1b40 Thread added: 0x00000122d21af3e0
Event: 66.855 Thread 0x00000122d21aed50 Thread added: 0x00000122d21afa70
Event: 66.855 Thread 0x00000122d21af3e0 Thread added: 0x00000122cbd807e0
Event: 66.855 Thread 0x00000122d21afa70 Thread added: 0x00000122cbd7ccd0
Event: 66.856 Thread 0x00000122cbd807e0 Thread added: 0x00000122cbd80e70
Event: 66.856 Thread 0x00000122cbd7ccd0 Thread added: 0x00000122cbd7e710
Event: 67.118 Thread 0x00000122bf815a10 Thread added: 0x00000122cac2a270
Event: 67.140 Thread 0x00000122bf7f26c0 Thread added: 0x00000122cac294d0


Dynamic libraries:
0x00007ff6287b0000 - 0x00007ff6287ba000 	C:\Program Files\Android\Android Studio\jbr\bin\java.exe
0x00007ffbea820000 - 0x00007ffbeaa87000 	C:\WINDOWS\SYSTEM32\ntdll.dll
0x00007ffbe9a80000 - 0x00007ffbe9b49000 	C:\WINDOWS\System32\KERNEL32.DLL
0x00007ffbe8100000 - 0x00007ffbe84f1000 	C:\WINDOWS\System32\KERNELBASE.dll
0x00007ffbe7fb0000 - 0x00007ffbe80fb000 	C:\WINDOWS\System32\ucrtbase.dll
0x00007ffbe4110000 - 0x00007ffbe412b000 	C:\Program Files\Android\Android Studio\jbr\bin\VCRUNTIME140.dll
0x00007ffbbd1c0000 - 0x00007ffbbd1d8000 	C:\Program Files\Android\Android Studio\jbr\bin\jli.dll
0x00007ffbea610000 - 0x00007ffbea7d5000 	C:\WINDOWS\System32\USER32.dll
0x00007ffbe7240000 - 0x00007ffbe7267000 	C:\WINDOWS\System32\win32u.dll
0x00007ffbe8d40000 - 0x00007ffbe8d6b000 	C:\WINDOWS\System32\GDI32.dll
0x00007ffbe7270000 - 0x00007ffbe739b000 	C:\WINDOWS\System32\gdi32full.dll
0x00007ffbe73a0000 - 0x00007ffbe7443000 	C:\WINDOWS\System32\msvcp_win.dll
0x00007ffbd1320000 - 0x00007ffbd15b3000 	C:\WINDOWS\WinSxS\amd64_microsoft.windows.common-controls_6595b64144ccf1df_6.0.26100.8037_none_3e092faae333b53b\COMCTL32.dll
0x00007ffbe85c0000 - 0x00007ffbe8669000 	C:\WINDOWS\System32\msvcrt.dll
0x00007ffbe9740000 - 0x00007ffbe9771000 	C:\WINDOWS\System32\IMM32.DLL
0x0000000065060000 - 0x000000006506d000 	C:\Program Files (x86)\360\Total Security\safemon\SafeWrapper.dll
0x00007ffbe9680000 - 0x00007ffbe973b000 	C:\WINDOWS\System32\ADVAPI32.dll
0x00007ffbe99d0000 - 0x00007ffbe9a77000 	C:\WINDOWS\System32\sechost.dll
0x00007ffbe9fa0000 - 0x00007ffbea0b8000 	C:\WINDOWS\System32\RPCRT4.dll
0x00007ffbde140000 - 0x00007ffbde245000 	C:\Program Files (x86)\360\Total Security\safemon\libzdtp64.dll
0x00007ffbe8d80000 - 0x00007ffbe94df000 	C:\WINDOWS\System32\SHELL32.dll
0x00007ffbe7e40000 - 0x00007ffbe7faa000 	C:\WINDOWS\System32\wintypes.dll
0x00007ffbe8670000 - 0x00007ffbe89f2000 	C:\WINDOWS\System32\combase.dll
0x00007ffbe8ab0000 - 0x00007ffbe8b17000 	C:\WINDOWS\System32\SHLWAPI.dll
0x00007ffbe7450000 - 0x00007ffbe7cb4000 	C:\WINDOWS\System32\Windows.Storage.dll
0x00007ffbe69e0000 - 0x00007ffbe69eb000 	C:\WINDOWS\SYSTEM32\VERSION.dll
0x00007ffbe4100000 - 0x00007ffbe410c000 	C:\Program Files\Android\Android Studio\jbr\bin\vcruntime140_1.dll
0x00007ffb7baa0000 - 0x00007ffb7bb2d000 	C:\Program Files\Android\Android Studio\jbr\bin\msvcp140.dll
0x00007ffb80ce0000 - 0x00007ffb81976000 	C:\Program Files\Android\Android Studio\jbr\bin\server\jvm.dll
0x00007ffbe94f0000 - 0x00007ffbe9564000 	C:\WINDOWS\System32\WS2_32.dll
0x00007ffbe6f80000 - 0x00007ffbe6fde000 	C:\WINDOWS\SYSTEM32\POWRPROF.dll
0x00007ffbda7b0000 - 0x00007ffbda7e5000 	C:\WINDOWS\SYSTEM32\WINMM.dll
0x00007ffbe6f60000 - 0x00007ffbe6f74000 	C:\WINDOWS\SYSTEM32\UMPDC.dll
0x00007ffbe5e20000 - 0x00007ffbe5e3b000 	C:\WINDOWS\SYSTEM32\kernel.appcore.dll
0x00007ffbdd870000 - 0x00007ffbdd87a000 	C:\Program Files\Android\Android Studio\jbr\bin\jimage.dll
0x00007ffbe4ed0000 - 0x00007ffbe5112000 	C:\WINDOWS\SYSTEM32\DBGHELP.DLL
0x00007ffbe8c60000 - 0x00007ffbe8d37000 	C:\WINDOWS\System32\OLEAUT32.dll
0x00007ffbbe0c0000 - 0x00007ffbbe0fb000 	C:\WINDOWS\SYSTEM32\dbgcore.DLL
0x00007ffbe7190000 - 0x00007ffbe7235000 	C:\WINDOWS\System32\bcryptPrimitives.dll
0x00007ffbe3fb0000 - 0x00007ffbe3fbe000 	C:\Program Files\Android\Android Studio\jbr\bin\instrument.dll
0x00007ffbdd7e0000 - 0x00007ffbdd800000 	C:\Program Files\Android\Android Studio\jbr\bin\java.dll
0x00007ffbdd7c0000 - 0x00007ffbdd7d8000 	C:\Program Files\Android\Android Studio\jbr\bin\zip.dll
0x00007ffbe8b40000 - 0x00007ffbe8c37000 	C:\WINDOWS\System32\SHCORE.dll
0x00007ffbe6ff0000 - 0x00007ffbe7019000 	C:\WINDOWS\SYSTEM32\profapi.dll
0x00007ffbdd7b0000 - 0x00007ffbdd7c0000 	C:\Program Files\Android\Android Studio\jbr\bin\net.dll
0x00007ffbde410000 - 0x00007ffbde537000 	C:\WINDOWS\SYSTEM32\WINHTTP.dll
0x00007ffbe6390000 - 0x00007ffbe63fb000 	C:\WINDOWS\system32\mswsock.dll
0x00007ffbdd790000 - 0x00007ffbdd7a6000 	C:\Program Files\Android\Android Studio\jbr\bin\nio.dll
0x00007ffbd3a30000 - 0x00007ffbd3a40000 	C:\Program Files\Android\Android Studio\jbr\bin\verify.dll
0x00007ffbb3090000 - 0x00007ffbb30b7000 	C:\Users\User\.gradle\native\1def1411415f61bf3af743bc5b6707747c0891f09f0c88961ee8f79bc544acac\windows-amd64\native-platform.dll
0x00007ffb7ba20000 - 0x00007ffb7ba98000 	C:\Users\User\.gradle\native\0.2.7\x86_64-windows-gnu\gradle-fileevents.dll
0x00007ffbda4e0000 - 0x00007ffbda4e9000 	C:\Program Files\Android\Android Studio\jbr\bin\management.dll
0x00007ffbd3de0000 - 0x00007ffbd3deb000 	C:\Program Files\Android\Android Studio\jbr\bin\management_ext.dll
0x00007ffbe8d70000 - 0x00007ffbe8d78000 	C:\WINDOWS\System32\PSAPI.DLL
0x00007ffbe57a0000 - 0x00007ffbe57d3000 	C:\WINDOWS\SYSTEM32\IPHLPAPI.DLL
0x00007ffbe9f90000 - 0x00007ffbe9f9a000 	C:\WINDOWS\System32\NSI.dll
0x00007ffbdd6a0000 - 0x00007ffbdd6a9000 	C:\Program Files\Android\Android Studio\jbr\bin\extnet.dll
0x00007ffbe6670000 - 0x00007ffbe668b000 	C:\WINDOWS\SYSTEM32\CRYPTSP.dll
0x00007ffbe5d80000 - 0x00007ffbe5db9000 	C:\WINDOWS\system32\rsaenh.dll
0x00007ffbe6440000 - 0x00007ffbe6472000 	C:\WINDOWS\SYSTEM32\USERENV.dll
0x00007ffbe7020000 - 0x00007ffbe704a000 	C:\WINDOWS\SYSTEM32\bcrypt.dll
0x00007ffbe6690000 - 0x00007ffbe669c000 	C:\WINDOWS\SYSTEM32\CRYPTBASE.dll
0x00007ffbcdcf0000 - 0x00007ffbcdcf8000 	C:\WINDOWS\system32\wshunix.dll
0x00007ffb1de10000 - 0x00007ffb1de28000 	C:\WINDOWS\system32\napinsp.dll
0x00007ffbe5920000 - 0x00007ffbe5a4a000 	C:\WINDOWS\SYSTEM32\DNSAPI.dll
0x00007ffb1dbc0000 - 0x00007ffb1dbd2000 	C:\WINDOWS\System32\winrnr.dll
0x00007ffbcfd20000 - 0x00007ffbcfd42000 	C:\WINDOWS\system32\nlansp_c.dll
0x00007ffbbb4e0000 - 0x00007ffbbb4f6000 	C:\WINDOWS\system32\wshbth.dll
0x00007ffbde300000 - 0x00007ffbde30b000 	C:\Windows\System32\rasadhlp.dll
0x00007ffbe0f70000 - 0x00007ffbe0ff6000 	C:\WINDOWS\System32\fwpuclnt.dll
0x00007ffbe5f40000 - 0x00007ffbe5f76000 	C:\WINDOWS\SYSTEM32\ntmarta.dll

JVMTI agents:
C:\Users\User\.gradle\wrapper\dists\gradle-8.13-bin\5xuhj0ry160q40clulazy9h7d\gradle-8.13\lib\agents\gradle-instrumentation-agent-8.13.jar path:C:\Program Files\Android\Android Studio\jbr\bin\instrument.dll, loaded, initialized, instrumentlib options:none

dbghelp: loaded successfully - version: 4.0.5 - missing functions: none
symbol engine: initialized successfully - sym options: 0x614 - pdb path: .;C:\Program Files\Android\Android Studio\jbr\bin;C:\WINDOWS\SYSTEM32;C:\WINDOWS\WinSxS\amd64_microsoft.windows.common-controls_6595b64144ccf1df_6.0.26100.8037_none_3e092faae333b53b;C:\Program Files (x86)\360\Total Security\safemon;C:\Program Files\Android\Android Studio\jbr\bin\server;C:\Users\User\.gradle\native\1def1411415f61bf3af743bc5b6707747c0891f09f0c88961ee8f79bc544acac\windows-amd64;C:\Users\User\.gradle\native\0.2.7\x86_64-windows-gnu

VM Arguments:
jvm_args: --add-opens=java.base/java.lang=ALL-UNNAMED --add-opens=java.base/java.lang.invoke=ALL-UNNAMED --add-opens=java.base/java.util=ALL-UNNAMED --add-opens=java.prefs/java.util.prefs=ALL-UNNAMED --add-exports=jdk.compiler/com.sun.tools.javac.api=ALL-UNNAMED --add-exports=jdk.compiler/com.sun.tools.javac.util=ALL-UNNAMED --add-opens=java.base/java.util=ALL-UNNAMED --add-opens=java.prefs/java.util.prefs=ALL-UNNAMED --add-opens=java.base/java.nio.charset=ALL-UNNAMED --add-opens=java.base/java.net=ALL-UNNAMED --add-opens=java.base/java.util.concurrent.atomic=ALL-UNNAMED --add-opens=java.xml/javax.xml.namespace=ALL-UNNAMED -Xmx2048m -Dfile.encoding=UTF-8 -Duser.country=RU -Duser.language=ru -Duser.variant -javaagent:C:\Users\User\.gradle\wrapper\dists\gradle-8.13-bin\5xuhj0ry160q40clulazy9h7d\gradle-8.13\lib\agents\gradle-instrumentation-agent-8.13.jar 
java_command: org.gradle.launcher.daemon.bootstrap.GradleDaemon 8.13
java_class_path (initial): C:\Users\User\.gradle\wrapper\dists\gradle-8.13-bin\5xuhj0ry160q40clulazy9h7d\gradle-8.13\lib\gradle-daemon-main-8.13.jar
Launcher Type: SUN_STANDARD

[Global flags]
     intx CICompilerCount                          = 4                                         {product} {ergonomic}
     uint ConcGCThreads                            = 3                                         {product} {ergonomic}
     uint G1ConcRefinementThreads                  = 10                                        {product} {ergonomic}
   size_t G1HeapRegionSize                         = 1048576                                   {product} {ergonomic}
    uintx GCDrainStackTargetSize                   = 64                                        {product} {ergonomic}
   size_t InitialHeapSize                          = 197132288                                 {product} {ergonomic}
   size_t MarkStackSize                            = 4194304                                   {product} {ergonomic}
   size_t MaxHeapSize                              = 2147483648                                {product} {command line}
   size_t MaxNewSize                               = 1287651328                                {product} {ergonomic}
   size_t MinHeapDeltaBytes                        = 1048576                                   {product} {ergonomic}
   size_t MinHeapSize                              = 8388608                                   {product} {ergonomic}
    uintx NonNMethodCodeHeapSize                   = 5839372                                {pd product} {ergonomic}
    uintx NonProfiledCodeHeapSize                  = 122909434                              {pd product} {ergonomic}
    uintx ProfiledCodeHeapSize                     = 122909434                              {pd product} {ergonomic}
    uintx ReservedCodeCacheSize                    = 251658240                              {pd product} {ergonomic}
     bool SegmentedCodeCache                       = true                                      {product} {ergonomic}
   size_t SoftMaxHeapSize                          = 2147483648                             {manageable} {ergonomic}
     bool UseCompressedOops                        = true                           {product lp64_product} {ergonomic}
     bool UseG1GC                                  = true                                      {product} {ergonomic}
     bool UseLargePagesIndividualAllocation        = false                                  {pd product} {ergonomic}

Logging:
Log output configuration:
 #0: stdout all=warning uptime,level,tags foldmultilines=false
 #1: stderr all=off uptime,level,tags foldmultilines=false

Release file:
JAVA_VERSION="21.0.9" 
MODULES="java.base java.compiler java.datatransfer java.xml java.prefs java.desktop java.instrument java.logging java.management java.security.sasl java.naming java.rmi java.management.rmi java.net.http java.scripting java.security.jgss java.transaction.xa java.sql java.sql.rowset java.xml.crypto java.se java.smartcardio jdk.accessibility jdk.internal.jvmstat jdk.attach jdk.charsets jdk.internal.opt jdk.zipfs jdk.compiler jdk.crypto.ec jdk.crypto.cryptoki jdk.dynalink jdk.hotspot.agent jdk.httpserver jdk.internal.ed jdk.internal.le jdk.internal.vm.ci jdk.jartool jdk.javadoc jdk.jcmd jdk.jdeps jdk.jdwp.agent jdk.jdi jdk.jfr jdk.jlink jdk.jsobject jdk.localedata jdk.management jdk.management.agent jdk.management.jfr jdk.naming.dns jdk.naming.rmi jdk.net jdk.sctp jdk.security.auth jdk.security.jgss jdk.unsupported jdk.unsupported.desktop jdk.xml.dom" 
IMPLEMENTOR="JetBrains s.r.o." 
JAVA_RUNTIME_VERSION="21.0.9+-14787801-b1163.94" 
LIBC="default" 
OS_ARCH="x86_64" 
OS_NAME="Windows" 
SOURCE=".:git:0c757ddc9f2f" 

Environment Variables:
PATH=C:\Program Files\Common Files\Oracle\Java\javapath;C:\Program Files (x86)\Common Files\Oracle\Java\javapath;C:\WINDOWS\system32;C:\WINDOWS;C:\WINDOWS\System32\Wbem;C:\WINDOWS\System32\WindowsPowerShell\v1.0\;C:\WINDOWS\System32\OpenSSH\;C:\JupyterLab;C:\Program Files\nodejs\;C:\Program Files\dotnet\;C:\Program Files\Git\cmd;C:\Users\User\AppData\Local\Programs\Python\Python313\Scripts\;C:\Users\User\AppData\Local\Programs\Python\Python313\;C:\Users\User\AppData\Local\Programs\Python\Launcher\;C:\Users\User\AppData\Local\Microsoft\WindowsApps;C:\Users\User\AppData\Local\Programs\Microsoft VS Code\bin;C:\Program Files\JetBrains\PyCharm 2025.2.3\bin;C:\Users\User\AppData\Local\Programs\MiKTeX\miktex\bin\x64\;C:\Program Files\JetBrains\WebStorm 2025.1.3\bin;;C:\Users\User\AppData\Roaming\npm;C:\Program Files\JetBrains\IntelliJ IDEA Community Edition 2025.2.1\bin;C:\Users\User\.lmstudio\bin
USERNAME=User
OS=Windows_NT
PROCESSOR_IDENTIFIER=Intel64 Family 6 Model 186 Stepping 3, GenuineIntel
TMP=C:\Users\User\AppData\Local\Temp
TEMP=C:\Users\User\AppData\Local\Temp




Periodic native trim disabled

JNI global refs:
JNI global refs: 32, weak refs: 20

JNI global refs memory usage: 835, weak refs: 833

Process memory usage:
Resident Set Size: 965260K (7% of 12199064K total physical memory with 1182380K free physical memory)

OOME stack traces (most recent first):
Classloader memory used:
Loader org.gradle.internal.classloader.VisitableURLClassLoader$InstrumentingVisitableURLClassLoader: 51837K
Loader org.gradle.internal.classloader.VisitableURLClassLoader                         : 46309K
Loader bootstrap                                                                       : 31970K
Loader org.gradle.initialization.MixInLegacyTypesClassLoader                           : 13388K
Loader jdk.internal.loader.ClassLoaders$PlatformClassLoader                            : 557K
Loader jdk.internal.reflect.DelegatingClassLoader                                      : 541K
Loader jdk.internal.loader.ClassLoaders$AppClassLoader                                 : 235K
Loader org.gradle.internal.classloader.VisitableURLClassLoader                         : 223K
Loader org.gradle.groovy.scripts.internal.DefaultScriptCompilationHandler$ScriptClassLoader: 138K
Loader org.codehaus.groovy.runtime.callsite.CallSiteClassLoader                        : 27624B
Loader sun.reflect.misc.MethodUtil                                                     : 2984B

Classes loaded by more than one classloader:
Class Program                                                                         : loaded 5 times (x 72B)
Class Build_gradle                                                                    : loaded 3 times (x 130B)
Class Build_gradle$1                                                                  : loaded 3 times (x 74B)
Class com.google.common.collect.RegularImmutableMap$KeySet                            : loaded 2 times (x 152B)
Class org.gradle.internal.classloader.FilteringClassLoader                            : loaded 2 times (x 105B)
Class com.google.common.cache.LocalCache$ValueIterator                                : loaded 2 times (x 86B)
Class [Lcom.google.common.collect.MapMakerInternalMap$Segment;                        : loaded 2 times (x 69B)
Class com.google.common.io.FileWriteMode                                              : loaded 2 times (x 79B)
Class [Lcom.google.common.base.AbstractIterator$State;                                : loaded 2 times (x 69B)
Class com.google.common.base.CharMatcher$IsEither                                     : loaded 2 times (x 111B)
Class org.gradle.internal.classloader.ClassLoaderHierarchy                            : loaded 2 times (x 70B)
Class com.google.common.collect.AbstractMapBasedMultimap$WrappedCollection            : loaded 2 times (x 124B)
Class com.google.common.collect.ImmutableEnumSet                                      : loaded 2 times (x 146B)
Class com.google.common.util.concurrent.ExecutionError                                : loaded 2 times (x 82B)
Class com.google.common.collect.ImmutableList$1                                       : loaded 2 times (x 97B)
Class org.gradle.api.internal.classpath.ManifestUtil                                  : loaded 2 times (x 71B)
Class com.google.common.collect.RegularImmutableMap                                   : loaded 2 times (x 121B)
Class com.google.common.collect.ImmutableMap$MapViewOfValuesAsSingletonSets           : loaded 2 times (x 126B)
Class com.google.common.cache.LocalCache$Values                                       : loaded 2 times (x 118B)
Class com.google.common.collect.TransformedListIterator                               : loaded 2 times (x 93B)
Class com.google.common.reflect.TypeCapture                                           : loaded 2 times (x 71B)
Class [Lorg.objectweb.asm.Symbol;                                                     : loaded 2 times (x 69B)
Class org.objectweb.asm.ClassVisitor                                                  : loaded 2 times (x 88B)
Class com.google.common.collect.UnmodifiableListIterator                              : loaded 2 times (x 95B)
Class com.google.common.collect.MapMakerInternalMap$StrongKeyDummyValueEntry$LinkedStrongKeyDummyValueEntry: loaded 2 times (x 82B)
Class com.google.common.collect.MapMakerInternalMap$Strength                          : loaded 2 times (x 80B)
Class com.google.common.base.Platform$JdkPatternCompiler                              : loaded 2 times (x 75B)
Class org.objectweb.asm.MethodTooLargeException                                       : loaded 2 times (x 83B)
Class [Lcom.google.common.cache.CacheBuilder$OneWeigher;                              : loaded 2 times (x 69B)
Class com.google.common.base.Suppliers                                                : loaded 2 times (x 71B)
Class org.gradle.internal.classloader.DefaultClassLoaderFactory                       : loaded 2 times (x 82B)
Class [Lcom.google.common.collect.AbstractIterator$State;                             : loaded 2 times (x 69B)
Class org.apache.commons.io.file.PathUtils                                            : loaded 2 times (x 71B)
Class com.google.common.base.CharMatcher$None                                         : loaded 2 times (x 112B)
Class org.gradle.internal.classloader.ClassLoaderVisitor                              : loaded 2 times (x 76B)
Class [Lcom.google.common.collect.ImmutableMapEntry;                                  : loaded 2 times (x 69B)
Class org.gradle.api.internal.classpath.EffectiveClassPath                            : loaded 2 times (x 90B)
Class [Lorg.apache.commons.io.StandardLineSeparator;                                  : loaded 2 times (x 69B)
Class org.apache.commons.io.output.StringBuilderWriter                                : loaded 2 times (x 100B)
Class com.google.common.collect.ImmutableRangeSet                                     : loaded 2 times (x 115B)
Class com.google.common.collect.ListMultimap                                          : loaded 2 times (x 70B)
Class com.google.common.collect.ImmutableEnumMap                                      : loaded 2 times (x 126B)
Class com.google.common.collect.Iterators$EmptyModifiableIterator                     : loaded 2 times (x 86B)
Class com.google.common.base.Splitter                                                 : loaded 2 times (x 72B)
Class com.google.common.collect.Sets$1                                                : loaded 2 times (x 139B)
Class org.objectweb.asm.AnnotationVisitor                                             : loaded 2 times (x 78B)
Class org.gradle.api.internal.DefaultClassPathProvider                                : loaded 2 times (x 76B)
Class com.google.common.collect.MapMakerInternalMap$Strength$1                        : loaded 2 times (x 80B)
Class com.google.common.collect.Maps$ViewCachingAbstractMap                           : loaded 2 times (x 125B)
Class com.google.common.collect.Sets$2                                                : loaded 2 times (x 139B)
Class [Lorg.gradle.api.internal.ClassPathProvider;                                    : loaded 2 times (x 69B)
Class org.gradle.api.internal.ClassPathProvider                                       : loaded 2 times (x 70B)
Class com.google.common.collect.MapMakerInternalMap$Strength$2                        : loaded 2 times (x 80B)
Class com.google.common.base.AbstractIterator$State                                   : loaded 2 times (x 79B)
Class com.google.common.reflect.Types$ClassOwnership$1                                : loaded 2 times (x 80B)
Class [Lorg.objectweb.asm.AnnotationVisitor;                                          : loaded 2 times (x 69B)
Class com.google.common.collect.Sets$3                                                : loaded 2 times (x 139B)
Class com.google.common.util.concurrent.AbstractFuture$SafeAtomicHelper               : loaded 2 times (x 79B)
Class com.google.common.cache.LocalCache$LocalLoadingCache                            : loaded 2 times (x 134B)
Class org.gradle.internal.service.UnknownServiceException                             : loaded 2 times (x 83B)
Class com.google.common.collect.MapMakerInternalMap$StrongValueEntry                  : loaded 2 times (x 70B)
Class com.google.common.reflect.Types$ClassOwnership$2                                : loaded 2 times (x 80B)
Class com.google.common.reflect.TypeResolver                                          : loaded 2 times (x 72B)
Class com.google.common.collect.Sets$4                                                : loaded 2 times (x 139B)
Class org.objectweb.asm.ModuleVisitor                                                 : loaded 2 times (x 81B)
Class com.google.common.cache.LocalCache$Strength$1                                   : loaded 2 times (x 81B)
Class org.apache.commons.io.output.QueueOutputStream                                  : loaded 2 times (x 87B)
Class com.google.common.reflect.Types$ClassOwnership$3                                : loaded 2 times (x 71B)
Class com.google.common.util.concurrent.SettableFuture                                : loaded 2 times (x 114B)
Class com.google.common.cache.LocalCache$Strength$2                                   : loaded 2 times (x 81B)
Class com.google.common.collect.Interners$InternerImpl                                : loaded 2 times (x 75B)
Class com.google.common.collect.Interner                                              : loaded 2 times (x 70B)
Class com.google.common.collect.TransformedIterator                                   : loaded 2 times (x 80B)
Class com.google.common.base.Splitter$1                                               : loaded 2 times (x 77B)
Class com.google.common.cache.LocalCache$Strength$3                                   : loaded 2 times (x 81B)
Class com.google.common.collect.MapDifference                                         : loaded 2 times (x 70B)
Class com.google.common.collect.MapMaker$Dummy                                        : loaded 2 times (x 79B)
Class com.google.common.reflect.Invokable                                             : loaded 2 times (x 103B)
Class org.objectweb.asm.FieldWriter                                                   : loaded 2 times (x 78B)
Class com.google.common.cache.CacheBuilder$NullListener                               : loaded 2 times (x 82B)
Class org.gradle.internal.classpath.TransformedClassPath                              : loaded 2 times (x 96B)
Class org.gradle.internal.classloader.InstrumentingClassLoader                        : loaded 2 times (x 70B)
Class org.apache.commons.io.output.UnsynchronizedByteArrayOutputStream                : loaded 2 times (x 102B)
Class com.google.common.collect.ImmutableListMultimap                                 : loaded 2 times (x 176B)
Class com.google.common.collect.ImmutableRangeSet$AsSet                               : loaded 2 times (x 300B)
Class com.google.common.reflect.Types$ParameterizedTypeImpl                           : loaded 2 times (x 81B)
Class com.google.common.cache.CacheLoader$FunctionToCacheLoader                       : loaded 2 times (x 75B)
Class com.google.common.collect.Iterators$ArrayItr                                    : loaded 2 times (x 97B)
Class com.google.common.collect.ImmutableCollection$Builder                           : loaded 2 times (x 76B)
Class org.apache.commons.io.output.ByteArrayOutputStream                              : loaded 2 times (x 102B)
Class com.google.common.collect.EmptyImmutableListMultimap                            : loaded 2 times (x 176B)
Class com.google.common.collect.BaseImmutableMultimap                                 : loaded 2 times (x 123B)
Class com.google.common.reflect.TypeResolver$TypeVariableKey                          : loaded 2 times (x 72B)
Class com.google.common.base.Joiner                                                   : loaded 2 times (x 79B)
Class com.google.common.base.MoreObjects                                              : loaded 2 times (x 71B)
Class com.google.common.collect.Platform                                              : loaded 2 times (x 71B)
Class [Lorg.objectweb.asm.Type;                                                       : loaded 2 times (x 69B)
Class com.google.common.collect.UnmodifiableIterator                                  : loaded 2 times (x 80B)
Class org.gradle.internal.service.ServiceLocator                                      : loaded 2 times (x 70B)
Class org.apache.commons.io.FileExistsException                                       : loaded 2 times (x 82B)
Class com.google.common.base.Ascii                                                    : loaded 2 times (x 71B)
Class com.google.common.cache.LocalCache$1                                            : loaded 2 times (x 89B)
Class com.google.common.collect.SingletonImmutableBiMap                               : loaded 2 times (x 143B)
Class com.google.common.collect.AbstractMapEntry                                      : loaded 2 times (x 81B)
Class com.google.common.collect.MapMakerInternalMap$AbstractStrongKeyEntry            : loaded 2 times (x 80B)
Class com.google.common.reflect.TypeToken$SimpleTypeToken                             : loaded 2 times (x 73B)
Class com.google.common.collect.Sets$ImprovedAbstractSet                              : loaded 2 times (x 135B)
Class com.google.common.collect.ImmutableList$Builder                                 : loaded 2 times (x 77B)
Class com.google.common.collect.AbstractMultimap                                      : loaded 2 times (x 123B)
Class com.google.common.cache.LocalCache$2                                            : loaded 2 times (x 142B)
Class com.google.common.collect.ImmutableRangeSet$1                                   : loaded 2 times (x 210B)
Class com.google.common.util.concurrent.AbstractFuture$UnsafeAtomicHelper$1           : loaded 2 times (x 76B)
Class com.google.common.collect.RegularImmutableAsList                                : loaded 2 times (x 217B)
Class com.google.common.base.Optional                                                 : loaded 2 times (x 80B)
Class com.google.common.collect.Range                                                 : loaded 2 times (x 87B)
Class com.google.common.util.concurrent.AbstractFuture$Trusted                        : loaded 2 times (x 70B)
Class com.google.common.collect.Iterators                                             : loaded 2 times (x 71B)
Class com.google.common.io.ByteSink$AsCharSink                                        : loaded 2 times (x 80B)
Class com.google.common.collect.Lists$StringAsImmutableList                           : loaded 2 times (x 207B)
Class com.google.common.util.concurrent.UncheckedExecutionException                   : loaded 2 times (x 82B)
Class org.gradle.kotlin.dsl.VersionCatalogAccessorsKt                                 : loaded 2 times (x 71B)
Class org.gradle.internal.InternalTransformer                                         : loaded 2 times (x 70B)
Class com.google.common.collect.AbstractMapBasedMultimap$KeySet$1                     : loaded 2 times (x 82B)
Class org.objectweb.asm.ClassWriter                                                   : loaded 2 times (x 106B)
Class com.google.common.cache.CacheLoader$UnsupportedLoadingOperationException        : loaded 2 times (x 82B)
Class com.google.common.base.CharMatcher$And                                          : loaded 2 times (x 112B)
Class org.gradle.internal.classloader.ClasspathUtil$1                                 : loaded 2 times (x 76B)
Class com.google.common.collect.FluentIterable$1                                      : loaded 2 times (x 81B)
Class com.google.common.base.Objects                                                  : loaded 2 times (x 71B)
Class org.objectweb.asm.FieldVisitor                                                  : loaded 2 times (x 77B)
Class com.google.common.collect.IndexedImmutableSet                                   : loaded 2 times (x 152B)
Class com.google.common.collect.ImmutableMap$1                                        : loaded 2 times (x 81B)
Class com.google.common.collect.BiMap                                                 : loaded 2 times (x 70B)
Class org.gradle.api.internal.classpath.DefaultModuleRegistry$DefaultModule           : loaded 2 times (x 86B)
Class com.google.common.base.Absent                                                   : loaded 2 times (x 80B)
Class com.google.common.collect.FluentIterable$2                                      : loaded 2 times (x 81B)
Class com.google.common.reflect.Reflection                                            : loaded 2 times (x 71B)
Class com.google.common.base.Equivalence$Identity                                     : loaded 2 times (x 82B)
Class com.google.common.collect.AbstractIterator                                      : loaded 2 times (x 82B)
Class com.google.common.collect.FluentIterable$3                                      : loaded 2 times (x 81B)
Class com.google.common.collect.ObjectArrays                                          : loaded 2 times (x 71B)
Class com.google.common.collect.Multiset                                              : loaded 2 times (x 70B)
Class com.google.common.collect.ArrayListMultimapGwtSerializationDependencies         : loaded 2 times (x 172B)
Class com.google.common.collect.AbstractIndexedListIterator                           : loaded 2 times (x 96B)
Class com.google.common.math.MathPreconditions                                        : loaded 2 times (x 71B)
Class org.apache.commons.io.output.NullOutputStream                                   : loaded 2 times (x 85B)
Class com.google.common.collect.ImmutableMapEntrySet                                  : loaded 2 times (x 152B)
Class org.gradle.api.internal.classpath.Module                                        : loaded 2 times (x 70B)
Class com.google.common.cache.Weigher                                                 : loaded 2 times (x 70B)
Class org.gradle.api.internal.classpath.UnknownModuleException                        : loaded 2 times (x 82B)
Class com.google.common.base.Stopwatch                                                : loaded 2 times (x 72B)
Class com.google.common.cache.LocalCache$Strength                                     : loaded 2 times (x 81B)
Class com.google.common.cache.Cache                                                   : loaded 2 times (x 70B)
Class org.apache.commons.io.filefilter.IOFileFilter                                   : loaded 2 times (x 70B)
Class com.google.common.io.AppendableWriter                                           : loaded 2 times (x 100B)
Class com.google.common.io.Files$2                                                    : loaded 2 times (x 76B)
Class com.google.common.base.NullnessCasts                                            : loaded 2 times (x 71B)
Class com.google.common.util.concurrent.AbstractFuture$Cancellation                   : loaded 2 times (x 72B)
Class com.google.common.collect.ImmutableMap$Builder                                  : loaded 2 times (x 82B)
Class com.google.common.base.Present                                                  : loaded 2 times (x 81B)
Class com.google.common.collect.AbstractMapBasedMultimap$WrappedCollection$WrappedIterator: loaded 2 times (x 84B)
Class com.google.common.cache.RemovalListener                                         : loaded 2 times (x 70B)
Class org.gradle.api.internal.DefaultClassPathRegistry                                : loaded 2 times (x 76B)
Class org.apache.commons.io.file.DeleteOption                                         : loaded 2 times (x 70B)
Class com.google.common.collect.ImmutableMultimap$Keys                                : loaded 2 times (x 166B)
Class com.google.common.reflect.Invokable$ConstructorInvokable                        : loaded 2 times (x 107B)
Class com.google.common.primitives.IntsMethodsForWeb                                  : loaded 2 times (x 71B)
Class com.google.common.collect.Multimap                                              : loaded 2 times (x 70B)
Class org.gradle.api.internal.ClassPathRegistry                                       : loaded 2 times (x 70B)
Class org.gradle.internal.classpath.DefaultClassPath$ImmutableUniqueList              : loaded 2 times (x 199B)
Class com.google.common.collect.NullnessCasts                                         : loaded 2 times (x 71B)
Class org.apache.commons.io.IOUtils                                                   : loaded 2 times (x 71B)
Class com.google.common.collect.MapMakerInternalMap$Segment                           : loaded 2 times (x 142B)
Class com.google.common.base.ExtraObjectsMethodsForWeb                                : loaded 2 times (x 71B)
Class com.google.common.reflect.TypeToken                                             : loaded 2 times (x 73B)
Class com.google.common.base.PairwiseEquivalence                                      : loaded 2 times (x 83B)
Class com.google.common.io.ByteSink                                                   : loaded 2 times (x 76B)
Class com.google.common.cache.CacheBuilder                                            : loaded 2 times (x 72B)
Class com.google.common.collect.SingletonImmutableList                                : loaded 2 times (x 207B)
Class Settings_gradle$1                                                               : loaded 2 times (x 74B)
Class org.gradle.internal.classpath.ClassPath                                         : loaded 2 times (x 70B)
Class org.gradle.api.UncheckedIOException                                             : loaded 2 times (x 82B)
Class com.google.common.collect.Interners$InternerBuilder                             : loaded 2 times (x 76B)
Class com.google.common.io.Files$FileByteSource                                       : loaded 2 times (x 85B)
Class [Lcom.google.common.reflect.Types$JavaVersion;                                  : loaded 2 times (x 69B)
Class com.google.common.base.JdkPattern                                               : loaded 2 times (x 75B)
Class com.google.common.collect.ImmutableList$ReverseImmutableList                    : loaded 2 times (x 209B)
Class com.google.common.io.CharStreams$NullWriter                                     : loaded 2 times (x 99B)
Class org.objectweb.asm.SymbolTable$Entry                                             : loaded 2 times (x 74B)
Class com.google.common.util.concurrent.AbstractFuture$AtomicHelper                   : loaded 2 times (x 78B)
Class org.objectweb.asm.Edge                                                          : loaded 2 times (x 72B)
Class com.google.common.base.Suppliers$SupplierOfInstance                             : loaded 2 times (x 79B)
Class com.google.common.collect.Iterators$1                                           : loaded 2 times (x 81B)
Class com.google.common.reflect.TypeToken$1                                           : loaded 2 times (x 110B)
Class com.google.common.cache.LocalCache$ComputingValueReference                      : loaded 2 times (x 96B)
Class com.google.common.collect.SingletonImmutableSet                                 : loaded 2 times (x 146B)
Class com.google.common.collect.ImmutableMap$IteratorBasedImmutableMap                : loaded 2 times (x 126B)
Class com.google.common.reflect.TypeToken$2                                           : loaded 2 times (x 110B)
Class com.google.common.cache.LocalCache$Segment                                      : loaded 2 times (x 154B)
Class ijKotlinCoroutineJvmDebugInit1_dofq3drr9aihm4earzh7ldbbw                        : loaded 2 times (x 179B)
Class com.google.common.collect.SortedIterable                                        : loaded 2 times (x 70B)
Class com.google.common.collect.AbstractListMultimap                                  : loaded 2 times (x 172B)
Class [Lorg.objectweb.asm.SymbolTable$Entry;                                          : loaded 2 times (x 69B)
Class com.google.common.cache.CacheLoader                                             : loaded 2 times (x 74B)
Class com.google.common.collect.Iterators$4                                           : loaded 2 times (x 82B)
Class com.google.common.collect.ImmutableBiMap                                        : loaded 2 times (x 143B)
Class org.gradle.internal.installation.GradleInstallation$1                           : loaded 2 times (x 75B)
Class org.gradle.api.internal.classpath.ModuleRegistry                                : loaded 2 times (x 70B)
Class org.apache.commons.io.output.NullWriter                                         : loaded 2 times (x 99B)
Class com.google.common.base.Splitter$SplittingIterator                               : loaded 2 times (x 84B)
Class com.google.common.util.concurrent.internal.InternalFutureFailureAccess          : loaded 2 times (x 72B)
Class com.google.common.collect.Iterators$5                                           : loaded 2 times (x 82B)
Class com.google.common.collect.ImmutableSet$JdkBackedSetBuilderImpl                  : loaded 2 times (x 76B)
Class com.google.common.collect.ImmutableMultimap$Values                              : loaded 2 times (x 126B)
Class com.google.common.util.concurrent.AbstractFuture$UnsafeAtomicHelper             : loaded 2 times (x 78B)
Class com.google.common.cache.LocalCache$LocalManualCache$1                           : loaded 2 times (x 75B)
Class com.google.common.base.CharMatcher$ForPredicate                                 : loaded 2 times (x 112B)
Class com.google.common.base.CharMatcher$AnyOf                                        : loaded 2 times (x 112B)
Class com.google.common.collect.ImmutableCollection                                   : loaded 2 times (x 125B)
Class org.gradle.api.internal.classpath.DefaultModuleRegistry                         : loaded 2 times (x 86B)
Class com.google.common.collect.Lists                                                 : loaded 2 times (x 71B)
Class com.google.common.util.concurrent.ListenableFuture                              : loaded 2 times (x 70B)
Class com.google.common.cache.ReferenceEntry                                          : loaded 2 times (x 70B)
Class com.google.common.base.Converter                                                : loaded 2 times (x 90B)
Class com.google.common.collect.ImmutableSet$CachingAsList                            : loaded 2 times (x 148B)
Class com.google.common.collect.AbstractMapBasedMultimap                              : loaded 2 times (x 139B)
Class com.google.common.util.concurrent.AbstractFuture                                : loaded 2 times (x 106B)
Class com.google.common.base.FunctionalEquivalence                                    : loaded 2 times (x 83B)
Class com.google.common.collect.Iterators$9                                           : loaded 2 times (x 81B)
Class com.google.common.collect.ImmutableAsList                                       : loaded 2 times (x 209B)
Class com.google.common.io.CharStreams                                                : loaded 2 times (x 71B)
Class com.google.common.collect.ImmutableMultiset                                     : loaded 2 times (x 163B)
Class com.google.common.reflect.TypeResolver$TypeTable                                : loaded 2 times (x 73B)
Class org.objectweb.asm.RecordComponentVisitor                                        : loaded 2 times (x 77B)
Class com.google.common.cache.CacheLoader$SupplierToCacheLoader                       : loaded 2 times (x 75B)
Class com.google.common.reflect.TypeResolver$TypeTable$1                              : loaded 2 times (x 73B)
Class com.google.common.collect.Maps$EntryTransformer                                 : loaded 2 times (x 70B)
Class org.gradle.internal.service.ServiceLookupException                              : loaded 2 times (x 82B)
Class com.google.common.base.CharMatcher$JavaLetter                                   : loaded 2 times (x 111B)
Class com.google.common.collect.ImmutableSortedSet                                    : loaded 2 times (x 300B)
Class [Lcom.google.common.cache.LocalCache$EntryFactory;                              : loaded 2 times (x 69B)
Class org.gradle.internal.classloader.ClassLoaderFactory                              : loaded 2 times (x 70B)
Class org.apache.commons.io.CloseableURLConnection                                    : loaded 2 times (x 116B)
Class com.google.common.collect.ImmutableMap$SerializedForm                           : loaded 2 times (x 73B)
Class com.google.common.base.CommonPattern                                            : loaded 2 times (x 74B)
Class com.google.common.cache.LocalCache$LocalManualCache                             : loaded 2 times (x 99B)
Class com.google.common.base.CharMatcher$IsNot                                        : loaded 2 times (x 111B)
Class org.gradle.internal.service.CachingServiceLocator                               : loaded 2 times (x 82B)
Class com.google.common.collect.RegularImmutableSortedSet                             : loaded 2 times (x 300B)
Class com.google.common.collect.AbstractMapBasedMultimap$KeySet                       : loaded 2 times (x 137B)
Class com.google.common.math.IntMath                                                  : loaded 2 times (x 71B)
Class com.google.common.collect.MapMakerInternalMap$InternalEntry                     : loaded 2 times (x 70B)
Class com.google.common.reflect.Types$TypeVariableInvocationHandler                   : loaded 2 times (x 75B)
Class com.google.common.collect.ImmutableMapEntry                                     : loaded 2 times (x 85B)
Class com.google.common.collect.ImmutableMultimap                                     : loaded 2 times (x 147B)
Class com.google.common.base.Equivalence                                              : loaded 2 times (x 82B)
Class com.google.common.base.Function                                                 : loaded 2 times (x 70B)
Class com.google.common.collect.ImmutableMapEntry$NonTerminalImmutableMapEntry        : loaded 2 times (x 85B)
Class com.google.common.collect.IndexedImmutableSet$1                                 : loaded 2 times (x 213B)
Class org.apache.commons.io.output.AbstractByteArrayOutputStream                      : loaded 2 times (x 102B)
Class com.google.common.cache.CacheBuilder$OneWeigher                                 : loaded 2 times (x 82B)
Class com.google.common.collect.RegularImmutableList                                  : loaded 2 times (x 213B)
Class com.google.common.reflect.Types$ClassOwnership$1LocalClass                      : loaded 2 times (x 71B)
Class org.gradle.internal.classloader.ClasspathUtil                                   : loaded 2 times (x 71B)
Class com.google.common.base.Charsets                                                 : loaded 2 times (x 71B)
Class com.google.common.util.concurrent.Uninterruptibles                              : loaded 2 times (x 71B)
Class com.google.common.collect.Maps                                                  : loaded 2 times (x 71B)
Class org.gradle.api.specs.Spec                                                       : loaded 2 times (x 70B)
Class org.apache.commons.io.file.PathFilter                                           : loaded 2 times (x 70B)
Class com.google.common.collect.MapMaker                                              : loaded 2 times (x 72B)
Class com.google.common.reflect.Types$JavaVersion                                     : loaded 2 times (x 83B)
Class [Lcom.google.common.collect.ImmutableEntry;                                     : loaded 2 times (x 69B)
Class com.google.common.cache.LocalCache$LoadingValueReference                        : loaded 2 times (x 96B)
Class com.google.common.primitives.Ints                                               : loaded 2 times (x 71B)
Class com.google.common.io.LineReader$1                                               : loaded 2 times (x 75B)
Class com.google.common.collect.CollectSpliterators                                   : loaded 2 times (x 71B)
Class com.google.common.collect.AbstractMapBasedMultimap$AsMap                        : loaded 2 times (x 128B)
Class com.google.common.collect.MapMakerInternalMap$StrongKeyDummyValueEntry          : loaded 2 times (x 82B)
Class com.google.common.reflect.Invokable$MethodInvokable                             : loaded 2 times (x 107B)
Class com.google.common.base.Platform                                                 : loaded 2 times (x 71B)
Class com.google.common.collect.AbstractMapBasedMultimap$WrappedList                  : loaded 2 times (x 205B)
Class [Lorg.objectweb.asm.AnnotationWriter;                                           : loaded 2 times (x 69B)
Class com.google.common.collect.Maps$8                                                : loaded 2 times (x 82B)
Class [Lcom.google.common.collect.Iterators$EmptyModifiableIterator;                  : loaded 2 times (x 69B)
Class com.google.common.collect.ImmutableRangeSet$Builder                             : loaded 2 times (x 77B)
Class com.google.common.collect.Sets$SetView                                          : loaded 2 times (x 138B)
Class com.google.common.cache.LocalCache$StrongValueReference                         : loaded 2 times (x 90B)
Class com.google.common.util.concurrent.AbstractFuture$SynchronizedHelper             : loaded 2 times (x 78B)
Class com.google.common.graph.SuccessorsFunction                                      : loaded 2 times (x 70B)
Class org.objectweb.asm.Type                                                          : loaded 2 times (x 72B)
Class org.gradle.internal.classloader.VisitableURLClassLoader$InstrumentingVisitableURLClassLoader: loaded 2 times (x 123B)
Class org.apache.commons.io.FileUtils                                                 : loaded 2 times (x 71B)
Class com.google.common.collect.MapMakerInternalMap$StrongKeyDummyValueEntry$Helper   : loaded 2 times (x 79B)
Class com.google.common.io.Files$FileByteSink                                         : loaded 2 times (x 77B)
Class org.objectweb.asm.ByteVector                                                    : loaded 2 times (x 79B)
Class [Lcom.google.common.cache.CacheBuilder$NullListener;                            : loaded 2 times (x 69B)
Class com.google.common.math.IntMath$1                                                : loaded 2 times (x 71B)
Class org.gradle.internal.classloader.VisitableURLClassLoader$Spec                    : loaded 2 times (x 74B)
Class org.gradle.internal.classpath.DefaultClassPath                                  : loaded 2 times (x 90B)
Class com.google.common.base.AbstractIterator                                         : loaded 2 times (x 80B)
Class com.google.common.reflect.Types$ClassOwnership                                  : loaded 2 times (x 80B)
Class org.objectweb.asm.Symbol                                                        : loaded 2 times (x 73B)
Class com.google.common.io.Java8Compatibility                                         : loaded 2 times (x 71B)
Class com.google.common.io.Closer                                                     : loaded 2 times (x 78B)
Class com.google.common.base.CharMatcher$Ascii                                        : loaded 2 times (x 112B)
Class com.google.common.base.CharMatcher$BitSetMatcher                                : loaded 2 times (x 112B)
Class com.google.common.collect.ImmutableSet                                          : loaded 2 times (x 145B)
Class com.google.common.collect.RegularImmutableMap$Values                            : loaded 2 times (x 207B)
Class org.gradle.internal.classloader.ClassLoaderSpec                                 : loaded 2 times (x 71B)
Class org.objectweb.asm.AnnotationWriter                                              : loaded 2 times (x 79B)
Class com.google.common.cache.CacheStats                                              : loaded 2 times (x 71B)
Class com.google.common.collect.ImmutableMultisetGwtSerializationDependencies         : loaded 2 times (x 125B)
Class com.google.common.collect.Interners                                             : loaded 2 times (x 71B)
Class com.google.common.io.Closer$Suppressor                                          : loaded 2 times (x 70B)
Class com.google.common.io.LineProcessor                                              : loaded 2 times (x 70B)
Class org.objectweb.asm.RecordComponentWriter                                         : loaded 2 times (x 78B)
Class com.google.common.util.concurrent.AbstractFuture$Listener                       : loaded 2 times (x 72B)
Class com.google.common.base.CharMatcher$Or                                           : loaded 2 times (x 112B)
Class Settings_gradle$1$1                                                             : loaded 2 times (x 74B)
Class org.objectweb.asm.Attribute                                                     : loaded 2 times (x 77B)
Class com.google.common.base.Supplier                                                 : loaded 2 times (x 70B)
Class ijKotlinCoroutineJvmDebugInit1_dofq3drr9aihm4earzh7ldbbw$_run_closure1          : loaded 2 times (x 139B)
Class org.gradle.internal.classloader.VisitableURLClassLoader                         : loaded 2 times (x 117B)
Class com.google.common.collect.ImmutableList$SerializedForm                          : loaded 2 times (x 73B)
Class com.google.common.util.concurrent.AbstractFuture$Waiter                         : loaded 2 times (x 72B)
Class Settings_gradle                                                                 : loaded 2 times (x 128B)
Class org.gradle.internal.Cast                                                        : loaded 2 times (x 71B)
Class org.gradle.api.Action                                                           : loaded 2 times (x 70B)
Class com.google.common.collect.MapMakerInternalMap                                   : loaded 2 times (x 161B)
Class com.google.common.base.Strings                                                  : loaded 2 times (x 71B)
Class com.google.common.collect.Sets                                                  : loaded 2 times (x 71B)
Class org.objectweb.asm.Handler                                                       : loaded 2 times (x 72B)
Class com.google.common.base.Ticker                                                   : loaded 2 times (x 72B)
Class com.google.common.base.CharMatcher$FastMatcher                                  : loaded 2 times (x 111B)
Class [Lcom.google.common.cache.LocalCache$Segment;                                   : loaded 2 times (x 69B)
Class [Lcom.google.common.cache.LocalCache$Strength;                                  : loaded 2 times (x 69B)
Class com.google.common.cache.CacheBuilder$1                                          : loaded 2 times (x 85B)
Class com.google.common.base.Predicate                                                : loaded 2 times (x 70B)
Class com.google.common.collect.ImmutableMap                                          : loaded 2 times (x 120B)
Class org.gradle.internal.classpath.DefaultClassPath$ImmutableUniqueList$Builder      : loaded 2 times (x 75B)
Class com.google.common.collect.MapMakerInternalMap$WeakValueReference                : loaded 2 times (x 70B)
Class com.google.common.collect.AbstractRangeSet                                      : loaded 2 times (x 114B)
Class com.google.common.cache.LocalCache                                              : loaded 2 times (x 187B)
Class com.google.common.cache.CacheBuilder$2                                          : loaded 2 times (x 79B)
Class com.google.common.base.CharMatcher$NegatedFastMatcher                           : loaded 2 times (x 113B)
Class com.google.common.collect.ArrayListMultimap                                     : loaded 2 times (x 172B)
Class com.google.common.cache.CacheBuilder$3                                          : loaded 2 times (x 72B)
Class [Lcom.google.common.collect.AbstractMapEntry;                                   : loaded 2 times (x 69B)
Class com.google.common.collect.ImmutableEntry                                        : loaded 2 times (x 82B)
Class org.gradle.api.GradleException                                                  : loaded 2 times (x 82B)
Class org.apache.commons.io.StandardLineSeparator                                     : loaded 2 times (x 79B)
Class com.google.common.base.Suppliers$MemoizingSupplier                              : loaded 2 times (x 79B)
Class com.google.common.collect.CollectPreconditions                                  : loaded 2 times (x 71B)
Class [Lcom.google.common.collect.MapMakerInternalMap$Strength;                       : loaded 2 times (x 69B)
Class [Lcom.google.common.io.FileWriteMode;                                           : loaded 2 times (x 69B)
Class com.google.common.collect.SortedMapDifference                                   : loaded 2 times (x 70B)
Class com.google.common.collect.Iterables$4                                           : loaded 2 times (x 81B)
Class com.google.common.collect.MapMakerInternalMap$StrongKeyDummyValueSegment        : loaded 2 times (x 142B)
Class com.google.common.cache.LocalCache$WriteThroughEntry                            : loaded 2 times (x 79B)
Class com.google.common.cache.LocalCache$HashIterator                                 : loaded 2 times (x 86B)
Class com.google.common.io.Files                                                      : loaded 2 times (x 71B)
Class com.google.common.cache.LocalCache$EntryFactory                                 : loaded 2 times (x 83B)
Class [Lcom.google.common.collect.MapMaker$Dummy;                                     : loaded 2 times (x 69B)
Class com.google.common.base.CharMatcher$Whitespace                                   : loaded 2 times (x 112B)
Class com.google.common.base.Splitter$1$1                                             : loaded 2 times (x 86B)
Class com.google.common.reflect.Types$NativeTypeVariableEquals                        : loaded 2 times (x 71B)
Class com.google.common.reflect.TypeParameter                                         : loaded 2 times (x 72B)
Class com.google.common.cache.LocalCache$AbstractReferenceEntry                       : loaded 2 times (x 107B)
Class ijJvmDebugger1_9x3erf11sbp6hr81ma3cxq5r2$_run_closure1$_closure2                : loaded 2 times (x 140B)
Class org.gradle.internal.IoActions                                                   : loaded 2 times (x 71B)
Class com.google.common.collect.ImmutableMapKeySet                                    : loaded 2 times (x 152B)
Class com.google.common.collect.ImmutableRangeSet$ComplementRanges                    : loaded 2 times (x 207B)
Class org.objectweb.asm.SymbolTable                                                   : loaded 2 times (x 72B)
Class com.google.common.cache.CacheLoader$InvalidCacheLoadException                   : loaded 2 times (x 82B)
Class com.google.common.collect.ImmutableSet$RegularSetBuilderImpl                    : loaded 2 times (x 77B)
Class ijJvmDebugger1_9x3erf11sbp6hr81ma3cxq5r2                                        : loaded 2 times (x 179B)
Class org.gradle.internal.classloader.SystemClassLoaderSpec                           : loaded 2 times (x 71B)
Class com.google.common.collect.FluentIterable                                        : loaded 2 times (x 81B)
Class com.google.common.cache.LocalCache$StrongEntry                                  : loaded 2 times (x 108B)
Class com.google.common.util.concurrent.AbstractFuture$TrustedFuture                  : loaded 2 times (x 114B)
Class com.google.common.cache.LoadingCache                                            : loaded 2 times (x 70B)
Class com.google.common.base.Suppliers$NonSerializableMemoizingSupplier               : loaded 2 times (x 79B)
Class org.objectweb.asm.MethodWriter                                                  : loaded 2 times (x 106B)
Class [Lcom.google.common.cache.Weigher;                                              : loaded 2 times (x 69B)
Class com.google.common.collect.RegularImmutableMap$BucketOverflowException           : loaded 2 times (x 82B)
Class com.google.common.collect.ImmutableMultimap$1                                   : loaded 2 times (x 82B)
Class com.google.common.collect.AbstractMapBasedMultimap$RandomAccessWrappedList      : loaded 2 times (x 205B)
Class com.google.common.collect.AbstractIterator$State                                : loaded 2 times (x 79B)
Class com.google.common.collect.ImmutableMultimap$2                                   : loaded 2 times (x 81B)
Class com.google.common.reflect.Types$JavaVersion$1                                   : loaded 2 times (x 83B)
Class com.google.common.cache.LocalCache$ValueReference                               : loaded 2 times (x 70B)
Class com.google.common.base.CharMatcher$Negated                                      : loaded 2 times (x 113B)
Class com.google.common.base.CharMatcher$Is                                           : loaded 2 times (x 111B)
Class com.google.common.collect.RegularImmutableBiMap                                 : loaded 2 times (x 149B)
Class com.google.common.reflect.Types$JavaVersion$2                                   : loaded 2 times (x 83B)
Class com.google.common.reflect.Types                                                 : loaded 2 times (x 71B)
Class com.google.common.base.PatternCompiler                                          : loaded 2 times (x 70B)
Class com.google.common.util.concurrent.AbstractFuture$Failure                        : loaded 2 times (x 72B)
Class com.google.common.base.Equivalence$Equals                                       : loaded 2 times (x 82B)
Class com.google.common.collect.Hashing                                               : loaded 2 times (x 71B)
Class com.google.common.base.Preconditions                                            : loaded 2 times (x 71B)
Class ijJvmDebugger1_9x3erf11sbp6hr81ma3cxq5r2$_run_closure1                          : loaded 2 times (x 139B)
Class [Lorg.apache.commons.io.file.DeleteOption;                                      : loaded 2 times (x 69B)
Class com.google.common.collect.ImmutableSetMultimap                                  : loaded 2 times (x 180B)
Class com.google.common.io.CharSink                                                   : loaded 2 times (x 79B)
Class com.google.common.reflect.Types$JavaVersion$3                                   : loaded 2 times (x 83B)
Class com.google.common.base.Joiner$1                                                 : loaded 2 times (x 80B)
Class org.objectweb.asm.Label                                                         : loaded 2 times (x 73B)
Class org.objectweb.asm.CurrentFrame                                                  : loaded 2 times (x 73B)
Class org.objectweb.asm.ClassTooLargeException                                        : loaded 2 times (x 83B)
Class com.google.common.base.CharMatcher                                              : loaded 2 times (x 111B)
Class com.google.common.collect.PeekingIterator                                       : loaded 2 times (x 70B)
Class com.google.common.collect.MapMakerInternalMap$InternalEntryHelper               : loaded 2 times (x 70B)
Class com.google.common.collect.Maps$IteratorBasedAbstractMap                         : loaded 2 times (x 125B)
Class com.google.common.collect.RangeGwtSerializationDependencies                     : loaded 2 times (x 71B)
Class com.google.common.collect.Table                                                 : loaded 2 times (x 70B)
Class com.google.common.reflect.Types$JavaVersion$4                                   : loaded 2 times (x 83B)
Class com.google.common.base.Joiner$2                                                 : loaded 2 times (x 79B)
Class org.objectweb.asm.Frame                                                         : loaded 2 times (x 73B)
Class org.objectweb.asm.MethodVisitor                                                 : loaded 2 times (x 105B)
Class com.google.common.cache.LocalCache$EntryFactory$1                               : loaded 2 times (x 83B)
Class [Lcom.google.common.cache.RemovalListener;                                      : loaded 2 times (x 69B)
Class com.google.common.base.CharMatcher$1                                            : loaded 2 times (x 113B)
Class com.google.common.base.CharMatcher$NamedFastMatcher                             : loaded 2 times (x 112B)
Class com.google.common.collect.RangeSet                                              : loaded 2 times (x 70B)
Class com.google.common.reflect.Types$JavaVersion$5                                   : loaded 2 times (x 71B)
Class [Lcom.google.common.reflect.Types$ClassOwnership;                               : loaded 2 times (x 69B)
Class com.google.common.cache.LocalCache$EntryFactory$2                               : loaded 2 times (x 83B)
Class ijKotlinCoroutineJvmDebugInit1_dofq3drr9aihm4earzh7ldbbw$_run_closure1$_closure2: loaded 2 times (x 139B)
Class org.gradle.api.internal.classpath.GlobalCacheRootsProvider                      : loaded 2 times (x 70B)
Class com.google.common.collect.CollectCollectors                                     : loaded 2 times (x 71B)
Class org.objectweb.asm.ModuleWriter                                                  : loaded 2 times (x 82B)
Class com.google.common.cache.LocalCache$EntryFactory$3                               : loaded 2 times (x 83B)
Class com.google.common.base.Ticker$1                                                 : loaded 2 times (x 72B)
Class com.google.common.collect.Maps$BiMapConverter                                   : loaded 2 times (x 90B)
Class com.google.common.collect.ImmutableMapEntrySet$RegularEntrySet                  : loaded 2 times (x 152B)
Class com.google.common.collect.SetMultimap                                           : loaded 2 times (x 70B)
Class com.google.common.cache.LocalCache$EntryFactory$4                               : loaded 2 times (x 83B)
Class com.google.common.base.CharMatcher$InRange                                      : loaded 2 times (x 111B)
Class com.google.common.collect.ImmutableSet$Builder                                  : loaded 2 times (x 85B)
Class com.google.common.cache.LocalCache$EntryFactory$5                               : loaded 2 times (x 83B)
Class com.google.common.io.LineReader                                                 : loaded 2 times (x 72B)
Class org.apache.commons.io.output.AppendableWriter                                   : loaded 2 times (x 100B)
Class com.google.common.cache.LocalCache$EntryFactory$6                               : loaded 2 times (x 83B)
Class org.gradle.internal.installation.CurrentGradleInstallationLocator               : loaded 2 times (x 71B)
Class org.apache.commons.io.output.ThresholdingOutputStream                           : loaded 2 times (x 95B)
Class com.google.common.collect.ImmutableMultimap$Builder                             : loaded 2 times (x 86B)
Class com.google.common.collect.Maps$KeySet                                           : loaded 2 times (x 137B)
Class com.google.common.cache.LocalCache$EntryFactory$7                               : loaded 2 times (x 83B)
Class com.google.common.collect.ImmutableSet$EmptySetBuilderImpl                      : loaded 2 times (x 76B)
Class com.google.common.collect.ImmutableList                                         : loaded 2 times (x 206B)
Class org.gradle.internal.service.DefaultServiceLocator                               : loaded 2 times (x 83B)
Class com.google.common.collect.ImmutableMultimap$EntryCollection                     : loaded 2 times (x 128B)
Class com.google.common.collect.Maps$EntrySet                                         : loaded 2 times (x 136B)
Class com.google.common.cache.LocalCache$EntryFactory$8                               : loaded 2 times (x 83B)
Class com.google.common.collect.ImmutableSet$SetBuilderImpl                           : loaded 2 times (x 76B)
Class org.gradle.internal.installation.CurrentGradleInstallation                      : loaded 2 times (x 73B)
Class com.google.common.cache.CacheLoader$1                                           : loaded 2 times (x 75B)
Class com.google.common.collect.ForwardingObject                                      : loaded 2 times (x 72B)
Class com.google.common.collect.ImmutableList$SubList                                 : loaded 2 times (x 209B)
Class org.gradle.util.internal.GUtil                                                  : loaded 2 times (x 71B)
Class com.google.common.io.ByteSource                                                 : loaded 2 times (x 84B)
Class com.google.common.util.concurrent.AbstractFuture$SetFuture                      : loaded 2 times (x 75B)
Class com.google.common.cache.AbstractCache$StatsCounter                              : loaded 2 times (x 70B)
Class com.google.common.io.LineBuffer                                                 : loaded 2 times (x 75B)
Class com.google.common.collect.MapMakerInternalMap$1                                 : loaded 2 times (x 83B)
Class com.google.common.reflect.Types$TypeVariableImpl                                : loaded 2 times (x 72B)
Class com.google.common.collect.Iterators$MergingIterator                             : loaded 2 times (x 81B)
Class com.google.common.collect.RegularImmutableSet                                   : loaded 2 times (x 149B)
Class org.gradle.internal.installation.GradleInstallation                             : loaded 2 times (x 75B)
Class com.google.common.base.Splitter$Strategy                                        : loaded 2 times (x 70B)
Class com.google.common.collect.Iterables                                             : loaded 2 times (x 71B)

---------------  S Y S T E M  ---------------

OS:
 Windows 11 , 64 bit Build 26100 (10.0.26100.7920)
OS uptime: 0 days 1:40 hours

CPU: total 12 (initial active 12) (12 cores per cpu, 1 threads per core) family 6 model 186 stepping 3 microcode 0x410e, cx8, cmov, fxsr, mmx, 3dnowpref, sse, sse2, sse3, ssse3, sse4.1, sse4.2, popcnt, lzcnt, tsc, tscinvbit, avx, avx2, aes, erms, clmul, bmi1, bmi2, adx, sha, fma, vzeroupper, clflush, clflushopt, clwb, serialize, rdtscp, rdpid, fsrm, f16c, pku, cet_ibt, cet_ss
Processor Information for processor 0
  Max Mhz: 1300, Current Mhz: 1300, Mhz Limit: 1300
Processor Information for processor 1
  Max Mhz: 1300, Current Mhz: 1300, Mhz Limit: 1300
Processor Information for processor 2
  Max Mhz: 1300, Current Mhz: 1300, Mhz Limit: 1300
Processor Information for processor 3
  Max Mhz: 1300, Current Mhz: 1300, Mhz Limit: 1300
Processor Information for processor 4
  Max Mhz: 1300, Current Mhz: 900, Mhz Limit: 897
Processor Information for processor 5
  Max Mhz: 1300, Current Mhz: 900, Mhz Limit: 897
Processor Information for processor 6
  Max Mhz: 1300, Current Mhz: 900, Mhz Limit: 897
Processor Information for processor 7
  Max Mhz: 1300, Current Mhz: 900, Mhz Limit: 897
Processor Information for processor 8
  Max Mhz: 1300, Current Mhz: 900, Mhz Limit: 897
Processor Information for processor 9
  Max Mhz: 1300, Current Mhz: 900, Mhz Limit: 897
Processor Information for processor 10
  Max Mhz: 1300, Current Mhz: 900, Mhz Limit: 897
Processor Information for processor 11
  Max Mhz: 1300, Current Mhz: 900, Mhz Limit: 897

Memory: 4k page, system-wide physical 11913M (1098M free)
TotalPageFile size 16009M (AvailPageFile size 49M)
current process WorkingSet (physical memory assigned to process): 999M, peak: 999M
current process commit charge ("private bytes"): 1104M, peak: 1143M

vm_info: OpenJDK 64-Bit Server VM (21.0.9+-14787801-b1163.94) for windows-amd64 JRE (21.0.9+-14787801-b1163.94), built on 2026-01-27T21:15:44Z by "builder" with MS VC++ 16.10 / 16.11 (VS2019)

END.
