#
# There is insufficient memory for the Java Runtime Environment to continue.
# Native memory allocation (malloc) failed to allocate 1947104 bytes. Error detail: Chunk::new
# Possible reasons:
#   The system is out of physical RAM or swap space
#   This process is running with CompressedOops enabled, and the Java Heap may be blocking the growth of the native heap
# Possible solutions:
#   Reduce memory load on the system
#   Increase physical memory or swap space
#   Check if swap backing store is full
#   Decrease Java heap size (-Xmx/-Xms)
#   Decrease number of Java threads
#   Decrease Java thread stack sizes (-Xss)
#   Set larger code cache with -XX:ReservedCodeCacheSize=
#   JVM is running with Unscaled Compressed Oops mode in which the Java heap is
#     placed in the first 4GB address space. The Java Heap base address is the
#     maximum limit for the native heap growth. Please use -XX:HeapBaseMinAddress
#     to set the Java Heap base and to place the Java Heap above 4GB virtual address.
# This output file may be truncated or incomplete.
#
#  Out of Memory Error (arena.cpp:168), pid=19000, tid=7084
#
# JRE version: OpenJDK Runtime Environment (21.0.9) (build 21.0.9+-14787801-b1163.94)
# Java VM: OpenJDK 64-Bit Server VM (21.0.9+-14787801-b1163.94, mixed mode, tiered, compressed oops, compressed class ptrs, g1 gc, windows-amd64)
# No core dump will be written. Minidumps are not enabled by default on client versions of Windows
#

---------------  S U M M A R Y ------------

Command Line: --add-opens=java.base/java.lang=ALL-UNNAMED --add-opens=java.base/java.lang.invoke=ALL-UNNAMED --add-opens=java.base/java.util=ALL-UNNAMED --add-opens=java.prefs/java.util.prefs=ALL-UNNAMED --add-exports=jdk.compiler/com.sun.tools.javac.api=ALL-UNNAMED --add-exports=jdk.compiler/com.sun.tools.javac.util=ALL-UNNAMED --add-opens=java.base/java.util=ALL-UNNAMED --add-opens=java.prefs/java.util.prefs=ALL-UNNAMED --add-opens=java.base/java.nio.charset=ALL-UNNAMED --add-opens=java.base/java.net=ALL-UNNAMED --add-opens=java.base/java.util.concurrent.atomic=ALL-UNNAMED --add-opens=java.xml/javax.xml.namespace=ALL-UNNAMED -Xmx2048m -Dfile.encoding=UTF-8 -Duser.country=RU -Duser.language=ru -Duser.variant -javaagent:C:\Users\User\.gradle\wrapper\dists\gradle-8.13-bin\5xuhj0ry160q40clulazy9h7d\gradle-8.13\lib\agents\gradle-instrumentation-agent-8.13.jar org.gradle.launcher.daemon.bootstrap.GradleDaemon 8.13

Host: 13th Gen Intel(R) Core(TM) i5-1335U, 12 cores, 11G,  Windows 11 , 64 bit Build 26100 (10.0.26100.7920)
Time: Sat Mar 28 10:46:14 2026 elapsed time: 37.838397 seconds (0d 0h 0m 37s)

---------------  T H R E A D  ---------------

Current thread (0x000001a9855ef250):  JavaThread "C2 CompilerThread0" daemon [_thread_in_native, id=7084, stack(0x0000006a06a00000,0x0000006a06b00000) (1024K)]


Current CompileTask:
C2:37838 12376       4       org.gradle.internal.instantiation.generator.AbstractClassGenerator::inspectType (602 bytes)

Stack: [0x0000006a06a00000,0x0000006a06b00000]
Native frames: (J=compiled Java code, j=interpreted, Vv=VM code, C=native code)
V  [jvm.dll+0x6d6c99]
V  [jvm.dll+0x866b83]
V  [jvm.dll+0x8691ae]
V  [jvm.dll+0x869893]
V  [jvm.dll+0x280776]
V  [jvm.dll+0xc07cd]
V  [jvm.dll+0xc0d03]
V  [jvm.dll+0x3b986b]
V  [jvm.dll+0x1dfcb2]
V  [jvm.dll+0x2495b4]
V  [jvm.dll+0x248a31]
V  [jvm.dll+0x1c7344]
V  [jvm.dll+0x2581ae]
V  [jvm.dll+0x2566f6]
V  [jvm.dll+0x3f48a6]
V  [jvm.dll+0x80f118]
V  [jvm.dll+0x6d54ed]
C  [ucrtbase.dll+0x37b0]
C  [KERNEL32.DLL+0x2e8d7]
C  [ntdll.dll+0x8c48c]


---------------  P R O C E S S  ---------------

Threads class SMR info:
_java_thread_list=0x000001a98cea0eb0, length=107, elements={
0x000001a9ed8df3f0, 0x000001a9855a9300, 0x000001a9855de4a0, 0x000001a9855b2ab0,
0x000001a9855c5230, 0x000001a9855c5c90, 0x000001a9855c66f0, 0x000001a9855c8830,
0x000001a9855ef250, 0x000001a9855efcf0, 0x000001a98a02c690, 0x000001a98b4f7410,
0x000001a98b473ef0, 0x000001a98c252400, 0x000001a98b0c1540, 0x000001a98c265730,
0x000001a98c1dce60, 0x000001a98c37d8a0, 0x000001a98c37c4f0, 0x000001a98c37e5c0,
0x000001a98c37b7d0, 0x000001a98c37be60, 0x000001a98c37ec50, 0x000001a98c37cb80,
0x000001a98c37d210, 0x000001a98d5f72c0, 0x000001a98d5f65a0, 0x000001a98d5f4b60,
0x000001a98d5f5880, 0x000001a98d5f51f0, 0x000001a98d5f3e40, 0x000001a98d5f44d0,
0x000001a98d5fa0b0, 0x000001a98d5f9a20, 0x000001a98d5f6c30, 0x000001a98d5f7950,
0x000001a98d5fadd0, 0x000001a98d5fb460, 0x000001a98d5f7fe0, 0x000001a98d5f8670,
0x000001a98d5f9390, 0x000001a98f3f4d50, 0x000001a98f3f2c80, 0x000001a98f3f53e0,
0x000001a98f3f5a70, 0x000001a98f3f6100, 0x000001a98f3f4030, 0x000001a98f3f3310,
0x000001a98f3f46c0, 0x000001a98f3f6790, 0x000001a98f3f6e20, 0x000001a98f3f39a0,
0x000001a98f3fa2a0, 0x000001a98f3f8860, 0x000001a98f3f74b0, 0x000001a98f3f8ef0,
0x000001a98f3f9580, 0x000001a98f3f9c10, 0x000001a98f3f81d0, 0x000001a98ca12d60,
0x000001a98ca126d0, 0x000001a98ca14110, 0x000001a98ca10c90, 0x000001a98ca133f0,
0x000001a98ca13a80, 0x000001a98ca119b0, 0x000001a98ca147a0, 0x000001a98ca11320,
0x000001a98ca14e30, 0x000001a98ca154c0, 0x000001a98ca16f00, 0x000001a98ca17590,
0x000001a990aeec60, 0x000001a990af1a50, 0x000001a990af0d30, 0x000001a990af0010,
0x000001a990aef980, 0x000001a990af20e0, 0x000001a990af06a0, 0x000001a990aef2f0,
0x000001a990af13c0, 0x000001a990fea630, 0x000001a990feacc0, 0x000001a990fe9fa0,
0x000001a990fee140, 0x000001a990fedab0, 0x000001a990feb350, 0x000001a990feb9e0,
0x000001a990fecd90, 0x000001a990feee60, 0x000001a990fee7d0, 0x000001a990fed420,
0x000001a990ff15c0, 0x000001a99088fd40, 0x000001a99088f020, 0x000001a9908910f0,
0x000001a9908903d0, 0x000001a990890a60, 0x000001a990891780, 0x000001a990891e10,
0x000001a99088f6b0, 0x000001a99088e990, 0x000001a990721c00, 0x000001a990720850,
0x000001a9907249f0, 0x000001a98a1e1d40, 0x000001a990e6e290
}

Java Threads: ( => current thread )
  0x000001a9ed8df3f0 JavaThread "main"                              [_thread_blocked, id=15508, stack(0x0000006a05b00000,0x0000006a05c00000) (1024K)]
  0x000001a9855a9300 JavaThread "Common-Cleaner"             daemon [_thread_blocked, id=21132, stack(0x0000006a06300000,0x0000006a06400000) (1024K)]
  0x000001a9855de4a0 JavaThread "Reference Handler"          daemon [_thread_blocked, id=12012, stack(0x0000006a06400000,0x0000006a06500000) (1024K)]
  0x000001a9855b2ab0 JavaThread "Finalizer"                  daemon [_thread_blocked, id=19968, stack(0x0000006a06500000,0x0000006a06600000) (1024K)]
  0x000001a9855c5230 JavaThread "Signal Dispatcher"          daemon [_thread_blocked, id=14484, stack(0x0000006a06600000,0x0000006a06700000) (1024K)]
  0x000001a9855c5c90 JavaThread "Attach Listener"            daemon [_thread_blocked, id=19852, stack(0x0000006a06700000,0x0000006a06800000) (1024K)]
  0x000001a9855c66f0 JavaThread "Service Thread"             daemon [_thread_blocked, id=15016, stack(0x0000006a06800000,0x0000006a06900000) (1024K)]
  0x000001a9855c8830 JavaThread "Monitor Deflation Thread"   daemon [_thread_blocked, id=14148, stack(0x0000006a06900000,0x0000006a06a00000) (1024K)]
=>0x000001a9855ef250 JavaThread "C2 CompilerThread0"         daemon [_thread_in_native, id=7084, stack(0x0000006a06a00000,0x0000006a06b00000) (1024K)]
  0x000001a9855efcf0 JavaThread "C1 CompilerThread0"         daemon [_thread_blocked, id=20520, stack(0x0000006a06b00000,0x0000006a06c00000) (1024K)]
  0x000001a98a02c690 JavaThread "Notification Thread"        daemon [_thread_blocked, id=4924, stack(0x0000006a06c00000,0x0000006a06d00000) (1024K)]
  0x000001a98b4f7410 JavaThread "Daemon health stats"               [_thread_blocked, id=20904, stack(0x0000006a07300000,0x0000006a07400000) (1024K)]
  0x000001a98b473ef0 JavaThread "Incoming local TCP Connector on port 52723"        [_thread_in_native, id=14260, stack(0x0000006a07400000,0x0000006a07500000) (1024K)]
  0x000001a98c252400 JavaThread "Daemon periodic checks"            [_thread_blocked, id=8352, stack(0x0000006a07500000,0x0000006a07600000) (1024K)]
  0x000001a98b0c1540 JavaThread "Daemon"                            [_thread_blocked, id=11912, stack(0x0000006a07600000,0x0000006a07700000) (1024K)]
  0x000001a98c265730 JavaThread "Handler for socket connection from /127.0.0.1:52723 to /127.0.0.1:52724"        [_thread_in_native, id=18344, stack(0x0000006a07700000,0x0000006a07800000) (1024K)]
  0x000001a98c1dce60 JavaThread "Cancel handler"                    [_thread_blocked, id=20936, stack(0x0000006a07800000,0x0000006a07900000) (1024K)]
  0x000001a98c37d8a0 JavaThread "Daemon worker"                     [_thread_in_native, id=15040, stack(0x0000006a07900000,0x0000006a07a00000) (1024K)]
  0x000001a98c37c4f0 JavaThread "Asynchronous log dispatcher for DefaultDaemonConnection: socket connection from /127.0.0.1:52723 to /127.0.0.1:52724"        [_thread_blocked, id=16496, stack(0x0000006a07a00000,0x0000006a07b00000) (1024K)]
  0x000001a98c37e5c0 JavaThread "Stdin handler"                     [_thread_blocked, id=10104, stack(0x0000006a07b00000,0x0000006a07c00000) (1024K)]
  0x000001a98c37b7d0 JavaThread "Daemon client event forwarder"        [_thread_blocked, id=3092, stack(0x0000006a07c00000,0x0000006a07d00000) (1024K)]
  0x000001a98c37be60 JavaThread "Cache worker for journal cache (C:\Users\User\.gradle\caches\journal-1)"        [_thread_blocked, id=8808, stack(0x0000006a08300000,0x0000006a08400000) (1024K)]
  0x000001a98c37ec50 JavaThread "File lock request listener"        [_thread_in_native, id=19672, stack(0x0000006a08400000,0x0000006a08500000) (1024K)]
  0x000001a98c37cb80 JavaThread "Cache worker for file hash cache (C:\Users\User\.gradle\caches\8.13\fileHashes)"        [_thread_blocked, id=13796, stack(0x0000006a08500000,0x0000006a08600000) (1024K)]
  0x000001a98c37d210 JavaThread "Cache worker for file hash cache (C:\Users\User\StudioProjects\Android-Project\.gradle\8.13\fileHashes)"        [_thread_blocked, id=16676, stack(0x0000006a08600000,0x0000006a08700000) (1024K)]
  0x000001a98d5f72c0 JavaThread "Cache worker for Build Output Cleanup Cache (C:\Users\User\StudioProjects\Android-Project\.gradle\buildOutputCleanup)"        [_thread_blocked, id=11236, stack(0x0000006a08700000,0x0000006a08800000) (1024K)]
  0x000001a98d5f65a0 JavaThread "File watcher server"        daemon [_thread_in_native, id=19488, stack(0x0000006a08800000,0x0000006a08900000) (1024K)]
  0x000001a98d5f4b60 JavaThread "File watcher consumer"      daemon [_thread_blocked, id=2852, stack(0x0000006a08900000,0x0000006a08a00000) (1024K)]
  0x000001a98d5f5880 JavaThread "jar transforms"                    [_thread_blocked, id=15408, stack(0x0000006a08a00000,0x0000006a08b00000) (1024K)]
  0x000001a98d5f51f0 JavaThread "jar transforms Thread 2"           [_thread_blocked, id=17032, stack(0x0000006a08b00000,0x0000006a08c00000) (1024K)]
  0x000001a98d5f3e40 JavaThread "Cache worker for checksums cache (C:\Users\User\StudioProjects\Android-Project\.gradle\8.13\checksums)"        [_thread_blocked, id=8024, stack(0x0000006a08d00000,0x0000006a08e00000) (1024K)]
  0x000001a98d5f44d0 JavaThread "Cache worker for file content cache (C:\Users\User\.gradle\caches\8.13\fileContent)"        [_thread_blocked, id=16756, stack(0x0000006a08e00000,0x0000006a08f00000) (1024K)]
  0x000001a98d5fa0b0 JavaThread "jar transforms Thread 3"           [_thread_blocked, id=8520, stack(0x0000006a08f00000,0x0000006a09000000) (1024K)]
  0x000001a98d5f9a20 JavaThread "Cache worker for cache directory md-supplier (C:\Users\User\.gradle\caches\8.13\md-supplier)"        [_thread_blocked, id=17420, stack(0x0000006a09000000,0x0000006a09100000) (1024K)]
  0x000001a98d5f6c30 JavaThread "Cache worker for cache directory md-rule (C:\Users\User\.gradle\caches\8.13\md-rule)"        [_thread_blocked, id=14496, stack(0x0000006a09100000,0x0000006a09200000) (1024K)]
  0x000001a98d5f7950 JavaThread "Unconstrained build operations"        [_thread_blocked, id=11208, stack(0x0000006a07100000,0x0000006a07200000) (1024K)]
  0x000001a98d5fadd0 JavaThread "Unconstrained build operations Thread 2"        [_thread_blocked, id=13208, stack(0x0000006a08c00000,0x0000006a08d00000) (1024K)]
  0x000001a98d5fb460 JavaThread "Unconstrained build operations Thread 3"        [_thread_blocked, id=18312, stack(0x0000006a09200000,0x0000006a09300000) (1024K)]
  0x000001a98d5f7fe0 JavaThread "Unconstrained build operations Thread 4"        [_thread_blocked, id=17520, stack(0x0000006a09300000,0x0000006a09400000) (1024K)]
  0x000001a98d5f8670 JavaThread "Unconstrained build operations Thread 5"        [_thread_blocked, id=20644, stack(0x0000006a09400000,0x0000006a09500000) (1024K)]
  0x000001a98d5f9390 JavaThread "Unconstrained build operations Thread 6"        [_thread_blocked, id=18184, stack(0x0000006a09500000,0x0000006a09600000) (1024K)]
  0x000001a98f3f4d50 JavaThread "Unconstrained build operations Thread 7"        [_thread_blocked, id=20368, stack(0x0000006a09600000,0x0000006a09700000) (1024K)]
  0x000001a98f3f2c80 JavaThread "Unconstrained build operations Thread 8"        [_thread_blocked, id=11232, stack(0x0000006a09700000,0x0000006a09800000) (1024K)]
  0x000001a98f3f53e0 JavaThread "Unconstrained build operations Thread 9"        [_thread_blocked, id=1716, stack(0x0000006a09800000,0x0000006a09900000) (1024K)]
  0x000001a98f3f5a70 JavaThread "Unconstrained build operations Thread 10"        [_thread_blocked, id=5932, stack(0x0000006a09a00000,0x0000006a09b00000) (1024K)]
  0x000001a98f3f6100 JavaThread "Unconstrained build operations Thread 11"        [_thread_blocked, id=8344, stack(0x0000006a09c00000,0x0000006a09d00000) (1024K)]
  0x000001a98f3f4030 JavaThread "Unconstrained build operations Thread 12"        [_thread_blocked, id=17228, stack(0x0000006a09d00000,0x0000006a09e00000) (1024K)]
  0x000001a98f3f3310 JavaThread "Unconstrained build operations Thread 13"        [_thread_blocked, id=2680, stack(0x0000006a09e00000,0x0000006a09f00000) (1024K)]
  0x000001a98f3f46c0 JavaThread "Unconstrained build operations Thread 14"        [_thread_blocked, id=2692, stack(0x0000006a09f00000,0x0000006a0a000000) (1024K)]
  0x000001a98f3f6790 JavaThread "Unconstrained build operations Thread 15"        [_thread_blocked, id=16752, stack(0x0000006a0a000000,0x0000006a0a100000) (1024K)]
  0x000001a98f3f6e20 JavaThread "Unconstrained build operations Thread 16"        [_thread_blocked, id=15452, stack(0x0000006a0a100000,0x0000006a0a200000) (1024K)]
  0x000001a98f3f39a0 JavaThread "Unconstrained build operations Thread 17"        [_thread_blocked, id=18764, stack(0x0000006a0a200000,0x0000006a0a300000) (1024K)]
  0x000001a98f3fa2a0 JavaThread "Unconstrained build operations Thread 18"        [_thread_blocked, id=21068, stack(0x0000006a0a300000,0x0000006a0a400000) (1024K)]
  0x000001a98f3f8860 JavaThread "Unconstrained build operations Thread 19"        [_thread_blocked, id=8208, stack(0x0000006a0a400000,0x0000006a0a500000) (1024K)]
  0x000001a98f3f74b0 JavaThread "Unconstrained build operations Thread 20"        [_thread_blocked, id=1992, stack(0x0000006a0a500000,0x0000006a0a600000) (1024K)]
  0x000001a98f3f8ef0 JavaThread "jar transforms Thread 4"           [_thread_blocked, id=6256, stack(0x0000006a0a600000,0x0000006a0a700000) (1024K)]
  0x000001a98f3f9580 JavaThread "jar transforms Thread 5"           [_thread_blocked, id=15424, stack(0x0000006a0a700000,0x0000006a0a800000) (1024K)]
  0x000001a98f3f9c10 JavaThread "Unconstrained build operations Thread 21"        [_thread_blocked, id=11576, stack(0x0000006a0a800000,0x0000006a0a900000) (1024K)]
  0x000001a98f3f81d0 JavaThread "Unconstrained build operations Thread 22"        [_thread_blocked, id=19760, stack(0x0000006a0a900000,0x0000006a0aa00000) (1024K)]
  0x000001a98ca12d60 JavaThread "Unconstrained build operations Thread 23"        [_thread_blocked, id=6192, stack(0x0000006a0aa00000,0x0000006a0ab00000) (1024K)]
  0x000001a98ca126d0 JavaThread "Unconstrained build operations Thread 24"        [_thread_blocked, id=20640, stack(0x0000006a0ab00000,0x0000006a0ac00000) (1024K)]
  0x000001a98ca14110 JavaThread "Unconstrained build operations Thread 25"        [_thread_blocked, id=5912, stack(0x0000006a0ac00000,0x0000006a0ad00000) (1024K)]
  0x000001a98ca10c90 JavaThread "Unconstrained build operations Thread 26"        [_thread_blocked, id=21304, stack(0x0000006a0ad00000,0x0000006a0ae00000) (1024K)]
  0x000001a98ca133f0 JavaThread "Unconstrained build operations Thread 27"        [_thread_blocked, id=6156, stack(0x0000006a0ae00000,0x0000006a0af00000) (1024K)]
  0x000001a98ca13a80 JavaThread "Unconstrained build operations Thread 28"        [_thread_blocked, id=11248, stack(0x0000006a0af00000,0x0000006a0b000000) (1024K)]
  0x000001a98ca119b0 JavaThread "Unconstrained build operations Thread 29"        [_thread_blocked, id=7828, stack(0x0000006a0b000000,0x0000006a0b100000) (1024K)]
  0x000001a98ca147a0 JavaThread "Unconstrained build operations Thread 30"        [_thread_blocked, id=14712, stack(0x0000006a0b100000,0x0000006a0b200000) (1024K)]
  0x000001a98ca11320 JavaThread "jar transforms Thread 6"           [_thread_blocked, id=17980, stack(0x0000006a0b200000,0x0000006a0b300000) (1024K)]
  0x000001a98ca14e30 JavaThread "jar transforms Thread 7"           [_thread_blocked, id=18408, stack(0x0000006a0b300000,0x0000006a0b400000) (1024K)]
  0x000001a98ca154c0 JavaThread "jar transforms Thread 8"           [_thread_blocked, id=7328, stack(0x0000006a0b400000,0x0000006a0b500000) (1024K)]
  0x000001a98ca16f00 JavaThread "Unconstrained build operations Thread 31"        [_thread_blocked, id=4976, stack(0x0000006a09900000,0x0000006a09a00000) (1024K)]
  0x000001a98ca17590 JavaThread "Unconstrained build operations Thread 32"        [_thread_blocked, id=14896, stack(0x0000006a09b00000,0x0000006a09c00000) (1024K)]
  0x000001a990aeec60 JavaThread "Unconstrained build operations Thread 33"        [_thread_blocked, id=11916, stack(0x0000006a0b500000,0x0000006a0b600000) (1024K)]
  0x000001a990af1a50 JavaThread "Unconstrained build operations Thread 34"        [_thread_blocked, id=10936, stack(0x0000006a0b600000,0x0000006a0b700000) (1024K)]
  0x000001a990af0d30 JavaThread "Unconstrained build operations Thread 35"        [_thread_blocked, id=20688, stack(0x0000006a0b700000,0x0000006a0b800000) (1024K)]
  0x000001a990af0010 JavaThread "Unconstrained build operations Thread 36"        [_thread_blocked, id=17636, stack(0x0000006a0b800000,0x0000006a0b900000) (1024K)]
  0x000001a990aef980 JavaThread "Unconstrained build operations Thread 37"        [_thread_blocked, id=2928, stack(0x0000006a0b900000,0x0000006a0ba00000) (1024K)]
  0x000001a990af20e0 JavaThread "Unconstrained build operations Thread 38"        [_thread_blocked, id=19184, stack(0x0000006a0ba00000,0x0000006a0bb00000) (1024K)]
  0x000001a990af06a0 JavaThread "Unconstrained build operations Thread 39"        [_thread_blocked, id=21044, stack(0x0000006a0bb00000,0x0000006a0bc00000) (1024K)]
  0x000001a990aef2f0 JavaThread "Unconstrained build operations Thread 40"        [_thread_blocked, id=11464, stack(0x0000006a0bc00000,0x0000006a0bd00000) (1024K)]
  0x000001a990af13c0 JavaThread "Unconstrained build operations Thread 41"        [_thread_blocked, id=18628, stack(0x0000006a0bd00000,0x0000006a0be00000) (1024K)]
  0x000001a990fea630 JavaThread "Unconstrained build operations Thread 42"        [_thread_blocked, id=12892, stack(0x0000006a0be00000,0x0000006a0bf00000) (1024K)]
  0x000001a990feacc0 JavaThread "Unconstrained build operations Thread 43"        [_thread_blocked, id=20132, stack(0x0000006a0bf00000,0x0000006a0c000000) (1024K)]
  0x000001a990fe9fa0 JavaThread "Unconstrained build operations Thread 44"        [_thread_blocked, id=15852, stack(0x0000006a0c000000,0x0000006a0c100000) (1024K)]
  0x000001a990fee140 JavaThread "Unconstrained build operations Thread 45"        [_thread_blocked, id=18472, stack(0x0000006a0c100000,0x0000006a0c200000) (1024K)]
  0x000001a990fedab0 JavaThread "Unconstrained build operations Thread 46"        [_thread_blocked, id=11000, stack(0x0000006a0c200000,0x0000006a0c300000) (1024K)]
  0x000001a990feb350 JavaThread "Unconstrained build operations Thread 47"        [_thread_blocked, id=20336, stack(0x0000006a0c300000,0x0000006a0c400000) (1024K)]
  0x000001a990feb9e0 JavaThread "Unconstrained build operations Thread 48"        [_thread_blocked, id=7556, stack(0x0000006a0c400000,0x0000006a0c500000) (1024K)]
  0x000001a990fecd90 JavaThread "Unconstrained build operations Thread 49"        [_thread_blocked, id=18480, stack(0x0000006a0c500000,0x0000006a0c600000) (1024K)]
  0x000001a990feee60 JavaThread "Unconstrained build operations Thread 50"        [_thread_blocked, id=6504, stack(0x0000006a0c600000,0x0000006a0c700000) (1024K)]
  0x000001a990fee7d0 JavaThread "Unconstrained build operations Thread 51"        [_thread_blocked, id=14380, stack(0x0000006a0c700000,0x0000006a0c800000) (1024K)]
  0x000001a990fed420 JavaThread "Unconstrained build operations Thread 52"        [_thread_blocked, id=7264, stack(0x0000006a0c800000,0x0000006a0c900000) (1024K)]
  0x000001a990ff15c0 JavaThread "Unconstrained build operations Thread 53"        [_thread_blocked, id=18988, stack(0x0000006a0cb00000,0x0000006a0cc00000) (1024K)]
  0x000001a99088fd40 JavaThread "Unconstrained build operations Thread 54"        [_thread_blocked, id=19616, stack(0x0000006a0cc00000,0x0000006a0cd00000) (1024K)]
  0x000001a99088f020 JavaThread "Unconstrained build operations Thread 55"        [_thread_blocked, id=19688, stack(0x0000006a0cd00000,0x0000006a0ce00000) (1024K)]
  0x000001a9908910f0 JavaThread "Unconstrained build operations Thread 56"        [_thread_blocked, id=20272, stack(0x0000006a0ce00000,0x0000006a0cf00000) (1024K)]
  0x000001a9908903d0 JavaThread "Unconstrained build operations Thread 57"        [_thread_blocked, id=8636, stack(0x0000006a0cf00000,0x0000006a0d000000) (1024K)]
  0x000001a990890a60 JavaThread "Unconstrained build operations Thread 58"        [_thread_blocked, id=15980, stack(0x0000006a0d000000,0x0000006a0d100000) (1024K)]
  0x000001a990891780 JavaThread "Unconstrained build operations Thread 59"        [_thread_blocked, id=7252, stack(0x0000006a0d100000,0x0000006a0d200000) (1024K)]
  0x000001a990891e10 JavaThread "Unconstrained build operations Thread 60"        [_thread_blocked, id=20768, stack(0x0000006a0d200000,0x0000006a0d300000) (1024K)]
  0x000001a99088f6b0 JavaThread "Unconstrained build operations Thread 61"        [_thread_blocked, id=19636, stack(0x0000006a0d300000,0x0000006a0d400000) (1024K)]
  0x000001a99088e990 JavaThread "Unconstrained build operations Thread 62"        [_thread_blocked, id=18036, stack(0x0000006a0d400000,0x0000006a0d500000) (1024K)]
  0x000001a990721c00 JavaThread "Unconstrained build operations Thread 63"        [_thread_blocked, id=6960, stack(0x0000006a0d500000,0x0000006a0d600000) (1024K)]
  0x000001a990720850 JavaThread "build event listener"              [_thread_blocked, id=16912, stack(0x0000006a0ca00000,0x0000006a0cb00000) (1024K)]
  0x000001a9907249f0 JavaThread "Memory manager"                    [_thread_blocked, id=16660, stack(0x0000006a0d600000,0x0000006a0d700000) (1024K)]
  0x000001a98a1e1d40 JavaThread "build event listener"              [_thread_blocked, id=384, stack(0x0000006a0d800000,0x0000006a0d900000) (1024K)]
  0x000001a990e6e290 JavaThread "C2 CompilerThread1"         daemon [_thread_in_native, id=20504, stack(0x0000006a0c900000,0x0000006a0ca00000) (1024K)]
Total: 107

Other Threads:
  0x000001a98516ec20 VMThread "VM Thread"                           [id=16472, stack(0x0000006a06200000,0x0000006a06300000) (1024K)]
  0x000001a9855219e0 WatcherThread "VM Periodic Task Thread"        [id=7528, stack(0x0000006a06100000,0x0000006a06200000) (1024K)]
  0x000001a9ed9357f0 WorkerThread "GC Thread#0"                     [id=16176, stack(0x0000006a05c00000,0x0000006a05d00000) (1024K)]
  0x000001a98a3e1a40 WorkerThread "GC Thread#1"                     [id=5096, stack(0x0000006a06e00000,0x0000006a06f00000) (1024K)]
  0x000001a98a3e1de0 WorkerThread "GC Thread#2"                     [id=14672, stack(0x0000006a06f00000,0x0000006a07000000) (1024K)]
  0x000001a98a3e2180 WorkerThread "GC Thread#3"                     [id=3980, stack(0x0000006a07000000,0x0000006a07100000) (1024K)]
  0x000001a98a93a310 WorkerThread "GC Thread#4"                     [id=10372, stack(0x0000006a07200000,0x0000006a07300000) (1024K)]
  0x000001a98afd3c30 WorkerThread "GC Thread#5"                     [id=18132, stack(0x0000006a06d00000,0x0000006a06e00000) (1024K)]
  0x000001a98c3896c0 WorkerThread "GC Thread#6"                     [id=16760, stack(0x0000006a07d00000,0x0000006a07e00000) (1024K)]
  0x000001a98c388100 WorkerThread "GC Thread#7"                     [id=17768, stack(0x0000006a07e00000,0x0000006a07f00000) (1024K)]
  0x000001a98c389a60 WorkerThread "GC Thread#8"                     [id=19544, stack(0x0000006a07f00000,0x0000006a08000000) (1024K)]
  0x000001a98c389320 WorkerThread "GC Thread#9"                     [id=14156, stack(0x0000006a08000000,0x0000006a08100000) (1024K)]
  0x000001a9ed94b1a0 ConcurrentGCThread "G1 Main Marker"            [id=7896, stack(0x0000006a05d00000,0x0000006a05e00000) (1024K)]
  0x000001a9ed94bab0 WorkerThread "G1 Conc#0"                       [id=11352, stack(0x0000006a05e00000,0x0000006a05f00000) (1024K)]
  0x000001a98c3884a0 WorkerThread "G1 Conc#1"                       [id=18532, stack(0x0000006a08100000,0x0000006a08200000) (1024K)]
  0x000001a98c388840 WorkerThread "G1 Conc#2"                       [id=2792, stack(0x0000006a08200000,0x0000006a08300000) (1024K)]
  0x000001a98506f780 ConcurrentGCThread "G1 Refine#0"               [id=18292, stack(0x0000006a05f00000,0x0000006a06000000) (1024K)]
  0x000001a985070100 ConcurrentGCThread "G1 Service"                [id=17232, stack(0x0000006a06000000,0x0000006a06100000) (1024K)]
Total: 18

Threads with active compile tasks:
C2 CompilerThread0  37964 12376       4       org.gradle.internal.instantiation.generator.AbstractClassGenerator::inspectType (602 bytes)
C2 CompilerThread1  37964 12664       4       java.util.HashSet::add (20 bytes)
Total: 2

VM state: not at safepoint (normal execution)

VM Mutex/Monitor currently owned by a thread: None

Heap address: 0x0000000080000000, size: 2048 MB, Compressed Oops mode: 32-bit

CDS archive(s) not mapped
Compressed class space mapped at: 0x0000000100000000-0x0000000140000000, reserved size: 1073741824
Narrow klass base: 0x0000000000000000, Narrow klass shift: 3, Narrow klass range: 0x140000000

GC Precious Log:
 CardTable entry size: 512
 Card Set container configuration: InlinePtr #cards 5 size 8 Array Of Cards #cards 12 size 40 Howl #buckets 4 coarsen threshold 1843 Howl Bitmap #cards 512 size 80 coarsen threshold 460 Card regions per heap region 1 cards per card region 2048
 CPUs: 12 total, 12 available
 Memory: 11913M
 Large Page Support: Disabled
 NUMA Support: Disabled
 Compressed Oops: Enabled (32-bit)
 Heap Region Size: 1M
 Heap Min Capacity: 8M
 Heap Initial Capacity: 188M
 Heap Max Capacity: 2G
 Pre-touch: Disabled
 Parallel Workers: 10
 Concurrent Workers: 3
 Concurrent Refinement Workers: 10
 Periodic GC: Disabled

Heap:
 garbage-first heap   total 186368K, used 155169K [0x0000000080000000, 0x0000000100000000)
  region size 1024K, 48 young (49152K), 6 survivors (6144K)
 Metaspace       used 113764K, committed 115904K, reserved 1179648K
  class space    used 16059K, committed 17088K, reserved 1048576K

Heap Regions: E=young(eden), S=young(survivor), O=old, HS=humongous(starts), HC=humongous(continues), CS=collection set, F=free, TAMS=top-at-mark-start, PB=parsable bottom
|   0|0x0000000080000000, 0x0000000080100000, 0x0000000080100000|100%|HS|  |TAMS 0x0000000080000000| PB 0x0000000080000000| Complete 
|   1|0x0000000080100000, 0x0000000080200000, 0x0000000080200000|100%|HC|  |TAMS 0x0000000080100000| PB 0x0000000080100000| Complete 
|   2|0x0000000080200000, 0x0000000080300000, 0x0000000080300000|100%|HC|  |TAMS 0x0000000080200000| PB 0x0000000080200000| Complete 
|   3|0x0000000080300000, 0x0000000080400000, 0x0000000080400000|100%| O|  |TAMS 0x0000000080300000| PB 0x0000000080300000| Untracked 
|   4|0x0000000080400000, 0x0000000080500000, 0x0000000080500000|100%| O|  |TAMS 0x0000000080400000| PB 0x0000000080400000| Untracked 
|   5|0x0000000080500000, 0x0000000080600000, 0x0000000080600000|100%|HS|  |TAMS 0x0000000080500000| PB 0x0000000080500000| Complete 
|   6|0x0000000080600000, 0x0000000080700000, 0x0000000080700000|100%| O|  |TAMS 0x0000000080600000| PB 0x0000000080600000| Untracked 
|   7|0x0000000080700000, 0x0000000080800000, 0x0000000080800000|100%| O|  |TAMS 0x0000000080700000| PB 0x0000000080700000| Untracked 
|   8|0x0000000080800000, 0x0000000080900000, 0x0000000080900000|100%| O|  |TAMS 0x0000000080800000| PB 0x0000000080800000| Untracked 
|   9|0x0000000080900000, 0x0000000080a00000, 0x0000000080a00000|100%| O|  |TAMS 0x0000000080900000| PB 0x0000000080900000| Untracked 
|  10|0x0000000080a00000, 0x0000000080af5af0, 0x0000000080b00000| 95%| O|  |TAMS 0x0000000080a00000| PB 0x0000000080a00000| Untracked 
|  11|0x0000000080b00000, 0x0000000080c00000, 0x0000000080c00000|100%| O|  |TAMS 0x0000000080b00000| PB 0x0000000080b00000| Untracked 
|  12|0x0000000080c00000, 0x0000000080d00000, 0x0000000080d00000|100%| O|  |TAMS 0x0000000080c00000| PB 0x0000000080c00000| Untracked 
|  13|0x0000000080d00000, 0x0000000080e00000, 0x0000000080e00000|100%| O|  |TAMS 0x0000000080d00000| PB 0x0000000080d00000| Untracked 
|  14|0x0000000080e00000, 0x0000000080f00000, 0x0000000080f00000|100%| O|  |TAMS 0x0000000080e00000| PB 0x0000000080e00000| Untracked 
|  15|0x0000000080f00000, 0x0000000081000000, 0x0000000081000000|100%| O|  |TAMS 0x0000000080f00000| PB 0x0000000080f00000| Untracked 
|  16|0x0000000081000000, 0x0000000081100000, 0x0000000081100000|100%| O|  |TAMS 0x0000000081000000| PB 0x0000000081000000| Untracked 
|  17|0x0000000081100000, 0x0000000081200000, 0x0000000081200000|100%| O|  |TAMS 0x0000000081100000| PB 0x0000000081100000| Untracked 
|  18|0x0000000081200000, 0x0000000081300000, 0x0000000081300000|100%| O|  |TAMS 0x0000000081200000| PB 0x0000000081200000| Untracked 
|  19|0x0000000081300000, 0x0000000081400000, 0x0000000081400000|100%| O|  |TAMS 0x0000000081300000| PB 0x0000000081300000| Untracked 
|  20|0x0000000081400000, 0x0000000081500000, 0x0000000081500000|100%| O|  |TAMS 0x0000000081400000| PB 0x0000000081400000| Untracked 
|  21|0x0000000081500000, 0x0000000081600000, 0x0000000081600000|100%| O|  |TAMS 0x0000000081500000| PB 0x0000000081500000| Untracked 
|  22|0x0000000081600000, 0x0000000081700000, 0x0000000081700000|100%| O|  |TAMS 0x0000000081600000| PB 0x0000000081600000| Untracked 
|  23|0x0000000081700000, 0x0000000081800000, 0x0000000081800000|100%| O|  |TAMS 0x0000000081700000| PB 0x0000000081700000| Untracked 
|  24|0x0000000081800000, 0x0000000081900000, 0x0000000081900000|100%|HS|  |TAMS 0x0000000081800000| PB 0x0000000081800000| Complete 
|  25|0x0000000081900000, 0x0000000081a00000, 0x0000000081a00000|100%|HC|  |TAMS 0x0000000081900000| PB 0x0000000081900000| Complete 
|  26|0x0000000081a00000, 0x0000000081b00000, 0x0000000081b00000|100%| O|  |TAMS 0x0000000081a00000| PB 0x0000000081a00000| Untracked 
|  27|0x0000000081b00000, 0x0000000081c00000, 0x0000000081c00000|100%| O|  |TAMS 0x0000000081b00000| PB 0x0000000081b00000| Untracked 
|  28|0x0000000081c00000, 0x0000000081d00000, 0x0000000081d00000|100%| O|  |TAMS 0x0000000081c00000| PB 0x0000000081c00000| Untracked 
|  29|0x0000000081d00000, 0x0000000081e00000, 0x0000000081e00000|100%| O|  |TAMS 0x0000000081d00000| PB 0x0000000081d00000| Untracked 
|  30|0x0000000081e00000, 0x0000000081f00000, 0x0000000081f00000|100%| O|  |TAMS 0x0000000081e00000| PB 0x0000000081e00000| Untracked 
|  31|0x0000000081f00000, 0x0000000082000000, 0x0000000082000000|100%| O|  |TAMS 0x0000000081f00000| PB 0x0000000081f00000| Untracked 
|  32|0x0000000082000000, 0x0000000082100000, 0x0000000082100000|100%| O|  |TAMS 0x0000000082000000| PB 0x0000000082000000| Untracked 
|  33|0x0000000082100000, 0x0000000082200000, 0x0000000082200000|100%| O|  |TAMS 0x0000000082100000| PB 0x0000000082100000| Untracked 
|  34|0x0000000082200000, 0x0000000082300000, 0x0000000082300000|100%| O|  |TAMS 0x0000000082200000| PB 0x0000000082200000| Untracked 
|  35|0x0000000082300000, 0x0000000082400000, 0x0000000082400000|100%| O|  |TAMS 0x0000000082300000| PB 0x0000000082300000| Untracked 
|  36|0x0000000082400000, 0x0000000082500000, 0x0000000082500000|100%| O|  |TAMS 0x0000000082400000| PB 0x0000000082400000| Untracked 
|  37|0x0000000082500000, 0x0000000082600000, 0x0000000082600000|100%| O|  |TAMS 0x0000000082500000| PB 0x0000000082500000| Untracked 
|  38|0x0000000082600000, 0x0000000082700000, 0x0000000082700000|100%| O|  |TAMS 0x0000000082600000| PB 0x0000000082600000| Untracked 
|  39|0x0000000082700000, 0x0000000082800000, 0x0000000082800000|100%| O|  |TAMS 0x0000000082700000| PB 0x0000000082700000| Untracked 
|  40|0x0000000082800000, 0x0000000082900000, 0x0000000082900000|100%|HS|  |TAMS 0x0000000082800000| PB 0x0000000082800000| Complete 
|  41|0x0000000082900000, 0x0000000082a00000, 0x0000000082a00000|100%| O|  |TAMS 0x0000000082900000| PB 0x0000000082900000| Untracked 
|  42|0x0000000082a00000, 0x0000000082b00000, 0x0000000082b00000|100%| O|  |TAMS 0x0000000082a00000| PB 0x0000000082a00000| Untracked 
|  43|0x0000000082b00000, 0x0000000082c00000, 0x0000000082c00000|100%| O|  |TAMS 0x0000000082b00000| PB 0x0000000082b00000| Untracked 
|  44|0x0000000082c00000, 0x0000000082d00000, 0x0000000082d00000|100%| O|  |TAMS 0x0000000082c00000| PB 0x0000000082c00000| Untracked 
|  45|0x0000000082d00000, 0x0000000082e00000, 0x0000000082e00000|100%| O|  |TAMS 0x0000000082d00000| PB 0x0000000082d00000| Untracked 
|  46|0x0000000082e00000, 0x0000000082f00000, 0x0000000082f00000|100%| O|  |TAMS 0x0000000082e00000| PB 0x0000000082e00000| Untracked 
|  47|0x0000000082f00000, 0x0000000083000000, 0x0000000083000000|100%| O|  |TAMS 0x0000000082f00000| PB 0x0000000082f00000| Untracked 
|  48|0x0000000083000000, 0x0000000083100000, 0x0000000083100000|100%| O|  |TAMS 0x0000000083000000| PB 0x0000000083000000| Untracked 
|  49|0x0000000083100000, 0x0000000083200000, 0x0000000083200000|100%|HS|  |TAMS 0x0000000083100000| PB 0x0000000083100000| Complete 
|  50|0x0000000083200000, 0x0000000083300000, 0x0000000083300000|100%|HS|  |TAMS 0x0000000083200000| PB 0x0000000083200000| Complete 
|  51|0x0000000083300000, 0x0000000083400000, 0x0000000083400000|100%|HC|  |TAMS 0x0000000083300000| PB 0x0000000083300000| Complete 
|  52|0x0000000083400000, 0x0000000083500000, 0x0000000083500000|100%|HS|  |TAMS 0x0000000083400000| PB 0x0000000083400000| Complete 
|  53|0x0000000083500000, 0x0000000083600000, 0x0000000083600000|100%|HC|  |TAMS 0x0000000083500000| PB 0x0000000083500000| Complete 
|  54|0x0000000083600000, 0x0000000083700000, 0x0000000083700000|100%|HS|  |TAMS 0x0000000083600000| PB 0x0000000083600000| Complete 
|  55|0x0000000083700000, 0x0000000083800000, 0x0000000083800000|100%| O|  |TAMS 0x0000000083700000| PB 0x0000000083700000| Untracked 
|  56|0x0000000083800000, 0x0000000083900000, 0x0000000083900000|100%|HS|  |TAMS 0x0000000083800000| PB 0x0000000083800000| Complete 
|  57|0x0000000083900000, 0x0000000083a00000, 0x0000000083a00000|100%| O|  |TAMS 0x0000000083900000| PB 0x0000000083900000| Untracked 
|  58|0x0000000083a00000, 0x0000000083b00000, 0x0000000083b00000|100%|HS|  |TAMS 0x0000000083a00000| PB 0x0000000083a00000| Complete 
|  59|0x0000000083b00000, 0x0000000083c00000, 0x0000000083c00000|100%| O|  |TAMS 0x0000000083b00000| PB 0x0000000083b00000| Untracked 
|  60|0x0000000083c00000, 0x0000000083d00000, 0x0000000083d00000|100%| O|  |TAMS 0x0000000083c00000| PB 0x0000000083c00000| Untracked 
|  61|0x0000000083d00000, 0x0000000083e00000, 0x0000000083e00000|100%| O|  |TAMS 0x0000000083d00000| PB 0x0000000083d00000| Untracked 
|  62|0x0000000083e00000, 0x0000000083f00000, 0x0000000083f00000|100%| O|  |TAMS 0x0000000083e00000| PB 0x0000000083e00000| Untracked 
|  63|0x0000000083f00000, 0x0000000084000000, 0x0000000084000000|100%| O|  |TAMS 0x0000000083f00000| PB 0x0000000083f00000| Untracked 
|  64|0x0000000084000000, 0x0000000084100000, 0x0000000084100000|100%|HS|  |TAMS 0x0000000084000000| PB 0x0000000084000000| Complete 
|  65|0x0000000084100000, 0x0000000084200000, 0x0000000084200000|100%|HC|  |TAMS 0x0000000084100000| PB 0x0000000084100000| Complete 
|  66|0x0000000084200000, 0x0000000084300000, 0x0000000084300000|100%|HC|  |TAMS 0x0000000084200000| PB 0x0000000084200000| Complete 
|  67|0x0000000084300000, 0x0000000084400000, 0x0000000084400000|100%|HC|  |TAMS 0x0000000084300000| PB 0x0000000084300000| Complete 
|  68|0x0000000084400000, 0x0000000084500000, 0x0000000084500000|100%|HS|  |TAMS 0x0000000084400000| PB 0x0000000084400000| Complete 
|  69|0x0000000084500000, 0x0000000084600000, 0x0000000084600000|100%| O|  |TAMS 0x0000000084500000| PB 0x0000000084500000| Untracked 
|  70|0x0000000084600000, 0x0000000084700000, 0x0000000084700000|100%| O|  |TAMS 0x0000000084600000| PB 0x0000000084600000| Untracked 
|  71|0x0000000084700000, 0x0000000084800000, 0x0000000084800000|100%| O|  |TAMS 0x0000000084700000| PB 0x0000000084700000| Untracked 
|  72|0x0000000084800000, 0x0000000084900000, 0x0000000084900000|100%|HS|  |TAMS 0x0000000084800000| PB 0x0000000084800000| Complete 
|  73|0x0000000084900000, 0x0000000084a00000, 0x0000000084a00000|100%| O|  |TAMS 0x0000000084900000| PB 0x0000000084900000| Untracked 
|  74|0x0000000084a00000, 0x0000000084b00000, 0x0000000084b00000|100%|HS|  |TAMS 0x0000000084a00000| PB 0x0000000084a00000| Complete 
|  75|0x0000000084b00000, 0x0000000084c00000, 0x0000000084c00000|100%|HC|  |TAMS 0x0000000084b00000| PB 0x0000000084b00000| Complete 
|  76|0x0000000084c00000, 0x0000000084d00000, 0x0000000084d00000|100%|HC|  |TAMS 0x0000000084c00000| PB 0x0000000084c00000| Complete 
|  77|0x0000000084d00000, 0x0000000084e00000, 0x0000000084e00000|100%|HC|  |TAMS 0x0000000084d00000| PB 0x0000000084d00000| Complete 
|  78|0x0000000084e00000, 0x0000000084f00000, 0x0000000084f00000|100%| O|  |TAMS 0x0000000084e00000| PB 0x0000000084e00000| Untracked 
|  79|0x0000000084f00000, 0x0000000085000000, 0x0000000085000000|100%| O|  |TAMS 0x0000000084f00000| PB 0x0000000084f00000| Untracked 
|  80|0x0000000085000000, 0x0000000085100000, 0x0000000085100000|100%| O|  |TAMS 0x0000000085000000| PB 0x0000000085000000| Untracked 
|  81|0x0000000085100000, 0x0000000085200000, 0x0000000085200000|100%| O|  |TAMS 0x0000000085100000| PB 0x0000000085100000| Untracked 
|  82|0x0000000085200000, 0x0000000085300000, 0x0000000085300000|100%| O|Cm|TAMS 0x0000000085200000| PB 0x0000000085200000| Complete 
|  83|0x0000000085300000, 0x0000000085400000, 0x0000000085400000|100%| O|  |TAMS 0x0000000085300000| PB 0x0000000085300000| Untracked 
|  84|0x0000000085400000, 0x0000000085500000, 0x0000000085500000|100%| O|  |TAMS 0x0000000085400000| PB 0x0000000085400000| Untracked 
|  85|0x0000000085500000, 0x0000000085600000, 0x0000000085600000|100%| O|  |TAMS 0x0000000085500000| PB 0x0000000085500000| Untracked 
|  86|0x0000000085600000, 0x0000000085700000, 0x0000000085700000|100%| O|Cm|TAMS 0x0000000085600000| PB 0x0000000085600000| Complete 
|  87|0x0000000085700000, 0x0000000085800000, 0x0000000085800000|100%| O|  |TAMS 0x0000000085700000| PB 0x0000000085700000| Untracked 
|  88|0x0000000085800000, 0x0000000085900000, 0x0000000085900000|100%| O|  |TAMS 0x0000000085800000| PB 0x0000000085800000| Untracked 
|  89|0x0000000085900000, 0x0000000085a00000, 0x0000000085a00000|100%| O|  |TAMS 0x0000000085900000| PB 0x0000000085900000| Untracked 
|  90|0x0000000085a00000, 0x0000000085b00000, 0x0000000085b00000|100%| O|  |TAMS 0x0000000085a00000| PB 0x0000000085a00000| Untracked 
|  91|0x0000000085b00000, 0x0000000085c00000, 0x0000000085c00000|100%| O|  |TAMS 0x0000000085b00000| PB 0x0000000085b00000| Untracked 
|  92|0x0000000085c00000, 0x0000000085cefe68, 0x0000000085d00000| 93%| O|  |TAMS 0x0000000085c00000| PB 0x0000000085c00000| Untracked 
|  93|0x0000000085d00000, 0x0000000085d00000, 0x0000000085e00000|  0%| F|  |TAMS 0x0000000085d00000| PB 0x0000000085d00000| Untracked 
|  94|0x0000000085e00000, 0x0000000085e00000, 0x0000000085f00000|  0%| F|  |TAMS 0x0000000085e00000| PB 0x0000000085e00000| Untracked 
|  95|0x0000000085f00000, 0x0000000085f00000, 0x0000000086000000|  0%| F|  |TAMS 0x0000000085f00000| PB 0x0000000085f00000| Untracked 
|  96|0x0000000086000000, 0x0000000086000000, 0x0000000086100000|  0%| F|  |TAMS 0x0000000086000000| PB 0x0000000086000000| Untracked 
|  97|0x0000000086100000, 0x0000000086100000, 0x0000000086200000|  0%| F|  |TAMS 0x0000000086100000| PB 0x0000000086100000| Untracked 
|  98|0x0000000086200000, 0x0000000086200000, 0x0000000086300000|  0%| F|  |TAMS 0x0000000086200000| PB 0x0000000086200000| Untracked 
|  99|0x0000000086300000, 0x0000000086300000, 0x0000000086400000|  0%| F|  |TAMS 0x0000000086300000| PB 0x0000000086300000| Untracked 
| 100|0x0000000086400000, 0x0000000086400000, 0x0000000086500000|  0%| F|  |TAMS 0x0000000086400000| PB 0x0000000086400000| Untracked 
| 101|0x0000000086500000, 0x0000000086500000, 0x0000000086600000|  0%| F|  |TAMS 0x0000000086500000| PB 0x0000000086500000| Untracked 
| 102|0x0000000086600000, 0x0000000086600000, 0x0000000086700000|  0%| F|  |TAMS 0x0000000086600000| PB 0x0000000086600000| Untracked 
| 103|0x0000000086700000, 0x0000000086700000, 0x0000000086800000|  0%| F|  |TAMS 0x0000000086700000| PB 0x0000000086700000| Untracked 
| 104|0x0000000086800000, 0x0000000086800000, 0x0000000086900000|  0%| F|  |TAMS 0x0000000086800000| PB 0x0000000086800000| Untracked 
| 105|0x0000000086900000, 0x0000000086900000, 0x0000000086a00000|  0%| F|  |TAMS 0x0000000086900000| PB 0x0000000086900000| Untracked 
| 106|0x0000000086a00000, 0x0000000086a00000, 0x0000000086b00000|  0%| F|  |TAMS 0x0000000086a00000| PB 0x0000000086a00000| Untracked 
| 107|0x0000000086b00000, 0x0000000086b00000, 0x0000000086c00000|  0%| F|  |TAMS 0x0000000086b00000| PB 0x0000000086b00000| Untracked 
| 108|0x0000000086c00000, 0x0000000086c00000, 0x0000000086d00000|  0%| F|  |TAMS 0x0000000086c00000| PB 0x0000000086c00000| Untracked 
| 109|0x0000000086d00000, 0x0000000086d00000, 0x0000000086e00000|  0%| F|  |TAMS 0x0000000086d00000| PB 0x0000000086d00000| Untracked 
| 110|0x0000000086e00000, 0x0000000086ea2b70, 0x0000000086f00000| 63%| S|CS|TAMS 0x0000000086e00000| PB 0x0000000086e00000| Complete 
| 111|0x0000000086f00000, 0x0000000087000000, 0x0000000087000000|100%| S|CS|TAMS 0x0000000086f00000| PB 0x0000000086f00000| Complete 
| 112|0x0000000087000000, 0x0000000087100000, 0x0000000087100000|100%| S|CS|TAMS 0x0000000087000000| PB 0x0000000087000000| Complete 
| 113|0x0000000087100000, 0x0000000087200000, 0x0000000087200000|100%| S|CS|TAMS 0x0000000087100000| PB 0x0000000087100000| Complete 
| 114|0x0000000087200000, 0x0000000087300000, 0x0000000087300000|100%| S|CS|TAMS 0x0000000087200000| PB 0x0000000087200000| Complete 
| 115|0x0000000087300000, 0x0000000087400000, 0x0000000087400000|100%| S|CS|TAMS 0x0000000087300000| PB 0x0000000087300000| Complete 
| 116|0x0000000087400000, 0x0000000087400000, 0x0000000087500000|  0%| F|  |TAMS 0x0000000087400000| PB 0x0000000087400000| Untracked 
| 117|0x0000000087500000, 0x0000000087500000, 0x0000000087600000|  0%| F|  |TAMS 0x0000000087500000| PB 0x0000000087500000| Untracked 
| 118|0x0000000087600000, 0x0000000087600000, 0x0000000087700000|  0%| F|  |TAMS 0x0000000087600000| PB 0x0000000087600000| Untracked 
| 119|0x0000000087700000, 0x0000000087700000, 0x0000000087800000|  0%| F|  |TAMS 0x0000000087700000| PB 0x0000000087700000| Untracked 
| 120|0x0000000087800000, 0x0000000087800000, 0x0000000087900000|  0%| F|  |TAMS 0x0000000087800000| PB 0x0000000087800000| Untracked 
| 121|0x0000000087900000, 0x0000000087900000, 0x0000000087a00000|  0%| F|  |TAMS 0x0000000087900000| PB 0x0000000087900000| Untracked 
| 122|0x0000000087a00000, 0x0000000087a00000, 0x0000000087b00000|  0%| F|  |TAMS 0x0000000087a00000| PB 0x0000000087a00000| Untracked 
| 123|0x0000000087b00000, 0x0000000087b00000, 0x0000000087c00000|  0%| F|  |TAMS 0x0000000087b00000| PB 0x0000000087b00000| Untracked 
| 124|0x0000000087c00000, 0x0000000087c00000, 0x0000000087d00000|  0%| F|  |TAMS 0x0000000087c00000| PB 0x0000000087c00000| Untracked 
| 125|0x0000000087d00000, 0x0000000087d00000, 0x0000000087e00000|  0%| F|  |TAMS 0x0000000087d00000| PB 0x0000000087d00000| Untracked 
| 126|0x0000000087e00000, 0x0000000087e00000, 0x0000000087f00000|  0%| F|  |TAMS 0x0000000087e00000| PB 0x0000000087e00000| Untracked 
| 127|0x0000000087f00000, 0x0000000087f00000, 0x0000000088000000|  0%| F|  |TAMS 0x0000000087f00000| PB 0x0000000087f00000| Untracked 
| 128|0x0000000088000000, 0x0000000088080000, 0x0000000088100000| 50%| E|  |TAMS 0x0000000088000000| PB 0x0000000088000000| Complete 
| 129|0x0000000088100000, 0x0000000088200000, 0x0000000088200000|100%| E|CS|TAMS 0x0000000088100000| PB 0x0000000088100000| Complete 
| 130|0x0000000088200000, 0x0000000088300000, 0x0000000088300000|100%| E|CS|TAMS 0x0000000088200000| PB 0x0000000088200000| Complete 
| 131|0x0000000088300000, 0x0000000088400000, 0x0000000088400000|100%| E|CS|TAMS 0x0000000088300000| PB 0x0000000088300000| Complete 
| 132|0x0000000088400000, 0x0000000088500000, 0x0000000088500000|100%| E|CS|TAMS 0x0000000088400000| PB 0x0000000088400000| Complete 
| 133|0x0000000088500000, 0x0000000088600000, 0x0000000088600000|100%| E|CS|TAMS 0x0000000088500000| PB 0x0000000088500000| Complete 
| 134|0x0000000088600000, 0x0000000088700000, 0x0000000088700000|100%| E|CS|TAMS 0x0000000088600000| PB 0x0000000088600000| Complete 
| 135|0x0000000088700000, 0x0000000088800000, 0x0000000088800000|100%| E|CS|TAMS 0x0000000088700000| PB 0x0000000088700000| Complete 
| 136|0x0000000088800000, 0x0000000088900000, 0x0000000088900000|100%| E|CS|TAMS 0x0000000088800000| PB 0x0000000088800000| Complete 
| 137|0x0000000088900000, 0x0000000088a00000, 0x0000000088a00000|100%| E|CS|TAMS 0x0000000088900000| PB 0x0000000088900000| Complete 
| 138|0x0000000088a00000, 0x0000000088b00000, 0x0000000088b00000|100%| E|CS|TAMS 0x0000000088a00000| PB 0x0000000088a00000| Complete 
| 139|0x0000000088b00000, 0x0000000088c00000, 0x0000000088c00000|100%| E|CS|TAMS 0x0000000088b00000| PB 0x0000000088b00000| Complete 
| 140|0x0000000088c00000, 0x0000000088d00000, 0x0000000088d00000|100%| E|CS|TAMS 0x0000000088c00000| PB 0x0000000088c00000| Complete 
| 141|0x0000000088d00000, 0x0000000088e00000, 0x0000000088e00000|100%| E|CS|TAMS 0x0000000088d00000| PB 0x0000000088d00000| Complete 
| 142|0x0000000088e00000, 0x0000000088f00000, 0x0000000088f00000|100%| E|CS|TAMS 0x0000000088e00000| PB 0x0000000088e00000| Complete 
| 143|0x0000000088f00000, 0x0000000089000000, 0x0000000089000000|100%| E|CS|TAMS 0x0000000088f00000| PB 0x0000000088f00000| Complete 
| 144|0x0000000089000000, 0x0000000089100000, 0x0000000089100000|100%| E|CS|TAMS 0x0000000089000000| PB 0x0000000089000000| Complete 
| 145|0x0000000089100000, 0x0000000089200000, 0x0000000089200000|100%| E|CS|TAMS 0x0000000089100000| PB 0x0000000089100000| Complete 
| 146|0x0000000089200000, 0x0000000089300000, 0x0000000089300000|100%| E|CS|TAMS 0x0000000089200000| PB 0x0000000089200000| Complete 
| 147|0x0000000089300000, 0x0000000089400000, 0x0000000089400000|100%| E|CS|TAMS 0x0000000089300000| PB 0x0000000089300000| Complete 
| 148|0x0000000089400000, 0x0000000089500000, 0x0000000089500000|100%| E|CS|TAMS 0x0000000089400000| PB 0x0000000089400000| Complete 
| 149|0x0000000089500000, 0x0000000089600000, 0x0000000089600000|100%| E|CS|TAMS 0x0000000089500000| PB 0x0000000089500000| Complete 
| 150|0x0000000089600000, 0x0000000089700000, 0x0000000089700000|100%| E|CS|TAMS 0x0000000089600000| PB 0x0000000089600000| Complete 
| 151|0x0000000089700000, 0x0000000089800000, 0x0000000089800000|100%| E|CS|TAMS 0x0000000089700000| PB 0x0000000089700000| Complete 
| 152|0x0000000089800000, 0x0000000089900000, 0x0000000089900000|100%| E|CS|TAMS 0x0000000089800000| PB 0x0000000089800000| Complete 
| 153|0x0000000089900000, 0x0000000089a00000, 0x0000000089a00000|100%| E|CS|TAMS 0x0000000089900000| PB 0x0000000089900000| Complete 
| 154|0x0000000089a00000, 0x0000000089b00000, 0x0000000089b00000|100%| E|CS|TAMS 0x0000000089a00000| PB 0x0000000089a00000| Complete 
| 155|0x0000000089b00000, 0x0000000089c00000, 0x0000000089c00000|100%| E|CS|TAMS 0x0000000089b00000| PB 0x0000000089b00000| Complete 
| 156|0x0000000089c00000, 0x0000000089d00000, 0x0000000089d00000|100%| E|CS|TAMS 0x0000000089c00000| PB 0x0000000089c00000| Complete 
| 157|0x0000000089d00000, 0x0000000089e00000, 0x0000000089e00000|100%| E|CS|TAMS 0x0000000089d00000| PB 0x0000000089d00000| Complete 
| 158|0x0000000089e00000, 0x0000000089f00000, 0x0000000089f00000|100%| E|CS|TAMS 0x0000000089e00000| PB 0x0000000089e00000| Complete 
| 159|0x0000000089f00000, 0x000000008a000000, 0x000000008a000000|100%| E|CS|TAMS 0x0000000089f00000| PB 0x0000000089f00000| Complete 
| 160|0x000000008a000000, 0x000000008a100000, 0x000000008a100000|100%| E|CS|TAMS 0x000000008a000000| PB 0x000000008a000000| Complete 
| 161|0x000000008a100000, 0x000000008a200000, 0x000000008a200000|100%| E|CS|TAMS 0x000000008a100000| PB 0x000000008a100000| Complete 
| 162|0x000000008a200000, 0x000000008a300000, 0x000000008a300000|100%| E|CS|TAMS 0x000000008a200000| PB 0x000000008a200000| Complete 
| 163|0x000000008a300000, 0x000000008a400000, 0x000000008a400000|100%| E|CS|TAMS 0x000000008a300000| PB 0x000000008a300000| Complete 
| 186|0x000000008ba00000, 0x000000008bb00000, 0x000000008bb00000|100%| E|CS|TAMS 0x000000008ba00000| PB 0x000000008ba00000| Complete 
| 187|0x000000008bb00000, 0x000000008bc00000, 0x000000008bc00000|100%| E|CS|TAMS 0x000000008bb00000| PB 0x000000008bb00000| Complete 
|2032|0x00000000ff000000, 0x00000000ff100000, 0x00000000ff100000|100%| O|  |TAMS 0x00000000ff000000| PB 0x00000000ff000000| Untracked 
|2033|0x00000000ff100000, 0x00000000ff200000, 0x00000000ff200000|100%| O|  |TAMS 0x00000000ff100000| PB 0x00000000ff100000| Untracked 
|2034|0x00000000ff200000, 0x00000000ff300000, 0x00000000ff300000|100%| O|  |TAMS 0x00000000ff200000| PB 0x00000000ff200000| Untracked 
|2035|0x00000000ff300000, 0x00000000ff400000, 0x00000000ff400000|100%| E|CS|TAMS 0x00000000ff300000| PB 0x00000000ff300000| Complete 
|2036|0x00000000ff400000, 0x00000000ff500000, 0x00000000ff500000|100%| E|CS|TAMS 0x00000000ff400000| PB 0x00000000ff400000| Complete 
|2037|0x00000000ff500000, 0x00000000ff600000, 0x00000000ff600000|100%| O|Cm|TAMS 0x00000000ff500000| PB 0x00000000ff500000| Complete 
|2038|0x00000000ff600000, 0x00000000ff700000, 0x00000000ff700000|100%| O|  |TAMS 0x00000000ff600000| PB 0x00000000ff600000| Untracked 
|2039|0x00000000ff700000, 0x00000000ff800000, 0x00000000ff800000|100%| E|CS|TAMS 0x00000000ff700000| PB 0x00000000ff700000| Complete 
|2040|0x00000000ff800000, 0x00000000ff900000, 0x00000000ff900000|100%| O|Cm|TAMS 0x00000000ff800000| PB 0x00000000ff800000| Complete 
|2041|0x00000000ff900000, 0x00000000ffa00000, 0x00000000ffa00000|100%| O|  |TAMS 0x00000000ff900000| PB 0x00000000ff900000| Untracked 
|2042|0x00000000ffa00000, 0x00000000ffb00000, 0x00000000ffb00000|100%| E|CS|TAMS 0x00000000ffa00000| PB 0x00000000ffa00000| Complete 
|2043|0x00000000ffb00000, 0x00000000ffc00000, 0x00000000ffc00000|100%| O|  |TAMS 0x00000000ffb00000| PB 0x00000000ffb00000| Untracked 
|2044|0x00000000ffc00000, 0x00000000ffd00000, 0x00000000ffd00000|100%| O|  |TAMS 0x00000000ffc00000| PB 0x00000000ffc00000| Untracked 
|2045|0x00000000ffd00000, 0x00000000ffe00000, 0x00000000ffe00000|100%| O|  |TAMS 0x00000000ffd00000| PB 0x00000000ffd00000| Untracked 
|2046|0x00000000ffe00000, 0x00000000fff00000, 0x00000000fff00000|100%| O|  |TAMS 0x00000000ffe00000| PB 0x00000000ffe00000| Untracked 
|2047|0x00000000fff00000, 0x0000000100000000, 0x0000000100000000|100%| O|  |TAMS 0x00000000fff00000| PB 0x00000000fff00000| Untracked 

Card table byte_map: [0x000001a980400000,0x000001a980800000] _byte_map_base: 0x000001a980000000

Marking Bits: (CMBitMap*) 0x000001a9ed936d10
 Bits: [0x000001a980800000, 0x000001a982800000)

Polling page: 0x000001a9eb890000

Metaspace:

Usage:
  Non-class:     95.43 MB used.
      Class:     15.68 MB used.
       Both:    111.11 MB used.

Virtual space:
  Non-class space:      128.00 MB reserved,      96.50 MB ( 75%) committed,  2 nodes.
      Class space:        1.00 GB reserved,      16.69 MB (  2%) committed,  1 nodes.
             Both:        1.12 GB reserved,     113.19 MB ( 10%) committed. 

Chunk freelists:
   Non-Class:  15.00 MB
       Class:  15.25 MB
        Both:  30.25 MB

MaxMetaspaceSize: unlimited
CompressedClassSpaceSize: 1.00 GB
Initial GC threshold: 21.00 MB
Current GC threshold: 177.75 MB
CDS: off
 - commit_granule_bytes: 65536.
 - commit_granule_words: 8192.
 - virtual_space_node_default_size: 8388608.
 - enlarge_chunks_in_place: 1.
 - use_allocation_guard: 0.


Internal statistics:

num_allocs_failed_limit: 6.
num_arena_births: 4186.
num_arena_deaths: 0.
num_vsnodes_births: 3.
num_vsnodes_deaths: 0.
num_space_committed: 1812.
num_space_uncommitted: 0.
num_chunks_returned_to_freelist: 6.
num_chunks_taken_from_freelist: 8992.
num_chunk_merges: 6.
num_chunk_splits: 5896.
num_chunks_enlarged: 3708.
num_inconsistent_stats: 0.

CodeHeap 'non-profiled nmethods': size=120000Kb used=6679Kb max_used=6679Kb free=113320Kb
 bounds [0x000001a9f84e0000, 0x000001a9f8b70000, 0x000001a9ffa10000]
CodeHeap 'profiled nmethods': size=120000Kb used=19711Kb max_used=19711Kb free=100288Kb
 bounds [0x000001a9f0a10000, 0x000001a9f1d60000, 0x000001a9f7f40000]
CodeHeap 'non-nmethods': size=5760Kb used=2718Kb max_used=2747Kb free=3041Kb
 bounds [0x000001a9f7f40000, 0x000001a9f8200000, 0x000001a9f84e0000]
CodeCache: size=245760Kb, used=29108Kb, max_used=29137Kb, free=216649Kb
 total_blobs=11638, nmethods=10637, adapters=905, full_count=0
Compilation: enabled, stopped_count=0, restarted_count=0

Compilation events (20 events):
Event: 36.786 Thread 0x000001a9855efcf0 12648       1       com.android.build.api.artifact.impl.SingleArtifactContainer::getNamingContext (5 bytes)
Event: 36.787 Thread 0x000001a9855efcf0 nmethod 12648 0x000001a9f8b64710 code [0x000001a9f8b648a0, 0x000001a9f8b64968]
Event: 36.788 Thread 0x000001a9855efcf0 12649       3       org.gradle.internal.instantiation.generator.AsmBackedClassGenerator$ClassBuilderImpl$$Lambda/0x00000001002eaec8::emit (9 bytes)
Event: 36.789 Thread 0x000001a9855efcf0 nmethod 12649 0x000001a9f1d3d210 code [0x000001a9f1d3d3c0, 0x000001a9f1d3d5c8]
Event: 36.789 Thread 0x000001a9855efcf0 12650       3       org.gradle.internal.instantiation.generator.AsmBackedClassGenerator$ClassBuilderImpl::lambda$mixInDynamicAware$9 (11 bytes)
Event: 36.789 Thread 0x000001a9855efcf0 nmethod 12650 0x000001a9f1d3d710 code [0x000001a9f1d3d8c0, 0x000001a9f1d3da60]
Event: 36.794 Thread 0x000001a990e6f030 12651       4       java.util.Arrays$ArrayItr::next (36 bytes)
Event: 36.795 Thread 0x000001a990e6f030 nmethod 12651 0x000001a9f8b64a10 code [0x000001a9f8b64ba0, 0x000001a9f8b64c90]
Event: 36.796 Thread 0x000001a9855efcf0 12652       3       org.gradle.api.internal.tasks.DefaultTaskDependency::visitDependencies (737 bytes)
Event: 36.806 Thread 0x000001a990e6f030 12655       4       java.util.HashMap::afterNodeRemoval (1 bytes)
Event: 36.807 Thread 0x000001a9855efcf0 nmethod 12652 0x000001a9f1d3db10 code [0x000001a9f1d3e6c0, 0x000001a9f1d46e80]
Event: 36.807 Thread 0x000001a9855efcf0 12653       3       org.gradle.api.internal.tasks.DefaultTaskDependency$TaskDependencySet::isEmpty (10 bytes)
Event: 36.807 Thread 0x000001a990e6f030 nmethod 12655 0x000001a9f8b64d90 code [0x000001a9f8b64f20, 0x000001a9f8b64fa8]
Event: 36.808 Thread 0x000001a9855efcf0 nmethod 12653 0x000001a9f1d49390 code [0x000001a9f1d49540, 0x000001a9f1d49710]
Event: 36.808 Thread 0x000001a9855efcf0 12656       3       org.gradle.api.internal.model.DefaultObjectFactory::fileCollection (10 bytes)
Event: 36.808 Thread 0x000001a9855efcf0 nmethod 12656 0x000001a9f1d49810 code [0x000001a9f1d499c0, 0x000001a9f1d49b40]
Event: 36.808 Thread 0x000001a9855efcf0 12654       1       org.gradle.api.internal.tasks.DefaultTaskInputs::access$100 (5 bytes)
Event: 36.808 Thread 0x000001a9855efcf0 nmethod 12654 0x000001a9f8b65090 code [0x000001a9f8b65220, 0x000001a9f8b652d0]
Event: 37.710 Thread 0x000001a9855efcf0 12657       1       org.gradle.internal.concurrent.AbstractManagedExecutor::access$100 (5 bytes)
Event: 37.710 Thread 0x000001a9855efcf0 nmethod 12657 0x000001a9f8b65390 code [0x000001a9f8b65520, 0x000001a9f8b655d0]

GC Heap History (20 events):
Event: 23.068 GC heap before
{Heap before GC invocations=31 (full 0):
 garbage-first heap   total 143360K, used 123492K [0x0000000080000000, 0x0000000100000000)
  region size 1024K, 40 young (40960K), 2 survivors (2048K)
 Metaspace       used 81890K, committed 83776K, reserved 1179648K
  class space    used 11414K, committed 12288K, reserved 1048576K
}
Event: 23.075 GC heap after
{Heap after GC invocations=32 (full 0):
 garbage-first heap   total 143360K, used 85572K [0x0000000080000000, 0x0000000100000000)
  region size 1024K, 3 young (3072K), 3 survivors (3072K)
 Metaspace       used 81890K, committed 83776K, reserved 1179648K
  class space    used 11414K, committed 12288K, reserved 1048576K
}
Event: 24.376 GC heap before
{Heap before GC invocations=32 (full 0):
 garbage-first heap   total 143360K, used 134724K [0x0000000080000000, 0x0000000100000000)
  region size 1024K, 46 young (47104K), 3 survivors (3072K)
 Metaspace       used 85113K, committed 87040K, reserved 1179648K
  class space    used 11832K, committed 12800K, reserved 1048576K
}
Event: 24.389 GC heap after
{Heap after GC invocations=33 (full 0):
 garbage-first heap   total 145408K, used 90106K [0x0000000080000000, 0x0000000100000000)
  region size 1024K, 6 young (6144K), 6 survivors (6144K)
 Metaspace       used 85113K, committed 87040K, reserved 1179648K
  class space    used 11832K, committed 12800K, reserved 1048576K
}
Event: 25.778 GC heap before
{Heap before GC invocations=33 (full 0):
 garbage-first heap   total 145408K, used 131066K [0x0000000080000000, 0x0000000100000000)
  region size 1024K, 46 young (47104K), 6 survivors (6144K)
 Metaspace       used 88033K, committed 89984K, reserved 1179648K
  class space    used 12215K, committed 13184K, reserved 1048576K
}
Event: 25.788 GC heap after
{Heap after GC invocations=34 (full 0):
 garbage-first heap   total 145408K, used 92703K [0x0000000080000000, 0x0000000100000000)
  region size 1024K, 3 young (3072K), 3 survivors (3072K)
 Metaspace       used 88033K, committed 89984K, reserved 1179648K
  class space    used 12215K, committed 13184K, reserved 1048576K
}
Event: 27.236 GC heap before
{Heap before GC invocations=35 (full 0):
 garbage-first heap   total 157696K, used 135711K [0x0000000080000000, 0x0000000100000000)
  region size 1024K, 42 young (43008K), 3 survivors (3072K)
 Metaspace       used 92262K, committed 94272K, reserved 1179648K
  class space    used 12777K, committed 13760K, reserved 1048576K
}
Event: 27.244 GC heap after
{Heap after GC invocations=36 (full 0):
 garbage-first heap   total 157696K, used 99231K [0x0000000080000000, 0x0000000100000000)
  region size 1024K, 5 young (5120K), 5 survivors (5120K)
 Metaspace       used 92262K, committed 94272K, reserved 1179648K
  class space    used 12777K, committed 13760K, reserved 1048576K
}
Event: 28.455 GC heap before
{Heap before GC invocations=36 (full 0):
 garbage-first heap   total 157696K, used 145311K [0x0000000080000000, 0x0000000100000000)
  region size 1024K, 50 young (51200K), 5 survivors (5120K)
 Metaspace       used 94445K, committed 96448K, reserved 1179648K
  class space    used 13079K, committed 14080K, reserved 1048576K
}
Event: 28.466 GC heap after
{Heap after GC invocations=37 (full 0):
 garbage-first heap   total 157696K, used 103039K [0x0000000080000000, 0x0000000100000000)
  region size 1024K, 7 young (7168K), 7 survivors (7168K)
 Metaspace       used 94445K, committed 96448K, reserved 1179648K
  class space    used 13079K, committed 14080K, reserved 1048576K
}
Event: 29.443 GC heap before
{Heap before GC invocations=37 (full 0):
 garbage-first heap   total 157696K, used 145023K [0x0000000080000000, 0x0000000100000000)
  region size 1024K, 48 young (49152K), 7 survivors (7168K)
 Metaspace       used 96092K, committed 98112K, reserved 1179648K
  class space    used 13292K, committed 14272K, reserved 1048576K
}
Event: 29.452 GC heap after
{Heap after GC invocations=38 (full 0):
 garbage-first heap   total 157696K, used 105375K [0x0000000080000000, 0x0000000100000000)
  region size 1024K, 5 young (5120K), 5 survivors (5120K)
 Metaspace       used 96092K, committed 98112K, reserved 1179648K
  class space    used 13292K, committed 14272K, reserved 1048576K
}
Event: 30.585 GC heap before
{Heap before GC invocations=39 (full 0):
 garbage-first heap   total 178176K, used 144287K [0x0000000080000000, 0x0000000100000000)
  region size 1024K, 43 young (44032K), 5 survivors (5120K)
 Metaspace       used 98678K, committed 100736K, reserved 1179648K
  class space    used 13699K, committed 14720K, reserved 1048576K
}
Event: 30.592 GC heap after
{Heap after GC invocations=40 (full 0):
 garbage-first heap   total 178176K, used 106808K [0x0000000080000000, 0x0000000100000000)
  region size 1024K, 2 young (2048K), 2 survivors (2048K)
 Metaspace       used 98678K, committed 100736K, reserved 1179648K
  class space    used 13699K, committed 14720K, reserved 1048576K
}
Event: 32.318 GC heap before
{Heap before GC invocations=40 (full 0):
 garbage-first heap   total 178176K, used 163128K [0x0000000080000000, 0x0000000100000000)
  region size 1024K, 57 young (58368K), 2 survivors (2048K)
 Metaspace       used 102927K, committed 105088K, reserved 1179648K
  class space    used 14436K, committed 15488K, reserved 1048576K
}
Event: 32.328 GC heap after
{Heap after GC invocations=41 (full 0):
 garbage-first heap   total 178176K, used 107782K [0x0000000080000000, 0x0000000100000000)
  region size 1024K, 4 young (4096K), 4 survivors (4096K)
 Metaspace       used 102927K, committed 105088K, reserved 1179648K
  class space    used 14436K, committed 15488K, reserved 1048576K
}
Event: 33.931 GC heap before
{Heap before GC invocations=41 (full 0):
 garbage-first heap   total 178176K, used 165126K [0x0000000080000000, 0x0000000100000000)
  region size 1024K, 60 young (61440K), 4 survivors (4096K)
 Metaspace       used 106898K, committed 109056K, reserved 1179648K
  class space    used 15026K, committed 16064K, reserved 1048576K
}
Event: 33.942 GC heap after
{Heap after GC invocations=42 (full 0):
 garbage-first heap   total 178176K, used 111006K [0x0000000080000000, 0x0000000100000000)
  region size 1024K, 7 young (7168K), 7 survivors (7168K)
 Metaspace       used 106898K, committed 109056K, reserved 1179648K
  class space    used 15026K, committed 16064K, reserved 1048576K
}
Event: 35.636 GC heap before
{Heap before GC invocations=43 (full 0):
 garbage-first heap   total 186368K, used 166302K [0x0000000080000000, 0x0000000100000000)
  region size 1024K, 61 young (62464K), 7 survivors (7168K)
 Metaspace       used 111257K, committed 113472K, reserved 1179648K
  class space    used 15727K, committed 16832K, reserved 1048576K
}
Event: 35.646 GC heap after
{Heap after GC invocations=44 (full 0):
 garbage-first heap   total 186368K, used 113185K [0x0000000080000000, 0x0000000100000000)
  region size 1024K, 6 young (6144K), 6 survivors (6144K)
 Metaspace       used 111257K, committed 113472K, reserved 1179648K
  class space    used 15727K, committed 16832K, reserved 1048576K
}

Dll operation events (3 events):
Event: 0.024 Loaded shared library C:\Program Files\Android\Android Studio\jbr\bin\java.dll
Event: 0.039 Loaded shared library C:\Program Files\Android\Android Studio\jbr\bin\zip.dll
Event: 0.923 Loaded shared library C:\Program Files\Android\Android Studio\jbr\bin\verify.dll

Deoptimization events (20 events):
Event: 35.996 Thread 0x000001a98c37d8a0 DEOPT PACKING pc=0x000001a9f8959d18 sp=0x0000006a079f7ad0
Event: 35.996 Thread 0x000001a98c37d8a0 DEOPT UNPACKING pc=0x000001a9f7f943a2 sp=0x0000006a079f7aa0 mode 2
Event: 36.018 Thread 0x000001a98c37d8a0 Uncommon trap: trap_request=0xffffffd6 fr.pc=0x000001a9f8b3f91c relative=0x00000000000009bc
Event: 36.018 Thread 0x000001a98c37d8a0 Uncommon trap: reason=array_check action=maybe_recompile pc=0x000001a9f8b3f91c method=java.util.TimSort.binarySort([Ljava/lang/Object;IIILjava/util/Comparator;)V @ 183 c2
Event: 36.018 Thread 0x000001a98c37d8a0 DEOPT PACKING pc=0x000001a9f8b3f91c sp=0x0000006a079f8db0
Event: 36.018 Thread 0x000001a98c37d8a0 DEOPT UNPACKING pc=0x000001a9f7f943a2 sp=0x0000006a079f8d58 mode 2
Event: 36.018 Thread 0x000001a98c37d8a0 Uncommon trap: trap_request=0xffffffd6 fr.pc=0x000001a9f8b3f91c relative=0x00000000000009bc
Event: 36.018 Thread 0x000001a98c37d8a0 Uncommon trap: reason=array_check action=maybe_recompile pc=0x000001a9f8b3f91c method=java.util.TimSort.binarySort([Ljava/lang/Object;IIILjava/util/Comparator;)V @ 183 c2
Event: 36.018 Thread 0x000001a98c37d8a0 DEOPT PACKING pc=0x000001a9f8b3f91c sp=0x0000006a079f8db0
Event: 36.018 Thread 0x000001a98c37d8a0 DEOPT UNPACKING pc=0x000001a9f7f943a2 sp=0x0000006a079f8d58 mode 2
Event: 36.259 Thread 0x000001a98c37d8a0 DEOPT PACKING pc=0x000001a9f1ade00e sp=0x0000006a079f90f0
Event: 36.259 Thread 0x000001a98c37d8a0 DEOPT UNPACKING pc=0x000001a9f7f94b42 sp=0x0000006a079f86d8 mode 0
Event: 36.338 Thread 0x000001a98c37d8a0 DEOPT PACKING pc=0x000001a9f1ade00e sp=0x0000006a079f9050
Event: 36.338 Thread 0x000001a98c37d8a0 DEOPT UNPACKING pc=0x000001a9f7f94b42 sp=0x0000006a079f8638 mode 0
Event: 36.459 Thread 0x000001a98c37d8a0 DEOPT PACKING pc=0x000001a9f1ade00e sp=0x0000006a079f90d0
Event: 36.459 Thread 0x000001a98c37d8a0 DEOPT UNPACKING pc=0x000001a9f7f94b42 sp=0x0000006a079f86b8 mode 0
Event: 36.553 Thread 0x000001a98c37d8a0 DEOPT PACKING pc=0x000001a9f1ade13e sp=0x0000006a079f91e0
Event: 36.553 Thread 0x000001a98c37d8a0 DEOPT UNPACKING pc=0x000001a9f7f94b42 sp=0x0000006a079f87c8 mode 0
Event: 36.651 Thread 0x000001a98c37d8a0 DEOPT PACKING pc=0x000001a9f1ade00e sp=0x0000006a079f8fb0
Event: 36.651 Thread 0x000001a98c37d8a0 DEOPT UNPACKING pc=0x000001a9f7f94b42 sp=0x0000006a079f8598 mode 0

Classes loaded (20 events):
Event: 35.698 Loading class java/io/CharConversionException done
Event: 35.698 Loading class com/sun/org/apache/xerces/internal/impl/io/MalformedByteSequenceException done
Event: 35.880 Loading class java/util/concurrent/ConcurrentSkipListMap$KeySet
Event: 35.881 Loading class java/util/concurrent/ConcurrentSkipListMap$KeySet done
Event: 35.881 Loading class java/util/concurrent/ConcurrentSkipListMap$KeyIterator
Event: 35.881 Loading class java/util/concurrent/ConcurrentSkipListMap$KeyIterator done
Event: 35.881 Loading class java/net/InetAddress$NameServiceAddresses
Event: 35.882 Loading class java/net/InetAddress$Addresses
Event: 35.882 Loading class java/net/InetAddress$Addresses done
Event: 35.882 Loading class java/net/InetAddress$NameServiceAddresses done
Event: 35.882 Loading class java/net/spi/InetAddressResolverProvider
Event: 35.882 Loading class java/net/spi/InetAddressResolverProvider done
Event: 35.895 Loading class sun/net/InetAddressCachePolicy
Event: 35.896 Loading class sun/net/InetAddressCachePolicy done
Event: 35.896 Loading class sun/net/InetAddressCachePolicy$1
Event: 35.896 Loading class sun/net/InetAddressCachePolicy$1 done
Event: 35.896 Loading class java/net/InetAddress$CachedLookup
Event: 35.896 Loading class java/net/InetAddress$CachedLookup done
Event: 35.896 Loading class java/net/InetAddress$CachedLocalHost
Event: 35.896 Loading class java/net/InetAddress$CachedLocalHost done

Classes unloaded (0 events):
No events

Classes redefined (0 events):
No events

Internal exceptions (20 events):
Event: 36.615 Thread 0x000001a98c37d8a0 Exception <a 'sun/nio/fs/WindowsException'{0x0000000088bc7500}> (0x0000000088bc7500) 
thrown [s\src\hotspot\share\prims\jni.cpp, line 537]
Event: 36.617 Thread 0x000001a98c37d8a0 Exception <a 'sun/nio/fs/WindowsException'{0x0000000088bd3f68}> (0x0000000088bd3f68) 
thrown [s\src\hotspot\share\prims\jni.cpp, line 537]
Event: 36.621 Thread 0x000001a98c37d8a0 Exception <a 'sun/nio/fs/WindowsException'{0x0000000088be2a48}> (0x0000000088be2a48) 
thrown [s\src\hotspot\share\prims\jni.cpp, line 537]
Event: 36.637 Thread 0x000001a98c37d8a0 Exception <a 'sun/nio/fs/WindowsException'{0x0000000088a950d8}> (0x0000000088a950d8) 
thrown [s\src\hotspot\share\prims\jni.cpp, line 537]
Event: 36.662 Thread 0x000001a98c37d8a0 Exception <a 'sun/nio/fs/WindowsException'{0x000000008895edf8}> (0x000000008895edf8) 
thrown [s\src\hotspot\share\prims\jni.cpp, line 537]
Event: 36.664 Thread 0x000001a98c37d8a0 Exception <a 'sun/nio/fs/WindowsException'{0x000000008896b380}> (0x000000008896b380) 
thrown [s\src\hotspot\share\prims\jni.cpp, line 537]
Event: 36.665 Thread 0x000001a98c37d8a0 Exception <a 'sun/nio/fs/WindowsException'{0x0000000088977170}> (0x0000000088977170) 
thrown [s\src\hotspot\share\prims\jni.cpp, line 537]
Event: 36.668 Thread 0x000001a98c37d8a0 Exception <a 'sun/nio/fs/WindowsException'{0x0000000088986688}> (0x0000000088986688) 
thrown [s\src\hotspot\share\prims\jni.cpp, line 537]
Event: 36.687 Thread 0x000001a98c37d8a0 Exception <a 'sun/nio/fs/WindowsException'{0x00000000889c6d38}> (0x00000000889c6d38) 
thrown [s\src\hotspot\share\prims\jni.cpp, line 537]
Event: 36.689 Thread 0x000001a98c37d8a0 Exception <a 'sun/nio/fs/WindowsException'{0x00000000889d1a30}> (0x00000000889d1a30) 
thrown [s\src\hotspot\share\prims\jni.cpp, line 537]
Event: 36.704 Thread 0x000001a98c37d8a0 Exception <a 'sun/nio/fs/WindowsException'{0x000000008889d260}> (0x000000008889d260) 
thrown [s\src\hotspot\share\prims\jni.cpp, line 537]
Event: 36.706 Thread 0x000001a98c37d8a0 Exception <a 'sun/nio/fs/WindowsException'{0x00000000888a8940}> (0x00000000888a8940) 
thrown [s\src\hotspot\share\prims\jni.cpp, line 537]
Event: 36.707 Thread 0x000001a98c37d8a0 Exception <a 'sun/nio/fs/WindowsException'{0x00000000888bc1c8}> (0x00000000888bc1c8) 
thrown [s\src\hotspot\share\prims\jni.cpp, line 537]
Event: 36.716 Thread 0x000001a98c37d8a0 Exception <a 'sun/nio/fs/WindowsException'{0x00000000888dd3e0}> (0x00000000888dd3e0) 
thrown [s\src\hotspot\share\prims\jni.cpp, line 537]
Event: 36.751 Thread 0x000001a98c37d8a0 Exception <a 'sun/nio/fs/WindowsException'{0x0000000088604638}> (0x0000000088604638) 
thrown [s\src\hotspot\share\prims\jni.cpp, line 537]
Event: 36.757 Thread 0x000001a98c37d8a0 Exception <a 'sun/nio/fs/WindowsException'{0x000000008861c260}> (0x000000008861c260) 
thrown [s\src\hotspot\share\prims\jni.cpp, line 537]
Event: 36.758 Thread 0x000001a98c37d8a0 Exception <a 'sun/nio/fs/WindowsException'{0x0000000088627338}> (0x0000000088627338) 
thrown [s\src\hotspot\share\prims\jni.cpp, line 537]
Event: 36.759 Thread 0x000001a98c37d8a0 Exception <a 'sun/nio/fs/WindowsException'{0x000000008863a500}> (0x000000008863a500) 
thrown [s\src\hotspot\share\prims\jni.cpp, line 537]
Event: 36.775 Thread 0x000001a98c37d8a0 Exception <a 'sun/nio/fs/WindowsException'{0x000000008850d198}> (0x000000008850d198) 
thrown [s\src\hotspot\share\prims\jni.cpp, line 537]
Event: 36.784 Thread 0x000001a98c37d8a0 Exception <a 'sun/nio/fs/WindowsException'{0x0000000088567ca8}> (0x0000000088567ca8) 
thrown [s\src\hotspot\share\prims\jni.cpp, line 537]

ZGC Phase Switch (0 events):
No events

VM Operations (20 events):
Event: 33.931 Executing VM operation: G1CollectForAllocation (G1 Evacuation Pause)
Event: 33.942 Executing VM operation: G1CollectForAllocation (G1 Evacuation Pause) done
Event: 34.031 Executing VM operation: G1PauseRemark
Event: 34.040 Executing VM operation: G1PauseRemark done
Event: 34.081 Executing VM operation: G1PauseCleanup
Event: 34.081 Executing VM operation: G1PauseCleanup done
Event: 34.730 Executing VM operation: HandshakeAllThreads (Deoptimize)
Event: 34.731 Executing VM operation: HandshakeAllThreads (Deoptimize) done
Event: 35.595 Executing VM operation: HandshakeAllThreads (Deoptimize)
Event: 35.595 Executing VM operation: HandshakeAllThreads (Deoptimize) done
Event: 35.595 Executing VM operation: Cleanup
Event: 35.595 Executing VM operation: Cleanup done
Event: 35.636 Executing VM operation: G1CollectForAllocation (G1 Evacuation Pause)
Event: 35.646 Executing VM operation: G1CollectForAllocation (G1 Evacuation Pause) done
Event: 35.715 Executing VM operation: HandshakeAllThreads (Deoptimize)
Event: 35.716 Executing VM operation: HandshakeAllThreads (Deoptimize) done
Event: 36.444 Executing VM operation: ICBufferFull
Event: 36.444 Executing VM operation: ICBufferFull done
Event: 37.458 Executing VM operation: Cleanup
Event: 37.458 Executing VM operation: Cleanup done

Memory protections (0 events):
No events

Nmethod flushes (20 events):
Event: 34.037 Thread 0x000001a98516ec20 flushing  nmethod 0x000001a9f0ca9290
Event: 34.037 Thread 0x000001a98516ec20 flushing  nmethod 0x000001a9f0db3310
Event: 34.037 Thread 0x000001a98516ec20 flushing  nmethod 0x000001a9f0e36510
Event: 34.037 Thread 0x000001a98516ec20 flushing  nmethod 0x000001a9f0e7fe90
Event: 34.037 Thread 0x000001a98516ec20 flushing  nmethod 0x000001a9f0e8bf90
Event: 34.037 Thread 0x000001a98516ec20 flushing  nmethod 0x000001a9f1053690
Event: 34.037 Thread 0x000001a98516ec20 flushing  nmethod 0x000001a9f1190110
Event: 34.037 Thread 0x000001a98516ec20 flushing  nmethod 0x000001a9f1200d10
Event: 34.037 Thread 0x000001a98516ec20 flushing  nmethod 0x000001a9f1247490
Event: 34.037 Thread 0x000001a98516ec20 flushing  nmethod 0x000001a9f1279c10
Event: 34.037 Thread 0x000001a98516ec20 flushing  nmethod 0x000001a9f13c3310
Event: 34.037 Thread 0x000001a98516ec20 flushing  nmethod 0x000001a9f0f35810
Event: 34.037 Thread 0x000001a98516ec20 flushing  nmethod 0x000001a9f1227010
Event: 34.037 Thread 0x000001a98516ec20 flushing  nmethod 0x000001a9f13a3310
Event: 34.037 Thread 0x000001a98516ec20 flushing  nmethod 0x000001a9f13a4f10
Event: 34.037 Thread 0x000001a98516ec20 flushing  nmethod 0x000001a9f13efc10
Event: 34.037 Thread 0x000001a98516ec20 flushing  nmethod 0x000001a9f1436190
Event: 34.037 Thread 0x000001a98516ec20 flushing  nmethod 0x000001a9f143a810
Event: 34.037 Thread 0x000001a98516ec20 flushing  nmethod 0x000001a9f143af90
Event: 34.037 Thread 0x000001a98516ec20 flushing  nmethod 0x000001a9f143b990

Events (20 events):
Event: 26.932 Thread 0x000001a9855efcf0 Thread added: 0x000001a990e6c750
Event: 26.962 Thread 0x000001a990e6c750 Thread added: 0x000001a990e697a0
Event: 27.105 Thread 0x000001a990e697a0 Thread exited: 0x000001a990e697a0
Event: 27.105 Thread 0x000001a990e6c750 Thread exited: 0x000001a990e6c750
Event: 27.146 Thread 0x000001a9855efcf0 Thread added: 0x000001a990e6c750
Event: 28.681 Thread 0x000001a990e6c750 Thread added: 0x000001a990e6ac10
Event: 28.873 Thread 0x000001a990e6ac10 Thread exited: 0x000001a990e6ac10
Event: 29.260 Thread 0x000001a990e6c750 Thread exited: 0x000001a990e6c750
Event: 29.919 Thread 0x000001a9855ef250 Thread added: 0x000001a990e690d0
Event: 30.078 Thread 0x000001a990e690d0 Thread exited: 0x000001a990e690d0
Event: 30.160 Thread 0x000001a9855efcf0 Thread added: 0x000001a990e6c750
Event: 30.716 Thread 0x000001a990e6c750 Thread exited: 0x000001a990e6c750
Event: 33.273 Thread 0x000001a9855efcf0 Thread added: 0x000001a990e6d4f0
Event: 33.448 Thread 0x000001a990e6d4f0 Thread exited: 0x000001a990e6d4f0
Event: 34.067 Thread 0x000001a9855efcf0 Thread added: 0x000001a990e6f030
Event: 34.918 Thread 0x000001a990e6f030 Thread exited: 0x000001a990e6f030
Event: 35.230 Thread 0x000001a9855efcf0 Thread added: 0x000001a990e6c750
Event: 35.656 Thread 0x000001a990e6c750 Thread exited: 0x000001a990e6c750
Event: 35.683 Thread 0x000001a9855ef250 Thread added: 0x000001a990e6f030
Event: 37.710 Thread 0x000001a990e6f030 Thread exited: 0x000001a990e6f030


Dynamic libraries:
0x00007ff7a0be0000 - 0x00007ff7a0bea000 	C:\Program Files\Android\Android Studio\jbr\bin\java.exe
0x00007ffbea820000 - 0x00007ffbeaa87000 	C:\WINDOWS\SYSTEM32\ntdll.dll
0x00007ffbe9a80000 - 0x00007ffbe9b49000 	C:\WINDOWS\System32\KERNEL32.DLL
0x00007ffbe8100000 - 0x00007ffbe84f1000 	C:\WINDOWS\System32\KERNELBASE.dll
0x00007ffbe7fb0000 - 0x00007ffbe80fb000 	C:\WINDOWS\System32\ucrtbase.dll
0x00007ffbe4110000 - 0x00007ffbe412b000 	C:\Program Files\Android\Android Studio\jbr\bin\VCRUNTIME140.dll
0x00007ffbb3040000 - 0x00007ffbb3058000 	C:\Program Files\Android\Android Studio\jbr\bin\jli.dll
0x00007ffbea610000 - 0x00007ffbea7d5000 	C:\WINDOWS\System32\USER32.dll
0x00007ffbe7240000 - 0x00007ffbe7267000 	C:\WINDOWS\System32\win32u.dll
0x00007ffbe8d40000 - 0x00007ffbe8d6b000 	C:\WINDOWS\System32\GDI32.dll
0x00007ffbe7270000 - 0x00007ffbe739b000 	C:\WINDOWS\System32\gdi32full.dll
0x00007ffbe73a0000 - 0x00007ffbe7443000 	C:\WINDOWS\System32\msvcp_win.dll
0x00007ffbd1320000 - 0x00007ffbd15b3000 	C:\WINDOWS\WinSxS\amd64_microsoft.windows.common-controls_6595b64144ccf1df_6.0.26100.8037_none_3e092faae333b53b\COMCTL32.dll
0x00007ffbe85c0000 - 0x00007ffbe8669000 	C:\WINDOWS\System32\msvcrt.dll
0x00007ffbe9740000 - 0x00007ffbe9771000 	C:\WINDOWS\System32\IMM32.DLL
0x0000000065060000 - 0x000000006506d000 	C:\Program Files (x86)\360\Total Security\safemon\SafeWrapper.dll
0x00007ffbe9680000 - 0x00007ffbe973b000 	C:\WINDOWS\System32\ADVAPI32.dll
0x00007ffbe99d0000 - 0x00007ffbe9a77000 	C:\WINDOWS\System32\sechost.dll
0x00007ffbe9fa0000 - 0x00007ffbea0b8000 	C:\WINDOWS\System32\RPCRT4.dll
0x00007ffbde140000 - 0x00007ffbde245000 	C:\Program Files (x86)\360\Total Security\safemon\libzdtp64.dll
0x00007ffbe8d80000 - 0x00007ffbe94df000 	C:\WINDOWS\System32\SHELL32.dll
0x00007ffbe7e40000 - 0x00007ffbe7faa000 	C:\WINDOWS\System32\wintypes.dll
0x00007ffbe8670000 - 0x00007ffbe89f2000 	C:\WINDOWS\System32\combase.dll
0x00007ffbe8ab0000 - 0x00007ffbe8b17000 	C:\WINDOWS\System32\SHLWAPI.dll
0x00007ffbe7450000 - 0x00007ffbe7cb4000 	C:\WINDOWS\System32\Windows.Storage.dll
0x00007ffbe69e0000 - 0x00007ffbe69eb000 	C:\WINDOWS\SYSTEM32\VERSION.dll
0x00007ffbe4100000 - 0x00007ffbe410c000 	C:\Program Files\Android\Android Studio\jbr\bin\vcruntime140_1.dll
0x00007ffb7ba60000 - 0x00007ffb7baed000 	C:\Program Files\Android\Android Studio\jbr\bin\msvcp140.dll
0x00007ffb80ce0000 - 0x00007ffb81976000 	C:\Program Files\Android\Android Studio\jbr\bin\server\jvm.dll
0x00007ffbe94f0000 - 0x00007ffbe9564000 	C:\WINDOWS\System32\WS2_32.dll
0x00007ffbda7b0000 - 0x00007ffbda7e5000 	C:\WINDOWS\SYSTEM32\WINMM.dll
0x00007ffbe6f80000 - 0x00007ffbe6fde000 	C:\WINDOWS\SYSTEM32\POWRPROF.dll
0x00007ffbe6f60000 - 0x00007ffbe6f74000 	C:\WINDOWS\SYSTEM32\UMPDC.dll
0x00007ffbe5e20000 - 0x00007ffbe5e3b000 	C:\WINDOWS\SYSTEM32\kernel.appcore.dll
0x00007ffbdd870000 - 0x00007ffbdd87a000 	C:\Program Files\Android\Android Studio\jbr\bin\jimage.dll
0x00007ffbe4ed0000 - 0x00007ffbe5112000 	C:\WINDOWS\SYSTEM32\DBGHELP.DLL
0x00007ffbe8c60000 - 0x00007ffbe8d37000 	C:\WINDOWS\System32\OLEAUT32.dll
0x00007ffbbe0c0000 - 0x00007ffbbe0fb000 	C:\WINDOWS\SYSTEM32\dbgcore.DLL
0x00007ffbe7190000 - 0x00007ffbe7235000 	C:\WINDOWS\System32\bcryptPrimitives.dll
0x00007ffbd3130000 - 0x00007ffbd313e000 	C:\Program Files\Android\Android Studio\jbr\bin\instrument.dll
0x00007ffbdd7e0000 - 0x00007ffbdd800000 	C:\Program Files\Android\Android Studio\jbr\bin\java.dll
0x00007ffbdd7c0000 - 0x00007ffbdd7d8000 	C:\Program Files\Android\Android Studio\jbr\bin\zip.dll
0x00007ffbe8b40000 - 0x00007ffbe8c37000 	C:\WINDOWS\System32\SHCORE.dll
0x00007ffbe6ff0000 - 0x00007ffbe7019000 	C:\WINDOWS\SYSTEM32\profapi.dll
0x00007ffbdd7b0000 - 0x00007ffbdd7c0000 	C:\Program Files\Android\Android Studio\jbr\bin\net.dll
0x00007ffbde410000 - 0x00007ffbde537000 	C:\WINDOWS\SYSTEM32\WINHTTP.dll
0x00007ffbe6390000 - 0x00007ffbe63fb000 	C:\WINDOWS\system32\mswsock.dll
0x00007ffbdd790000 - 0x00007ffbdd7a6000 	C:\Program Files\Android\Android Studio\jbr\bin\nio.dll
0x00007ffbd3a30000 - 0x00007ffbd3a40000 	C:\Program Files\Android\Android Studio\jbr\bin\verify.dll
0x00007ffbb3090000 - 0x00007ffbb30b7000 	C:\Users\User\.gradle\native\1def1411415f61bf3af743bc5b6707747c0891f09f0c88961ee8f79bc544acac\windows-amd64\native-platform.dll
0x00007ffb7b9e0000 - 0x00007ffb7ba58000 	C:\Users\User\.gradle\native\0.2.7\x86_64-windows-gnu\gradle-fileevents.dll
0x00007ffbda4e0000 - 0x00007ffbda4e9000 	C:\Program Files\Android\Android Studio\jbr\bin\management.dll
0x00007ffbd3de0000 - 0x00007ffbd3deb000 	C:\Program Files\Android\Android Studio\jbr\bin\management_ext.dll
0x00007ffbe8d70000 - 0x00007ffbe8d78000 	C:\WINDOWS\System32\PSAPI.DLL
0x00007ffbe57a0000 - 0x00007ffbe57d3000 	C:\WINDOWS\SYSTEM32\IPHLPAPI.DLL
0x00007ffbe9f90000 - 0x00007ffbe9f9a000 	C:\WINDOWS\System32\NSI.dll
0x00007ffbdd6a0000 - 0x00007ffbdd6a9000 	C:\Program Files\Android\Android Studio\jbr\bin\extnet.dll
0x00007ffbe6670000 - 0x00007ffbe668b000 	C:\WINDOWS\SYSTEM32\CRYPTSP.dll
0x00007ffbe5d80000 - 0x00007ffbe5db9000 	C:\WINDOWS\system32\rsaenh.dll
0x00007ffbe6440000 - 0x00007ffbe6472000 	C:\WINDOWS\SYSTEM32\USERENV.dll
0x00007ffbe7020000 - 0x00007ffbe704a000 	C:\WINDOWS\SYSTEM32\bcrypt.dll
0x00007ffbe6690000 - 0x00007ffbe669c000 	C:\WINDOWS\SYSTEM32\CRYPTBASE.dll
0x00007ffbcdcf0000 - 0x00007ffbcdcf8000 	C:\WINDOWS\system32\wshunix.dll
0x00007ffb1de10000 - 0x00007ffb1de28000 	C:\WINDOWS\system32\napinsp.dll
0x00007ffbe5920000 - 0x00007ffbe5a4a000 	C:\WINDOWS\SYSTEM32\DNSAPI.dll
0x00007ffb1dbc0000 - 0x00007ffb1dbd2000 	C:\WINDOWS\System32\winrnr.dll
0x00007ffbcfd20000 - 0x00007ffbcfd42000 	C:\WINDOWS\system32\nlansp_c.dll
0x00007ffbbb4e0000 - 0x00007ffbbb4f6000 	C:\WINDOWS\system32\wshbth.dll
0x00007ffbde300000 - 0x00007ffbde30b000 	C:\Windows\System32\rasadhlp.dll
0x00007ffbe0f70000 - 0x00007ffbe0ff6000 	C:\WINDOWS\System32\fwpuclnt.dll

JVMTI agents:
C:\Users\User\.gradle\wrapper\dists\gradle-8.13-bin\5xuhj0ry160q40clulazy9h7d\gradle-8.13\lib\agents\gradle-instrumentation-agent-8.13.jar path:C:\Program Files\Android\Android Studio\jbr\bin\instrument.dll, loaded, initialized, instrumentlib options:none

dbghelp: loaded successfully - version: 4.0.5 - missing functions: none
symbol engine: initialized successfully - sym options: 0x614 - pdb path: .;C:\Program Files\Android\Android Studio\jbr\bin;C:\WINDOWS\SYSTEM32;C:\WINDOWS\WinSxS\amd64_microsoft.windows.common-controls_6595b64144ccf1df_6.0.26100.8037_none_3e092faae333b53b;C:\Program Files (x86)\360\Total Security\safemon;C:\Program Files\Android\Android Studio\jbr\bin\server;C:\Users\User\.gradle\native\1def1411415f61bf3af743bc5b6707747c0891f09f0c88961ee8f79bc544acac\windows-amd64;C:\Users\User\.gradle\native\0.2.7\x86_64-windows-gnu

VM Arguments:
jvm_args: --add-opens=java.base/java.lang=ALL-UNNAMED --add-opens=java.base/java.lang.invoke=ALL-UNNAMED --add-opens=java.base/java.util=ALL-UNNAMED --add-opens=java.prefs/java.util.prefs=ALL-UNNAMED --add-exports=jdk.compiler/com.sun.tools.javac.api=ALL-UNNAMED --add-exports=jdk.compiler/com.sun.tools.javac.util=ALL-UNNAMED --add-opens=java.base/java.util=ALL-UNNAMED --add-opens=java.prefs/java.util.prefs=ALL-UNNAMED --add-opens=java.base/java.nio.charset=ALL-UNNAMED --add-opens=java.base/java.net=ALL-UNNAMED --add-opens=java.base/java.util.concurrent.atomic=ALL-UNNAMED --add-opens=java.xml/javax.xml.namespace=ALL-UNNAMED -Xmx2048m -Dfile.encoding=UTF-8 -Duser.country=RU -Duser.language=ru -Duser.variant -javaagent:C:\Users\User\.gradle\wrapper\dists\gradle-8.13-bin\5xuhj0ry160q40clulazy9h7d\gradle-8.13\lib\agents\gradle-instrumentation-agent-8.13.jar 
java_command: org.gradle.launcher.daemon.bootstrap.GradleDaemon 8.13
java_class_path (initial): C:\Users\User\.gradle\wrapper\dists\gradle-8.13-bin\5xuhj0ry160q40clulazy9h7d\gradle-8.13\lib\gradle-daemon-main-8.13.jar
Launcher Type: SUN_STANDARD

[Global flags]
     intx CICompilerCount                          = 4                                         {product} {ergonomic}
     uint ConcGCThreads                            = 3                                         {product} {ergonomic}
     uint G1ConcRefinementThreads                  = 10                                        {product} {ergonomic}
   size_t G1HeapRegionSize                         = 1048576                                   {product} {ergonomic}
    uintx GCDrainStackTargetSize                   = 64                                        {product} {ergonomic}
   size_t InitialHeapSize                          = 197132288                                 {product} {ergonomic}
   size_t MarkStackSize                            = 4194304                                   {product} {ergonomic}
   size_t MaxHeapSize                              = 2147483648                                {product} {command line}
   size_t MaxNewSize                               = 1287651328                                {product} {ergonomic}
   size_t MinHeapDeltaBytes                        = 1048576                                   {product} {ergonomic}
   size_t MinHeapSize                              = 8388608                                   {product} {ergonomic}
    uintx NonNMethodCodeHeapSize                   = 5839372                                {pd product} {ergonomic}
    uintx NonProfiledCodeHeapSize                  = 122909434                              {pd product} {ergonomic}
    uintx ProfiledCodeHeapSize                     = 122909434                              {pd product} {ergonomic}
    uintx ReservedCodeCacheSize                    = 251658240                              {pd product} {ergonomic}
     bool SegmentedCodeCache                       = true                                      {product} {ergonomic}
   size_t SoftMaxHeapSize                          = 2147483648                             {manageable} {ergonomic}
     bool UseCompressedOops                        = true                           {product lp64_product} {ergonomic}
     bool UseG1GC                                  = true                                      {product} {ergonomic}
     bool UseLargePagesIndividualAllocation        = false                                  {pd product} {ergonomic}

Logging:
Log output configuration:
 #0: stdout all=warning uptime,level,tags foldmultilines=false
 #1: stderr all=off uptime,level,tags foldmultilines=false

Release file:
JAVA_VERSION="21.0.9" 
MODULES="java.base java.compiler java.datatransfer java.xml java.prefs java.desktop java.instrument java.logging java.management java.security.sasl java.naming java.rmi java.management.rmi java.net.http java.scripting java.security.jgss java.transaction.xa java.sql java.sql.rowset java.xml.crypto java.se java.smartcardio jdk.accessibility jdk.internal.jvmstat jdk.attach jdk.charsets jdk.internal.opt jdk.zipfs jdk.compiler jdk.crypto.ec jdk.crypto.cryptoki jdk.dynalink jdk.hotspot.agent jdk.httpserver jdk.internal.ed jdk.internal.le jdk.internal.vm.ci jdk.jartool jdk.javadoc jdk.jcmd jdk.jdeps jdk.jdwp.agent jdk.jdi jdk.jfr jdk.jlink jdk.jsobject jdk.localedata jdk.management jdk.management.agent jdk.management.jfr jdk.naming.dns jdk.naming.rmi jdk.net jdk.sctp jdk.security.auth jdk.security.jgss jdk.unsupported jdk.unsupported.desktop jdk.xml.dom" 
IMPLEMENTOR="JetBrains s.r.o." 
JAVA_RUNTIME_VERSION="21.0.9+-14787801-b1163.94" 
LIBC="default" 
OS_ARCH="x86_64" 
OS_NAME="Windows" 
SOURCE=".:git:0c757ddc9f2f" 

Environment Variables:
PATH=C:\Program Files\Common Files\Oracle\Java\javapath;C:\Program Files (x86)\Common Files\Oracle\Java\javapath;C:\WINDOWS\system32;C:\WINDOWS;C:\WINDOWS\System32\Wbem;C:\WINDOWS\System32\WindowsPowerShell\v1.0\;C:\WINDOWS\System32\OpenSSH\;C:\JupyterLab;C:\Program Files\nodejs\;C:\Program Files\dotnet\;C:\Program Files\Git\cmd;C:\Users\User\AppData\Local\Programs\Python\Python313\Scripts\;C:\Users\User\AppData\Local\Programs\Python\Python313\;C:\Users\User\AppData\Local\Programs\Python\Launcher\;C:\Users\User\AppData\Local\Microsoft\WindowsApps;C:\Users\User\AppData\Local\Programs\Microsoft VS Code\bin;C:\Program Files\JetBrains\PyCharm 2025.2.3\bin;C:\Users\User\AppData\Local\Programs\MiKTeX\miktex\bin\x64\;C:\Program Files\JetBrains\WebStorm 2025.1.3\bin;;C:\Users\User\AppData\Roaming\npm;C:\Program Files\JetBrains\IntelliJ IDEA Community Edition 2025.2.1\bin;C:\Users\User\.lmstudio\bin
USERNAME=User
OS=Windows_NT
PROCESSOR_IDENTIFIER=Intel64 Family 6 Model 186 Stepping 3, GenuineIntel
TMP=C:\Users\User\AppData\Local\Temp
TEMP=C:\Users\User\AppData\Local\Temp




Periodic native trim disabled

JNI global refs:
JNI global refs: 29, weak refs: 2

JNI global refs memory usage: 835, weak refs: 833

Process memory usage:
Resident Set Size: 493348K (4% of 12199064K total physical memory with 1150276K free physical memory)

OOME stack traces (most recent first):
Classloader memory used:
Loader org.gradle.internal.classloader.VisitableURLClassLoader                         : 42348K
Loader bootstrap                                                                       : 29284K
Loader org.gradle.internal.classloader.VisitableURLClassLoader$InstrumentingVisitableURLClassLoader: 28278K
Loader org.gradle.initialization.MixInLegacyTypesClassLoader                           : 12493K
Loader jdk.internal.loader.ClassLoaders$PlatformClassLoader                            : 542K
Loader jdk.internal.reflect.DelegatingClassLoader                                      : 264K
Loader jdk.internal.loader.ClassLoaders$AppClassLoader                                 : 235K
Loader org.gradle.internal.classloader.VisitableURLClassLoader                         : 222K
Loader org.gradle.groovy.scripts.internal.DefaultScriptCompilationHandler$ScriptClassLoader: 125K
Loader org.codehaus.groovy.runtime.callsite.CallSiteClassLoader                        : 17320B
Loader sun.reflect.misc.MethodUtil                                                     : 2984B

Classes loaded by more than one classloader:
Class Program                                                                         : loaded 5 times (x 72B)
Class Build_gradle                                                                    : loaded 3 times (x 130B)
Class Build_gradle$1                                                                  : loaded 3 times (x 74B)
Class org.gradle.internal.classloader.FilteringClassLoader                            : loaded 2 times (x 105B)
Class com.google.common.base.CharMatcher$IsEither                                     : loaded 2 times (x 111B)
Class org.gradle.internal.classloader.ClassLoaderHierarchy                            : loaded 2 times (x 70B)
Class com.google.common.collect.ImmutableEnumSet                                      : loaded 2 times (x 146B)
Class com.google.common.util.concurrent.ExecutionError                                : loaded 2 times (x 82B)
Class com.google.common.collect.ImmutableList$1                                       : loaded 2 times (x 97B)
Class org.gradle.api.internal.classpath.ManifestUtil                                  : loaded 2 times (x 71B)
Class com.google.common.collect.RegularImmutableMap                                   : loaded 2 times (x 121B)
Class com.google.common.collect.ImmutableMap$MapViewOfValuesAsSingletonSets           : loaded 2 times (x 126B)
Class [Lorg.objectweb.asm.Symbol;                                                     : loaded 2 times (x 69B)
Class org.objectweb.asm.ClassVisitor                                                  : loaded 2 times (x 88B)
Class com.google.common.collect.UnmodifiableListIterator                              : loaded 2 times (x 95B)
Class com.google.common.base.Platform$JdkPatternCompiler                              : loaded 2 times (x 75B)
Class org.objectweb.asm.MethodTooLargeException                                       : loaded 2 times (x 83B)
Class [Lcom.google.common.cache.CacheBuilder$OneWeigher;                              : loaded 2 times (x 69B)
Class com.google.common.base.Suppliers                                                : loaded 2 times (x 71B)
Class org.gradle.internal.classloader.DefaultClassLoaderFactory                       : loaded 2 times (x 82B)
Class org.gradle.internal.classloader.ClassLoaderVisitor                              : loaded 2 times (x 76B)
Class [Lcom.google.common.collect.ImmutableMapEntry;                                  : loaded 2 times (x 69B)
Class org.gradle.api.internal.classpath.EffectiveClassPath                            : loaded 2 times (x 90B)
Class com.google.common.collect.ListMultimap                                          : loaded 2 times (x 70B)
Class com.google.common.collect.ImmutableEnumMap                                      : loaded 2 times (x 126B)
Class com.google.common.collect.Sets$1                                                : loaded 2 times (x 139B)
Class org.objectweb.asm.AnnotationVisitor                                             : loaded 2 times (x 78B)
Class org.gradle.api.internal.DefaultClassPathProvider                                : loaded 2 times (x 76B)
Class com.google.common.collect.Sets$2                                                : loaded 2 times (x 139B)
Class [Lorg.gradle.api.internal.ClassPathProvider;                                    : loaded 2 times (x 69B)
Class org.gradle.api.internal.ClassPathProvider                                       : loaded 2 times (x 70B)
Class [Lorg.objectweb.asm.AnnotationVisitor;                                          : loaded 2 times (x 69B)
Class com.google.common.collect.Sets$3                                                : loaded 2 times (x 139B)
Class com.google.common.util.concurrent.AbstractFuture$SafeAtomicHelper               : loaded 2 times (x 79B)
Class com.google.common.cache.LocalCache$LocalLoadingCache                            : loaded 2 times (x 134B)
Class org.gradle.internal.service.UnknownServiceException                             : loaded 2 times (x 83B)
Class com.google.common.collect.Sets$4                                                : loaded 2 times (x 139B)
Class org.objectweb.asm.ModuleVisitor                                                 : loaded 2 times (x 81B)
Class com.google.common.cache.LocalCache$Strength$1                                   : loaded 2 times (x 81B)
Class com.google.common.util.concurrent.SettableFuture                                : loaded 2 times (x 114B)
Class com.google.common.cache.LocalCache$Strength$2                                   : loaded 2 times (x 81B)
Class com.google.common.cache.LocalCache$Strength$3                                   : loaded 2 times (x 81B)
Class com.google.common.collect.MapDifference                                         : loaded 2 times (x 70B)
Class org.objectweb.asm.FieldWriter                                                   : loaded 2 times (x 78B)
Class com.google.common.cache.CacheBuilder$NullListener                               : loaded 2 times (x 82B)
Class org.gradle.internal.classpath.TransformedClassPath                              : loaded 2 times (x 96B)
Class org.gradle.internal.classloader.InstrumentingClassLoader                        : loaded 2 times (x 70B)
Class com.google.common.cache.CacheLoader$FunctionToCacheLoader                       : loaded 2 times (x 75B)
Class com.google.common.collect.Iterators$ArrayItr                                    : loaded 2 times (x 97B)
Class com.google.common.collect.ImmutableCollection$Builder                           : loaded 2 times (x 76B)
Class com.google.common.base.Joiner                                                   : loaded 2 times (x 79B)
Class com.google.common.base.MoreObjects                                              : loaded 2 times (x 71B)
Class com.google.common.collect.Platform                                              : loaded 2 times (x 71B)
Class [Lorg.objectweb.asm.Type;                                                       : loaded 2 times (x 69B)
Class com.google.common.collect.UnmodifiableIterator                                  : loaded 2 times (x 80B)
Class org.gradle.internal.service.ServiceLocator                                      : loaded 2 times (x 70B)
Class com.google.common.base.Ascii                                                    : loaded 2 times (x 71B)
Class com.google.common.collect.SingletonImmutableBiMap                               : loaded 2 times (x 143B)
Class com.google.common.cache.LocalCache$1                                            : loaded 2 times (x 89B)
Class com.google.common.collect.AbstractMapEntry                                      : loaded 2 times (x 81B)
Class com.google.common.collect.Sets$ImprovedAbstractSet                              : loaded 2 times (x 135B)
Class com.google.common.collect.ImmutableList$Builder                                 : loaded 2 times (x 77B)
Class com.google.common.collect.AbstractMultimap                                      : loaded 2 times (x 123B)
Class com.google.common.cache.LocalCache$2                                            : loaded 2 times (x 142B)
Class com.google.common.util.concurrent.AbstractFuture$UnsafeAtomicHelper$1           : loaded 2 times (x 76B)
Class com.google.common.collect.RegularImmutableAsList                                : loaded 2 times (x 217B)
Class com.google.common.util.concurrent.AbstractFuture$Trusted                        : loaded 2 times (x 70B)
Class com.google.common.collect.Iterators                                             : loaded 2 times (x 71B)
Class com.google.common.collect.Lists$StringAsImmutableList                           : loaded 2 times (x 207B)
Class com.google.common.util.concurrent.UncheckedExecutionException                   : loaded 2 times (x 82B)
Class org.gradle.kotlin.dsl.VersionCatalogAccessorsKt                                 : loaded 2 times (x 71B)
Class org.gradle.internal.InternalTransformer                                         : loaded 2 times (x 70B)
Class com.google.common.collect.AbstractMapBasedMultimap$KeySet$1                     : loaded 2 times (x 82B)
Class org.objectweb.asm.ClassWriter                                                   : loaded 2 times (x 106B)
Class com.google.common.cache.CacheLoader$UnsupportedLoadingOperationException        : loaded 2 times (x 82B)
Class com.google.common.base.CharMatcher$And                                          : loaded 2 times (x 112B)
Class org.gradle.internal.classloader.ClasspathUtil$1                                 : loaded 2 times (x 76B)
Class org.objectweb.asm.FieldVisitor                                                  : loaded 2 times (x 77B)
Class com.google.common.collect.IndexedImmutableSet                                   : loaded 2 times (x 152B)
Class com.google.common.collect.ImmutableMap$1                                        : loaded 2 times (x 81B)
Class com.google.common.collect.BiMap                                                 : loaded 2 times (x 70B)
Class org.gradle.api.internal.classpath.DefaultModuleRegistry$DefaultModule           : loaded 2 times (x 86B)
Class com.google.common.primitives.Ints                                               : loaded 2 times (x 71B)
Class com.google.common.collect.AbstractIterator                                      : loaded 2 times (x 82B)
Class com.google.common.collect.ObjectArrays                                          : loaded 2 times (x 71B)
Class com.google.common.collect.Multiset                                              : loaded 2 times (x 70B)
Class com.google.common.collect.ArrayListMultimapGwtSerializationDependencies         : loaded 2 times (x 172B)
Class com.google.common.collect.RegularImmutableMap$KeySet                            : loaded 2 times (x 152B)
Class com.google.common.math.MathPreconditions                                        : loaded 2 times (x 71B)
Class com.google.common.collect.ImmutableMapEntrySet                                  : loaded 2 times (x 152B)
Class org.gradle.api.internal.classpath.Module                                        : loaded 2 times (x 70B)
Class com.google.common.cache.Weigher                                                 : loaded 2 times (x 70B)
Class org.gradle.api.internal.classpath.UnknownModuleException                        : loaded 2 times (x 82B)
Class com.google.common.base.Stopwatch                                                : loaded 2 times (x 72B)
Class com.google.common.cache.LocalCache$Strength                                     : loaded 2 times (x 81B)
Class com.google.common.cache.Cache                                                   : loaded 2 times (x 70B)
Class com.google.common.util.concurrent.AbstractFuture$Cancellation                   : loaded 2 times (x 72B)
Class com.google.common.collect.ImmutableMap$Builder                                  : loaded 2 times (x 82B)
Class com.google.common.cache.RemovalListener                                         : loaded 2 times (x 70B)
Class org.gradle.api.internal.DefaultClassPathRegistry                                : loaded 2 times (x 76B)
Class com.google.common.primitives.IntsMethodsForWeb                                  : loaded 2 times (x 71B)
Class com.google.common.collect.Multimap                                              : loaded 2 times (x 70B)
Class org.gradle.api.internal.ClassPathRegistry                                       : loaded 2 times (x 70B)
Class org.gradle.internal.classpath.DefaultClassPath$ImmutableUniqueList              : loaded 2 times (x 199B)
Class com.google.common.base.Equivalence$Identity                                     : loaded 2 times (x 82B)
Class com.google.common.cache.CacheBuilder                                            : loaded 2 times (x 72B)
Class com.google.common.collect.SingletonImmutableList                                : loaded 2 times (x 207B)
Class Settings_gradle$1                                                               : loaded 2 times (x 74B)
Class org.gradle.internal.classpath.ClassPath                                         : loaded 2 times (x 70B)
Class org.gradle.api.UncheckedIOException                                             : loaded 2 times (x 82B)
Class com.google.common.base.JdkPattern                                               : loaded 2 times (x 75B)
Class com.google.common.collect.ImmutableList$ReverseImmutableList                    : loaded 2 times (x 209B)
Class org.objectweb.asm.SymbolTable$Entry                                             : loaded 2 times (x 74B)
Class com.google.common.util.concurrent.AbstractFuture$AtomicHelper                   : loaded 2 times (x 78B)
Class org.objectweb.asm.Edge                                                          : loaded 2 times (x 72B)
Class com.google.common.base.Suppliers$SupplierOfInstance                             : loaded 2 times (x 79B)
Class com.google.common.collect.Iterators$1                                           : loaded 2 times (x 81B)
Class com.google.common.cache.LocalCache$ComputingValueReference                      : loaded 2 times (x 96B)
Class com.google.common.collect.SingletonImmutableSet                                 : loaded 2 times (x 146B)
Class com.google.common.collect.ImmutableMap$IteratorBasedImmutableMap                : loaded 2 times (x 126B)
Class com.google.common.cache.LocalCache$Segment                                      : loaded 2 times (x 154B)
Class ijKotlinCoroutineJvmDebugInit1_dofq3drr9aihm4earzh7ldbbw                        : loaded 2 times (x 179B)
Class com.google.common.collect.AbstractListMultimap                                  : loaded 2 times (x 172B)
Class [Lorg.objectweb.asm.SymbolTable$Entry;                                          : loaded 2 times (x 69B)
Class com.google.common.cache.CacheLoader                                             : loaded 2 times (x 74B)
Class com.google.common.collect.Iterators$4                                           : loaded 2 times (x 82B)
Class com.google.common.collect.ImmutableBiMap                                        : loaded 2 times (x 143B)
Class org.gradle.internal.installation.GradleInstallation$1                           : loaded 2 times (x 75B)
Class org.gradle.api.internal.classpath.ModuleRegistry                                : loaded 2 times (x 70B)
Class com.google.common.util.concurrent.internal.InternalFutureFailureAccess          : loaded 2 times (x 72B)
Class com.google.common.collect.Iterators$5                                           : loaded 2 times (x 82B)
Class com.google.common.collect.ImmutableSet$JdkBackedSetBuilderImpl                  : loaded 2 times (x 76B)
Class com.google.common.util.concurrent.AbstractFuture$UnsafeAtomicHelper             : loaded 2 times (x 78B)
Class com.google.common.cache.LocalCache$LocalManualCache$1                           : loaded 2 times (x 75B)
Class com.google.common.base.CharMatcher$ForPredicate                                 : loaded 2 times (x 112B)
Class com.google.common.base.CharMatcher$AnyOf                                        : loaded 2 times (x 112B)
Class com.google.common.collect.ImmutableCollection                                   : loaded 2 times (x 125B)
Class org.gradle.api.internal.classpath.DefaultModuleRegistry                         : loaded 2 times (x 86B)
Class com.google.common.collect.Lists                                                 : loaded 2 times (x 71B)
Class com.google.common.util.concurrent.ListenableFuture                              : loaded 2 times (x 70B)
Class com.google.common.cache.ReferenceEntry                                          : loaded 2 times (x 70B)
Class com.google.common.base.Converter                                                : loaded 2 times (x 90B)
Class com.google.common.collect.ImmutableSet$CachingAsList                            : loaded 2 times (x 148B)
Class com.google.common.collect.AbstractMapBasedMultimap                              : loaded 2 times (x 139B)
Class com.google.common.util.concurrent.AbstractFuture                                : loaded 2 times (x 106B)
Class com.google.common.base.FunctionalEquivalence                                    : loaded 2 times (x 83B)
Class com.google.common.collect.Iterators$9                                           : loaded 2 times (x 81B)
Class com.google.common.collect.ImmutableAsList                                       : loaded 2 times (x 209B)
Class org.objectweb.asm.RecordComponentVisitor                                        : loaded 2 times (x 77B)
Class com.google.common.cache.CacheLoader$SupplierToCacheLoader                       : loaded 2 times (x 75B)
Class com.google.common.collect.Maps$EntryTransformer                                 : loaded 2 times (x 70B)
Class org.gradle.internal.service.ServiceLookupException                              : loaded 2 times (x 82B)
Class [Lcom.google.common.cache.LocalCache$EntryFactory;                              : loaded 2 times (x 69B)
Class org.gradle.internal.classloader.ClassLoaderFactory                              : loaded 2 times (x 70B)
Class com.google.common.base.CommonPattern                                            : loaded 2 times (x 74B)
Class com.google.common.cache.LocalCache$LocalManualCache                             : loaded 2 times (x 99B)
Class com.google.common.base.CharMatcher$IsNot                                        : loaded 2 times (x 111B)
Class org.gradle.internal.service.CachingServiceLocator                               : loaded 2 times (x 82B)
Class com.google.common.collect.AbstractMapBasedMultimap$KeySet                       : loaded 2 times (x 137B)
Class com.google.common.math.IntMath                                                  : loaded 2 times (x 71B)
Class com.google.common.collect.ImmutableMapEntry                                     : loaded 2 times (x 85B)
Class com.google.common.base.Equivalence                                              : loaded 2 times (x 82B)
Class com.google.common.base.Function                                                 : loaded 2 times (x 70B)
Class com.google.common.collect.ImmutableMapEntry$NonTerminalImmutableMapEntry        : loaded 2 times (x 85B)
Class com.google.common.cache.CacheBuilder$OneWeigher                                 : loaded 2 times (x 82B)
Class com.google.common.collect.RegularImmutableList                                  : loaded 2 times (x 213B)
Class org.gradle.internal.classloader.ClasspathUtil                                   : loaded 2 times (x 71B)
Class com.google.common.base.Charsets                                                 : loaded 2 times (x 71B)
Class com.google.common.util.concurrent.Uninterruptibles                              : loaded 2 times (x 71B)
Class com.google.common.collect.Maps                                                  : loaded 2 times (x 71B)
Class org.gradle.api.specs.Spec                                                       : loaded 2 times (x 70B)
Class [Lcom.google.common.collect.ImmutableEntry;                                     : loaded 2 times (x 69B)
Class com.google.common.cache.LocalCache$LoadingValueReference                        : loaded 2 times (x 96B)
Class com.google.common.collect.AbstractIndexedListIterator                           : loaded 2 times (x 96B)
Class com.google.common.base.Platform                                                 : loaded 2 times (x 71B)
Class [Lorg.objectweb.asm.AnnotationWriter;                                           : loaded 2 times (x 69B)
Class com.google.common.collect.Maps$8                                                : loaded 2 times (x 82B)
Class com.google.common.collect.Sets$SetView                                          : loaded 2 times (x 138B)
Class com.google.common.cache.LocalCache$StrongValueReference                         : loaded 2 times (x 90B)
Class com.google.common.util.concurrent.AbstractFuture$SynchronizedHelper             : loaded 2 times (x 78B)
Class org.objectweb.asm.Type                                                          : loaded 2 times (x 72B)
Class org.gradle.internal.classloader.VisitableURLClassLoader$InstrumentingVisitableURLClassLoader: loaded 2 times (x 123B)
Class org.objectweb.asm.ByteVector                                                    : loaded 2 times (x 79B)
Class [Lcom.google.common.cache.CacheBuilder$NullListener;                            : loaded 2 times (x 69B)
Class com.google.common.math.IntMath$1                                                : loaded 2 times (x 71B)
Class org.gradle.internal.classloader.VisitableURLClassLoader$Spec                    : loaded 2 times (x 74B)
Class org.gradle.internal.classpath.DefaultClassPath                                  : loaded 2 times (x 90B)
Class org.objectweb.asm.Symbol                                                        : loaded 2 times (x 73B)
Class com.google.common.base.CharMatcher$Ascii                                        : loaded 2 times (x 112B)
Class com.google.common.base.CharMatcher$BitSetMatcher                                : loaded 2 times (x 112B)
Class com.google.common.collect.RegularImmutableMap$Values                            : loaded 2 times (x 207B)
Class com.google.common.collect.ImmutableSet                                          : loaded 2 times (x 145B)
Class org.gradle.internal.classloader.ClassLoaderSpec                                 : loaded 2 times (x 71B)
Class org.objectweb.asm.AnnotationWriter                                              : loaded 2 times (x 79B)
Class com.google.common.cache.CacheStats                                              : loaded 2 times (x 71B)
Class org.objectweb.asm.RecordComponentWriter                                         : loaded 2 times (x 78B)
Class com.google.common.util.concurrent.AbstractFuture$Listener                       : loaded 2 times (x 72B)
Class com.google.common.base.CharMatcher$Or                                           : loaded 2 times (x 112B)
Class Settings_gradle$1$1                                                             : loaded 2 times (x 74B)
Class org.objectweb.asm.Attribute                                                     : loaded 2 times (x 77B)
Class com.google.common.base.Supplier                                                 : loaded 2 times (x 70B)
Class ijKotlinCoroutineJvmDebugInit1_dofq3drr9aihm4earzh7ldbbw$_run_closure1          : loaded 2 times (x 139B)
Class org.gradle.internal.classloader.VisitableURLClassLoader                         : loaded 2 times (x 117B)
Class com.google.common.util.concurrent.AbstractFuture$Waiter                         : loaded 2 times (x 72B)
Class Settings_gradle                                                                 : loaded 2 times (x 128B)
Class org.gradle.internal.Cast                                                        : loaded 2 times (x 71B)
Class org.gradle.api.Action                                                           : loaded 2 times (x 70B)
Class com.google.common.base.Strings                                                  : loaded 2 times (x 71B)
Class com.google.common.collect.Sets                                                  : loaded 2 times (x 71B)
Class org.objectweb.asm.Handler                                                       : loaded 2 times (x 72B)
Class com.google.common.base.Ticker                                                   : loaded 2 times (x 72B)
Class com.google.common.base.CharMatcher$FastMatcher                                  : loaded 2 times (x 111B)
Class [Lcom.google.common.cache.LocalCache$Segment;                                   : loaded 2 times (x 69B)
Class [Lcom.google.common.cache.LocalCache$Strength;                                  : loaded 2 times (x 69B)
Class com.google.common.cache.CacheBuilder$1                                          : loaded 2 times (x 85B)
Class com.google.common.base.Predicate                                                : loaded 2 times (x 70B)
Class com.google.common.collect.ImmutableMap                                          : loaded 2 times (x 120B)
Class org.gradle.internal.classpath.DefaultClassPath$ImmutableUniqueList$Builder      : loaded 2 times (x 75B)
Class com.google.common.cache.LocalCache                                              : loaded 2 times (x 187B)
Class com.google.common.cache.CacheBuilder$2                                          : loaded 2 times (x 79B)
Class com.google.common.base.CharMatcher$NegatedFastMatcher                           : loaded 2 times (x 113B)
Class com.google.common.collect.ArrayListMultimap                                     : loaded 2 times (x 172B)
Class com.google.common.cache.CacheBuilder$3                                          : loaded 2 times (x 72B)
Class [Lcom.google.common.collect.AbstractMapEntry;                                   : loaded 2 times (x 69B)
Class com.google.common.collect.ImmutableEntry                                        : loaded 2 times (x 82B)
Class org.gradle.api.GradleException                                                  : loaded 2 times (x 82B)
Class com.google.common.collect.CollectPreconditions                                  : loaded 2 times (x 71B)
Class com.google.common.collect.SortedMapDifference                                   : loaded 2 times (x 70B)
Class com.google.common.cache.LocalCache$EntryFactory                                 : loaded 2 times (x 83B)
Class com.google.common.cache.LocalCache$AbstractReferenceEntry                       : loaded 2 times (x 107B)
Class ijJvmDebugger1_9x3erf11sbp6hr81ma3cxq5r2$_run_closure1$_closure2                : loaded 2 times (x 140B)
Class org.gradle.internal.IoActions                                                   : loaded 2 times (x 71B)
Class org.objectweb.asm.SymbolTable                                                   : loaded 2 times (x 72B)
Class com.google.common.cache.CacheLoader$InvalidCacheLoadException                   : loaded 2 times (x 82B)
Class com.google.common.collect.ImmutableSet$RegularSetBuilderImpl                    : loaded 2 times (x 77B)
Class ijJvmDebugger1_9x3erf11sbp6hr81ma3cxq5r2                                        : loaded 2 times (x 179B)
Class org.gradle.internal.classloader.SystemClassLoaderSpec                           : loaded 2 times (x 71B)
Class com.google.common.cache.LocalCache$StrongEntry                                  : loaded 2 times (x 108B)
Class com.google.common.util.concurrent.AbstractFuture$TrustedFuture                  : loaded 2 times (x 114B)
Class com.google.common.cache.LoadingCache                                            : loaded 2 times (x 70B)
Class org.objectweb.asm.MethodWriter                                                  : loaded 2 times (x 106B)
Class [Lcom.google.common.cache.Weigher;                                              : loaded 2 times (x 69B)
Class com.google.common.collect.RegularImmutableMap$BucketOverflowException           : loaded 2 times (x 82B)
Class com.google.common.collect.RegularImmutableBiMap                                 : loaded 2 times (x 149B)
Class com.google.common.cache.LocalCache$ValueReference                               : loaded 2 times (x 70B)
Class com.google.common.base.CharMatcher$Negated                                      : loaded 2 times (x 113B)
Class com.google.common.base.CharMatcher$Is                                           : loaded 2 times (x 111B)
Class com.google.common.base.PatternCompiler                                          : loaded 2 times (x 70B)
Class com.google.common.util.concurrent.AbstractFuture$Failure                        : loaded 2 times (x 72B)
Class com.google.common.base.Equivalence$Equals                                       : loaded 2 times (x 82B)
Class com.google.common.collect.Hashing                                               : loaded 2 times (x 71B)
Class com.google.common.base.Preconditions                                            : loaded 2 times (x 71B)
Class ijJvmDebugger1_9x3erf11sbp6hr81ma3cxq5r2$_run_closure1                          : loaded 2 times (x 139B)
Class com.google.common.base.Joiner$1                                                 : loaded 2 times (x 80B)
Class org.objectweb.asm.Label                                                         : loaded 2 times (x 73B)
Class org.objectweb.asm.CurrentFrame                                                  : loaded 2 times (x 73B)
Class org.objectweb.asm.ClassTooLargeException                                        : loaded 2 times (x 83B)
Class com.google.common.base.CharMatcher                                              : loaded 2 times (x 111B)
Class com.google.common.collect.PeekingIterator                                       : loaded 2 times (x 70B)
Class com.google.common.base.Joiner$2                                                 : loaded 2 times (x 79B)
Class org.objectweb.asm.Frame                                                         : loaded 2 times (x 73B)
Class org.objectweb.asm.MethodVisitor                                                 : loaded 2 times (x 105B)
Class com.google.common.cache.LocalCache$EntryFactory$1                               : loaded 2 times (x 83B)
Class [Lcom.google.common.cache.RemovalListener;                                      : loaded 2 times (x 69B)
Class com.google.common.base.CharMatcher$1                                            : loaded 2 times (x 113B)
Class com.google.common.base.CharMatcher$NamedFastMatcher                             : loaded 2 times (x 112B)
Class com.google.common.cache.LocalCache$EntryFactory$2                               : loaded 2 times (x 83B)
Class ijKotlinCoroutineJvmDebugInit1_dofq3drr9aihm4earzh7ldbbw$_run_closure1$_closure2: loaded 2 times (x 139B)
Class org.gradle.api.internal.classpath.GlobalCacheRootsProvider                      : loaded 2 times (x 70B)
Class org.objectweb.asm.ModuleWriter                                                  : loaded 2 times (x 82B)
Class com.google.common.cache.LocalCache$EntryFactory$3                               : loaded 2 times (x 83B)
Class com.google.common.base.Ticker$1                                                 : loaded 2 times (x 72B)
Class com.google.common.collect.Maps$BiMapConverter                                   : loaded 2 times (x 90B)
Class com.google.common.collect.ImmutableMapEntrySet$RegularEntrySet                  : loaded 2 times (x 152B)
Class com.google.common.cache.LocalCache$EntryFactory$4                               : loaded 2 times (x 83B)
Class com.google.common.base.CharMatcher$InRange                                      : loaded 2 times (x 111B)
Class com.google.common.collect.ImmutableSet$Builder                                  : loaded 2 times (x 85B)
Class com.google.common.cache.LocalCache$EntryFactory$5                               : loaded 2 times (x 83B)
Class com.google.common.base.PairwiseEquivalence                                      : loaded 2 times (x 83B)
Class com.google.common.cache.LocalCache$EntryFactory$6                               : loaded 2 times (x 83B)
Class org.gradle.internal.installation.CurrentGradleInstallationLocator               : loaded 2 times (x 71B)
Class com.google.common.collect.Maps$KeySet                                           : loaded 2 times (x 137B)
Class com.google.common.cache.LocalCache$EntryFactory$7                               : loaded 2 times (x 83B)
Class com.google.common.collect.ImmutableSet$EmptySetBuilderImpl                      : loaded 2 times (x 76B)
Class com.google.common.collect.ImmutableList                                         : loaded 2 times (x 206B)
Class org.gradle.internal.service.DefaultServiceLocator                               : loaded 2 times (x 83B)
Class com.google.common.cache.LocalCache$EntryFactory$8                               : loaded 2 times (x 83B)
Class com.google.common.collect.ImmutableSet$SetBuilderImpl                           : loaded 2 times (x 76B)
Class org.gradle.internal.installation.CurrentGradleInstallation                      : loaded 2 times (x 73B)
Class com.google.common.cache.CacheLoader$1                                           : loaded 2 times (x 75B)
Class com.google.common.collect.ImmutableList$SubList                                 : loaded 2 times (x 209B)
Class org.gradle.util.internal.GUtil                                                  : loaded 2 times (x 71B)
Class com.google.common.util.concurrent.AbstractFuture$SetFuture                      : loaded 2 times (x 75B)
Class com.google.common.cache.AbstractCache$StatsCounter                              : loaded 2 times (x 70B)
Class com.google.common.collect.Iterators$MergingIterator                             : loaded 2 times (x 81B)
Class com.google.common.collect.RegularImmutableSet                                   : loaded 2 times (x 149B)
Class org.gradle.internal.installation.GradleInstallation                             : loaded 2 times (x 75B)
Class com.google.common.collect.Iterables                                             : loaded 2 times (x 71B)

---------------  S Y S T E M  ---------------

OS:
 Windows 11 , 64 bit Build 26100 (10.0.26100.7920)
OS uptime: 0 days 1:30 hours

CPU: total 12 (initial active 12) (6 cores per cpu, 2 threads per core) family 6 model 186 stepping 3 microcode 0x410e, cx8, cmov, fxsr, ht, mmx, 3dnowpref, sse, sse2, sse3, ssse3, sse4.1, sse4.2, popcnt, lzcnt, tsc, tscinvbit, avx, avx2, aes, erms, clmul, bmi1, bmi2, adx, sha, fma, vzeroupper, clflush, clflushopt, clwb, serialize, rdtscp, rdpid, fsrm, f16c, pku, cet_ibt, cet_ss
Processor Information for processor 0
  Max Mhz: 1300, Current Mhz: 1300, Mhz Limit: 1300
Processor Information for processor 1
  Max Mhz: 1300, Current Mhz: 1300, Mhz Limit: 1300
Processor Information for processor 2
  Max Mhz: 1300, Current Mhz: 1300, Mhz Limit: 1300
Processor Information for processor 3
  Max Mhz: 1300, Current Mhz: 1300, Mhz Limit: 1300
Processor Information for processor 4
  Max Mhz: 1300, Current Mhz: 900, Mhz Limit: 897
Processor Information for processor 5
  Max Mhz: 1300, Current Mhz: 900, Mhz Limit: 897
Processor Information for processor 6
  Max Mhz: 1300, Current Mhz: 900, Mhz Limit: 897
Processor Information for processor 7
  Max Mhz: 1300, Current Mhz: 900, Mhz Limit: 897
Processor Information for processor 8
  Max Mhz: 1300, Current Mhz: 900, Mhz Limit: 897
Processor Information for processor 9
  Max Mhz: 1300, Current Mhz: 900, Mhz Limit: 897
Processor Information for processor 10
  Max Mhz: 1300, Current Mhz: 900, Mhz Limit: 897
Processor Information for processor 11
  Max Mhz: 1300, Current Mhz: 900, Mhz Limit: 897

Memory: 4k page, system-wide physical 11913M (1150M free)
TotalPageFile size 16009M (AvailPageFile size 76M)
current process WorkingSet (physical memory assigned to process): 485M, peak: 485M
current process commit charge ("private bytes"): 524M, peak: 524M

vm_info: OpenJDK 64-Bit Server VM (21.0.9+-14787801-b1163.94) for windows-amd64 JRE (21.0.9+-14787801-b1163.94), built on 2026-01-27T21:15:44Z by "builder" with MS VC++ 16.10 / 16.11 (VS2019)

END.
