#
# There is insufficient memory for the Java Runtime Environment to continue.
# Native memory allocation (mmap) failed to map 586153984 bytes. Error detail: G1 virtual space
# Possible reasons:
#   The system is out of physical RAM or swap space
#   This process is running with CompressedOops enabled, and the Java Heap may be blocking the growth of the native heap
# Possible solutions:
#   Reduce memory load on the system
#   Increase physical memory or swap space
#   Check if swap backing store is full
#   Decrease Java heap size (-Xmx/-Xms)
#   Decrease number of Java threads
#   Decrease Java thread stack sizes (-Xss)
#   Set larger code cache with -XX:ReservedCodeCacheSize=
#   JVM is running with Unscaled Compressed Oops mode in which the Java heap is
#     placed in the first 4GB address space. The Java Heap base address is the
#     maximum limit for the native heap growth. Please use -XX:HeapBaseMinAddress
#     to set the Java Heap base and to place the Java Heap above 4GB virtual address.
# This output file may be truncated or incomplete.
#
#  Out of Memory Error (os_windows.cpp:3925), pid=19552, tid=21304
#
# JRE version: OpenJDK Runtime Environment (21.0.9) (build 21.0.9+-14787801-b1163.94)
# Java VM: OpenJDK 64-Bit Server VM (21.0.9+-14787801-b1163.94, mixed mode, tiered, compressed oops, compressed class ptrs, g1 gc, windows-amd64)
# No core dump will be written. Minidumps are not enabled by default on client versions of Windows
#

---------------  S U M M A R Y ------------

Command Line: --add-opens=java.base/java.lang=ALL-UNNAMED --add-opens=java.base/java.lang.invoke=ALL-UNNAMED --add-opens=java.base/java.util=ALL-UNNAMED --add-opens=java.prefs/java.util.prefs=ALL-UNNAMED --add-exports=jdk.compiler/com.sun.tools.javac.api=ALL-UNNAMED --add-exports=jdk.compiler/com.sun.tools.javac.util=ALL-UNNAMED --add-opens=java.base/java.util=ALL-UNNAMED --add-opens=java.prefs/java.util.prefs=ALL-UNNAMED --add-opens=java.base/java.nio.charset=ALL-UNNAMED --add-opens=java.base/java.net=ALL-UNNAMED --add-opens=java.base/java.util.concurrent.atomic=ALL-UNNAMED --add-opens=java.xml/javax.xml.namespace=ALL-UNNAMED -Xmx2048m -Dfile.encoding=UTF-8 -Duser.country=RU -Duser.language=ru -Duser.variant -javaagent:C:\Users\User\.gradle\wrapper\dists\gradle-8.13-bin\5xuhj0ry160q40clulazy9h7d\gradle-8.13\lib\agents\gradle-instrumentation-agent-8.13.jar org.gradle.launcher.daemon.bootstrap.GradleDaemon 8.13

Host: 13th Gen Intel(R) Core(TM) i5-1335U, 12 cores, 11G,  Windows 11 , 64 bit Build 26100 (10.0.26100.7920)
Time: Sat Mar 28 10:50:53 2026 elapsed time: 42.694847 seconds (0d 0h 0m 42s)

---------------  T H R E A D  ---------------

Current thread (0x0000022fc87015a0):  VMThread "VM Thread"          [id=21304, stack(0x0000004ccf400000,0x0000004ccf500000) (1024K)]

Stack: [0x0000004ccf400000,0x0000004ccf500000]
Native frames: (J=compiled Java code, j=interpreted, Vv=VM code, C=native code)
V  [jvm.dll+0x6d6c99]
V  [jvm.dll+0x866b83]
V  [jvm.dll+0x8691ae]
V  [jvm.dll+0x869893]
V  [jvm.dll+0x280776]
V  [jvm.dll+0x6d3555]
V  [jvm.dll+0x6c6bea]
V  [jvm.dll+0x3587fb]
V  [jvm.dll+0x360476]
V  [jvm.dll+0x3b2646]
V  [jvm.dll+0x3b2918]
V  [jvm.dll+0x32af0c]
V  [jvm.dll+0x32af97]
V  [jvm.dll+0x370e7c]
V  [jvm.dll+0x36f62e]
V  [jvm.dll+0x32a661]
V  [jvm.dll+0x36ed30]
V  [jvm.dll+0x86f618]
V  [jvm.dll+0x870994]
V  [jvm.dll+0x870ed0]
V  [jvm.dll+0x871163]
V  [jvm.dll+0x80f118]
V  [jvm.dll+0x6d54ed]
C  [ucrtbase.dll+0x37b0]
C  [KERNEL32.DLL+0x2e8d7]
C  [ntdll.dll+0x8c48c]

VM_Operation (0x0000004cdb6fc340): G1CollectForAllocation, mode: safepoint, requested by thread 0x0000022fd5f6eaa0


---------------  P R O C E S S  ---------------

Threads class SMR info:
_java_thread_list=0x0000022fd2179290, length=209, elements={
0x0000022fae6e3830, 0x0000022fc8791ad0, 0x0000022fc8796cf0, 0x0000022fc879cfb0,
0x0000022fc87cb880, 0x0000022fc87c9350, 0x0000022fc87af9c0, 0x0000022fc87b0420,
0x0000022fc87b3030, 0x0000022fc87b3ad0, 0x0000022fc8aabb40, 0x0000022fcf8d9ad0,
0x0000022fcf449f80, 0x0000022fce663940, 0x0000022fcfa3d920, 0x0000022fcfa3df90,
0x0000022fcf836510, 0x0000022fcf834ad0, 0x0000022fcf836ba0, 0x0000022fcf837230,
0x0000022fcf8357f0, 0x0000022fcf8378c0, 0x0000022fcf835160, 0x0000022fcf835e80,
0x0000022fd05d4620, 0x0000022fd05d4cb0, 0x0000022fd05d3900, 0x0000022fd05d3f90,
0x0000022fd05d1ec0, 0x0000022fd05d2550, 0x0000022fd05d6060, 0x0000022fd05d2be0,
0x0000022fd05d3270, 0x0000022fd05d7410, 0x0000022fd05d6d80, 0x0000022fd05d94e0,
0x0000022fd05d87c0, 0x0000022fd0e96600, 0x0000022fd0e96c90, 0x0000022fd0e97320,
0x0000022fd0e979b0, 0x0000022fd0e98d60, 0x0000022fd0e958e0, 0x0000022fd0e95f70,
0x0000022fd0e98040, 0x0000022fd0e986d0, 0x0000022fcd402320, 0x0000022fcd3ffbc0,
0x0000022fcd4008e0, 0x0000022fcd400250, 0x0000022fcd4029b0, 0x0000022fcd401600,
0x0000022fcd4036d0, 0x0000022fcd403d60, 0x0000022fcd4043f0, 0x0000022fcd403040,
0x0000022fcd404a80, 0x0000022fcd405110, 0x0000022fcd401c90, 0x0000022fcd4057a0,
0x0000022fcd405e30, 0x0000022fcd4064c0, 0x0000022fcd406b50, 0x0000022fcd4071e0,
0x0000022fd1878640, 0x0000022fd1875850, 0x0000022fd1875ee0, 0x0000022fd18751c0,
0x0000022fd1876c00, 0x0000022fd1876570, 0x0000022fd0087de0, 0x0000022fd0088470,
0x0000022fd0089820, 0x0000022fd00863a0, 0x0000022fd0089eb0, 0x0000022fd008a540,
0x0000022fd008b8f0, 0x0000022fd008bf80, 0x0000022fd0088b00, 0x0000022fd008c610,
0x0000022fd008d330, 0x0000022fd008cca0, 0x0000022fd008d9c0, 0x0000022fd008abd0,
0x0000022fd008b260, 0x0000022fd1877920, 0x0000022fd4edf930, 0x0000022fd4ee1370,
0x0000022fd4ee2720, 0x0000022fd4ee2090, 0x0000022fd4ee1a00, 0x0000022fd4ee0ce0,
0x0000022fd4edffc0, 0x0000022fd4ee3ad0, 0x0000022fd4ee0650, 0x0000022fd4ee4e80,
0x0000022fd4ee5ba0, 0x0000022fd4ee6f50, 0x0000022fd4ee6230, 0x0000022fd4ee68c0,
0x0000022fd4ee4160, 0x0000022fd4ee47f0, 0x0000022fd4ee5510, 0x0000022fd48c64e0,
0x0000022fd48c3060, 0x0000022fd48c4410, 0x0000022fd5773e30, 0x0000022fd57744c0,
0x0000022fd5771040, 0x0000022fd5774b50, 0x0000022fd5773110, 0x0000022fd57716d0,
0x0000022fd5778660, 0x0000022fd5775f00, 0x0000022fd5777940, 0x0000022fd5777fd0,
0x0000022fd5776590, 0x0000022fd5775870, 0x0000022fd57751e0, 0x0000022fd5776c20,
0x0000022fd57772b0, 0x0000022fd40d3f00, 0x0000022fd40d52b0, 0x0000022fd40d4590,
0x0000022fd40d5fd0, 0x0000022fd40d5940, 0x0000022fd40d3870, 0x0000022fd40d6660,
0x0000022fd40d4c20, 0x0000022fd48c7200, 0x0000022fd48c5130, 0x0000022fd05d8e50,
0x0000022fd13d5790, 0x0000022fd13d43e0, 0x0000022fd13d36c0, 0x0000022fd13d29a0,
0x0000022fd13d2310, 0x0000022fd13d5100, 0x0000022fd13d4a70, 0x0000022fd13d3030,
0x0000022fd13d3d50, 0x0000022fd13d8c10, 0x0000022fd13d7ef0, 0x0000022fd13d71d0,
0x0000022fd13d7860, 0x0000022fd13d64b0, 0x0000022fd13d8580, 0x0000022fd13d92a0,
0x0000022fd13d5e20, 0x0000022fd13d9930, 0x0000022fd13d9fc0, 0x0000022fd13d6b40,
0x0000022fd13dd440, 0x0000022fd13da650, 0x0000022fd13de160, 0x0000022fd13ddad0,
0x0000022fd13dace0, 0x0000022fd13dba00, 0x0000022fd13db370, 0x0000022fd13de7f0,
0x0000022fd13df510, 0x0000022fd13dee80, 0x0000022fd13dc090, 0x0000022fd13dfba0,
0x0000022fd13e0230, 0x0000022fd13dcdb0, 0x0000022fd13e08c0, 0x0000022fd13e0f50,
0x0000022fd13e15e0, 0x0000022fd5f65a40, 0x0000022fd5f66760, 0x0000022fd5f660d0,
0x0000022fd5f67480, 0x0000022fd5f64d20, 0x0000022fd5f66df0, 0x0000022fd5f64000,
0x0000022fd5f653b0, 0x0000022fd0d783f0, 0x0000022fd0d75440, 0x0000022fd5f6c340,
0x0000022fd5f6d060, 0x0000022fd5f6dd80, 0x0000022fd5f6eaa0, 0x0000022fd5f6f130,
0x0000022fd5f6e410, 0x0000022fd5f704e0, 0x0000022fd5f6fe50, 0x0000022fd5f70b70,
0x0000022fd5f6d6f0, 0x0000022fd5f71200, 0x0000022fdcc3c600, 0x0000022fd25ddaa0,
0x0000022fd25df4e0, 0x0000022fd25e0200, 0x0000022fd25dfb70, 0x0000022fd25e0f20,
0x0000022fd25e15b0, 0x0000022fd25de130, 0x0000022fd25e2960, 0x0000022fd25e3680,
0x0000022fd25e3d10, 0x0000022fd25e43a0, 0x0000022fd48c7f20, 0x0000022fce9cb060,
0x0000022fce9cbd80, 0x0000022fce9cb6f0, 0x0000022fce9cf200, 0x0000022fce9ccaa0,
0x0000022fce9cde50
}

Java Threads: ( => current thread )
  0x0000022fae6e3830 JavaThread "main"                              [_thread_blocked, id=11412, stack(0x0000004cced00000,0x0000004ccee00000) (1024K)]
  0x0000022fc8791ad0 JavaThread "Common-Cleaner"             daemon [_thread_blocked, id=3320, stack(0x0000004ccf500000,0x0000004ccf600000) (1024K)]
  0x0000022fc8796cf0 JavaThread "Reference Handler"          daemon [_thread_blocked, id=1044, stack(0x0000004ccf600000,0x0000004ccf700000) (1024K)]
  0x0000022fc879cfb0 JavaThread "Finalizer"                  daemon [_thread_blocked, id=20152, stack(0x0000004ccf700000,0x0000004ccf800000) (1024K)]
  0x0000022fc87cb880 JavaThread "Signal Dispatcher"          daemon [_thread_blocked, id=18504, stack(0x0000004ccf800000,0x0000004ccf900000) (1024K)]
  0x0000022fc87c9350 JavaThread "Attach Listener"            daemon [_thread_blocked, id=6156, stack(0x0000004ccf900000,0x0000004ccfa00000) (1024K)]
  0x0000022fc87af9c0 JavaThread "Service Thread"             daemon [_thread_blocked, id=8956, stack(0x0000004ccfa00000,0x0000004ccfb00000) (1024K)]
  0x0000022fc87b0420 JavaThread "Monitor Deflation Thread"   daemon [_thread_blocked, id=20704, stack(0x0000004ccfb00000,0x0000004ccfc00000) (1024K)]
  0x0000022fc87b3030 JavaThread "C2 CompilerThread0"         daemon [_thread_blocked, id=12740, stack(0x0000004ccfc00000,0x0000004ccfd00000) (1024K)]
  0x0000022fc87b3ad0 JavaThread "C1 CompilerThread0"         daemon [_thread_blocked, id=17732, stack(0x0000004ccfd00000,0x0000004ccfe00000) (1024K)]
  0x0000022fc8aabb40 JavaThread "Notification Thread"        daemon [_thread_blocked, id=21464, stack(0x0000004ccfe00000,0x0000004ccff00000) (1024K)]
  0x0000022fcf8d9ad0 JavaThread "Daemon health stats"               [_thread_blocked, id=19544, stack(0x0000004cd0600000,0x0000004cd0700000) (1024K)]
  0x0000022fcf449f80 JavaThread "Incoming local TCP Connector on port 52214"        [_thread_in_native, id=4732, stack(0x0000004cd0700000,0x0000004cd0800000) (1024K)]
  0x0000022fce663940 JavaThread "Daemon periodic checks"            [_thread_blocked, id=13716, stack(0x0000004cd0800000,0x0000004cd0900000) (1024K)]
  0x0000022fcfa3d920 JavaThread "Daemon"                            [_thread_blocked, id=17364, stack(0x0000004cd0900000,0x0000004cd0a00000) (1024K)]
  0x0000022fcfa3df90 JavaThread "Handler for socket connection from /127.0.0.1:52214 to /127.0.0.1:52215"        [_thread_in_native, id=17636, stack(0x0000004cd0a00000,0x0000004cd0b00000) (1024K)]
  0x0000022fcf836510 JavaThread "Cancel handler"                    [_thread_blocked, id=9364, stack(0x0000004cd0b00000,0x0000004cd0c00000) (1024K)]
  0x0000022fcf834ad0 JavaThread "Daemon worker"                     [_thread_blocked, id=20512, stack(0x0000004cd0c00000,0x0000004cd0d00000) (1024K)]
  0x0000022fcf836ba0 JavaThread "Asynchronous log dispatcher for DefaultDaemonConnection: socket connection from /127.0.0.1:52214 to /127.0.0.1:52215"        [_thread_blocked, id=18064, stack(0x0000004cd0d00000,0x0000004cd0e00000) (1024K)]
  0x0000022fcf837230 JavaThread "Stdin handler"                     [_thread_blocked, id=17516, stack(0x0000004cd0e00000,0x0000004cd0f00000) (1024K)]
  0x0000022fcf8357f0 JavaThread "Daemon client event forwarder"        [_thread_blocked, id=11560, stack(0x0000004cd0f00000,0x0000004cd1000000) (1024K)]
  0x0000022fcf8378c0 JavaThread "Cache worker for journal cache (C:\Users\User\.gradle\caches\journal-1)"        [_thread_blocked, id=20896, stack(0x0000004cd1600000,0x0000004cd1700000) (1024K)]
  0x0000022fcf835160 JavaThread "File lock request listener"        [_thread_in_native, id=13356, stack(0x0000004cd1700000,0x0000004cd1800000) (1024K)]
  0x0000022fcf835e80 JavaThread "Cache worker for file hash cache (C:\Users\User\.gradle\caches\8.13\fileHashes)"        [_thread_blocked, id=4188, stack(0x0000004cd1800000,0x0000004cd1900000) (1024K)]
  0x0000022fd05d4620 JavaThread "Cache worker for file hash cache (C:\Users\User\StudioProjects\Android-Project\.gradle\8.13\fileHashes)"        [_thread_blocked, id=14156, stack(0x0000004cd0300000,0x0000004cd0400000) (1024K)]
  0x0000022fd05d4cb0 JavaThread "Cache worker for Build Output Cleanup Cache (C:\Users\User\StudioProjects\Android-Project\.gradle\buildOutputCleanup)"        [_thread_blocked, id=20780, stack(0x0000004cd1900000,0x0000004cd1a00000) (1024K)]
  0x0000022fd05d3900 JavaThread "File watcher server"        daemon [_thread_blocked, id=17256, stack(0x0000004cd1a00000,0x0000004cd1b00000) (1024K)]
  0x0000022fd05d3f90 JavaThread "File watcher consumer"      daemon [_thread_blocked, id=18456, stack(0x0000004cd1b00000,0x0000004cd1c00000) (1024K)]
  0x0000022fd05d1ec0 JavaThread "jar transforms"                    [_thread_blocked, id=10104, stack(0x0000004cd1c00000,0x0000004cd1d00000) (1024K)]
  0x0000022fd05d2550 JavaThread "jar transforms Thread 2"           [_thread_blocked, id=6256, stack(0x0000004cd1d00000,0x0000004cd1e00000) (1024K)]
  0x0000022fd05d6060 JavaThread "Cache worker for checksums cache (C:\Users\User\StudioProjects\Android-Project\.gradle\8.13\checksums)"        [_thread_blocked, id=14504, stack(0x0000004cd1f00000,0x0000004cd2000000) (1024K)]
  0x0000022fd05d2be0 JavaThread "Cache worker for file content cache (C:\Users\User\.gradle\caches\8.13\fileContent)"        [_thread_blocked, id=17848, stack(0x0000004cd2000000,0x0000004cd2100000) (1024K)]
  0x0000022fd05d3270 JavaThread "jar transforms Thread 3"           [_thread_blocked, id=12512, stack(0x0000004cd2100000,0x0000004cd2200000) (1024K)]
  0x0000022fd05d7410 JavaThread "Cache worker for cache directory md-supplier (C:\Users\User\.gradle\caches\8.13\md-supplier)"        [_thread_blocked, id=21044, stack(0x0000004cd2200000,0x0000004cd2300000) (1024K)]
  0x0000022fd05d6d80 JavaThread "Cache worker for cache directory md-rule (C:\Users\User\.gradle\caches\8.13\md-rule)"        [_thread_blocked, id=8944, stack(0x0000004cd2300000,0x0000004cd2400000) (1024K)]
  0x0000022fd05d94e0 JavaThread "Unconstrained build operations"        [_thread_blocked, id=2928, stack(0x0000004cd1e00000,0x0000004cd1f00000) (1024K)]
  0x0000022fd05d87c0 JavaThread "Unconstrained build operations Thread 2"        [_thread_blocked, id=16652, stack(0x0000004cd2400000,0x0000004cd2500000) (1024K)]
  0x0000022fd0e96600 JavaThread "Unconstrained build operations Thread 3"        [_thread_blocked, id=7536, stack(0x0000004cd2500000,0x0000004cd2600000) (1024K)]
  0x0000022fd0e96c90 JavaThread "Unconstrained build operations Thread 4"        [_thread_blocked, id=9368, stack(0x0000004cd2600000,0x0000004cd2700000) (1024K)]
  0x0000022fd0e97320 JavaThread "Unconstrained build operations Thread 5"        [_thread_blocked, id=19988, stack(0x0000004cd2700000,0x0000004cd2800000) (1024K)]
  0x0000022fd0e979b0 JavaThread "Unconstrained build operations Thread 6"        [_thread_blocked, id=1812, stack(0x0000004cd2800000,0x0000004cd2900000) (1024K)]
  0x0000022fd0e98d60 JavaThread "Unconstrained build operations Thread 7"        [_thread_blocked, id=20768, stack(0x0000004cd2900000,0x0000004cd2a00000) (1024K)]
  0x0000022fd0e958e0 JavaThread "Unconstrained build operations Thread 8"        [_thread_blocked, id=6120, stack(0x0000004cd2a00000,0x0000004cd2b00000) (1024K)]
  0x0000022fd0e95f70 JavaThread "Unconstrained build operations Thread 9"        [_thread_blocked, id=15308, stack(0x0000004cd2b00000,0x0000004cd2c00000) (1024K)]
  0x0000022fd0e98040 JavaThread "Unconstrained build operations Thread 10"        [_thread_blocked, id=3268, stack(0x0000004cd2c00000,0x0000004cd2d00000) (1024K)]
  0x0000022fd0e986d0 JavaThread "Unconstrained build operations Thread 11"        [_thread_blocked, id=20388, stack(0x0000004cd2d00000,0x0000004cd2e00000) (1024K)]
  0x0000022fcd402320 JavaThread "Unconstrained build operations Thread 12"        [_thread_blocked, id=19508, stack(0x0000004cd2e00000,0x0000004cd2f00000) (1024K)]
  0x0000022fcd3ffbc0 JavaThread "Unconstrained build operations Thread 13"        [_thread_blocked, id=7044, stack(0x0000004cd2f00000,0x0000004cd3000000) (1024K)]
  0x0000022fcd4008e0 JavaThread "Unconstrained build operations Thread 14"        [_thread_blocked, id=19616, stack(0x0000004cd3000000,0x0000004cd3100000) (1024K)]
  0x0000022fcd400250 JavaThread "Unconstrained build operations Thread 15"        [_thread_blocked, id=11124, stack(0x0000004cd3100000,0x0000004cd3200000) (1024K)]
  0x0000022fcd4029b0 JavaThread "Unconstrained build operations Thread 16"        [_thread_blocked, id=15896, stack(0x0000004cd3200000,0x0000004cd3300000) (1024K)]
  0x0000022fcd401600 JavaThread "Unconstrained build operations Thread 17"        [_thread_blocked, id=2732, stack(0x0000004cd3300000,0x0000004cd3400000) (1024K)]
  0x0000022fcd4036d0 JavaThread "Unconstrained build operations Thread 18"        [_thread_blocked, id=12508, stack(0x0000004cd3400000,0x0000004cd3500000) (1024K)]
  0x0000022fcd403d60 JavaThread "Unconstrained build operations Thread 19"        [_thread_blocked, id=9264, stack(0x0000004cd3500000,0x0000004cd3600000) (1024K)]
  0x0000022fcd4043f0 JavaThread "Unconstrained build operations Thread 20"        [_thread_blocked, id=8756, stack(0x0000004cd3600000,0x0000004cd3700000) (1024K)]
  0x0000022fcd403040 JavaThread "jar transforms Thread 4"           [_thread_blocked, id=7604, stack(0x0000004cd3700000,0x0000004cd3800000) (1024K)]
  0x0000022fcd404a80 JavaThread "jar transforms Thread 5"           [_thread_blocked, id=18988, stack(0x0000004cd3800000,0x0000004cd3900000) (1024K)]
  0x0000022fcd405110 JavaThread "Unconstrained build operations Thread 21"        [_thread_blocked, id=19020, stack(0x0000004cd3900000,0x0000004cd3a00000) (1024K)]
  0x0000022fcd401c90 JavaThread "Unconstrained build operations Thread 22"        [_thread_blocked, id=20904, stack(0x0000004cd3a00000,0x0000004cd3b00000) (1024K)]
  0x0000022fcd4057a0 JavaThread "Unconstrained build operations Thread 23"        [_thread_blocked, id=3740, stack(0x0000004cd3b00000,0x0000004cd3c00000) (1024K)]
  0x0000022fcd405e30 JavaThread "Unconstrained build operations Thread 24"        [_thread_blocked, id=15956, stack(0x0000004cd3c00000,0x0000004cd3d00000) (1024K)]
  0x0000022fcd4064c0 JavaThread "Unconstrained build operations Thread 25"        [_thread_blocked, id=7252, stack(0x0000004cd3d00000,0x0000004cd3e00000) (1024K)]
  0x0000022fcd406b50 JavaThread "Unconstrained build operations Thread 26"        [_thread_blocked, id=19424, stack(0x0000004cd3e00000,0x0000004cd3f00000) (1024K)]
  0x0000022fcd4071e0 JavaThread "Unconstrained build operations Thread 27"        [_thread_blocked, id=16660, stack(0x0000004cd3f00000,0x0000004cd4000000) (1024K)]
  0x0000022fd1878640 JavaThread "Unconstrained build operations Thread 28"        [_thread_blocked, id=19412, stack(0x0000004cd4000000,0x0000004cd4100000) (1024K)]
  0x0000022fd1875850 JavaThread "Unconstrained build operations Thread 29"        [_thread_blocked, id=21172, stack(0x0000004cd4100000,0x0000004cd4200000) (1024K)]
  0x0000022fd1875ee0 JavaThread "Unconstrained build operations Thread 30"        [_thread_blocked, id=7412, stack(0x0000004cd4200000,0x0000004cd4300000) (1024K)]
  0x0000022fd18751c0 JavaThread "jar transforms Thread 6"           [_thread_blocked, id=14996, stack(0x0000004cd4300000,0x0000004cd4400000) (1024K)]
  0x0000022fd1876c00 JavaThread "jar transforms Thread 7"           [_thread_blocked, id=13984, stack(0x0000004cd4400000,0x0000004cd4500000) (1024K)]
  0x0000022fd1876570 JavaThread "jar transforms Thread 8"           [_thread_blocked, id=7800, stack(0x0000004cd4500000,0x0000004cd4600000) (1024K)]
  0x0000022fd0087de0 JavaThread "Unconstrained build operations Thread 31"        [_thread_blocked, id=17936, stack(0x0000004cd4700000,0x0000004cd4800000) (1024K)]
  0x0000022fd0088470 JavaThread "Unconstrained build operations Thread 32"        [_thread_blocked, id=17608, stack(0x0000004cd4800000,0x0000004cd4900000) (1024K)]
  0x0000022fd0089820 JavaThread "Unconstrained build operations Thread 33"        [_thread_blocked, id=15016, stack(0x0000004cd4900000,0x0000004cd4a00000) (1024K)]
  0x0000022fd00863a0 JavaThread "Unconstrained build operations Thread 34"        [_thread_blocked, id=3464, stack(0x0000004cd4a00000,0x0000004cd4b00000) (1024K)]
  0x0000022fd0089eb0 JavaThread "Unconstrained build operations Thread 35"        [_thread_blocked, id=18044, stack(0x0000004cd4b00000,0x0000004cd4c00000) (1024K)]
  0x0000022fd008a540 JavaThread "Unconstrained build operations Thread 36"        [_thread_blocked, id=20156, stack(0x0000004cd4c00000,0x0000004cd4d00000) (1024K)]
  0x0000022fd008b8f0 JavaThread "Unconstrained build operations Thread 37"        [_thread_blocked, id=9928, stack(0x0000004cd4d00000,0x0000004cd4e00000) (1024K)]
  0x0000022fd008bf80 JavaThread "Unconstrained build operations Thread 38"        [_thread_blocked, id=8584, stack(0x0000004cd4e00000,0x0000004cd4f00000) (1024K)]
  0x0000022fd0088b00 JavaThread "Unconstrained build operations Thread 39"        [_thread_blocked, id=16048, stack(0x0000004cd4f00000,0x0000004cd5000000) (1024K)]
  0x0000022fd008c610 JavaThread "Unconstrained build operations Thread 40"        [_thread_blocked, id=18188, stack(0x0000004cd5000000,0x0000004cd5100000) (1024K)]
  0x0000022fd008d330 JavaThread "Unconstrained build operations Thread 41"        [_thread_blocked, id=2548, stack(0x0000004cd5100000,0x0000004cd5200000) (1024K)]
  0x0000022fd008cca0 JavaThread "Unconstrained build operations Thread 42"        [_thread_blocked, id=20560, stack(0x0000004cd5200000,0x0000004cd5300000) (1024K)]
  0x0000022fd008d9c0 JavaThread "Unconstrained build operations Thread 43"        [_thread_blocked, id=6700, stack(0x0000004cd5300000,0x0000004cd5400000) (1024K)]
  0x0000022fd008abd0 JavaThread "Unconstrained build operations Thread 44"        [_thread_blocked, id=19072, stack(0x0000004cd5400000,0x0000004cd5500000) (1024K)]
  0x0000022fd008b260 JavaThread "Unconstrained build operations Thread 45"        [_thread_blocked, id=19136, stack(0x0000004cd5500000,0x0000004cd5600000) (1024K)]
  0x0000022fd1877920 JavaThread "Unconstrained build operations Thread 46"        [_thread_blocked, id=14200, stack(0x0000004cd5600000,0x0000004cd5700000) (1024K)]
  0x0000022fd4edf930 JavaThread "Unconstrained build operations Thread 47"        [_thread_blocked, id=9664, stack(0x0000004cd5700000,0x0000004cd5800000) (1024K)]
  0x0000022fd4ee1370 JavaThread "Unconstrained build operations Thread 48"        [_thread_blocked, id=20092, stack(0x0000004cd5800000,0x0000004cd5900000) (1024K)]
  0x0000022fd4ee2720 JavaThread "Unconstrained build operations Thread 49"        [_thread_blocked, id=9048, stack(0x0000004cd5900000,0x0000004cd5a00000) (1024K)]
  0x0000022fd4ee2090 JavaThread "Unconstrained build operations Thread 50"        [_thread_blocked, id=6388, stack(0x0000004cd5a00000,0x0000004cd5b00000) (1024K)]
  0x0000022fd4ee1a00 JavaThread "Unconstrained build operations Thread 51"        [_thread_blocked, id=11900, stack(0x0000004cd5b00000,0x0000004cd5c00000) (1024K)]
  0x0000022fd4ee0ce0 JavaThread "Unconstrained build operations Thread 52"        [_thread_blocked, id=16712, stack(0x0000004cd5c00000,0x0000004cd5d00000) (1024K)]
  0x0000022fd4edffc0 JavaThread "Unconstrained build operations Thread 53"        [_thread_blocked, id=5860, stack(0x0000004cd5d00000,0x0000004cd5e00000) (1024K)]
  0x0000022fd4ee3ad0 JavaThread "Unconstrained build operations Thread 54"        [_thread_blocked, id=9300, stack(0x0000004cd5e00000,0x0000004cd5f00000) (1024K)]
  0x0000022fd4ee0650 JavaThread "Unconstrained build operations Thread 55"        [_thread_blocked, id=16884, stack(0x0000004cd5f00000,0x0000004cd6000000) (1024K)]
  0x0000022fd4ee4e80 JavaThread "Unconstrained build operations Thread 56"        [_thread_blocked, id=20032, stack(0x0000004cd6000000,0x0000004cd6100000) (1024K)]
  0x0000022fd4ee5ba0 JavaThread "Unconstrained build operations Thread 57"        [_thread_blocked, id=19944, stack(0x0000004cd6100000,0x0000004cd6200000) (1024K)]
  0x0000022fd4ee6f50 JavaThread "Unconstrained build operations Thread 58"        [_thread_blocked, id=388, stack(0x0000004cd6200000,0x0000004cd6300000) (1024K)]
  0x0000022fd4ee6230 JavaThread "Unconstrained build operations Thread 59"        [_thread_blocked, id=21348, stack(0x0000004cd6300000,0x0000004cd6400000) (1024K)]
  0x0000022fd4ee68c0 JavaThread "Unconstrained build operations Thread 60"        [_thread_blocked, id=15064, stack(0x0000004cd6400000,0x0000004cd6500000) (1024K)]
  0x0000022fd4ee4160 JavaThread "Unconstrained build operations Thread 61"        [_thread_blocked, id=13252, stack(0x0000004cd6500000,0x0000004cd6600000) (1024K)]
  0x0000022fd4ee47f0 JavaThread "Unconstrained build operations Thread 62"        [_thread_blocked, id=18548, stack(0x0000004cd6600000,0x0000004cd6700000) (1024K)]
  0x0000022fd4ee5510 JavaThread "Unconstrained build operations Thread 63"        [_thread_blocked, id=20424, stack(0x0000004cd6700000,0x0000004cd6800000) (1024K)]
  0x0000022fd48c64e0 JavaThread "build event listener"              [_thread_blocked, id=6468, stack(0x0000004ccff00000,0x0000004cd0000000) (1024K)]
  0x0000022fd48c3060 JavaThread "Memory manager"                    [_thread_blocked, id=15468, stack(0x0000004cd6800000,0x0000004cd6900000) (1024K)]
  0x0000022fd48c4410 JavaThread "build event listener"              [_thread_blocked, id=17656, stack(0x0000004cd6900000,0x0000004cd6a00000) (1024K)]
  0x0000022fd5773e30 JavaThread "included builds"                   [_thread_blocked, id=19816, stack(0x0000004cd6b00000,0x0000004cd6c00000) (1024K)]
  0x0000022fd57744c0 JavaThread "Execution worker"                  [_thread_blocked, id=15316, stack(0x0000004cd6c00000,0x0000004cd6d00000) (1024K)]
  0x0000022fd5771040 JavaThread "Execution worker Thread 2"         [_thread_blocked, id=17908, stack(0x0000004cd6d00000,0x0000004cd6e00000) (1024K)]
  0x0000022fd5774b50 JavaThread "Execution worker Thread 3"         [_thread_blocked, id=8932, stack(0x0000004cd6e00000,0x0000004cd6f00000) (1024K)]
  0x0000022fd5773110 JavaThread "Execution worker Thread 4"         [_thread_blocked, id=17232, stack(0x0000004cd6f00000,0x0000004cd7000000) (1024K)]
  0x0000022fd57716d0 JavaThread "Execution worker Thread 5"         [_thread_blocked, id=7528, stack(0x0000004cd7000000,0x0000004cd7100000) (1024K)]
  0x0000022fd5778660 JavaThread "Execution worker Thread 6"         [_thread_blocked, id=6152, stack(0x0000004cd7100000,0x0000004cd7200000) (1024K)]
  0x0000022fd5775f00 JavaThread "Execution worker Thread 7"         [_thread_blocked, id=19840, stack(0x0000004cd7200000,0x0000004cd7300000) (1024K)]
  0x0000022fd5777940 JavaThread "Execution worker Thread 8"         [_thread_blocked, id=17860, stack(0x0000004cd7300000,0x0000004cd7400000) (1024K)]
  0x0000022fd5777fd0 JavaThread "Execution worker Thread 9"         [_thread_blocked, id=15868, stack(0x0000004cd7400000,0x0000004cd7500000) (1024K)]
  0x0000022fd5776590 JavaThread "Execution worker Thread 10"        [_thread_blocked, id=9196, stack(0x0000004cd7500000,0x0000004cd7600000) (1024K)]
  0x0000022fd5775870 JavaThread "Execution worker Thread 11"        [_thread_blocked, id=15876, stack(0x0000004cd7600000,0x0000004cd7700000) (1024K)]
  0x0000022fd57751e0 JavaThread "Cache worker for execution history cache (C:\Users\User\StudioProjects\Android-Project\.gradle\8.13\executionHistory)"        [_thread_blocked, id=11612, stack(0x0000004cd7700000,0x0000004cd7800000) (1024K)]
  0x0000022fd5776c20 JavaThread "Unconstrained build operations Thread 64"        [_thread_blocked, id=9208, stack(0x0000004cd7800000,0x0000004cd7900000) (1024K)]
  0x0000022fd57772b0 JavaThread "Unconstrained build operations Thread 65"        [_thread_blocked, id=21220, stack(0x0000004cd7900000,0x0000004cd7a00000) (1024K)]
  0x0000022fd40d3f00 JavaThread "Unconstrained build operations Thread 66"        [_thread_blocked, id=20716, stack(0x0000004cd7a00000,0x0000004cd7b00000) (1024K)]
  0x0000022fd40d52b0 JavaThread "Unconstrained build operations Thread 67"        [_thread_blocked, id=18640, stack(0x0000004cd7b00000,0x0000004cd7c00000) (1024K)]
  0x0000022fd40d4590 JavaThread "Unconstrained build operations Thread 68"        [_thread_blocked, id=20220, stack(0x0000004cd7c00000,0x0000004cd7d00000) (1024K)]
  0x0000022fd40d5fd0 JavaThread "Unconstrained build operations Thread 69"        [_thread_blocked, id=10372, stack(0x0000004cd7d00000,0x0000004cd7e00000) (1024K)]
  0x0000022fd40d5940 JavaThread "Unconstrained build operations Thread 70"        [_thread_blocked, id=19580, stack(0x0000004cd7e00000,0x0000004cd7f00000) (1024K)]
  0x0000022fd40d3870 JavaThread "Unconstrained build operations Thread 71"        [_thread_blocked, id=18132, stack(0x0000004cd7f00000,0x0000004cd8000000) (1024K)]
  0x0000022fd40d6660 JavaThread "Unconstrained build operations Thread 72"        [_thread_blocked, id=2520, stack(0x0000004cd8000000,0x0000004cd8100000) (1024K)]
  0x0000022fd40d4c20 JavaThread "Unconstrained build operations Thread 73"        [_thread_blocked, id=9632, stack(0x0000004cd8100000,0x0000004cd8200000) (1024K)]
  0x0000022fd48c7200 JavaThread "Unconstrained build operations Thread 74"        [_thread_blocked, id=18036, stack(0x0000004cd8200000,0x0000004cd8300000) (1024K)]
  0x0000022fd48c5130 JavaThread "Unconstrained build operations Thread 75"        [_thread_blocked, id=19864, stack(0x0000004cd8300000,0x0000004cd8400000) (1024K)]
  0x0000022fd05d8e50 JavaThread "Unconstrained build operations Thread 76"        [_thread_blocked, id=20452, stack(0x0000004cd8400000,0x0000004cd8500000) (1024K)]
  0x0000022fd13d5790 JavaThread "Unconstrained build operations Thread 77"        [_thread_blocked, id=2224, stack(0x0000004cd8500000,0x0000004cd8600000) (1024K)]
  0x0000022fd13d43e0 JavaThread "Unconstrained build operations Thread 78"        [_thread_blocked, id=19028, stack(0x0000004cd8600000,0x0000004cd8700000) (1024K)]
  0x0000022fd13d36c0 JavaThread "Unconstrained build operations Thread 79"        [_thread_blocked, id=18736, stack(0x0000004cd8700000,0x0000004cd8800000) (1024K)]
  0x0000022fd13d29a0 JavaThread "Unconstrained build operations Thread 80"        [_thread_blocked, id=14704, stack(0x0000004cd8800000,0x0000004cd8900000) (1024K)]
  0x0000022fd13d2310 JavaThread "Unconstrained build operations Thread 81"        [_thread_blocked, id=20840, stack(0x0000004cd8900000,0x0000004cd8a00000) (1024K)]
  0x0000022fd13d5100 JavaThread "Unconstrained build operations Thread 82"        [_thread_blocked, id=17348, stack(0x0000004cd8a00000,0x0000004cd8b00000) (1024K)]
  0x0000022fd13d4a70 JavaThread "Unconstrained build operations Thread 83"        [_thread_blocked, id=17612, stack(0x0000004cd8b00000,0x0000004cd8c00000) (1024K)]
  0x0000022fd13d3030 JavaThread "Unconstrained build operations Thread 84"        [_thread_blocked, id=3900, stack(0x0000004cd8c00000,0x0000004cd8d00000) (1024K)]
  0x0000022fd13d3d50 JavaThread "Unconstrained build operations Thread 85"        [_thread_blocked, id=20420, stack(0x0000004cd8d00000,0x0000004cd8e00000) (1024K)]
  0x0000022fd13d8c10 JavaThread "Unconstrained build operations Thread 86"        [_thread_blocked, id=18360, stack(0x0000004cd8e00000,0x0000004cd8f00000) (1024K)]
  0x0000022fd13d7ef0 JavaThread "Unconstrained build operations Thread 87"        [_thread_blocked, id=15936, stack(0x0000004cd8f00000,0x0000004cd9000000) (1024K)]
  0x0000022fd13d71d0 JavaThread "Unconstrained build operations Thread 88"        [_thread_blocked, id=14020, stack(0x0000004cd9000000,0x0000004cd9100000) (1024K)]
  0x0000022fd13d7860 JavaThread "Unconstrained build operations Thread 89"        [_thread_blocked, id=13616, stack(0x0000004cd9100000,0x0000004cd9200000) (1024K)]
  0x0000022fd13d64b0 JavaThread "Unconstrained build operations Thread 90"        [_thread_blocked, id=19688, stack(0x0000004cd9200000,0x0000004cd9300000) (1024K)]
  0x0000022fd13d8580 JavaThread "Unconstrained build operations Thread 91"        [_thread_blocked, id=3552, stack(0x0000004cd9300000,0x0000004cd9400000) (1024K)]
  0x0000022fd13d92a0 JavaThread "Unconstrained build operations Thread 92"        [_thread_blocked, id=14620, stack(0x0000004cd9400000,0x0000004cd9500000) (1024K)]
  0x0000022fd13d5e20 JavaThread "Unconstrained build operations Thread 93"        [_thread_blocked, id=5140, stack(0x0000004cd9500000,0x0000004cd9600000) (1024K)]
  0x0000022fd13d9930 JavaThread "Unconstrained build operations Thread 94"        [_thread_blocked, id=19360, stack(0x0000004cd9600000,0x0000004cd9700000) (1024K)]
  0x0000022fd13d9fc0 JavaThread "Unconstrained build operations Thread 95"        [_thread_blocked, id=14420, stack(0x0000004cd9700000,0x0000004cd9800000) (1024K)]
  0x0000022fd13d6b40 JavaThread "Unconstrained build operations Thread 96"        [_thread_blocked, id=15364, stack(0x0000004cd9800000,0x0000004cd9900000) (1024K)]
  0x0000022fd13dd440 JavaThread "Unconstrained build operations Thread 97"        [_thread_blocked, id=20476, stack(0x0000004cd9900000,0x0000004cd9a00000) (1024K)]
  0x0000022fd13da650 JavaThread "Unconstrained build operations Thread 98"        [_thread_blocked, id=11556, stack(0x0000004cd9a00000,0x0000004cd9b00000) (1024K)]
  0x0000022fd13de160 JavaThread "Unconstrained build operations Thread 99"        [_thread_blocked, id=17228, stack(0x0000004cd9b00000,0x0000004cd9c00000) (1024K)]
  0x0000022fd13ddad0 JavaThread "Unconstrained build operations Thread 100"        [_thread_blocked, id=19852, stack(0x0000004cd9c00000,0x0000004cd9d00000) (1024K)]
  0x0000022fd13dace0 JavaThread "Unconstrained build operations Thread 101"        [_thread_blocked, id=2996, stack(0x0000004cd9d00000,0x0000004cd9e00000) (1024K)]
  0x0000022fd13dba00 JavaThread "Unconstrained build operations Thread 102"        [_thread_blocked, id=8044, stack(0x0000004cd9e00000,0x0000004cd9f00000) (1024K)]
  0x0000022fd13db370 JavaThread "Unconstrained build operations Thread 103"        [_thread_blocked, id=8656, stack(0x0000004cd9f00000,0x0000004cda000000) (1024K)]
  0x0000022fd13de7f0 JavaThread "Unconstrained build operations Thread 104"        [_thread_blocked, id=20832, stack(0x0000004cda000000,0x0000004cda100000) (1024K)]
  0x0000022fd13df510 JavaThread "Unconstrained build operations Thread 105"        [_thread_blocked, id=7240, stack(0x0000004cda100000,0x0000004cda200000) (1024K)]
  0x0000022fd13dee80 JavaThread "Unconstrained build operations Thread 106"        [_thread_blocked, id=21032, stack(0x0000004cda200000,0x0000004cda300000) (1024K)]
  0x0000022fd13dc090 JavaThread "Unconstrained build operations Thread 107"        [_thread_blocked, id=21140, stack(0x0000004cda300000,0x0000004cda400000) (1024K)]
  0x0000022fd13dfba0 JavaThread "Unconstrained build operations Thread 108"        [_thread_blocked, id=384, stack(0x0000004cda400000,0x0000004cda500000) (1024K)]
  0x0000022fd13e0230 JavaThread "Unconstrained build operations Thread 109"        [_thread_blocked, id=14776, stack(0x0000004cda500000,0x0000004cda600000) (1024K)]
  0x0000022fd13dcdb0 JavaThread "Unconstrained build operations Thread 110"        [_thread_blocked, id=7360, stack(0x0000004cda600000,0x0000004cda700000) (1024K)]
  0x0000022fd13e08c0 JavaThread "Unconstrained build operations Thread 111"        [_thread_blocked, id=5448, stack(0x0000004cda700000,0x0000004cda800000) (1024K)]
  0x0000022fd13e0f50 JavaThread "Unconstrained build operations Thread 112"        [_thread_blocked, id=20696, stack(0x0000004cda800000,0x0000004cda900000) (1024K)]
  0x0000022fd13e15e0 JavaThread "Unconstrained build operations Thread 113"        [_thread_blocked, id=8444, stack(0x0000004cda900000,0x0000004cdaa00000) (1024K)]
  0x0000022fd5f65a40 JavaThread "Unconstrained build operations Thread 114"        [_thread_blocked, id=21064, stack(0x0000004cdaa00000,0x0000004cdab00000) (1024K)]
  0x0000022fd5f66760 JavaThread "Unconstrained build operations Thread 115"        [_thread_blocked, id=2388, stack(0x0000004cdab00000,0x0000004cdac00000) (1024K)]
  0x0000022fd5f660d0 JavaThread "Unconstrained build operations Thread 116"        [_thread_blocked, id=18916, stack(0x0000004cdac00000,0x0000004cdad00000) (1024K)]
  0x0000022fd5f67480 JavaThread "Unconstrained build operations Thread 117"        [_thread_blocked, id=14600, stack(0x0000004cdad00000,0x0000004cdae00000) (1024K)]
  0x0000022fd5f64d20 JavaThread "Unconstrained build operations Thread 118"        [_thread_blocked, id=19792, stack(0x0000004cdae00000,0x0000004cdaf00000) (1024K)]
  0x0000022fd5f66df0 JavaThread "Unconstrained build operations Thread 119"        [_thread_blocked, id=7996, stack(0x0000004cdaf00000,0x0000004cdb000000) (1024K)]
  0x0000022fd5f64000 JavaThread "WorkerExecutor Queue"              [_thread_blocked, id=18976, stack(0x0000004cdb000000,0x0000004cdb100000) (1024K)]
  0x0000022fd5f653b0 JavaThread "Unconstrained build operations Thread 120"        [_thread_blocked, id=18292, stack(0x0000004cdb100000,0x0000004cdb200000) (1024K)]
  0x0000022fd0d783f0 JavaThread "C2 CompilerThread1"         daemon [_thread_blocked, id=7392, stack(0x0000004cd4600000,0x0000004cd4700000) (1024K)]
  0x0000022fd0d75440 JavaThread "C2 CompilerThread2"         daemon [_thread_blocked, id=15424, stack(0x0000004cd6a00000,0x0000004cd6b00000) (1024K)]
  0x0000022fd5f6c340 JavaThread "WorkerExecutor Queue Thread 2"        [_thread_blocked, id=22244, stack(0x0000004cdb200000,0x0000004cdb300000) (1024K)]
  0x0000022fd5f6d060 JavaThread "WorkerExecutor Queue Thread 4"        [_thread_blocked, id=22252, stack(0x0000004cdb400000,0x0000004cdb500000) (1024K)]
  0x0000022fd5f6dd80 JavaThread "WorkerExecutor Queue Thread 5"        [_thread_blocked, id=22256, stack(0x0000004cdb500000,0x0000004cdb600000) (1024K)]
  0x0000022fd5f6eaa0 JavaThread "WorkerExecutor Queue Thread 6"        [_thread_blocked, id=22260, stack(0x0000004cdb600000,0x0000004cdb700000) (1024K)]
  0x0000022fd5f6f130 JavaThread "WorkerExecutor Queue Thread 7"        [_thread_blocked, id=22264, stack(0x0000004cdb700000,0x0000004cdb800000) (1024K)]
  0x0000022fd5f6e410 JavaThread "WorkerExecutor Queue Thread 9"        [_thread_blocked, id=22272, stack(0x0000004cdb900000,0x0000004cdba00000) (1024K)]
  0x0000022fd5f704e0 JavaThread "WorkerExecutor Queue Thread 10"        [_thread_blocked, id=22280, stack(0x0000004cdba00000,0x0000004cdbb00000) (1024K)]
  0x0000022fd5f6fe50 JavaThread "WorkerExecutor Queue Thread 11"        [_thread_blocked, id=22284, stack(0x0000004cdbb00000,0x0000004cdbc00000) (1024K)]
  0x0000022fd5f70b70 JavaThread "WorkerExecutor Queue Thread 12"        [_thread_blocked, id=22292, stack(0x0000004cdbc00000,0x0000004cdbd00000) (1024K)]
  0x0000022fd5f6d6f0 JavaThread "WorkerExecutor Queue Thread 13"        [_thread_blocked, id=22296, stack(0x0000004cdbd00000,0x0000004cdbe00000) (1024K)]
  0x0000022fd5f71200 JavaThread "WorkerExecutor Queue Thread 14"        [_thread_blocked, id=22300, stack(0x0000004cdbe00000,0x0000004cdbf00000) (1024K)]
  0x0000022fdcc3c600 JavaThread "pool-3-thread-1"                   [_thread_blocked, id=22324, stack(0x0000004cdbf00000,0x0000004cdc000000) (1024K)]
  0x0000022fd25ddaa0 JavaThread "ForkJoinPool-1-worker-1"    daemon [_thread_blocked, id=22376, stack(0x0000004cdc000000,0x0000004cdc100000) (1024K)]
  0x0000022fd25df4e0 JavaThread "ForkJoinPool-1-worker-2"    daemon [_thread_blocked, id=22380, stack(0x0000004cdc100000,0x0000004cdc200000) (1024K)]
  0x0000022fd25e0200 JavaThread "ForkJoinPool-1-worker-3"    daemon [_thread_blocked, id=22384, stack(0x0000004cdc200000,0x0000004cdc300000) (1024K)]
  0x0000022fd25dfb70 JavaThread "ForkJoinPool-1-worker-4"    daemon [_thread_blocked, id=22388, stack(0x0000004cdc300000,0x0000004cdc400000) (1024K)]
  0x0000022fd25e0f20 JavaThread "ForkJoinPool-1-worker-5"    daemon [_thread_blocked, id=22392, stack(0x0000004cdc400000,0x0000004cdc500000) (1024K)]
  0x0000022fd25e15b0 JavaThread "ForkJoinPool-1-worker-6"    daemon [_thread_blocked, id=22396, stack(0x0000004cdc500000,0x0000004cdc600000) (1024K)]
  0x0000022fd25de130 JavaThread "ForkJoinPool-1-worker-7"    daemon [_thread_blocked, id=22400, stack(0x0000004cdc600000,0x0000004cdc700000) (1024K)]
  0x0000022fd25e2960 JavaThread "ForkJoinPool-1-worker-8"    daemon [_thread_blocked, id=22404, stack(0x0000004cdc700000,0x0000004cdc800000) (1024K)]
  0x0000022fd25e3680 JavaThread "ForkJoinPool-1-worker-9"    daemon [_thread_blocked, id=22408, stack(0x0000004cdc800000,0x0000004cdc900000) (1024K)]
  0x0000022fd25e3d10 JavaThread "ForkJoinPool-1-worker-10"   daemon [_thread_blocked, id=22412, stack(0x0000004cdc900000,0x0000004cdca00000) (1024K)]
  0x0000022fd25e43a0 JavaThread "ForkJoinPool-1-worker-11"   daemon [_thread_blocked, id=22416, stack(0x0000004cdca00000,0x0000004cdcb00000) (1024K)]
  0x0000022fd48c7f20 JavaThread "ForkJoinPool-1-worker-12"   daemon [_thread_blocked, id=22420, stack(0x0000004cdcb00000,0x0000004cdcc00000) (1024K)]
  0x0000022fce9cb060 JavaThread "stderr"                            [_thread_blocked, id=22496, stack(0x0000004cdb300000,0x0000004cdb400000) (1024K)]
  0x0000022fce9cbd80 JavaThread "stdout"                            [_thread_in_native, id=22500, stack(0x0000004cdb800000,0x0000004cdb900000) (1024K)]
  0x0000022fce9cb6f0 JavaThread "stderr"                            [_thread_in_native, id=22512, stack(0x0000004cdcc00000,0x0000004cdcd00000) (1024K)]
  0x0000022fce9cf200 JavaThread "stdout"                            [_thread_in_native, id=22516, stack(0x0000004cdcd00000,0x0000004cdce00000) (1024K)]
  0x0000022fce9ccaa0 JavaThread "stderr"                            [_thread_in_native, id=21612, stack(0x0000004cdce00000,0x0000004cdcf00000) (1024K)]
  0x0000022fce9cde50 JavaThread "stdout"                            [_thread_in_native, id=21664, stack(0x0000004cdcf00000,0x0000004cdd000000) (1024K)]
Total: 209

Other Threads:
=>0x0000022fc87015a0 VMThread "VM Thread"                           [id=21304, stack(0x0000004ccf400000,0x0000004ccf500000) (1024K)]
  0x0000022fc825fc70 WatcherThread "VM Periodic Task Thread"        [id=14564, stack(0x0000004ccf300000,0x0000004ccf400000) (1024K)]
  0x0000022fb0ad4e20 WorkerThread "GC Thread#0"                     [id=14496, stack(0x0000004ccee00000,0x0000004ccef00000) (1024K)]
  0x0000022fcd43ea70 WorkerThread "GC Thread#1"                     [id=17832, stack(0x0000004cd0000000,0x0000004cd0100000) (1024K)]
  0x0000022fcd43ee10 WorkerThread "GC Thread#2"                     [id=14552, stack(0x0000004cd0100000,0x0000004cd0200000) (1024K)]
  0x0000022fcd51f1b0 WorkerThread "GC Thread#3"                     [id=3360, stack(0x0000004cd0200000,0x0000004cd0300000) (1024K)]
  0x0000022fcded7570 WorkerThread "GC Thread#4"                     [id=2540, stack(0x0000004cd0400000,0x0000004cd0500000) (1024K)]
  0x0000022fce792a30 WorkerThread "GC Thread#5"                     [id=8872, stack(0x0000004cd0500000,0x0000004cd0600000) (1024K)]
  0x0000022fcf4a9180 WorkerThread "GC Thread#6"                     [id=2348, stack(0x0000004cd1000000,0x0000004cd1100000) (1024K)]
  0x0000022fcf83afc0 WorkerThread "GC Thread#7"                     [id=18268, stack(0x0000004cd1100000,0x0000004cd1200000) (1024K)]
  0x0000022fcdf7e960 WorkerThread "GC Thread#8"                     [id=10680, stack(0x0000004cd1200000,0x0000004cd1300000) (1024K)]
  0x0000022fcdf7ed00 WorkerThread "GC Thread#9"                     [id=12724, stack(0x0000004cd1300000,0x0000004cd1400000) (1024K)]
  0x0000022fb0ae7d30 ConcurrentGCThread "G1 Main Marker"            [id=20848, stack(0x0000004ccef00000,0x0000004ccf000000) (1024K)]
  0x0000022fb0aea4c0 WorkerThread "G1 Conc#0"                       [id=20744, stack(0x0000004ccf000000,0x0000004ccf100000) (1024K)]
  0x0000022fcdf7dae0 WorkerThread "G1 Conc#1"                       [id=9144, stack(0x0000004cd1400000,0x0000004cd1500000) (1024K)]
  0x0000022fcdf7d3a0 WorkerThread "G1 Conc#2"                       [id=11464, stack(0x0000004cd1500000,0x0000004cd1600000) (1024K)]
  0x0000022fc8135460 ConcurrentGCThread "G1 Refine#0"               [id=19000, stack(0x0000004ccf100000,0x0000004ccf200000) (1024K)]
  0x0000022fc8136d90 ConcurrentGCThread "G1 Service"                [id=19372, stack(0x0000004ccf200000,0x0000004ccf300000) (1024K)]
Total: 18

Threads with active compile tasks:
C2 CompilerThread0  42759 22725       4       com.sun.org.apache.xerces.internal.impl.io.UTF8Reader::read (1443 bytes)
C1 CompilerThread0  42759 22765       2       com.sun.org.apache.xerces.internal.impl.XMLEntityManager::createReader (581 bytes)
C2 CompilerThread1  42759 22742   !   4       java.util.concurrent.ForkJoinTask$InterruptibleTask::exec (84 bytes)
C2 CompilerThread2  42759 22747       4       com.android.tools.r8.graph.na::b (64 bytes)
Total: 4

VM state: at safepoint (normal execution)

VM Mutex/Monitor currently owned by a thread:  ([mutex/lock_event])
[0x00007ffb81898690] Threads_lock - owner thread: 0x0000022fc87015a0
[0x00007ffb81898790] Heap_lock - owner thread: 0x0000022fd5f6eaa0

Heap address: 0x0000000080000000, size: 2048 MB, Compressed Oops mode: 32-bit

CDS archive(s) not mapped
Compressed class space mapped at: 0x0000000100000000-0x0000000140000000, reserved size: 1073741824
Narrow klass base: 0x0000000000000000, Narrow klass shift: 3, Narrow klass range: 0x140000000

GC Precious Log:
 CardTable entry size: 512
 Card Set container configuration: InlinePtr #cards 5 size 8 Array Of Cards #cards 12 size 40 Howl #buckets 4 coarsen threshold 1843 Howl Bitmap #cards 512 size 80 coarsen threshold 460 Card regions per heap region 1 cards per card region 2048
 CPUs: 12 total, 12 available
 Memory: 11913M
 Large Page Support: Disabled
 NUMA Support: Disabled
 Compressed Oops: Enabled (32-bit)
 Heap Region Size: 1M
 Heap Min Capacity: 8M
 Heap Initial Capacity: 188M
 Heap Max Capacity: 2G
 Pre-touch: Disabled
 Parallel Workers: 10
 Concurrent Workers: 3
 Concurrent Refinement Workers: 10
 Periodic GC: Disabled

Heap:
 garbage-first heap   total 532480K, used 340992K [0x0000000080000000, 0x0000000100000000)
  region size 1024K, 14 young (14336K), 14 survivors (14336K)
 Metaspace       used 144695K, committed 147008K, reserved 1179648K
  class space    used 20090K, committed 21248K, reserved 1048576K

Heap Regions: E=young(eden), S=young(survivor), O=old, HS=humongous(starts), HC=humongous(continues), CS=collection set, F=free, TAMS=top-at-mark-start, PB=parsable bottom
|   0|0x0000000080000000, 0x0000000080100000, 0x0000000080100000|100%|HS|  |TAMS 0x0000000080000000| PB 0x0000000080000000| Complete 
|   1|0x0000000080100000, 0x0000000080200000, 0x0000000080200000|100%|HC|  |TAMS 0x0000000080100000| PB 0x0000000080100000| Complete 
|   2|0x0000000080200000, 0x0000000080300000, 0x0000000080300000|100%|HC|  |TAMS 0x0000000080200000| PB 0x0000000080200000| Complete 
|   3|0x0000000080300000, 0x0000000080400000, 0x0000000080400000|100%| O|  |TAMS 0x0000000080300000| PB 0x0000000080300000| Untracked 
|   4|0x0000000080400000, 0x0000000080500000, 0x0000000080500000|100%| O|  |TAMS 0x0000000080400000| PB 0x0000000080400000| Untracked 
|   5|0x0000000080500000, 0x0000000080600000, 0x0000000080600000|100%| O|  |TAMS 0x0000000080500000| PB 0x0000000080500000| Untracked 
|   6|0x0000000080600000, 0x0000000080700000, 0x0000000080700000|100%|HS|  |TAMS 0x0000000080600000| PB 0x0000000080600000| Complete 
|   7|0x0000000080700000, 0x0000000080800000, 0x0000000080800000|100%| O|  |TAMS 0x0000000080700000| PB 0x0000000080700000| Untracked 
|   8|0x0000000080800000, 0x0000000080900000, 0x0000000080900000|100%| O|  |TAMS 0x0000000080800000| PB 0x0000000080800000| Untracked 
|   9|0x0000000080900000, 0x0000000080a00000, 0x0000000080a00000|100%| O|  |TAMS 0x0000000080900000| PB 0x0000000080900000| Untracked 
|  10|0x0000000080a00000, 0x0000000080b00000, 0x0000000080b00000|100%| O|  |TAMS 0x0000000080a00000| PB 0x0000000080a00000| Untracked 
|  11|0x0000000080b00000, 0x0000000080c00000, 0x0000000080c00000|100%| O|  |TAMS 0x0000000080b00000| PB 0x0000000080b00000| Untracked 
|  12|0x0000000080c00000, 0x0000000080d00000, 0x0000000080d00000|100%| O|  |TAMS 0x0000000080c00000| PB 0x0000000080c00000| Untracked 
|  13|0x0000000080d00000, 0x0000000080e00000, 0x0000000080e00000|100%| O|  |TAMS 0x0000000080d00000| PB 0x0000000080d00000| Untracked 
|  14|0x0000000080e00000, 0x0000000080f00000, 0x0000000080f00000|100%| O|  |TAMS 0x0000000080e00000| PB 0x0000000080e00000| Untracked 
|  15|0x0000000080f00000, 0x0000000081000000, 0x0000000081000000|100%| O|  |TAMS 0x0000000080f00000| PB 0x0000000080f00000| Untracked 
|  16|0x0000000081000000, 0x0000000081100000, 0x0000000081100000|100%| O|  |TAMS 0x0000000081000000| PB 0x0000000081000000| Untracked 
|  17|0x0000000081100000, 0x0000000081200000, 0x0000000081200000|100%| O|  |TAMS 0x0000000081100000| PB 0x0000000081100000| Untracked 
|  18|0x0000000081200000, 0x0000000081300000, 0x0000000081300000|100%| O|  |TAMS 0x0000000081200000| PB 0x0000000081200000| Untracked 
|  19|0x0000000081300000, 0x0000000081400000, 0x0000000081400000|100%| O|  |TAMS 0x0000000081300000| PB 0x0000000081300000| Untracked 
|  20|0x0000000081400000, 0x0000000081500000, 0x0000000081500000|100%| O|  |TAMS 0x0000000081400000| PB 0x0000000081400000| Untracked 
|  21|0x0000000081500000, 0x0000000081600000, 0x0000000081600000|100%| O|  |TAMS 0x0000000081500000| PB 0x0000000081500000| Untracked 
|  22|0x0000000081600000, 0x0000000081700000, 0x0000000081700000|100%|HS|  |TAMS 0x0000000081600000| PB 0x0000000081600000| Complete 
|  23|0x0000000081700000, 0x0000000081800000, 0x0000000081800000|100%|HC|  |TAMS 0x0000000081700000| PB 0x0000000081700000| Complete 
|  24|0x0000000081800000, 0x0000000081900000, 0x0000000081900000|100%| O|  |TAMS 0x0000000081800000| PB 0x0000000081800000| Untracked 
|  25|0x0000000081900000, 0x0000000081a00000, 0x0000000081a00000|100%| O|  |TAMS 0x0000000081900000| PB 0x0000000081900000| Untracked 
|  26|0x0000000081a00000, 0x0000000081b00000, 0x0000000081b00000|100%| O|  |TAMS 0x0000000081a00000| PB 0x0000000081a00000| Untracked 
|  27|0x0000000081b00000, 0x0000000081c00000, 0x0000000081c00000|100%| O|  |TAMS 0x0000000081b00000| PB 0x0000000081b00000| Untracked 
|  28|0x0000000081c00000, 0x0000000081d00000, 0x0000000081d00000|100%| O|  |TAMS 0x0000000081c00000| PB 0x0000000081c00000| Untracked 
|  29|0x0000000081d00000, 0x0000000081e00000, 0x0000000081e00000|100%| O|  |TAMS 0x0000000081d00000| PB 0x0000000081d00000| Untracked 
|  30|0x0000000081e00000, 0x0000000081f00000, 0x0000000081f00000|100%| O|  |TAMS 0x0000000081e00000| PB 0x0000000081e00000| Untracked 
|  31|0x0000000081f00000, 0x0000000082000000, 0x0000000082000000|100%| O|  |TAMS 0x0000000081f00000| PB 0x0000000081f00000| Untracked 
|  32|0x0000000082000000, 0x0000000082100000, 0x0000000082100000|100%| O|  |TAMS 0x0000000082000000| PB 0x0000000082000000| Untracked 
|  33|0x0000000082100000, 0x0000000082200000, 0x0000000082200000|100%| O|  |TAMS 0x0000000082100000| PB 0x0000000082100000| Untracked 
|  34|0x0000000082200000, 0x0000000082300000, 0x0000000082300000|100%| O|  |TAMS 0x0000000082200000| PB 0x0000000082200000| Untracked 
|  35|0x0000000082300000, 0x0000000082400000, 0x0000000082400000|100%|HS|  |TAMS 0x0000000082300000| PB 0x0000000082300000| Complete 
|  36|0x0000000082400000, 0x0000000082500000, 0x0000000082500000|100%|HS|  |TAMS 0x0000000082400000| PB 0x0000000082400000| Complete 
|  37|0x0000000082500000, 0x0000000082600000, 0x0000000082600000|100%|HS|  |TAMS 0x0000000082500000| PB 0x0000000082500000| Complete 
|  38|0x0000000082600000, 0x0000000082700000, 0x0000000082700000|100%| O|  |TAMS 0x0000000082600000| PB 0x0000000082600000| Untracked 
|  39|0x0000000082700000, 0x0000000082800000, 0x0000000082800000|100%| O|  |TAMS 0x0000000082700000| PB 0x0000000082700000| Untracked 
|  40|0x0000000082800000, 0x0000000082900000, 0x0000000082900000|100%| O|  |TAMS 0x0000000082800000| PB 0x0000000082800000| Untracked 
|  41|0x0000000082900000, 0x0000000082a00000, 0x0000000082a00000|100%| O|  |TAMS 0x0000000082900000| PB 0x0000000082900000| Untracked 
|  42|0x0000000082a00000, 0x0000000082b00000, 0x0000000082b00000|100%| O|  |TAMS 0x0000000082a00000| PB 0x0000000082a00000| Untracked 
|  43|0x0000000082b00000, 0x0000000082c00000, 0x0000000082c00000|100%|HS|  |TAMS 0x0000000082b00000| PB 0x0000000082b00000| Complete 
|  44|0x0000000082c00000, 0x0000000082d00000, 0x0000000082d00000|100%| O|  |TAMS 0x0000000082c00000| PB 0x0000000082c00000| Untracked 
|  45|0x0000000082d00000, 0x0000000082e00000, 0x0000000082e00000|100%| O|  |TAMS 0x0000000082d00000| PB 0x0000000082d00000| Untracked 
|  46|0x0000000082e00000, 0x0000000082f00000, 0x0000000082f00000|100%| O|  |TAMS 0x0000000082e00000| PB 0x0000000082e00000| Untracked 
|  47|0x0000000082f00000, 0x0000000083000000, 0x0000000083000000|100%| O|  |TAMS 0x0000000082f00000| PB 0x0000000082f00000| Untracked 
|  48|0x0000000083000000, 0x0000000083100000, 0x0000000083100000|100%| O|  |TAMS 0x0000000083000000| PB 0x0000000083000000| Untracked 
|  49|0x0000000083100000, 0x0000000083200000, 0x0000000083200000|100%|HS|  |TAMS 0x0000000083100000| PB 0x0000000083100000| Complete 
|  50|0x0000000083200000, 0x0000000083300000, 0x0000000083300000|100%|HC|  |TAMS 0x0000000083200000| PB 0x0000000083200000| Complete 
|  51|0x0000000083300000, 0x0000000083400000, 0x0000000083400000|100%| O|  |TAMS 0x0000000083300000| PB 0x0000000083300000| Untracked 
|  52|0x0000000083400000, 0x0000000083500000, 0x0000000083500000|100%| O|  |TAMS 0x0000000083400000| PB 0x0000000083400000| Untracked 
|  53|0x0000000083500000, 0x0000000083600000, 0x0000000083600000|100%| O|  |TAMS 0x0000000083500000| PB 0x0000000083500000| Untracked 
|  54|0x0000000083600000, 0x0000000083700000, 0x0000000083700000|100%|HS|  |TAMS 0x0000000083600000| PB 0x0000000083600000| Complete 
|  55|0x0000000083700000, 0x0000000083800000, 0x0000000083800000|100%|HC|  |TAMS 0x0000000083700000| PB 0x0000000083700000| Complete 
|  56|0x0000000083800000, 0x0000000083900000, 0x0000000083900000|100%| O|  |TAMS 0x0000000083800000| PB 0x0000000083800000| Untracked 
|  57|0x0000000083900000, 0x0000000083a00000, 0x0000000083a00000|100%| O|  |TAMS 0x0000000083900000| PB 0x0000000083900000| Untracked 
|  58|0x0000000083a00000, 0x0000000083b00000, 0x0000000083b00000|100%| O|  |TAMS 0x0000000083a00000| PB 0x0000000083a00000| Untracked 
|  59|0x0000000083b00000, 0x0000000083c00000, 0x0000000083c00000|100%|HS|  |TAMS 0x0000000083b00000| PB 0x0000000083b00000| Complete 
|  60|0x0000000083c00000, 0x0000000083d00000, 0x0000000083d00000|100%| O|  |TAMS 0x0000000083c00000| PB 0x0000000083c00000| Untracked 
|  61|0x0000000083d00000, 0x0000000083e00000, 0x0000000083e00000|100%|HS|  |TAMS 0x0000000083d00000| PB 0x0000000083d00000| Complete 
|  62|0x0000000083e00000, 0x0000000083f00000, 0x0000000083f00000|100%|HC|  |TAMS 0x0000000083e00000| PB 0x0000000083e00000| Complete 
|  63|0x0000000083f00000, 0x0000000084000000, 0x0000000084000000|100%|HC|  |TAMS 0x0000000083f00000| PB 0x0000000083f00000| Complete 
|  64|0x0000000084000000, 0x0000000084100000, 0x0000000084100000|100%|HC|  |TAMS 0x0000000084000000| PB 0x0000000084000000| Complete 
|  65|0x0000000084100000, 0x0000000084200000, 0x0000000084200000|100%|HS|  |TAMS 0x0000000084100000| PB 0x0000000084100000| Complete 
|  66|0x0000000084200000, 0x0000000084300000, 0x0000000084300000|100%| O|  |TAMS 0x0000000084200000| PB 0x0000000084200000| Untracked 
|  67|0x0000000084300000, 0x0000000084400000, 0x0000000084400000|100%|HS|  |TAMS 0x0000000084300000| PB 0x0000000084300000| Complete 
|  68|0x0000000084400000, 0x0000000084500000, 0x0000000084500000|100%| O|  |TAMS 0x0000000084400000| PB 0x0000000084400000| Untracked 
|  69|0x0000000084500000, 0x0000000084600000, 0x0000000084600000|100%|HS|  |TAMS 0x0000000084500000| PB 0x0000000084500000| Complete 
|  70|0x0000000084600000, 0x0000000084700000, 0x0000000084700000|100%|HC|  |TAMS 0x0000000084600000| PB 0x0000000084600000| Complete 
|  71|0x0000000084700000, 0x0000000084800000, 0x0000000084800000|100%|HC|  |TAMS 0x0000000084700000| PB 0x0000000084700000| Complete 
|  72|0x0000000084800000, 0x0000000084900000, 0x0000000084900000|100%|HC|  |TAMS 0x0000000084800000| PB 0x0000000084800000| Complete 
|  73|0x0000000084900000, 0x0000000084a00000, 0x0000000084a00000|100%| O|  |TAMS 0x0000000084900000| PB 0x0000000084900000| Untracked 
|  74|0x0000000084a00000, 0x0000000084b00000, 0x0000000084b00000|100%| O|  |TAMS 0x0000000084a00000| PB 0x0000000084a00000| Untracked 
|  75|0x0000000084b00000, 0x0000000084c00000, 0x0000000084c00000|100%| O|  |TAMS 0x0000000084b00000| PB 0x0000000084b00000| Untracked 
|  76|0x0000000084c00000, 0x0000000084d00000, 0x0000000084d00000|100%| O|  |TAMS 0x0000000084c00000| PB 0x0000000084c00000| Untracked 
|  77|0x0000000084d00000, 0x0000000084e00000, 0x0000000084e00000|100%| O|  |TAMS 0x0000000084d00000| PB 0x0000000084d00000| Untracked 
|  78|0x0000000084e00000, 0x0000000084f00000, 0x0000000084f00000|100%| O|  |TAMS 0x0000000084e00000| PB 0x0000000084e00000| Untracked 
|  79|0x0000000084f00000, 0x0000000085000000, 0x0000000085000000|100%| O|  |TAMS 0x0000000084f00000| PB 0x0000000084f00000| Untracked 
|  80|0x0000000085000000, 0x0000000085100000, 0x0000000085100000|100%| O|  |TAMS 0x0000000085000000| PB 0x0000000085000000| Untracked 
|  81|0x0000000085100000, 0x0000000085200000, 0x0000000085200000|100%| O|  |TAMS 0x0000000085100000| PB 0x0000000085100000| Untracked 
|  82|0x0000000085200000, 0x0000000085300000, 0x0000000085300000|100%| O|  |TAMS 0x0000000085200000| PB 0x0000000085200000| Untracked 
|  83|0x0000000085300000, 0x0000000085400000, 0x0000000085400000|100%| O|  |TAMS 0x0000000085300000| PB 0x0000000085300000| Untracked 
|  84|0x0000000085400000, 0x0000000085500000, 0x0000000085500000|100%| O|  |TAMS 0x0000000085400000| PB 0x0000000085400000| Untracked 
|  85|0x0000000085500000, 0x0000000085600000, 0x0000000085600000|100%| O|  |TAMS 0x0000000085500000| PB 0x0000000085500000| Untracked 
|  86|0x0000000085600000, 0x0000000085700000, 0x0000000085700000|100%| O|  |TAMS 0x0000000085600000| PB 0x0000000085600000| Untracked 
|  87|0x0000000085700000, 0x0000000085800000, 0x0000000085800000|100%| O|  |TAMS 0x0000000085700000| PB 0x0000000085700000| Untracked 
|  88|0x0000000085800000, 0x0000000085900000, 0x0000000085900000|100%| O|  |TAMS 0x0000000085800000| PB 0x0000000085800000| Untracked 
|  89|0x0000000085900000, 0x0000000085a00000, 0x0000000085a00000|100%| O|  |TAMS 0x0000000085900000| PB 0x0000000085900000| Untracked 
|  90|0x0000000085a00000, 0x0000000085b00000, 0x0000000085b00000|100%| O|  |TAMS 0x0000000085a00000| PB 0x0000000085a00000| Untracked 
|  91|0x0000000085b00000, 0x0000000085c00000, 0x0000000085c00000|100%| O|  |TAMS 0x0000000085b00000| PB 0x0000000085b00000| Untracked 
|  92|0x0000000085c00000, 0x0000000085d00000, 0x0000000085d00000|100%| O|  |TAMS 0x0000000085c00000| PB 0x0000000085c00000| Untracked 
|  93|0x0000000085d00000, 0x0000000085e00000, 0x0000000085e00000|100%| O|  |TAMS 0x0000000085d00000| PB 0x0000000085d00000| Untracked 
|  94|0x0000000085e00000, 0x0000000085f00000, 0x0000000085f00000|100%| O|  |TAMS 0x0000000085e00000| PB 0x0000000085e00000| Untracked 
|  95|0x0000000085f00000, 0x0000000086000000, 0x0000000086000000|100%| O|  |TAMS 0x0000000085f00000| PB 0x0000000085f00000| Untracked 
|  96|0x0000000086000000, 0x0000000086100000, 0x0000000086100000|100%| O|  |TAMS 0x0000000086000000| PB 0x0000000086000000| Untracked 
|  97|0x0000000086100000, 0x0000000086200000, 0x0000000086200000|100%| O|  |TAMS 0x0000000086100000| PB 0x0000000086100000| Untracked 
|  98|0x0000000086200000, 0x0000000086300000, 0x0000000086300000|100%| O|  |TAMS 0x0000000086200000| PB 0x0000000086200000| Untracked 
|  99|0x0000000086300000, 0x0000000086400000, 0x0000000086400000|100%| O|  |TAMS 0x0000000086300000| PB 0x0000000086300000| Untracked 
| 100|0x0000000086400000, 0x0000000086500000, 0x0000000086500000|100%| O|  |TAMS 0x0000000086400000| PB 0x0000000086400000| Untracked 
| 101|0x0000000086500000, 0x0000000086600000, 0x0000000086600000|100%| O|  |TAMS 0x0000000086500000| PB 0x0000000086500000| Untracked 
| 102|0x0000000086600000, 0x0000000086700000, 0x0000000086700000|100%| O|  |TAMS 0x0000000086600000| PB 0x0000000086600000| Untracked 
| 103|0x0000000086700000, 0x0000000086800000, 0x0000000086800000|100%| O|  |TAMS 0x0000000086700000| PB 0x0000000086700000| Untracked 
| 104|0x0000000086800000, 0x0000000086900000, 0x0000000086900000|100%| O|  |TAMS 0x0000000086800000| PB 0x0000000086800000| Untracked 
| 105|0x0000000086900000, 0x0000000086a00000, 0x0000000086a00000|100%| O|  |TAMS 0x0000000086900000| PB 0x0000000086900000| Untracked 
| 106|0x0000000086a00000, 0x0000000086b00000, 0x0000000086b00000|100%| O|  |TAMS 0x0000000086a00000| PB 0x0000000086a00000| Untracked 
| 107|0x0000000086b00000, 0x0000000086c00000, 0x0000000086c00000|100%| O|  |TAMS 0x0000000086b00000| PB 0x0000000086b00000| Untracked 
| 108|0x0000000086c00000, 0x0000000086d00000, 0x0000000086d00000|100%| O|  |TAMS 0x0000000086c00000| PB 0x0000000086c00000| Untracked 
| 109|0x0000000086d00000, 0x0000000086e00000, 0x0000000086e00000|100%| O|  |TAMS 0x0000000086d00000| PB 0x0000000086d00000| Untracked 
| 110|0x0000000086e00000, 0x0000000086f00000, 0x0000000086f00000|100%| O|  |TAMS 0x0000000086e00000| PB 0x0000000086e00000| Untracked 
| 111|0x0000000086f00000, 0x0000000087000000, 0x0000000087000000|100%| O|  |TAMS 0x0000000086f00000| PB 0x0000000086f00000| Untracked 
| 112|0x0000000087000000, 0x0000000087100000, 0x0000000087100000|100%| O|  |TAMS 0x0000000087000000| PB 0x0000000087000000| Untracked 
| 113|0x0000000087100000, 0x0000000087200000, 0x0000000087200000|100%| O|  |TAMS 0x0000000087100000| PB 0x0000000087100000| Untracked 
| 114|0x0000000087200000, 0x0000000087300000, 0x0000000087300000|100%| O|  |TAMS 0x0000000087200000| PB 0x0000000087200000| Untracked 
| 115|0x0000000087300000, 0x0000000087400000, 0x0000000087400000|100%| O|  |TAMS 0x0000000087300000| PB 0x0000000087300000| Untracked 
| 116|0x0000000087400000, 0x0000000087500000, 0x0000000087500000|100%| O|  |TAMS 0x0000000087400000| PB 0x0000000087400000| Untracked 
| 117|0x0000000087500000, 0x0000000087600000, 0x0000000087600000|100%| O|  |TAMS 0x0000000087500000| PB 0x0000000087500000| Untracked 
| 118|0x0000000087600000, 0x0000000087700000, 0x0000000087700000|100%| O|  |TAMS 0x0000000087600000| PB 0x0000000087600000| Untracked 
| 119|0x0000000087700000, 0x0000000087800000, 0x0000000087800000|100%| O|  |TAMS 0x0000000087700000| PB 0x0000000087700000| Untracked 
| 120|0x0000000087800000, 0x0000000087900000, 0x0000000087900000|100%| O|  |TAMS 0x0000000087800000| PB 0x0000000087800000| Untracked 
| 121|0x0000000087900000, 0x0000000087a00000, 0x0000000087a00000|100%| O|  |TAMS 0x0000000087900000| PB 0x0000000087900000| Untracked 
| 122|0x0000000087a00000, 0x0000000087b00000, 0x0000000087b00000|100%| O|  |TAMS 0x0000000087a00000| PB 0x0000000087a00000| Untracked 
| 123|0x0000000087b00000, 0x0000000087c00000, 0x0000000087c00000|100%| O|  |TAMS 0x0000000087b00000| PB 0x0000000087b00000| Untracked 
| 124|0x0000000087c00000, 0x0000000087d00000, 0x0000000087d00000|100%| O|  |TAMS 0x0000000087c00000| PB 0x0000000087c00000| Untracked 
| 125|0x0000000087d00000, 0x0000000087e00000, 0x0000000087e00000|100%| O|  |TAMS 0x0000000087d00000| PB 0x0000000087d00000| Untracked 
| 126|0x0000000087e00000, 0x0000000087f00000, 0x0000000087f00000|100%|HS|  |TAMS 0x0000000087e00000| PB 0x0000000087e00000| Complete 
| 127|0x0000000087f00000, 0x0000000088000000, 0x0000000088000000|100%|HC|  |TAMS 0x0000000087f00000| PB 0x0000000087f00000| Complete 
| 128|0x0000000088000000, 0x0000000088100000, 0x0000000088100000|100%| O|  |TAMS 0x0000000088000000| PB 0x0000000088000000| Untracked 
| 129|0x0000000088100000, 0x0000000088200000, 0x0000000088200000|100%| O|  |TAMS 0x0000000088100000| PB 0x0000000088100000| Untracked 
| 130|0x0000000088200000, 0x0000000088300000, 0x0000000088300000|100%| O|  |TAMS 0x0000000088200000| PB 0x0000000088200000| Untracked 
| 131|0x0000000088300000, 0x0000000088400000, 0x0000000088400000|100%| O|  |TAMS 0x0000000088300000| PB 0x0000000088300000| Untracked 
| 132|0x0000000088400000, 0x0000000088500000, 0x0000000088500000|100%| O|  |TAMS 0x0000000088400000| PB 0x0000000088400000| Untracked 
| 133|0x0000000088500000, 0x0000000088600000, 0x0000000088600000|100%| O|  |TAMS 0x0000000088500000| PB 0x0000000088500000| Untracked 
| 134|0x0000000088600000, 0x0000000088700000, 0x0000000088700000|100%|HS|  |TAMS 0x0000000088600000| PB 0x0000000088600000| Complete 
| 135|0x0000000088700000, 0x0000000088800000, 0x0000000088800000|100%|HC|  |TAMS 0x0000000088700000| PB 0x0000000088700000| Complete 
| 136|0x0000000088800000, 0x0000000088900000, 0x0000000088900000|100%| O|  |TAMS 0x0000000088800000| PB 0x0000000088800000| Untracked 
| 137|0x0000000088900000, 0x0000000088a00000, 0x0000000088a00000|100%|HS|  |TAMS 0x0000000088900000| PB 0x0000000088900000| Complete 
| 138|0x0000000088a00000, 0x0000000088b00000, 0x0000000088b00000|100%|HC|  |TAMS 0x0000000088a00000| PB 0x0000000088a00000| Complete 
| 139|0x0000000088b00000, 0x0000000088c00000, 0x0000000088c00000|100%|HS|  |TAMS 0x0000000088b00000| PB 0x0000000088b00000| Complete 
| 140|0x0000000088c00000, 0x0000000088d00000, 0x0000000088d00000|100%| O|  |TAMS 0x0000000088c00000| PB 0x0000000088c00000| Untracked 
| 141|0x0000000088d00000, 0x0000000088e00000, 0x0000000088e00000|100%| O|  |TAMS 0x0000000088d00000| PB 0x0000000088d00000| Untracked 
| 142|0x0000000088e00000, 0x0000000088f00000, 0x0000000088f00000|100%|HS|  |TAMS 0x0000000088e00000| PB 0x0000000088e00000| Complete 
| 143|0x0000000088f00000, 0x0000000089000000, 0x0000000089000000|100%| O|  |TAMS 0x0000000088f00000| PB 0x0000000088f00000| Untracked 
| 144|0x0000000089000000, 0x0000000089100000, 0x0000000089100000|100%| O|  |TAMS 0x0000000089000000| PB 0x0000000089000000| Untracked 
| 145|0x0000000089100000, 0x0000000089100000, 0x0000000089200000|  0%| F|  |TAMS 0x0000000089100000| PB 0x0000000089100000| Untracked 
| 146|0x0000000089200000, 0x0000000089300000, 0x0000000089300000|100%| O|  |TAMS 0x0000000089200000| PB 0x0000000089200000| Untracked 
| 147|0x0000000089300000, 0x0000000089300000, 0x0000000089400000|  0%| F|  |TAMS 0x0000000089300000| PB 0x0000000089300000| Untracked 
| 148|0x0000000089400000, 0x0000000089400000, 0x0000000089500000|  0%| F|  |TAMS 0x0000000089400000| PB 0x0000000089400000| Untracked 
| 149|0x0000000089500000, 0x0000000089600000, 0x0000000089600000|100%| O|  |TAMS 0x0000000089500000| PB 0x0000000089500000| Untracked 
| 150|0x0000000089600000, 0x0000000089700000, 0x0000000089700000|100%| O|  |TAMS 0x0000000089600000| PB 0x0000000089600000| Untracked 
| 151|0x0000000089700000, 0x0000000089800000, 0x0000000089800000|100%| O|  |TAMS 0x0000000089700000| PB 0x0000000089700000| Untracked 
| 152|0x0000000089800000, 0x0000000089900000, 0x0000000089900000|100%| O|  |TAMS 0x0000000089800000| PB 0x0000000089800000| Untracked 
| 153|0x0000000089900000, 0x0000000089a00000, 0x0000000089a00000|100%| O|  |TAMS 0x0000000089900000| PB 0x0000000089900000| Untracked 
| 154|0x0000000089a00000, 0x0000000089b00000, 0x0000000089b00000|100%| O|  |TAMS 0x0000000089a00000| PB 0x0000000089a00000| Untracked 
| 155|0x0000000089b00000, 0x0000000089c00000, 0x0000000089c00000|100%|HS|  |TAMS 0x0000000089b00000| PB 0x0000000089b00000| Complete 
| 156|0x0000000089c00000, 0x0000000089d00000, 0x0000000089d00000|100%|HC|  |TAMS 0x0000000089c00000| PB 0x0000000089c00000| Complete 
| 157|0x0000000089d00000, 0x0000000089e00000, 0x0000000089e00000|100%|HC|  |TAMS 0x0000000089d00000| PB 0x0000000089d00000| Complete 
| 158|0x0000000089e00000, 0x0000000089f00000, 0x0000000089f00000|100%| O|  |TAMS 0x0000000089e00000| PB 0x0000000089e00000| Untracked 
| 159|0x0000000089f00000, 0x000000008a000000, 0x000000008a000000|100%| O|  |TAMS 0x0000000089f00000| PB 0x0000000089f00000| Untracked 
| 160|0x000000008a000000, 0x000000008a100000, 0x000000008a100000|100%| O|  |TAMS 0x000000008a000000| PB 0x000000008a000000| Untracked 
| 161|0x000000008a100000, 0x000000008a200000, 0x000000008a200000|100%|HS|  |TAMS 0x000000008a100000| PB 0x000000008a100000| Complete 
| 162|0x000000008a200000, 0x000000008a300000, 0x000000008a300000|100%|HC|  |TAMS 0x000000008a200000| PB 0x000000008a200000| Complete 
| 163|0x000000008a300000, 0x000000008a400000, 0x000000008a400000|100%|HS|  |TAMS 0x000000008a300000| PB 0x000000008a300000| Complete 
| 164|0x000000008a400000, 0x000000008a500000, 0x000000008a500000|100%| O|  |TAMS 0x000000008a400000| PB 0x000000008a400000| Untracked 
| 165|0x000000008a500000, 0x000000008a600000, 0x000000008a600000|100%|HS|  |TAMS 0x000000008a500000| PB 0x000000008a500000| Complete 
| 166|0x000000008a600000, 0x000000008a700000, 0x000000008a700000|100%| O|  |TAMS 0x000000008a600000| PB 0x000000008a600000| Untracked 
| 167|0x000000008a700000, 0x000000008a800000, 0x000000008a800000|100%|HS|  |TAMS 0x000000008a700000| PB 0x000000008a700000| Complete 
| 168|0x000000008a800000, 0x000000008a900000, 0x000000008a900000|100%| O|  |TAMS 0x000000008a800000| PB 0x000000008a800000| Untracked 
| 169|0x000000008a900000, 0x000000008aa00000, 0x000000008aa00000|100%| O|  |TAMS 0x000000008a900000| PB 0x000000008a900000| Untracked 
| 170|0x000000008aa00000, 0x000000008ab00000, 0x000000008ab00000|100%| O|  |TAMS 0x000000008aa00000| PB 0x000000008aa00000| Untracked 
| 171|0x000000008ab00000, 0x000000008ac00000, 0x000000008ac00000|100%|HS|  |TAMS 0x000000008ab00000| PB 0x000000008ab00000| Complete 
| 172|0x000000008ac00000, 0x000000008ad00000, 0x000000008ad00000|100%|HC|  |TAMS 0x000000008ac00000| PB 0x000000008ac00000| Complete 
| 173|0x000000008ad00000, 0x000000008ae00000, 0x000000008ae00000|100%|HS|  |TAMS 0x000000008ad00000| PB 0x000000008ad00000| Complete 
| 174|0x000000008ae00000, 0x000000008af00000, 0x000000008af00000|100%|HS|  |TAMS 0x000000008ae00000| PB 0x000000008ae00000| Complete 
| 175|0x000000008af00000, 0x000000008b000000, 0x000000008b000000|100%|HC|  |TAMS 0x000000008af00000| PB 0x000000008af00000| Complete 
| 176|0x000000008b000000, 0x000000008b100000, 0x000000008b100000|100%|HS|  |TAMS 0x000000008b000000| PB 0x000000008b000000| Complete 
| 177|0x000000008b100000, 0x000000008b200000, 0x000000008b200000|100%|HC|  |TAMS 0x000000008b100000| PB 0x000000008b100000| Complete 
| 178|0x000000008b200000, 0x000000008b300000, 0x000000008b300000|100%| O|  |TAMS 0x000000008b200000| PB 0x000000008b200000| Untracked 
| 179|0x000000008b300000, 0x000000008b400000, 0x000000008b400000|100%|HS|  |TAMS 0x000000008b300000| PB 0x000000008b300000| Complete 
| 180|0x000000008b400000, 0x000000008b400000, 0x000000008b500000|  0%| F|  |TAMS 0x000000008b400000| PB 0x000000008b400000| Untracked 
| 181|0x000000008b500000, 0x000000008b600000, 0x000000008b600000|100%| O|  |TAMS 0x000000008b500000| PB 0x000000008b500000| Untracked 
| 182|0x000000008b600000, 0x000000008b700000, 0x000000008b700000|100%| O|  |TAMS 0x000000008b600000| PB 0x000000008b600000| Untracked 
| 183|0x000000008b700000, 0x000000008b800000, 0x000000008b800000|100%|HS|  |TAMS 0x000000008b700000| PB 0x000000008b700000| Complete 
| 184|0x000000008b800000, 0x000000008b900000, 0x000000008b900000|100%|HC|  |TAMS 0x000000008b800000| PB 0x000000008b800000| Complete 
| 185|0x000000008b900000, 0x000000008ba00000, 0x000000008ba00000|100%| O|  |TAMS 0x000000008b900000| PB 0x000000008b900000| Untracked 
| 186|0x000000008ba00000, 0x000000008bb00000, 0x000000008bb00000|100%|HS|  |TAMS 0x000000008ba00000| PB 0x000000008ba00000| Complete 
| 187|0x000000008bb00000, 0x000000008bc00000, 0x000000008bc00000|100%|HC|  |TAMS 0x000000008bb00000| PB 0x000000008bb00000| Complete 
| 188|0x000000008bc00000, 0x000000008bd00000, 0x000000008bd00000|100%|HS|  |TAMS 0x000000008bc00000| PB 0x000000008bc00000| Complete 
| 189|0x000000008bd00000, 0x000000008be00000, 0x000000008be00000|100%|HC|  |TAMS 0x000000008bd00000| PB 0x000000008bd00000| Complete 
| 190|0x000000008be00000, 0x000000008bf00000, 0x000000008bf00000|100%| O|  |TAMS 0x000000008be00000| PB 0x000000008be00000| Untracked 
| 191|0x000000008bf00000, 0x000000008c000000, 0x000000008c000000|100%|HS|  |TAMS 0x000000008bf00000| PB 0x000000008bf00000| Complete 
| 192|0x000000008c000000, 0x000000008c100000, 0x000000008c100000|100%| O|  |TAMS 0x000000008c000000| PB 0x000000008c000000| Untracked 
| 193|0x000000008c100000, 0x000000008c200000, 0x000000008c200000|100%| O|  |TAMS 0x000000008c100000| PB 0x000000008c100000| Untracked 
| 194|0x000000008c200000, 0x000000008c300000, 0x000000008c300000|100%| O|  |TAMS 0x000000008c200000| PB 0x000000008c200000| Untracked 
| 195|0x000000008c300000, 0x000000008c400000, 0x000000008c400000|100%| O|  |TAMS 0x000000008c300000| PB 0x000000008c300000| Untracked 
| 196|0x000000008c400000, 0x000000008c500000, 0x000000008c500000|100%| O|  |TAMS 0x000000008c400000| PB 0x000000008c400000| Untracked 
| 197|0x000000008c500000, 0x000000008c600000, 0x000000008c600000|100%| O|  |TAMS 0x000000008c500000| PB 0x000000008c500000| Untracked 
| 198|0x000000008c600000, 0x000000008c700000, 0x000000008c700000|100%|HS|  |TAMS 0x000000008c600000| PB 0x000000008c600000| Complete 
| 199|0x000000008c700000, 0x000000008c800000, 0x000000008c800000|100%|HC|  |TAMS 0x000000008c700000| PB 0x000000008c700000| Complete 
| 200|0x000000008c800000, 0x000000008c900000, 0x000000008c900000|100%|HC|  |TAMS 0x000000008c800000| PB 0x000000008c800000| Complete 
| 201|0x000000008c900000, 0x000000008ca00000, 0x000000008ca00000|100%| O|  |TAMS 0x000000008c900000| PB 0x000000008c900000| Untracked 
| 202|0x000000008ca00000, 0x000000008cb00000, 0x000000008cb00000|100%| O|  |TAMS 0x000000008ca00000| PB 0x000000008ca00000| Untracked 
| 203|0x000000008cb00000, 0x000000008cc00000, 0x000000008cc00000|100%| O|  |TAMS 0x000000008cb00000| PB 0x000000008cb00000| Untracked 
| 204|0x000000008cc00000, 0x000000008cd00000, 0x000000008cd00000|100%| O|  |TAMS 0x000000008cc00000| PB 0x000000008cc00000| Untracked 
| 205|0x000000008cd00000, 0x000000008ce00000, 0x000000008ce00000|100%| O|  |TAMS 0x000000008cd00000| PB 0x000000008cd00000| Untracked 
| 206|0x000000008ce00000, 0x000000008cf00000, 0x000000008cf00000|100%| O|  |TAMS 0x000000008ce00000| PB 0x000000008ce00000| Untracked 
| 207|0x000000008cf00000, 0x000000008d000000, 0x000000008d000000|100%| O|  |TAMS 0x000000008cf00000| PB 0x000000008cf00000| Untracked 
| 208|0x000000008d000000, 0x000000008d000000, 0x000000008d100000|  0%| F|  |TAMS 0x000000008d000000| PB 0x000000008d000000| Untracked 
| 209|0x000000008d100000, 0x000000008d200000, 0x000000008d200000|100%| O|  |TAMS 0x000000008d100000| PB 0x000000008d100000| Untracked 
| 210|0x000000008d200000, 0x000000008d300000, 0x000000008d300000|100%| O|  |TAMS 0x000000008d200000| PB 0x000000008d200000| Untracked 
| 211|0x000000008d300000, 0x000000008d400000, 0x000000008d400000|100%| O|  |TAMS 0x000000008d300000| PB 0x000000008d300000| Untracked 
| 212|0x000000008d400000, 0x000000008d500000, 0x000000008d500000|100%| O|  |TAMS 0x000000008d400000| PB 0x000000008d400000| Untracked 
| 213|0x000000008d500000, 0x000000008d600000, 0x000000008d600000|100%| O|  |TAMS 0x000000008d500000| PB 0x000000008d500000| Untracked 
| 214|0x000000008d600000, 0x000000008d700000, 0x000000008d700000|100%| O|  |TAMS 0x000000008d600000| PB 0x000000008d600000| Untracked 
| 215|0x000000008d700000, 0x000000008d800000, 0x000000008d800000|100%| O|  |TAMS 0x000000008d700000| PB 0x000000008d700000| Untracked 
| 216|0x000000008d800000, 0x000000008d900000, 0x000000008d900000|100%| O|  |TAMS 0x000000008d800000| PB 0x000000008d800000| Untracked 
| 217|0x000000008d900000, 0x000000008da00000, 0x000000008da00000|100%| O|  |TAMS 0x000000008d900000| PB 0x000000008d900000| Untracked 
| 218|0x000000008da00000, 0x000000008db00000, 0x000000008db00000|100%| O|  |TAMS 0x000000008da00000| PB 0x000000008da00000| Untracked 
| 219|0x000000008db00000, 0x000000008dc00000, 0x000000008dc00000|100%| O|  |TAMS 0x000000008db00000| PB 0x000000008db00000| Untracked 
| 220|0x000000008dc00000, 0x000000008dd00000, 0x000000008dd00000|100%| O|  |TAMS 0x000000008dc00000| PB 0x000000008dc00000| Untracked 
| 221|0x000000008dd00000, 0x000000008de00000, 0x000000008de00000|100%| O|  |TAMS 0x000000008dd00000| PB 0x000000008dd00000| Untracked 
| 222|0x000000008de00000, 0x000000008df00000, 0x000000008df00000|100%| O|  |TAMS 0x000000008de00000| PB 0x000000008de00000| Untracked 
| 223|0x000000008df00000, 0x000000008e000000, 0x000000008e000000|100%| O|  |TAMS 0x000000008df00000| PB 0x000000008df00000| Untracked 
| 224|0x000000008e000000, 0x000000008e100000, 0x000000008e100000|100%| O|  |TAMS 0x000000008e000000| PB 0x000000008e000000| Untracked 
| 225|0x000000008e100000, 0x000000008e200000, 0x000000008e200000|100%| O|  |TAMS 0x000000008e100000| PB 0x000000008e100000| Untracked 
| 226|0x000000008e200000, 0x000000008e300000, 0x000000008e300000|100%| O|  |TAMS 0x000000008e200000| PB 0x000000008e200000| Untracked 
| 227|0x000000008e300000, 0x000000008e400000, 0x000000008e400000|100%| O|  |TAMS 0x000000008e300000| PB 0x000000008e300000| Untracked 
| 228|0x000000008e400000, 0x000000008e500000, 0x000000008e500000|100%| O|  |TAMS 0x000000008e400000| PB 0x000000008e400000| Untracked 
| 229|0x000000008e500000, 0x000000008e600000, 0x000000008e600000|100%| O|  |TAMS 0x000000008e500000| PB 0x000000008e500000| Untracked 
| 230|0x000000008e600000, 0x000000008e700000, 0x000000008e700000|100%| O|  |TAMS 0x000000008e600000| PB 0x000000008e600000| Untracked 
| 231|0x000000008e700000, 0x000000008e800000, 0x000000008e800000|100%| O|  |TAMS 0x000000008e700000| PB 0x000000008e700000| Untracked 
| 232|0x000000008e800000, 0x000000008e900000, 0x000000008e900000|100%| O|  |TAMS 0x000000008e800000| PB 0x000000008e800000| Untracked 
| 233|0x000000008e900000, 0x000000008ea00000, 0x000000008ea00000|100%| O|  |TAMS 0x000000008e900000| PB 0x000000008e900000| Untracked 
| 234|0x000000008ea00000, 0x000000008eb00000, 0x000000008eb00000|100%| O|  |TAMS 0x000000008ea00000| PB 0x000000008ea00000| Untracked 
| 235|0x000000008eb00000, 0x000000008ec00000, 0x000000008ec00000|100%| O|  |TAMS 0x000000008eb00000| PB 0x000000008eb00000| Untracked 
| 236|0x000000008ec00000, 0x000000008ed00000, 0x000000008ed00000|100%| O|  |TAMS 0x000000008ec00000| PB 0x000000008ec00000| Untracked 
| 237|0x000000008ed00000, 0x000000008ee00000, 0x000000008ee00000|100%| O|  |TAMS 0x000000008ed00000| PB 0x000000008ed00000| Untracked 
| 238|0x000000008ee00000, 0x000000008ef00000, 0x000000008ef00000|100%| O|  |TAMS 0x000000008ee00000| PB 0x000000008ee00000| Untracked 
| 239|0x000000008ef00000, 0x000000008f000000, 0x000000008f000000|100%| O|  |TAMS 0x000000008ef00000| PB 0x000000008ef00000| Untracked 
| 240|0x000000008f000000, 0x000000008f100000, 0x000000008f100000|100%| O|  |TAMS 0x000000008f000000| PB 0x000000008f000000| Untracked 
| 241|0x000000008f100000, 0x000000008f200000, 0x000000008f200000|100%| O|  |TAMS 0x000000008f100000| PB 0x000000008f100000| Untracked 
| 242|0x000000008f200000, 0x000000008f300000, 0x000000008f300000|100%| O|  |TAMS 0x000000008f200000| PB 0x000000008f200000| Untracked 
| 243|0x000000008f300000, 0x000000008f400000, 0x000000008f400000|100%| O|  |TAMS 0x000000008f300000| PB 0x000000008f300000| Untracked 
| 244|0x000000008f400000, 0x000000008f500000, 0x000000008f500000|100%| O|  |TAMS 0x000000008f400000| PB 0x000000008f400000| Untracked 
| 245|0x000000008f500000, 0x000000008f600000, 0x000000008f600000|100%| O|  |TAMS 0x000000008f500000| PB 0x000000008f500000| Untracked 
| 246|0x000000008f600000, 0x000000008f700000, 0x000000008f700000|100%| O|  |TAMS 0x000000008f600000| PB 0x000000008f600000| Untracked 
| 247|0x000000008f700000, 0x000000008f800000, 0x000000008f800000|100%| O|  |TAMS 0x000000008f700000| PB 0x000000008f700000| Untracked 
| 248|0x000000008f800000, 0x000000008f900000, 0x000000008f900000|100%| O|  |TAMS 0x000000008f800000| PB 0x000000008f800000| Untracked 
| 249|0x000000008f900000, 0x000000008fa00000, 0x000000008fa00000|100%| O|  |TAMS 0x000000008f900000| PB 0x000000008f900000| Untracked 
| 250|0x000000008fa00000, 0x000000008fb00000, 0x000000008fb00000|100%| O|  |TAMS 0x000000008fa00000| PB 0x000000008fa00000| Untracked 
| 251|0x000000008fb00000, 0x000000008fc00000, 0x000000008fc00000|100%| O|  |TAMS 0x000000008fb00000| PB 0x000000008fb00000| Untracked 
| 252|0x000000008fc00000, 0x000000008fd00000, 0x000000008fd00000|100%| O|  |TAMS 0x000000008fc00000| PB 0x000000008fc00000| Untracked 
| 253|0x000000008fd00000, 0x000000008fe00000, 0x000000008fe00000|100%| O|  |TAMS 0x000000008fd00000| PB 0x000000008fd00000| Untracked 
| 254|0x000000008fe00000, 0x000000008ff00000, 0x000000008ff00000|100%| O|  |TAMS 0x000000008fe00000| PB 0x000000008fe00000| Untracked 
| 255|0x000000008ff00000, 0x0000000090000000, 0x0000000090000000|100%| O|  |TAMS 0x000000008ff00000| PB 0x000000008ff00000| Untracked 
| 256|0x0000000090000000, 0x0000000090100000, 0x0000000090100000|100%| O|  |TAMS 0x0000000090000000| PB 0x0000000090000000| Untracked 
| 257|0x0000000090100000, 0x0000000090200000, 0x0000000090200000|100%| O|  |TAMS 0x0000000090100000| PB 0x0000000090100000| Untracked 
| 258|0x0000000090200000, 0x0000000090300000, 0x0000000090300000|100%| O|  |TAMS 0x0000000090200000| PB 0x0000000090200000| Untracked 
| 259|0x0000000090300000, 0x0000000090400000, 0x0000000090400000|100%| O|  |TAMS 0x0000000090300000| PB 0x0000000090300000| Untracked 
| 260|0x0000000090400000, 0x0000000090500000, 0x0000000090500000|100%| O|  |TAMS 0x0000000090400000| PB 0x0000000090400000| Untracked 
| 261|0x0000000090500000, 0x0000000090600000, 0x0000000090600000|100%| O|  |TAMS 0x0000000090500000| PB 0x0000000090500000| Untracked 
| 262|0x0000000090600000, 0x0000000090700000, 0x0000000090700000|100%| O|  |TAMS 0x0000000090600000| PB 0x0000000090600000| Untracked 
| 263|0x0000000090700000, 0x0000000090800000, 0x0000000090800000|100%| O|  |TAMS 0x0000000090700000| PB 0x0000000090700000| Untracked 
| 264|0x0000000090800000, 0x0000000090900000, 0x0000000090900000|100%| O|  |TAMS 0x0000000090800000| PB 0x0000000090800000| Untracked 
| 265|0x0000000090900000, 0x0000000090a00000, 0x0000000090a00000|100%| O|  |TAMS 0x0000000090900000| PB 0x0000000090900000| Untracked 
| 266|0x0000000090a00000, 0x0000000090b00000, 0x0000000090b00000|100%| O|  |TAMS 0x0000000090a00000| PB 0x0000000090a00000| Untracked 
| 267|0x0000000090b00000, 0x0000000090c00000, 0x0000000090c00000|100%| O|  |TAMS 0x0000000090b00000| PB 0x0000000090b00000| Untracked 
| 268|0x0000000090c00000, 0x0000000090d00000, 0x0000000090d00000|100%| O|  |TAMS 0x0000000090c00000| PB 0x0000000090c00000| Untracked 
| 269|0x0000000090d00000, 0x0000000090e00000, 0x0000000090e00000|100%| O|  |TAMS 0x0000000090d00000| PB 0x0000000090d00000| Untracked 
| 270|0x0000000090e00000, 0x0000000090f00000, 0x0000000090f00000|100%| O|  |TAMS 0x0000000090e00000| PB 0x0000000090e00000| Untracked 
| 271|0x0000000090f00000, 0x0000000091000000, 0x0000000091000000|100%| O|  |TAMS 0x0000000090f00000| PB 0x0000000090f00000| Untracked 
| 272|0x0000000091000000, 0x0000000091100000, 0x0000000091100000|100%| O|  |TAMS 0x0000000091000000| PB 0x0000000091000000| Untracked 
| 273|0x0000000091100000, 0x0000000091200000, 0x0000000091200000|100%| O|  |TAMS 0x0000000091100000| PB 0x0000000091100000| Untracked 
| 274|0x0000000091200000, 0x0000000091300000, 0x0000000091300000|100%| O|  |TAMS 0x0000000091200000| PB 0x0000000091200000| Untracked 
| 275|0x0000000091300000, 0x0000000091400000, 0x0000000091400000|100%| O|  |TAMS 0x0000000091300000| PB 0x0000000091300000| Untracked 
| 276|0x0000000091400000, 0x0000000091500000, 0x0000000091500000|100%| O|  |TAMS 0x0000000091400000| PB 0x0000000091400000| Untracked 
| 277|0x0000000091500000, 0x0000000091600000, 0x0000000091600000|100%| O|  |TAMS 0x0000000091500000| PB 0x0000000091500000| Untracked 
| 278|0x0000000091600000, 0x0000000091700000, 0x0000000091700000|100%| O|  |TAMS 0x0000000091600000| PB 0x0000000091600000| Untracked 
| 279|0x0000000091700000, 0x0000000091800000, 0x0000000091800000|100%| O|  |TAMS 0x0000000091700000| PB 0x0000000091700000| Untracked 
| 280|0x0000000091800000, 0x0000000091900000, 0x0000000091900000|100%| O|  |TAMS 0x0000000091800000| PB 0x0000000091800000| Untracked 
| 281|0x0000000091900000, 0x0000000091a00000, 0x0000000091a00000|100%| O|  |TAMS 0x0000000091900000| PB 0x0000000091900000| Untracked 
| 282|0x0000000091a00000, 0x0000000091b00000, 0x0000000091b00000|100%| O|  |TAMS 0x0000000091a00000| PB 0x0000000091a00000| Untracked 
| 283|0x0000000091b00000, 0x0000000091c00000, 0x0000000091c00000|100%| O|  |TAMS 0x0000000091b00000| PB 0x0000000091b00000| Untracked 
| 284|0x0000000091c00000, 0x0000000091d00000, 0x0000000091d00000|100%| O|  |TAMS 0x0000000091c00000| PB 0x0000000091c00000| Untracked 
| 285|0x0000000091d00000, 0x0000000091e00000, 0x0000000091e00000|100%| O|  |TAMS 0x0000000091d00000| PB 0x0000000091d00000| Untracked 
| 286|0x0000000091e00000, 0x0000000091f00000, 0x0000000091f00000|100%| O|  |TAMS 0x0000000091e00000| PB 0x0000000091e00000| Untracked 
| 287|0x0000000091f00000, 0x0000000091f00000, 0x0000000092000000|  0%| F|  |TAMS 0x0000000091f00000| PB 0x0000000091f00000| Untracked 
| 288|0x0000000092000000, 0x0000000092000000, 0x0000000092100000|  0%| F|  |TAMS 0x0000000092000000| PB 0x0000000092000000| Untracked 
| 289|0x0000000092100000, 0x0000000092100000, 0x0000000092200000|  0%| F|  |TAMS 0x0000000092100000| PB 0x0000000092100000| Untracked 
| 290|0x0000000092200000, 0x0000000092200000, 0x0000000092300000|  0%| F|  |TAMS 0x0000000092200000| PB 0x0000000092200000| Untracked 
| 291|0x0000000092300000, 0x0000000092300000, 0x0000000092400000|  0%| F|  |TAMS 0x0000000092300000| PB 0x0000000092300000| Untracked 
| 292|0x0000000092400000, 0x0000000092400000, 0x0000000092500000|  0%| F|  |TAMS 0x0000000092400000| PB 0x0000000092400000| Untracked 
| 293|0x0000000092500000, 0x0000000092500000, 0x0000000092600000|  0%| F|  |TAMS 0x0000000092500000| PB 0x0000000092500000| Untracked 
| 294|0x0000000092600000, 0x0000000092600000, 0x0000000092700000|  0%| F|  |TAMS 0x0000000092600000| PB 0x0000000092600000| Untracked 
| 295|0x0000000092700000, 0x0000000092700000, 0x0000000092800000|  0%| F|  |TAMS 0x0000000092700000| PB 0x0000000092700000| Untracked 
| 296|0x0000000092800000, 0x0000000092800000, 0x0000000092900000|  0%| F|  |TAMS 0x0000000092800000| PB 0x0000000092800000| Untracked 
| 297|0x0000000092900000, 0x0000000092900000, 0x0000000092a00000|  0%| F|  |TAMS 0x0000000092900000| PB 0x0000000092900000| Untracked 
| 298|0x0000000092a00000, 0x0000000092a00000, 0x0000000092b00000|  0%| F|  |TAMS 0x0000000092a00000| PB 0x0000000092a00000| Untracked 
| 299|0x0000000092b00000, 0x0000000092b00000, 0x0000000092c00000|  0%| F|  |TAMS 0x0000000092b00000| PB 0x0000000092b00000| Untracked 
| 300|0x0000000092c00000, 0x0000000092c00000, 0x0000000092d00000|  0%| F|  |TAMS 0x0000000092c00000| PB 0x0000000092c00000| Untracked 
| 301|0x0000000092d00000, 0x0000000092d00000, 0x0000000092e00000|  0%| F|  |TAMS 0x0000000092d00000| PB 0x0000000092d00000| Untracked 
| 302|0x0000000092e00000, 0x0000000092e00000, 0x0000000092f00000|  0%| F|  |TAMS 0x0000000092e00000| PB 0x0000000092e00000| Untracked 
| 303|0x0000000092f00000, 0x0000000092f00000, 0x0000000093000000|  0%| F|  |TAMS 0x0000000092f00000| PB 0x0000000092f00000| Untracked 
| 304|0x0000000093000000, 0x0000000093000000, 0x0000000093100000|  0%| F|  |TAMS 0x0000000093000000| PB 0x0000000093000000| Untracked 
| 305|0x0000000093100000, 0x0000000093100000, 0x0000000093200000|  0%| F|  |TAMS 0x0000000093100000| PB 0x0000000093100000| Untracked 
| 306|0x0000000093200000, 0x0000000093200000, 0x0000000093300000|  0%| F|  |TAMS 0x0000000093200000| PB 0x0000000093200000| Untracked 
| 307|0x0000000093300000, 0x0000000093300000, 0x0000000093400000|  0%| F|  |TAMS 0x0000000093300000| PB 0x0000000093300000| Untracked 
| 308|0x0000000093400000, 0x0000000093400000, 0x0000000093500000|  0%| F|  |TAMS 0x0000000093400000| PB 0x0000000093400000| Untracked 
| 309|0x0000000093500000, 0x0000000093500000, 0x0000000093600000|  0%| F|  |TAMS 0x0000000093500000| PB 0x0000000093500000| Untracked 
| 310|0x0000000093600000, 0x0000000093600000, 0x0000000093700000|  0%| F|  |TAMS 0x0000000093600000| PB 0x0000000093600000| Untracked 
| 311|0x0000000093700000, 0x0000000093700000, 0x0000000093800000|  0%| F|  |TAMS 0x0000000093700000| PB 0x0000000093700000| Untracked 
| 312|0x0000000093800000, 0x0000000093800000, 0x0000000093900000|  0%| F|  |TAMS 0x0000000093800000| PB 0x0000000093800000| Untracked 
| 313|0x0000000093900000, 0x0000000093900000, 0x0000000093a00000|  0%| F|  |TAMS 0x0000000093900000| PB 0x0000000093900000| Untracked 
| 314|0x0000000093a00000, 0x0000000093a00000, 0x0000000093b00000|  0%| F|  |TAMS 0x0000000093a00000| PB 0x0000000093a00000| Untracked 
| 315|0x0000000093b00000, 0x0000000093b00000, 0x0000000093c00000|  0%| F|  |TAMS 0x0000000093b00000| PB 0x0000000093b00000| Untracked 
| 316|0x0000000093c00000, 0x0000000093c00000, 0x0000000093d00000|  0%| F|  |TAMS 0x0000000093c00000| PB 0x0000000093c00000| Untracked 
| 317|0x0000000093d00000, 0x0000000093d00000, 0x0000000093e00000|  0%| F|  |TAMS 0x0000000093d00000| PB 0x0000000093d00000| Untracked 
| 318|0x0000000093e00000, 0x0000000093e00000, 0x0000000093f00000|  0%| F|  |TAMS 0x0000000093e00000| PB 0x0000000093e00000| Untracked 
| 319|0x0000000093f00000, 0x0000000093f00000, 0x0000000094000000|  0%| F|  |TAMS 0x0000000093f00000| PB 0x0000000093f00000| Untracked 
| 320|0x0000000094000000, 0x0000000094000000, 0x0000000094100000|  0%| F|  |TAMS 0x0000000094000000| PB 0x0000000094000000| Untracked 
| 321|0x0000000094100000, 0x0000000094100000, 0x0000000094200000|  0%| F|  |TAMS 0x0000000094100000| PB 0x0000000094100000| Untracked 
| 322|0x0000000094200000, 0x0000000094200000, 0x0000000094300000|  0%| F|  |TAMS 0x0000000094200000| PB 0x0000000094200000| Untracked 
| 323|0x0000000094300000, 0x0000000094300000, 0x0000000094400000|  0%| F|  |TAMS 0x0000000094300000| PB 0x0000000094300000| Untracked 
| 324|0x0000000094400000, 0x0000000094400000, 0x0000000094500000|  0%| F|  |TAMS 0x0000000094400000| PB 0x0000000094400000| Untracked 
| 325|0x0000000094500000, 0x0000000094500000, 0x0000000094600000|  0%| F|  |TAMS 0x0000000094500000| PB 0x0000000094500000| Untracked 
| 326|0x0000000094600000, 0x0000000094600000, 0x0000000094700000|  0%| F|  |TAMS 0x0000000094600000| PB 0x0000000094600000| Untracked 
| 327|0x0000000094700000, 0x0000000094700000, 0x0000000094800000|  0%| F|  |TAMS 0x0000000094700000| PB 0x0000000094700000| Untracked 
| 328|0x0000000094800000, 0x0000000094800000, 0x0000000094900000|  0%| F|  |TAMS 0x0000000094800000| PB 0x0000000094800000| Untracked 
| 329|0x0000000094900000, 0x0000000094900000, 0x0000000094a00000|  0%| F|  |TAMS 0x0000000094900000| PB 0x0000000094900000| Untracked 
| 330|0x0000000094a00000, 0x0000000094a00000, 0x0000000094b00000|  0%| F|  |TAMS 0x0000000094a00000| PB 0x0000000094a00000| Untracked 
| 331|0x0000000094b00000, 0x0000000094b00000, 0x0000000094c00000|  0%| F|  |TAMS 0x0000000094b00000| PB 0x0000000094b00000| Untracked 
| 332|0x0000000094c00000, 0x0000000094c00000, 0x0000000094d00000|  0%| F|  |TAMS 0x0000000094c00000| PB 0x0000000094c00000| Untracked 
| 333|0x0000000094d00000, 0x0000000094d00000, 0x0000000094e00000|  0%| F|  |TAMS 0x0000000094d00000| PB 0x0000000094d00000| Untracked 
| 334|0x0000000094e00000, 0x0000000094e00000, 0x0000000094f00000|  0%| F|  |TAMS 0x0000000094e00000| PB 0x0000000094e00000| Untracked 
| 335|0x0000000094f00000, 0x0000000094f00000, 0x0000000095000000|  0%| F|  |TAMS 0x0000000094f00000| PB 0x0000000094f00000| Untracked 
| 336|0x0000000095000000, 0x0000000095000000, 0x0000000095100000|  0%| F|  |TAMS 0x0000000095000000| PB 0x0000000095000000| Untracked 
| 337|0x0000000095100000, 0x0000000095100000, 0x0000000095200000|  0%| F|  |TAMS 0x0000000095100000| PB 0x0000000095100000| Untracked 
| 338|0x0000000095200000, 0x0000000095200000, 0x0000000095300000|  0%| F|  |TAMS 0x0000000095200000| PB 0x0000000095200000| Untracked 
| 339|0x0000000095300000, 0x0000000095300000, 0x0000000095400000|  0%| F|  |TAMS 0x0000000095300000| PB 0x0000000095300000| Untracked 
| 340|0x0000000095400000, 0x0000000095400000, 0x0000000095500000|  0%| F|  |TAMS 0x0000000095400000| PB 0x0000000095400000| Untracked 
| 341|0x0000000095500000, 0x0000000095500000, 0x0000000095600000|  0%| F|  |TAMS 0x0000000095500000| PB 0x0000000095500000| Untracked 
| 342|0x0000000095600000, 0x0000000095600000, 0x0000000095700000|  0%| F|  |TAMS 0x0000000095600000| PB 0x0000000095600000| Untracked 
| 343|0x0000000095700000, 0x0000000095700000, 0x0000000095800000|  0%| F|  |TAMS 0x0000000095700000| PB 0x0000000095700000| Untracked 
| 344|0x0000000095800000, 0x0000000095800000, 0x0000000095900000|  0%| F|  |TAMS 0x0000000095800000| PB 0x0000000095800000| Untracked 
| 345|0x0000000095900000, 0x0000000095900000, 0x0000000095a00000|  0%| F|  |TAMS 0x0000000095900000| PB 0x0000000095900000| Untracked 
| 346|0x0000000095a00000, 0x0000000095a00000, 0x0000000095b00000|  0%| F|  |TAMS 0x0000000095a00000| PB 0x0000000095a00000| Untracked 
| 347|0x0000000095b00000, 0x0000000095b00000, 0x0000000095c00000|  0%| F|  |TAMS 0x0000000095b00000| PB 0x0000000095b00000| Untracked 
| 348|0x0000000095c00000, 0x0000000095c00000, 0x0000000095d00000|  0%| F|  |TAMS 0x0000000095c00000| PB 0x0000000095c00000| Untracked 
| 349|0x0000000095d00000, 0x0000000095d00000, 0x0000000095e00000|  0%| F|  |TAMS 0x0000000095d00000| PB 0x0000000095d00000| Untracked 
| 350|0x0000000095e00000, 0x0000000095e00000, 0x0000000095f00000|  0%| F|  |TAMS 0x0000000095e00000| PB 0x0000000095e00000| Untracked 
| 351|0x0000000095f00000, 0x0000000095f00000, 0x0000000096000000|  0%| F|  |TAMS 0x0000000095f00000| PB 0x0000000095f00000| Untracked 
| 352|0x0000000096000000, 0x0000000096000000, 0x0000000096100000|  0%| F|  |TAMS 0x0000000096000000| PB 0x0000000096000000| Untracked 
| 353|0x0000000096100000, 0x0000000096100000, 0x0000000096200000|  0%| F|  |TAMS 0x0000000096100000| PB 0x0000000096100000| Untracked 
| 354|0x0000000096200000, 0x0000000096200000, 0x0000000096300000|  0%| F|  |TAMS 0x0000000096200000| PB 0x0000000096200000| Untracked 
| 355|0x0000000096300000, 0x0000000096300000, 0x0000000096400000|  0%| F|  |TAMS 0x0000000096300000| PB 0x0000000096300000| Untracked 
| 356|0x0000000096400000, 0x0000000096400000, 0x0000000096500000|  0%| F|  |TAMS 0x0000000096400000| PB 0x0000000096400000| Untracked 
| 357|0x0000000096500000, 0x0000000096500000, 0x0000000096600000|  0%| F|  |TAMS 0x0000000096500000| PB 0x0000000096500000| Untracked 
| 358|0x0000000096600000, 0x0000000096600000, 0x0000000096700000|  0%| F|  |TAMS 0x0000000096600000| PB 0x0000000096600000| Untracked 
| 359|0x0000000096700000, 0x0000000096700000, 0x0000000096800000|  0%| F|  |TAMS 0x0000000096700000| PB 0x0000000096700000| Untracked 
| 360|0x0000000096800000, 0x0000000096900000, 0x0000000096900000|100%| S|CS|TAMS 0x0000000096800000| PB 0x0000000096800000| Complete 
| 361|0x0000000096900000, 0x0000000096a00000, 0x0000000096a00000|100%| S|CS|TAMS 0x0000000096900000| PB 0x0000000096900000| Complete 
| 362|0x0000000096a00000, 0x0000000096b00000, 0x0000000096b00000|100%| S|CS|TAMS 0x0000000096a00000| PB 0x0000000096a00000| Complete 
| 363|0x0000000096b00000, 0x0000000096c00000, 0x0000000096c00000|100%| S|CS|TAMS 0x0000000096b00000| PB 0x0000000096b00000| Complete 
| 364|0x0000000096c00000, 0x0000000096d00000, 0x0000000096d00000|100%| S|CS|TAMS 0x0000000096c00000| PB 0x0000000096c00000| Complete 
| 365|0x0000000096d00000, 0x0000000096e00000, 0x0000000096e00000|100%| S|CS|TAMS 0x0000000096d00000| PB 0x0000000096d00000| Complete 
| 366|0x0000000096e00000, 0x0000000096f00000, 0x0000000096f00000|100%| S|CS|TAMS 0x0000000096e00000| PB 0x0000000096e00000| Complete 
| 367|0x0000000096f00000, 0x0000000097000000, 0x0000000097000000|100%| S|CS|TAMS 0x0000000096f00000| PB 0x0000000096f00000| Complete 
| 368|0x0000000097000000, 0x0000000097100000, 0x0000000097100000|100%| S|CS|TAMS 0x0000000097000000| PB 0x0000000097000000| Complete 
| 369|0x0000000097100000, 0x0000000097200000, 0x0000000097200000|100%| S|CS|TAMS 0x0000000097100000| PB 0x0000000097100000| Complete 
| 370|0x0000000097200000, 0x0000000097300000, 0x0000000097300000|100%| S|CS|TAMS 0x0000000097200000| PB 0x0000000097200000| Complete 
| 371|0x0000000097300000, 0x0000000097400000, 0x0000000097400000|100%| S|CS|TAMS 0x0000000097300000| PB 0x0000000097300000| Complete 
| 372|0x0000000097400000, 0x0000000097500000, 0x0000000097500000|100%| S|CS|TAMS 0x0000000097400000| PB 0x0000000097400000| Complete 
| 373|0x0000000097500000, 0x0000000097600000, 0x0000000097600000|100%| S|CS|TAMS 0x0000000097500000| PB 0x0000000097500000| Complete 
| 374|0x0000000097600000, 0x0000000097600000, 0x0000000097700000|  0%| F|  |TAMS 0x0000000097600000| PB 0x0000000097600000| Untracked 
| 375|0x0000000097700000, 0x0000000097700000, 0x0000000097800000|  0%| F|  |TAMS 0x0000000097700000| PB 0x0000000097700000| Untracked 
| 376|0x0000000097800000, 0x0000000097800000, 0x0000000097900000|  0%| F|  |TAMS 0x0000000097800000| PB 0x0000000097800000| Untracked 
| 377|0x0000000097900000, 0x0000000097900000, 0x0000000097a00000|  0%| F|  |TAMS 0x0000000097900000| PB 0x0000000097900000| Untracked 
| 378|0x0000000097a00000, 0x0000000097a00000, 0x0000000097b00000|  0%| F|  |TAMS 0x0000000097a00000| PB 0x0000000097a00000| Untracked 
| 379|0x0000000097b00000, 0x0000000097b00000, 0x0000000097c00000|  0%| F|  |TAMS 0x0000000097b00000| PB 0x0000000097b00000| Untracked 
| 380|0x0000000097c00000, 0x0000000097c00000, 0x0000000097d00000|  0%| F|  |TAMS 0x0000000097c00000| PB 0x0000000097c00000| Untracked 
| 381|0x0000000097d00000, 0x0000000097d00000, 0x0000000097e00000|  0%| F|  |TAMS 0x0000000097d00000| PB 0x0000000097d00000| Untracked 
| 382|0x0000000097e00000, 0x0000000097e00000, 0x0000000097f00000|  0%| F|  |TAMS 0x0000000097e00000| PB 0x0000000097e00000| Untracked 
| 383|0x0000000097f00000, 0x0000000097f00000, 0x0000000098000000|  0%| F|  |TAMS 0x0000000097f00000| PB 0x0000000097f00000| Untracked 
| 384|0x0000000098000000, 0x0000000098000000, 0x0000000098100000|  0%| F|  |TAMS 0x0000000098000000| PB 0x0000000098000000| Untracked 
| 385|0x0000000098100000, 0x0000000098100000, 0x0000000098200000|  0%| F|  |TAMS 0x0000000098100000| PB 0x0000000098100000| Untracked 
| 386|0x0000000098200000, 0x0000000098200000, 0x0000000098300000|  0%| F|  |TAMS 0x0000000098200000| PB 0x0000000098200000| Untracked 
| 387|0x0000000098300000, 0x0000000098300000, 0x0000000098400000|  0%| F|  |TAMS 0x0000000098300000| PB 0x0000000098300000| Untracked 
| 388|0x0000000098400000, 0x0000000098400000, 0x0000000098500000|  0%| F|  |TAMS 0x0000000098400000| PB 0x0000000098400000| Untracked 
| 389|0x0000000098500000, 0x0000000098500000, 0x0000000098600000|  0%| F|  |TAMS 0x0000000098500000| PB 0x0000000098500000| Untracked 
| 390|0x0000000098600000, 0x0000000098600000, 0x0000000098700000|  0%| F|  |TAMS 0x0000000098600000| PB 0x0000000098600000| Untracked 
| 391|0x0000000098700000, 0x0000000098700000, 0x0000000098800000|  0%| F|  |TAMS 0x0000000098700000| PB 0x0000000098700000| Untracked 
| 392|0x0000000098800000, 0x0000000098800000, 0x0000000098900000|  0%| F|  |TAMS 0x0000000098800000| PB 0x0000000098800000| Untracked 
| 393|0x0000000098900000, 0x0000000098900000, 0x0000000098a00000|  0%| F|  |TAMS 0x0000000098900000| PB 0x0000000098900000| Untracked 
| 394|0x0000000098a00000, 0x0000000098a00000, 0x0000000098b00000|  0%| F|  |TAMS 0x0000000098a00000| PB 0x0000000098a00000| Untracked 
| 395|0x0000000098b00000, 0x0000000098b00000, 0x0000000098c00000|  0%| F|  |TAMS 0x0000000098b00000| PB 0x0000000098b00000| Untracked 
| 396|0x0000000098c00000, 0x0000000098c00000, 0x0000000098d00000|  0%| F|  |TAMS 0x0000000098c00000| PB 0x0000000098c00000| Untracked 
| 397|0x0000000098d00000, 0x0000000098d00000, 0x0000000098e00000|  0%| F|  |TAMS 0x0000000098d00000| PB 0x0000000098d00000| Untracked 
| 398|0x0000000098e00000, 0x0000000098e00000, 0x0000000098f00000|  0%| F|  |TAMS 0x0000000098e00000| PB 0x0000000098e00000| Untracked 
| 399|0x0000000098f00000, 0x0000000098f00000, 0x0000000099000000|  0%| F|  |TAMS 0x0000000098f00000| PB 0x0000000098f00000| Untracked 
| 400|0x0000000099000000, 0x0000000099000000, 0x0000000099100000|  0%| F|  |TAMS 0x0000000099000000| PB 0x0000000099000000| Untracked 
| 401|0x0000000099100000, 0x0000000099100000, 0x0000000099200000|  0%| F|  |TAMS 0x0000000099100000| PB 0x0000000099100000| Untracked 
| 402|0x0000000099200000, 0x0000000099200000, 0x0000000099300000|  0%| F|  |TAMS 0x0000000099200000| PB 0x0000000099200000| Untracked 
| 403|0x0000000099300000, 0x0000000099300000, 0x0000000099400000|  0%| F|  |TAMS 0x0000000099300000| PB 0x0000000099300000| Untracked 
| 404|0x0000000099400000, 0x0000000099400000, 0x0000000099500000|  0%| F|  |TAMS 0x0000000099400000| PB 0x0000000099400000| Untracked 
| 405|0x0000000099500000, 0x0000000099500000, 0x0000000099600000|  0%| F|  |TAMS 0x0000000099500000| PB 0x0000000099500000| Untracked 
| 406|0x0000000099600000, 0x0000000099600000, 0x0000000099700000|  0%| F|  |TAMS 0x0000000099600000| PB 0x0000000099600000| Untracked 
| 407|0x0000000099700000, 0x0000000099700000, 0x0000000099800000|  0%| F|  |TAMS 0x0000000099700000| PB 0x0000000099700000| Untracked 
| 408|0x0000000099800000, 0x0000000099800000, 0x0000000099900000|  0%| F|  |TAMS 0x0000000099800000| PB 0x0000000099800000| Untracked 
| 409|0x0000000099900000, 0x0000000099900000, 0x0000000099a00000|  0%| F|  |TAMS 0x0000000099900000| PB 0x0000000099900000| Untracked 
| 410|0x0000000099a00000, 0x0000000099a00000, 0x0000000099b00000|  0%| F|  |TAMS 0x0000000099a00000| PB 0x0000000099a00000| Untracked 
| 411|0x0000000099b00000, 0x0000000099b00000, 0x0000000099c00000|  0%| F|  |TAMS 0x0000000099b00000| PB 0x0000000099b00000| Untracked 
| 412|0x0000000099c00000, 0x0000000099c00000, 0x0000000099d00000|  0%| F|  |TAMS 0x0000000099c00000| PB 0x0000000099c00000| Untracked 
| 413|0x0000000099d00000, 0x0000000099d00000, 0x0000000099e00000|  0%| F|  |TAMS 0x0000000099d00000| PB 0x0000000099d00000| Untracked 
| 414|0x0000000099e00000, 0x0000000099e00000, 0x0000000099f00000|  0%| F|  |TAMS 0x0000000099e00000| PB 0x0000000099e00000| Untracked 
| 415|0x0000000099f00000, 0x0000000099f00000, 0x000000009a000000|  0%| F|  |TAMS 0x0000000099f00000| PB 0x0000000099f00000| Untracked 
| 416|0x000000009a000000, 0x000000009a000000, 0x000000009a100000|  0%| F|  |TAMS 0x000000009a000000| PB 0x000000009a000000| Untracked 
| 417|0x000000009a100000, 0x000000009a100000, 0x000000009a200000|  0%| F|  |TAMS 0x000000009a100000| PB 0x000000009a100000| Untracked 
| 418|0x000000009a200000, 0x000000009a200000, 0x000000009a300000|  0%| F|  |TAMS 0x000000009a200000| PB 0x000000009a200000| Untracked 
| 419|0x000000009a300000, 0x000000009a300000, 0x000000009a400000|  0%| F|  |TAMS 0x000000009a300000| PB 0x000000009a300000| Untracked 
| 420|0x000000009a400000, 0x000000009a400000, 0x000000009a500000|  0%| F|  |TAMS 0x000000009a400000| PB 0x000000009a400000| Untracked 
| 421|0x000000009a500000, 0x000000009a500000, 0x000000009a600000|  0%| F|  |TAMS 0x000000009a500000| PB 0x000000009a500000| Untracked 
| 422|0x000000009a600000, 0x000000009a600000, 0x000000009a700000|  0%| F|  |TAMS 0x000000009a600000| PB 0x000000009a600000| Untracked 
| 423|0x000000009a700000, 0x000000009a700000, 0x000000009a800000|  0%| F|  |TAMS 0x000000009a700000| PB 0x000000009a700000| Untracked 
| 424|0x000000009a800000, 0x000000009a800000, 0x000000009a900000|  0%| F|  |TAMS 0x000000009a800000| PB 0x000000009a800000| Untracked 
| 425|0x000000009a900000, 0x000000009a900000, 0x000000009aa00000|  0%| F|  |TAMS 0x000000009a900000| PB 0x000000009a900000| Untracked 
| 426|0x000000009aa00000, 0x000000009aa00000, 0x000000009ab00000|  0%| F|  |TAMS 0x000000009aa00000| PB 0x000000009aa00000| Untracked 
| 427|0x000000009ab00000, 0x000000009ab00000, 0x000000009ac00000|  0%| F|  |TAMS 0x000000009ab00000| PB 0x000000009ab00000| Untracked 
| 428|0x000000009ac00000, 0x000000009ac00000, 0x000000009ad00000|  0%| F|  |TAMS 0x000000009ac00000| PB 0x000000009ac00000| Untracked 
| 429|0x000000009ad00000, 0x000000009ad00000, 0x000000009ae00000|  0%| F|  |TAMS 0x000000009ad00000| PB 0x000000009ad00000| Untracked 
| 430|0x000000009ae00000, 0x000000009ae00000, 0x000000009af00000|  0%| F|  |TAMS 0x000000009ae00000| PB 0x000000009ae00000| Untracked 
| 431|0x000000009af00000, 0x000000009af00000, 0x000000009b000000|  0%| F|  |TAMS 0x000000009af00000| PB 0x000000009af00000| Untracked 
| 432|0x000000009b000000, 0x000000009b000000, 0x000000009b100000|  0%| F|  |TAMS 0x000000009b000000| PB 0x000000009b000000| Untracked 
| 433|0x000000009b100000, 0x000000009b100000, 0x000000009b200000|  0%| F|  |TAMS 0x000000009b100000| PB 0x000000009b100000| Untracked 
| 434|0x000000009b200000, 0x000000009b200000, 0x000000009b300000|  0%| F|  |TAMS 0x000000009b200000| PB 0x000000009b200000| Untracked 
| 435|0x000000009b300000, 0x000000009b300000, 0x000000009b400000|  0%| F|  |TAMS 0x000000009b300000| PB 0x000000009b300000| Untracked 
| 436|0x000000009b400000, 0x000000009b400000, 0x000000009b500000|  0%| F|  |TAMS 0x000000009b400000| PB 0x000000009b400000| Untracked 
| 437|0x000000009b500000, 0x000000009b500000, 0x000000009b600000|  0%| F|  |TAMS 0x000000009b500000| PB 0x000000009b500000| Untracked 
| 438|0x000000009b600000, 0x000000009b600000, 0x000000009b700000|  0%| F|  |TAMS 0x000000009b600000| PB 0x000000009b600000| Untracked 
| 439|0x000000009b700000, 0x000000009b700000, 0x000000009b800000|  0%| F|  |TAMS 0x000000009b700000| PB 0x000000009b700000| Untracked 
| 440|0x000000009b800000, 0x000000009b800000, 0x000000009b900000|  0%| F|  |TAMS 0x000000009b800000| PB 0x000000009b800000| Untracked 
| 441|0x000000009b900000, 0x000000009b900000, 0x000000009ba00000|  0%| F|  |TAMS 0x000000009b900000| PB 0x000000009b900000| Untracked 
| 442|0x000000009ba00000, 0x000000009ba00000, 0x000000009bb00000|  0%| F|  |TAMS 0x000000009ba00000| PB 0x000000009ba00000| Untracked 
| 443|0x000000009bb00000, 0x000000009bb00000, 0x000000009bc00000|  0%| F|  |TAMS 0x000000009bb00000| PB 0x000000009bb00000| Untracked 
| 444|0x000000009bc00000, 0x000000009bc00000, 0x000000009bd00000|  0%| F|  |TAMS 0x000000009bc00000| PB 0x000000009bc00000| Untracked 
| 445|0x000000009bd00000, 0x000000009bd00000, 0x000000009be00000|  0%| F|  |TAMS 0x000000009bd00000| PB 0x000000009bd00000| Untracked 
| 446|0x000000009be00000, 0x000000009be00000, 0x000000009bf00000|  0%| F|  |TAMS 0x000000009be00000| PB 0x000000009be00000| Untracked 
| 447|0x000000009bf00000, 0x000000009bf00000, 0x000000009c000000|  0%| F|  |TAMS 0x000000009bf00000| PB 0x000000009bf00000| Untracked 
| 448|0x000000009c000000, 0x000000009c000000, 0x000000009c100000|  0%| F|  |TAMS 0x000000009c000000| PB 0x000000009c000000| Untracked 
| 449|0x000000009c100000, 0x000000009c100000, 0x000000009c200000|  0%| F|  |TAMS 0x000000009c100000| PB 0x000000009c100000| Untracked 
| 450|0x000000009c200000, 0x000000009c200000, 0x000000009c300000|  0%| F|  |TAMS 0x000000009c200000| PB 0x000000009c200000| Untracked 
| 451|0x000000009c300000, 0x000000009c300000, 0x000000009c400000|  0%| F|  |TAMS 0x000000009c300000| PB 0x000000009c300000| Untracked 
| 452|0x000000009c400000, 0x000000009c400000, 0x000000009c500000|  0%| F|  |TAMS 0x000000009c400000| PB 0x000000009c400000| Untracked 
| 453|0x000000009c500000, 0x000000009c500000, 0x000000009c600000|  0%| F|  |TAMS 0x000000009c500000| PB 0x000000009c500000| Untracked 
| 454|0x000000009c600000, 0x000000009c600000, 0x000000009c700000|  0%| F|  |TAMS 0x000000009c600000| PB 0x000000009c600000| Untracked 
| 455|0x000000009c700000, 0x000000009c700000, 0x000000009c800000|  0%| F|  |TAMS 0x000000009c700000| PB 0x000000009c700000| Untracked 
| 456|0x000000009c800000, 0x000000009c800000, 0x000000009c900000|  0%| F|  |TAMS 0x000000009c800000| PB 0x000000009c800000| Untracked 
| 457|0x000000009c900000, 0x000000009c900000, 0x000000009ca00000|  0%| F|  |TAMS 0x000000009c900000| PB 0x000000009c900000| Untracked 
| 458|0x000000009ca00000, 0x000000009ca00000, 0x000000009cb00000|  0%| F|  |TAMS 0x000000009ca00000| PB 0x000000009ca00000| Untracked 
| 459|0x000000009cb00000, 0x000000009cb00000, 0x000000009cc00000|  0%| F|  |TAMS 0x000000009cb00000| PB 0x000000009cb00000| Untracked 
| 460|0x000000009cc00000, 0x000000009cc00000, 0x000000009cd00000|  0%| F|  |TAMS 0x000000009cc00000| PB 0x000000009cc00000| Untracked 
| 461|0x000000009cd00000, 0x000000009cd00000, 0x000000009ce00000|  0%| F|  |TAMS 0x000000009cd00000| PB 0x000000009cd00000| Untracked 
| 462|0x000000009ce00000, 0x000000009ce00000, 0x000000009cf00000|  0%| F|  |TAMS 0x000000009ce00000| PB 0x000000009ce00000| Untracked 
| 463|0x000000009cf00000, 0x000000009cf00000, 0x000000009d000000|  0%| F|  |TAMS 0x000000009cf00000| PB 0x000000009cf00000| Untracked 
| 464|0x000000009d000000, 0x000000009d000000, 0x000000009d100000|  0%| F|  |TAMS 0x000000009d000000| PB 0x000000009d000000| Untracked 
| 465|0x000000009d100000, 0x000000009d100000, 0x000000009d200000|  0%| F|  |TAMS 0x000000009d100000| PB 0x000000009d100000| Untracked 
| 466|0x000000009d200000, 0x000000009d200000, 0x000000009d300000|  0%| F|  |TAMS 0x000000009d200000| PB 0x000000009d200000| Untracked 
| 467|0x000000009d300000, 0x000000009d300000, 0x000000009d400000|  0%| F|  |TAMS 0x000000009d300000| PB 0x000000009d300000| Untracked 
|1996|0x00000000fcc00000, 0x00000000fcd00000, 0x00000000fcd00000|100%| O|  |TAMS 0x00000000fcc00000| PB 0x00000000fcc00000| Untracked 
|1997|0x00000000fcd00000, 0x00000000fce00000, 0x00000000fce00000|100%| O|  |TAMS 0x00000000fcd00000| PB 0x00000000fcd00000| Untracked 
|1998|0x00000000fce00000, 0x00000000fcf00000, 0x00000000fcf00000|100%| O|  |TAMS 0x00000000fce00000| PB 0x00000000fce00000| Untracked 
|1999|0x00000000fcf00000, 0x00000000fd000000, 0x00000000fd000000|100%| O|  |TAMS 0x00000000fcf00000| PB 0x00000000fcf00000| Untracked 
|2000|0x00000000fd000000, 0x00000000fd100000, 0x00000000fd100000|100%| O|  |TAMS 0x00000000fd000000| PB 0x00000000fd000000| Untracked 
|2001|0x00000000fd100000, 0x00000000fd200000, 0x00000000fd200000|100%| O|  |TAMS 0x00000000fd100000| PB 0x00000000fd100000| Untracked 
|2002|0x00000000fd200000, 0x00000000fd300000, 0x00000000fd300000|100%| O|  |TAMS 0x00000000fd200000| PB 0x00000000fd200000| Untracked 
|2003|0x00000000fd300000, 0x00000000fd400000, 0x00000000fd400000|100%| O|  |TAMS 0x00000000fd300000| PB 0x00000000fd300000| Untracked 
|2004|0x00000000fd400000, 0x00000000fd500000, 0x00000000fd500000|100%| O|  |TAMS 0x00000000fd400000| PB 0x00000000fd400000| Untracked 
|2005|0x00000000fd500000, 0x00000000fd600000, 0x00000000fd600000|100%| O|  |TAMS 0x00000000fd500000| PB 0x00000000fd500000| Untracked 
|2006|0x00000000fd600000, 0x00000000fd700000, 0x00000000fd700000|100%| O|  |TAMS 0x00000000fd600000| PB 0x00000000fd600000| Untracked 
|2007|0x00000000fd700000, 0x00000000fd800000, 0x00000000fd800000|100%| O|  |TAMS 0x00000000fd700000| PB 0x00000000fd700000| Untracked 
|2008|0x00000000fd800000, 0x00000000fd900000, 0x00000000fd900000|100%| O|  |TAMS 0x00000000fd800000| PB 0x00000000fd800000| Untracked 
|2009|0x00000000fd900000, 0x00000000fda00000, 0x00000000fda00000|100%| O|  |TAMS 0x00000000fd900000| PB 0x00000000fd900000| Untracked 
|2010|0x00000000fda00000, 0x00000000fdb00000, 0x00000000fdb00000|100%| O|  |TAMS 0x00000000fda00000| PB 0x00000000fda00000| Untracked 
|2011|0x00000000fdb00000, 0x00000000fdb00000, 0x00000000fdc00000|  0%| F|  |TAMS 0x00000000fdb00000| PB 0x00000000fdb00000| Untracked 
|2012|0x00000000fdc00000, 0x00000000fdc00000, 0x00000000fdd00000|  0%| F|  |TAMS 0x00000000fdc00000| PB 0x00000000fdc00000| Untracked 
|2013|0x00000000fdd00000, 0x00000000fde00000, 0x00000000fde00000|100%| O|  |TAMS 0x00000000fdd00000| PB 0x00000000fdd00000| Untracked 
|2014|0x00000000fde00000, 0x00000000fde00000, 0x00000000fdf00000|  0%| F|  |TAMS 0x00000000fde00000| PB 0x00000000fde00000| Untracked 
|2015|0x00000000fdf00000, 0x00000000fe000000, 0x00000000fe000000|100%| O|  |TAMS 0x00000000fdf00000| PB 0x00000000fdf00000| Untracked 
|2016|0x00000000fe000000, 0x00000000fe100000, 0x00000000fe100000|100%| O|  |TAMS 0x00000000fe000000| PB 0x00000000fe000000| Untracked 
|2017|0x00000000fe100000, 0x00000000fe200000, 0x00000000fe200000|100%| O|  |TAMS 0x00000000fe100000| PB 0x00000000fe100000| Untracked 
|2018|0x00000000fe200000, 0x00000000fe300000, 0x00000000fe300000|100%| O|  |TAMS 0x00000000fe200000| PB 0x00000000fe200000| Untracked 
|2019|0x00000000fe300000, 0x00000000fe400000, 0x00000000fe400000|100%| O|  |TAMS 0x00000000fe300000| PB 0x00000000fe300000| Untracked 
|2020|0x00000000fe400000, 0x00000000fe400000, 0x00000000fe500000|  0%| F|  |TAMS 0x00000000fe400000| PB 0x00000000fe400000| Untracked 
|2021|0x00000000fe500000, 0x00000000fe600000, 0x00000000fe600000|100%| O|  |TAMS 0x00000000fe500000| PB 0x00000000fe500000| Untracked 
|2022|0x00000000fe600000, 0x00000000fe600000, 0x00000000fe700000|  0%| F|  |TAMS 0x00000000fe600000| PB 0x00000000fe600000| Untracked 
|2023|0x00000000fe700000, 0x00000000fe800000, 0x00000000fe800000|100%| O|  |TAMS 0x00000000fe700000| PB 0x00000000fe700000| Untracked 
|2024|0x00000000fe800000, 0x00000000fe900000, 0x00000000fe900000|100%| O|  |TAMS 0x00000000fe800000| PB 0x00000000fe800000| Untracked 
|2025|0x00000000fe900000, 0x00000000fea00000, 0x00000000fea00000|100%| O|  |TAMS 0x00000000fe900000| PB 0x00000000fe900000| Untracked 
|2026|0x00000000fea00000, 0x00000000feb00000, 0x00000000feb00000|100%| O|  |TAMS 0x00000000fea00000| PB 0x00000000fea00000| Untracked 
|2027|0x00000000feb00000, 0x00000000feb00000, 0x00000000fec00000|  0%| F|  |TAMS 0x00000000feb00000| PB 0x00000000feb00000| Untracked 
|2028|0x00000000fec00000, 0x00000000fec00000, 0x00000000fed00000|  0%| F|  |TAMS 0x00000000fec00000| PB 0x00000000fec00000| Untracked 
|2029|0x00000000fed00000, 0x00000000fee00000, 0x00000000fee00000|100%| O|  |TAMS 0x00000000fed00000| PB 0x00000000fed00000| Untracked 
|2030|0x00000000fee00000, 0x00000000fef00000, 0x00000000fef00000|100%| O|  |TAMS 0x00000000fee00000| PB 0x00000000fee00000| Untracked 
|2031|0x00000000fef00000, 0x00000000ff000000, 0x00000000ff000000|100%| O|  |TAMS 0x00000000fef00000| PB 0x00000000fef00000| Untracked 
|2032|0x00000000ff000000, 0x00000000ff000000, 0x00000000ff100000|  0%| F|  |TAMS 0x00000000ff000000| PB 0x00000000ff000000| Untracked 
|2033|0x00000000ff100000, 0x00000000ff100000, 0x00000000ff200000|  0%| F|  |TAMS 0x00000000ff100000| PB 0x00000000ff100000| Untracked 
|2034|0x00000000ff200000, 0x00000000ff200000, 0x00000000ff300000|  0%| F|  |TAMS 0x00000000ff200000| PB 0x00000000ff200000| Untracked 
|2035|0x00000000ff300000, 0x00000000ff300000, 0x00000000ff400000|  0%| F|  |TAMS 0x00000000ff300000| PB 0x00000000ff300000| Untracked 
|2036|0x00000000ff400000, 0x00000000ff400000, 0x00000000ff500000|  0%| F|  |TAMS 0x00000000ff400000| PB 0x00000000ff400000| Untracked 
|2037|0x00000000ff500000, 0x00000000ff500000, 0x00000000ff600000|  0%| F|  |TAMS 0x00000000ff500000| PB 0x00000000ff500000| Untracked 
|2038|0x00000000ff600000, 0x00000000ff600000, 0x00000000ff700000|  0%| F|  |TAMS 0x00000000ff600000| PB 0x00000000ff600000| Untracked 
|2039|0x00000000ff700000, 0x00000000ff800000, 0x00000000ff800000|100%| O|  |TAMS 0x00000000ff700000| PB 0x00000000ff700000| Untracked 
|2040|0x00000000ff800000, 0x00000000ff900000, 0x00000000ff900000|100%| O|  |TAMS 0x00000000ff800000| PB 0x00000000ff800000| Untracked 
|2041|0x00000000ff900000, 0x00000000ffa00000, 0x00000000ffa00000|100%| O|  |TAMS 0x00000000ff900000| PB 0x00000000ff900000| Untracked 
|2042|0x00000000ffa00000, 0x00000000ffb00000, 0x00000000ffb00000|100%| O|  |TAMS 0x00000000ffa00000| PB 0x00000000ffa00000| Untracked 
|2043|0x00000000ffb00000, 0x00000000ffb00000, 0x00000000ffc00000|  0%| F|  |TAMS 0x00000000ffb00000| PB 0x00000000ffb00000| Untracked 
|2044|0x00000000ffc00000, 0x00000000ffd00000, 0x00000000ffd00000|100%| O|  |TAMS 0x00000000ffc00000| PB 0x00000000ffc00000| Untracked 
|2045|0x00000000ffd00000, 0x00000000ffe00000, 0x00000000ffe00000|100%| O|  |TAMS 0x00000000ffd00000| PB 0x00000000ffd00000| Untracked 
|2046|0x00000000ffe00000, 0x00000000fff00000, 0x00000000fff00000|100%| O|  |TAMS 0x00000000ffe00000| PB 0x00000000ffe00000| Untracked 
|2047|0x00000000fff00000, 0x0000000100000000, 0x0000000100000000|100%| O|  |TAMS 0x00000000fff00000| PB 0x00000000fff00000| Untracked 

Card table byte_map: [0x0000022fc3500000,0x0000022fc3900000] _byte_map_base: 0x0000022fc3100000

Marking Bits: (CMBitMap*) 0x0000022fb0ad6440
 Bits: [0x0000022fc3900000, 0x0000022fc5900000)

Polling page: 0x0000022fae8f0000

Metaspace:

Usage:
  Non-class:    121.68 MB used.
      Class:     19.62 MB used.
       Both:    141.30 MB used.

Virtual space:
  Non-class space:      128.00 MB reserved,     122.81 MB ( 96%) committed,  2 nodes.
      Class space:        1.00 GB reserved,      20.75 MB (  2%) committed,  1 nodes.
             Both:        1.12 GB reserved,     143.56 MB ( 12%) committed. 

Chunk freelists:
   Non-Class:  4.88 MB
       Class:  11.30 MB
        Both:  16.17 MB

MaxMetaspaceSize: unlimited
CompressedClassSpaceSize: 1.00 GB
Initial GC threshold: 21.00 MB
Current GC threshold: 238.69 MB
CDS: off
 - commit_granule_bytes: 65536.
 - commit_granule_words: 8192.
 - virtual_space_node_default_size: 8388608.
 - enlarge_chunks_in_place: 1.
 - use_allocation_guard: 0.


Internal statistics:

num_allocs_failed_limit: 9.
num_arena_births: 4496.
num_arena_deaths: 2.
num_vsnodes_births: 3.
num_vsnodes_deaths: 0.
num_space_committed: 2296.
num_space_uncommitted: 0.
num_chunks_returned_to_freelist: 12.
num_chunks_taken_from_freelist: 10645.
num_chunk_merges: 9.
num_chunk_splits: 7004.
num_chunks_enlarged: 4493.
num_inconsistent_stats: 0.

CodeHeap 'non-profiled nmethods': size=120000Kb used=15057Kb max_used=15057Kb free=104942Kb
 bounds [0x0000022fbb680000, 0x0000022fbc570000, 0x0000022fc2bb0000]
CodeHeap 'profiled nmethods': size=120000Kb used=31912Kb max_used=32594Kb free=88087Kb
 bounds [0x0000022fb3bb0000, 0x0000022fb5b90000, 0x0000022fbb0e0000]
CodeHeap 'non-nmethods': size=5760Kb used=2809Kb max_used=2866Kb free=2950Kb
 bounds [0x0000022fbb0e0000, 0x0000022fbb3c0000, 0x0000022fbb680000]
CodeCache: size=245760Kb, used=49778Kb, max_used=50517Kb, free=195979Kb
 total_blobs=18611, nmethods=17556, adapters=953, full_count=0
Compilation: enabled, stopped_count=0, restarted_count=0

Compilation events (20 events):
Event: 41.529 Thread 0x0000022fc87b3ad0 nmethod 22753 0x0000022fb59b6390 code [0x0000022fb59b6580, 0x0000022fb59b6868]
Event: 41.529 Thread 0x0000022fc87b3ad0 22754       2       org.gradle.internal.logging.sink.ProgressLogEventGenerator::onOutput (72 bytes)
Event: 41.529 Thread 0x0000022fc87b3ad0 nmethod 22754 0x0000022fb5535a90 code [0x0000022fb5535c80, 0x0000022fb5536028]
Event: 41.535 Thread 0x0000022fc87b3ad0 22755       2       kotlin.text.CharsKt__CharJVMKt::checkRadix (70 bytes)
Event: 41.536 Thread 0x0000022fc87b3ad0 nmethod 22755 0x0000022fb568da10 code [0x0000022fb568dc40, 0x0000022fb568e0e8]
Event: 41.537 Thread 0x0000022fc87b3ad0 22756       3       com.android.tools.r8.dex.p1$$Lambda/0x00000001014063b0::accept (20 bytes)
Event: 41.538 Thread 0x0000022fc87b3ad0 nmethod 22756 0x0000022fb5528e10 code [0x0000022fb5529080, 0x0000022fb5529a38]
Event: 41.539 Thread 0x0000022fc87b3ad0 22757       2       com.sun.org.apache.xerces.internal.impl.XMLNSDocumentScannerImpl$NSContentDriver::scanRootElementHook (41 bytes)
Event: 41.539 Thread 0x0000022fc87b3ad0 nmethod 22757 0x0000022fb568d410 code [0x0000022fb568d5e0, 0x0000022fb568d7f8]
Event: 41.544 Thread 0x0000022fc87b3ad0 22758   !   3       org.gradle.internal.hash.DefaultFileHasher::hash (94 bytes)
Event: 41.546 Thread 0x0000022fc87b3ad0 nmethod 22758 0x0000022fb4060310 code [0x0000022fb40606e0, 0x0000022fb4061ff8]
Event: 41.547 Thread 0x0000022fc87b3ad0 22760       3       org.gradle.internal.hash.DefaultStreamHasher::hash (9 bytes)
Event: 41.547 Thread 0x0000022fc87b3ad0 nmethod 22760 0x0000022fb53d6c90 code [0x0000022fb53d6e40, 0x0000022fb53d6fe0]
Event: 41.547 Thread 0x0000022fc87b3ad0 22761       3       com.google.common.io.ByteStreams::nullOutputStream (4 bytes)
Event: 41.547 Thread 0x0000022fc87b3ad0 nmethod 22761 0x0000022fb4958c10 code [0x0000022fb4958da0, 0x0000022fb4958e98]
Event: 41.549 Thread 0x0000022fc87b3ad0 22762   !   2       com.sun.org.apache.xerces.internal.impl.XMLEntityManager::expandSystemId (296 bytes)
Event: 41.551 Thread 0x0000022fc87b3ad0 nmethod 22762 0x0000022fb55d0d90 code [0x0000022fb55d1180, 0x0000022fb55d1dc0]
Event: 41.551 Thread 0x0000022fc87b3ad0 22764       2       com.sun.org.apache.xerces.internal.impl.XMLEntityManager::getEncodingInfo (318 bytes)
Event: 41.551 Thread 0x0000022fc87b3ad0 nmethod 22764 0x0000022fb55cbe90 code [0x0000022fb55cc0c0, 0x0000022fb55cc670]
Event: 41.551 Thread 0x0000022fc87b3ad0 22765       2       com.sun.org.apache.xerces.internal.impl.XMLEntityManager::createReader (581 bytes)

GC Heap History (20 events):
Event: 36.203 GC heap after
{Heap after GC invocations=73 (full 0):
 garbage-first heap   total 299008K, used 175049K [0x0000000080000000, 0x0000000100000000)
  region size 1024K, 8 young (8192K), 8 survivors (8192K)
 Metaspace       used 136879K, committed 139200K, reserved 1179648K
  class space    used 19179K, committed 20288K, reserved 1048576K
}
Event: 36.661 GC heap before
{Heap before GC invocations=73 (full 0):
 garbage-first heap   total 299008K, used 281545K [0x0000000080000000, 0x0000000100000000)
  region size 1024K, 112 young (114688K), 8 survivors (8192K)
 Metaspace       used 136883K, committed 139200K, reserved 1179648K
  class space    used 19179K, committed 20288K, reserved 1048576K
}
Event: 36.670 GC heap after
{Heap after GC invocations=74 (full 0):
 garbage-first heap   total 299008K, used 171616K [0x0000000080000000, 0x0000000100000000)
  region size 1024K, 8 young (8192K), 8 survivors (8192K)
 Metaspace       used 136883K, committed 139200K, reserved 1179648K
  class space    used 19179K, committed 20288K, reserved 1048576K
}
Event: 37.575 GC heap before
{Heap before GC invocations=74 (full 0):
 garbage-first heap   total 299008K, used 281184K [0x0000000080000000, 0x0000000100000000)
  region size 1024K, 115 young (117760K), 8 survivors (8192K)
 Metaspace       used 138323K, committed 140672K, reserved 1179648K
  class space    used 19413K, committed 20544K, reserved 1048576K
}
Event: 37.583 GC heap after
{Heap after GC invocations=75 (full 0):
 garbage-first heap   total 299008K, used 173979K [0x0000000080000000, 0x0000000100000000)
  region size 1024K, 10 young (10240K), 10 survivors (10240K)
 Metaspace       used 138323K, committed 140672K, reserved 1179648K
  class space    used 19413K, committed 20544K, reserved 1048576K
}
Event: 38.746 GC heap before
{Heap before GC invocations=76 (full 0):
 garbage-first heap   total 299008K, used 296859K [0x0000000080000000, 0x0000000100000000)
  region size 1024K, 114 young (116736K), 10 survivors (10240K)
 Metaspace       used 140008K, committed 142272K, reserved 1179648K
  class space    used 19632K, committed 20736K, reserved 1048576K
}
Event: 38.757 GC heap after
{Heap after GC invocations=77 (full 0):
 garbage-first heap   total 312320K, used 187131K [0x0000000080000000, 0x0000000100000000)
  region size 1024K, 13 young (13312K), 13 survivors (13312K)
 Metaspace       used 140008K, committed 142272K, reserved 1179648K
  class space    used 19632K, committed 20736K, reserved 1048576K
}
Event: 39.107 GC heap before
{Heap before GC invocations=77 (full 0):
 garbage-first heap   total 312320K, used 311035K [0x0000000080000000, 0x0000000100000000)
  region size 1024K, 92 young (94208K), 13 survivors (13312K)
 Metaspace       used 141696K, committed 144000K, reserved 1179648K
  class space    used 19828K, committed 20928K, reserved 1048576K
}
Event: 39.127 GC heap after
{Heap after GC invocations=78 (full 0):
 garbage-first heap   total 354304K, used 231093K [0x0000000080000000, 0x0000000100000000)
  region size 1024K, 15 young (15360K), 15 survivors (15360K)
 Metaspace       used 141696K, committed 144000K, reserved 1179648K
  class space    used 19828K, committed 20928K, reserved 1048576K
}
Event: 39.286 GC heap before
{Heap before GC invocations=78 (full 0):
 garbage-first heap   total 354304K, used 254645K [0x0000000080000000, 0x0000000100000000)
  region size 1024K, 40 young (40960K), 15 survivors (15360K)
 Metaspace       used 142625K, committed 144960K, reserved 1179648K
  class space    used 19928K, committed 21056K, reserved 1048576K
}
Event: 39.301 GC heap after
{Heap after GC invocations=79 (full 0):
 garbage-first heap   total 354304K, used 239752K [0x0000000080000000, 0x0000000100000000)
  region size 1024K, 7 young (7168K), 7 survivors (7168K)
 Metaspace       used 142625K, committed 144960K, reserved 1179648K
  class space    used 19928K, committed 21056K, reserved 1048576K
}
Event: 39.927 GC heap before
{Heap before GC invocations=80 (full 0):
 garbage-first heap   total 399360K, used 317576K [0x0000000080000000, 0x0000000100000000)
  region size 1024K, 81 young (82944K), 7 survivors (7168K)
 Metaspace       used 144177K, committed 146496K, reserved 1179648K
  class space    used 20067K, committed 21184K, reserved 1048576K
}
Event: 39.955 GC heap after
{Heap after GC invocations=81 (full 0):
 garbage-first heap   total 399360K, used 264192K [0x0000000080000000, 0x0000000100000000)
  region size 1024K, 11 young (11264K), 11 survivors (11264K)
 Metaspace       used 144177K, committed 146496K, reserved 1179648K
  class space    used 20067K, committed 21184K, reserved 1048576K
}
Event: 40.120 GC heap before
{Heap before GC invocations=81 (full 0):
 garbage-first heap   total 399360K, used 347136K [0x0000000080000000, 0x0000000100000000)
  region size 1024K, 93 young (95232K), 11 survivors (11264K)
 Metaspace       used 144225K, committed 146560K, reserved 1179648K
  class space    used 20067K, committed 21184K, reserved 1048576K
}
Event: 40.163 GC heap after
{Heap after GC invocations=82 (full 0):
 garbage-first heap   total 403456K, used 290304K [0x0000000080000000, 0x0000000100000000)
  region size 1024K, 12 young (12288K), 12 survivors (12288K)
 Metaspace       used 144225K, committed 146560K, reserved 1179648K
  class space    used 20067K, committed 21184K, reserved 1048576K
}
Event: 40.260 GC heap before
{Heap before GC invocations=82 (full 0):
 garbage-first heap   total 403456K, used 350720K [0x0000000080000000, 0x0000000100000000)
  region size 1024K, 72 young (73728K), 12 survivors (12288K)
 Metaspace       used 144233K, committed 146560K, reserved 1179648K
  class space    used 20067K, committed 21184K, reserved 1048576K
}
Event: 40.293 GC heap after
{Heap after GC invocations=83 (full 0):
 garbage-first heap   total 403456K, used 321024K [0x0000000080000000, 0x0000000100000000)
  region size 1024K, 9 young (9216K), 9 survivors (9216K)
 Metaspace       used 144233K, committed 146560K, reserved 1179648K
  class space    used 20067K, committed 21184K, reserved 1048576K
}
Event: 40.735 GC heap before
{Heap before GC invocations=84 (full 0):
 garbage-first heap   total 532480K, used 358912K [0x0000000080000000, 0x0000000100000000)
  region size 1024K, 49 young (50176K), 9 survivors (9216K)
 Metaspace       used 144337K, committed 146624K, reserved 1179648K
  class space    used 20070K, committed 21184K, reserved 1048576K
}
Event: 40.751 GC heap after
{Heap after GC invocations=85 (full 0):
 garbage-first heap   total 532480K, used 333440K [0x0000000080000000, 0x0000000100000000)
  region size 1024K, 7 young (7168K), 7 survivors (7168K)
 Metaspace       used 144337K, committed 146624K, reserved 1179648K
  class space    used 20070K, committed 21184K, reserved 1048576K
}
Event: 41.553 GC heap before
{Heap before GC invocations=85 (full 0):
 garbage-first heap   total 532480K, used 432768K [0x0000000080000000, 0x0000000100000000)
  region size 1024K, 105 young (107520K), 7 survivors (7168K)
 Metaspace       used 144695K, committed 147008K, reserved 1179648K
  class space    used 20090K, committed 21248K, reserved 1048576K
}

Dll operation events (3 events):
Event: 0.017 Loaded shared library C:\Program Files\Android\Android Studio\jbr\bin\java.dll
Event: 0.025 Loaded shared library C:\Program Files\Android\Android Studio\jbr\bin\zip.dll
Event: 0.717 Loaded shared library C:\Program Files\Android\Android Studio\jbr\bin\verify.dll

Deoptimization events (20 events):
Event: 41.393 Thread 0x0000022fd5f6eaa0 DEOPT PACKING pc=0x0000022fbc524734 sp=0x0000004cdb6fda30
Event: 41.393 Thread 0x0000022fd5f6eaa0 DEOPT UNPACKING pc=0x0000022fbb1343a2 sp=0x0000004cdb6fd9b8 mode 2
Event: 41.393 Thread 0x0000022fd5f6eaa0 Uncommon trap: trap_request=0xffffff45 fr.pc=0x0000022fbc527c94 relative=0x00000000000000d4
Event: 41.393 Thread 0x0000022fd5f6eaa0 Uncommon trap: reason=unstable_if action=reinterpret pc=0x0000022fbc527c94 method=com.android.tools.r8.internal.vo1.s()Ljava/lang/String; @ 47 c2
Event: 41.393 Thread 0x0000022fd5f6eaa0 DEOPT PACKING pc=0x0000022fbc527c94 sp=0x0000004cdb6fda20
Event: 41.393 Thread 0x0000022fd5f6eaa0 DEOPT UNPACKING pc=0x0000022fbb1343a2 sp=0x0000004cdb6fd998 mode 2
Event: 41.403 Thread 0x0000022fd4edffc0 DEOPT PACKING pc=0x0000022fb573734a sp=0x0000004cd5dfb700
Event: 41.403 Thread 0x0000022fd4edffc0 DEOPT UNPACKING pc=0x0000022fbb134b42 sp=0x0000004cd5dfabf8 mode 0
Event: 41.427 Thread 0x0000022fd4edffc0 DEOPT PACKING pc=0x0000022fb5853570 sp=0x0000004cd5dfb720
Event: 41.427 Thread 0x0000022fd4edffc0 DEOPT UNPACKING pc=0x0000022fbb134b42 sp=0x0000004cd5dfabc0 mode 0
Event: 41.461 Thread 0x0000022fd4edffc0 DEOPT PACKING pc=0x0000022fb5853570 sp=0x0000004cd5dfb720
Event: 41.461 Thread 0x0000022fd4edffc0 DEOPT UNPACKING pc=0x0000022fbb134b42 sp=0x0000004cd5dfabc0 mode 0
Event: 41.467 Thread 0x0000022fd4edffc0 DEOPT PACKING pc=0x0000022fb573734a sp=0x0000004cd5dfb700
Event: 41.467 Thread 0x0000022fd4edffc0 DEOPT UNPACKING pc=0x0000022fbb134b42 sp=0x0000004cd5dfabf8 mode 0
Event: 41.498 Thread 0x0000022fd4edffc0 DEOPT PACKING pc=0x0000022fb5853570 sp=0x0000004cd5dfb720
Event: 41.498 Thread 0x0000022fd4edffc0 DEOPT UNPACKING pc=0x0000022fbb134b42 sp=0x0000004cd5dfabc0 mode 0
Event: 41.527 Thread 0x0000022fd5f6eaa0 DEOPT PACKING pc=0x0000022fb54355e5 sp=0x0000004cdb6fdb60
Event: 41.527 Thread 0x0000022fd5f6eaa0 DEOPT UNPACKING pc=0x0000022fbb134b42 sp=0x0000004cdb6fd088 mode 0
Event: 41.549 Thread 0x0000022fd4edffc0 DEOPT PACKING pc=0x0000022fb573734a sp=0x0000004cd5dfb700
Event: 41.549 Thread 0x0000022fd4edffc0 DEOPT UNPACKING pc=0x0000022fbb134b42 sp=0x0000004cd5dfabf8 mode 0

Classes loaded (20 events):
Event: 39.844 Loading class java/util/concurrent/ForkJoinPool$DefaultForkJoinWorkerThreadFactory$1
Event: 39.844 Loading class java/util/concurrent/ForkJoinPool$DefaultForkJoinWorkerThreadFactory$1 done
Event: 39.846 Loading class java/util/concurrent/CountedCompleter
Event: 39.847 Loading class java/util/concurrent/CountedCompleter done
Event: 39.857 Loading class java/util/AbstractList$RandomAccessSubList
Event: 39.857 Loading class java/util/AbstractList$SubList
Event: 39.857 Loading class java/util/AbstractList$SubList done
Event: 39.857 Loading class java/util/AbstractList$RandomAccessSubList done
Event: 39.858 Loading class java/util/AbstractList$SubList$1
Event: 39.858 Loading class java/util/AbstractList$SubList$1 done
Event: 39.870 Loading class java/nio/HeapShortBuffer
Event: 39.870 Loading class java/nio/HeapShortBuffer done
Event: 40.872 Loading class java/lang/ProcessHandleImpl
Event: 40.873 Loading class java/lang/ProcessHandleImpl done
Event: 40.874 Loading class java/lang/ProcessImpl$2
Event: 40.874 Loading class java/lang/ProcessImpl$2 done
Event: 40.874 Loading class java/lang/Process$PipeInputStream
Event: 40.874 Loading class java/lang/Process$PipeInputStream done
Event: 40.879 Loading class jdk/internal/event/ProcessStartEvent
Event: 40.880 Loading class jdk/internal/event/ProcessStartEvent done

Classes unloaded (1 events):
Event: 40.539 Thread 0x0000022fc87015a0 Unloading class 0x00000001014a8000 'java/lang/invoke/LambdaForm$DMH+0x00000001014a8000'

Classes redefined (0 events):
No events

Internal exceptions (20 events):
Event: 41.433 Thread 0x0000022fd4edffc0 Exception <a 'sun/nio/fs/WindowsException'{0x0000000098c72470}> (0x0000000098c72470) 
thrown [s\src\hotspot\share\prims\jni.cpp, line 537]
Event: 41.438 Thread 0x0000022fd4edffc0 Exception <a 'sun/nio/fs/WindowsException'{0x0000000098b0c670}> (0x0000000098b0c670) 
thrown [s\src\hotspot\share\prims\jni.cpp, line 537]
Event: 41.443 Thread 0x0000022fd4edffc0 Exception <a 'sun/nio/fs/WindowsException'{0x0000000098bd0c88}> (0x0000000098bd0c88) 
thrown [s\src\hotspot\share\prims\jni.cpp, line 537]
Event: 41.448 Thread 0x0000022fd4edffc0 Exception <a 'sun/nio/fs/WindowsException'{0x0000000098a6b230}> (0x0000000098a6b230) 
thrown [s\src\hotspot\share\prims\jni.cpp, line 537]
Event: 41.452 Thread 0x0000022fd4edffc0 Exception <a 'sun/nio/fs/WindowsException'{0x0000000098ad77f8}> (0x0000000098ad77f8) 
thrown [s\src\hotspot\share\prims\jni.cpp, line 537]
Event: 41.457 Thread 0x0000022fd4edffc0 Exception <a 'sun/nio/fs/WindowsException'{0x00000000989bd5a0}> (0x00000000989bd5a0) 
thrown [s\src\hotspot\share\prims\jni.cpp, line 537]
Event: 41.462 Thread 0x0000022fd4edffc0 Exception <a 'sun/nio/fs/WindowsException'{0x0000000098866238}> (0x0000000098866238) 
thrown [s\src\hotspot\share\prims\jni.cpp, line 537]
Event: 41.467 Thread 0x0000022fd4edffc0 Exception <a 'sun/nio/fs/WindowsException'{0x000000009876d7e0}> (0x000000009876d7e0) 
thrown [s\src\hotspot\share\prims\jni.cpp, line 537]
Event: 41.472 Thread 0x0000022fd4edffc0 Exception <a 'sun/nio/fs/WindowsException'{0x00000000987dccb0}> (0x00000000987dccb0) 
thrown [s\src\hotspot\share\prims\jni.cpp, line 537]
Event: 41.477 Thread 0x0000022fd4edffc0 Exception <a 'sun/nio/fs/WindowsException'{0x0000000098668bb8}> (0x0000000098668bb8) 
thrown [s\src\hotspot\share\prims\jni.cpp, line 537]
Event: 41.482 Thread 0x0000022fd4edffc0 Exception <a 'sun/nio/fs/WindowsException'{0x000000009856bd60}> (0x000000009856bd60) 
thrown [s\src\hotspot\share\prims\jni.cpp, line 537]
Event: 41.487 Thread 0x0000022fd4edffc0 Exception <a 'sun/nio/fs/WindowsException'{0x0000000098465218}> (0x0000000098465218) 
thrown [s\src\hotspot\share\prims\jni.cpp, line 537]
Event: 41.492 Thread 0x0000022fd4edffc0 Exception <a 'sun/nio/fs/WindowsException'{0x0000000098366550}> (0x0000000098366550) 
thrown [s\src\hotspot\share\prims\jni.cpp, line 537]
Event: 41.498 Thread 0x0000022fd4edffc0 Exception <a 'sun/nio/fs/WindowsException'{0x000000009826d648}> (0x000000009826d648) 
thrown [s\src\hotspot\share\prims\jni.cpp, line 537]
Event: 41.503 Thread 0x0000022fd4edffc0 Exception <a 'sun/nio/fs/WindowsException'{0x0000000098299bc0}> (0x0000000098299bc0) 
thrown [s\src\hotspot\share\prims\jni.cpp, line 537]
Event: 41.529 Thread 0x0000022fd4edffc0 Exception <a 'sun/nio/fs/WindowsException'{0x0000000097d8ea08}> (0x0000000097d8ea08) 
thrown [s\src\hotspot\share\prims\jni.cpp, line 537]
Event: 41.534 Thread 0x0000022fd4edffc0 Exception <a 'sun/nio/fs/WindowsException'{0x0000000097c85140}> (0x0000000097c85140) 
thrown [s\src\hotspot\share\prims\jni.cpp, line 537]
Event: 41.539 Thread 0x0000022fd4edffc0 Exception <a 'sun/nio/fs/WindowsException'{0x0000000097a684c8}> (0x0000000097a684c8) 
thrown [s\src\hotspot\share\prims\jni.cpp, line 537]
Event: 41.544 Thread 0x0000022fd4edffc0 Exception <a 'sun/nio/fs/WindowsException'{0x000000009781adc0}> (0x000000009781adc0) 
thrown [s\src\hotspot\share\prims\jni.cpp, line 537]
Event: 41.550 Thread 0x0000022fd4edffc0 Exception <a 'sun/nio/fs/WindowsException'{0x0000000097671288}> (0x0000000097671288) 
thrown [s\src\hotspot\share\prims\jni.cpp, line 537]

ZGC Phase Switch (0 events):
No events

VM Operations (20 events):
Event: 39.882 Executing VM operation: HandshakeAllThreads (Deoptimize) done
Event: 39.889 Executing VM operation: HandshakeAllThreads (Deoptimize)
Event: 39.890 Executing VM operation: HandshakeAllThreads (Deoptimize) done
Event: 39.927 Executing VM operation: G1CollectForAllocation (G1 Evacuation Pause)
Event: 39.955 Executing VM operation: G1CollectForAllocation (G1 Evacuation Pause) done
Event: 40.120 Executing VM operation: G1CollectForAllocation (G1 Evacuation Pause)
Event: 40.163 Executing VM operation: G1CollectForAllocation (G1 Evacuation Pause) done
Event: 40.260 Executing VM operation: G1CollectForAllocation (G1 Evacuation Pause)
Event: 40.293 Executing VM operation: G1CollectForAllocation (G1 Evacuation Pause) done
Event: 40.538 Executing VM operation: G1PauseRemark
Event: 40.560 Executing VM operation: G1PauseRemark done
Event: 40.709 Executing VM operation: G1PauseCleanup
Event: 40.732 Executing VM operation: G1PauseCleanup done
Event: 40.735 Executing VM operation: G1CollectForAllocation (G1 Evacuation Pause)
Event: 40.751 Executing VM operation: G1CollectForAllocation (G1 Evacuation Pause) done
Event: 40.879 Executing VM operation: HandshakeAllThreads (Deoptimize)
Event: 40.879 Executing VM operation: HandshakeAllThreads (Deoptimize) done
Event: 40.938 Executing VM operation: ICBufferFull
Event: 40.938 Executing VM operation: ICBufferFull done
Event: 41.553 Executing VM operation: G1CollectForAllocation (G1 Evacuation Pause)

Memory protections (0 events):
No events

Nmethod flushes (20 events):
Event: 40.558 Thread 0x0000022fc87015a0 flushing  nmethod 0x0000022fb557ae10
Event: 40.558 Thread 0x0000022fc87015a0 flushing  nmethod 0x0000022fb557b390
Event: 40.558 Thread 0x0000022fc87015a0 flushing  nmethod 0x0000022fb557be10
Event: 40.558 Thread 0x0000022fc87015a0 flushing  nmethod 0x0000022fb557c290
Event: 40.558 Thread 0x0000022fc87015a0 flushing  nmethod 0x0000022fb557ca90
Event: 40.558 Thread 0x0000022fc87015a0 flushing  nmethod 0x0000022fb557d010
Event: 40.558 Thread 0x0000022fc87015a0 flushing  nmethod 0x0000022fb557d990
Event: 40.558 Thread 0x0000022fc87015a0 flushing  nmethod 0x0000022fb557ec10
Event: 40.558 Thread 0x0000022fc87015a0 flushing  nmethod 0x0000022fb557f190
Event: 40.558 Thread 0x0000022fc87015a0 flushing  nmethod 0x0000022fb5580110
Event: 40.558 Thread 0x0000022fc87015a0 flushing  nmethod 0x0000022fb5580b90
Event: 40.558 Thread 0x0000022fc87015a0 flushing  nmethod 0x0000022fb5598890
Event: 40.558 Thread 0x0000022fc87015a0 flushing  nmethod 0x0000022fb5599890
Event: 40.558 Thread 0x0000022fc87015a0 flushing  nmethod 0x0000022fb559a210
Event: 40.558 Thread 0x0000022fc87015a0 flushing  nmethod 0x0000022fb55f5b90
Event: 40.558 Thread 0x0000022fc87015a0 flushing  nmethod 0x0000022fb568d410
Event: 40.558 Thread 0x0000022fc87015a0 flushing  nmethod 0x0000022fb568ea90
Event: 40.558 Thread 0x0000022fc87015a0 flushing  nmethod 0x0000022fb5690690
Event: 40.558 Thread 0x0000022fc87015a0 flushing  nmethod 0x0000022fb5691510
Event: 40.558 Thread 0x0000022fc87015a0 flushing  nmethod 0x0000022fb57a9590

Events (20 events):
Event: 39.845 Thread 0x0000022fd5f6eaa0 Thread added: 0x0000022fd25ddaa0
Event: 39.846 Thread 0x0000022fd5f6eaa0 Thread added: 0x0000022fd25df4e0
Event: 39.846 Thread 0x0000022fd25ddaa0 Thread added: 0x0000022fd25e0200
Event: 39.846 Thread 0x0000022fd25df4e0 Thread added: 0x0000022fd25dfb70
Event: 39.847 Thread 0x0000022fd25e0200 Thread added: 0x0000022fd25e0f20
Event: 39.847 Thread 0x0000022fd25dfb70 Thread added: 0x0000022fd25e15b0
Event: 39.848 Thread 0x0000022fd25e0f20 Thread added: 0x0000022fd25de130
Event: 39.848 Thread 0x0000022fd25e15b0 Thread added: 0x0000022fd25e2960
Event: 39.849 Thread 0x0000022fd25de130 Thread added: 0x0000022fd25e3680
Event: 39.849 Thread 0x0000022fd25e2960 Thread added: 0x0000022fd25e3d10
Event: 39.851 Thread 0x0000022fd25e3d10 Thread added: 0x0000022fd25e43a0
Event: 39.851 Thread 0x0000022fd25e3680 Thread added: 0x0000022fd48c7f20
Event: 40.732 Thread 0x0000022fd5f6c9d0 Thread exited: 0x0000022fd5f6c9d0
Event: 40.752 Thread 0x0000022fd5f6f7c0 Thread exited: 0x0000022fd5f6f7c0
Event: 40.885 Thread 0x0000022fd4ee68c0 Thread added: 0x0000022fce9cb060
Event: 40.885 Thread 0x0000022fd4ee68c0 Thread added: 0x0000022fce9cbd80
Event: 40.969 Thread 0x0000022fd4ee4e80 Thread added: 0x0000022fce9cb6f0
Event: 40.969 Thread 0x0000022fd4ee4e80 Thread added: 0x0000022fce9cf200
Event: 41.083 Thread 0x0000022fd4ee5510 Thread added: 0x0000022fce9ccaa0
Event: 41.083 Thread 0x0000022fd4ee5510 Thread added: 0x0000022fce9cde50


Dynamic libraries:
0x00007ff726f10000 - 0x00007ff726f1a000 	C:\Program Files\Android\Android Studio\jbr\bin\java.exe
0x00007ffbea820000 - 0x00007ffbeaa87000 	C:\WINDOWS\SYSTEM32\ntdll.dll
0x00007ffbe9a80000 - 0x00007ffbe9b49000 	C:\WINDOWS\System32\KERNEL32.DLL
0x00007ffbe8100000 - 0x00007ffbe84f1000 	C:\WINDOWS\System32\KERNELBASE.dll
0x00007ffbe7fb0000 - 0x00007ffbe80fb000 	C:\WINDOWS\System32\ucrtbase.dll
0x00007ffbe4110000 - 0x00007ffbe412b000 	C:\Program Files\Android\Android Studio\jbr\bin\VCRUNTIME140.dll
0x00007ffbbd1c0000 - 0x00007ffbbd1d8000 	C:\Program Files\Android\Android Studio\jbr\bin\jli.dll
0x00007ffbea610000 - 0x00007ffbea7d5000 	C:\WINDOWS\System32\USER32.dll
0x00007ffbe7240000 - 0x00007ffbe7267000 	C:\WINDOWS\System32\win32u.dll
0x00007ffbe8d40000 - 0x00007ffbe8d6b000 	C:\WINDOWS\System32\GDI32.dll
0x00007ffbe7270000 - 0x00007ffbe739b000 	C:\WINDOWS\System32\gdi32full.dll
0x00007ffbe73a0000 - 0x00007ffbe7443000 	C:\WINDOWS\System32\msvcp_win.dll
0x00007ffbd1320000 - 0x00007ffbd15b3000 	C:\WINDOWS\WinSxS\amd64_microsoft.windows.common-controls_6595b64144ccf1df_6.0.26100.8037_none_3e092faae333b53b\COMCTL32.dll
0x00007ffbe85c0000 - 0x00007ffbe8669000 	C:\WINDOWS\System32\msvcrt.dll
0x00007ffbe9740000 - 0x00007ffbe9771000 	C:\WINDOWS\System32\IMM32.DLL
0x0000000065060000 - 0x000000006506d000 	C:\Program Files (x86)\360\Total Security\safemon\SafeWrapper.dll
0x00007ffbe9680000 - 0x00007ffbe973b000 	C:\WINDOWS\System32\ADVAPI32.dll
0x00007ffbe99d0000 - 0x00007ffbe9a77000 	C:\WINDOWS\System32\sechost.dll
0x00007ffbe9fa0000 - 0x00007ffbea0b8000 	C:\WINDOWS\System32\RPCRT4.dll
0x00007ffbde140000 - 0x00007ffbde245000 	C:\Program Files (x86)\360\Total Security\safemon\libzdtp64.dll
0x00007ffbe8d80000 - 0x00007ffbe94df000 	C:\WINDOWS\System32\SHELL32.dll
0x00007ffbe7e40000 - 0x00007ffbe7faa000 	C:\WINDOWS\System32\wintypes.dll
0x00007ffbe8670000 - 0x00007ffbe89f2000 	C:\WINDOWS\System32\combase.dll
0x00007ffbe8ab0000 - 0x00007ffbe8b17000 	C:\WINDOWS\System32\SHLWAPI.dll
0x00007ffbe7450000 - 0x00007ffbe7cb4000 	C:\WINDOWS\System32\Windows.Storage.dll
0x00007ffbe69e0000 - 0x00007ffbe69eb000 	C:\WINDOWS\SYSTEM32\VERSION.dll
0x00007ffbe4100000 - 0x00007ffbe410c000 	C:\Program Files\Android\Android Studio\jbr\bin\vcruntime140_1.dll
0x00007ffb7baa0000 - 0x00007ffb7bb2d000 	C:\Program Files\Android\Android Studio\jbr\bin\msvcp140.dll
0x00007ffb80ce0000 - 0x00007ffb81976000 	C:\Program Files\Android\Android Studio\jbr\bin\server\jvm.dll
0x00007ffbe94f0000 - 0x00007ffbe9564000 	C:\WINDOWS\System32\WS2_32.dll
0x00007ffbe6f80000 - 0x00007ffbe6fde000 	C:\WINDOWS\SYSTEM32\POWRPROF.dll
0x00007ffbda7b0000 - 0x00007ffbda7e5000 	C:\WINDOWS\SYSTEM32\WINMM.dll
0x00007ffbe6f60000 - 0x00007ffbe6f74000 	C:\WINDOWS\SYSTEM32\UMPDC.dll
0x00007ffbe5e20000 - 0x00007ffbe5e3b000 	C:\WINDOWS\SYSTEM32\kernel.appcore.dll
0x00007ffbdd870000 - 0x00007ffbdd87a000 	C:\Program Files\Android\Android Studio\jbr\bin\jimage.dll
0x00007ffbe4ed0000 - 0x00007ffbe5112000 	C:\WINDOWS\SYSTEM32\DBGHELP.DLL
0x00007ffbe8c60000 - 0x00007ffbe8d37000 	C:\WINDOWS\System32\OLEAUT32.dll
0x00007ffbbe0c0000 - 0x00007ffbbe0fb000 	C:\WINDOWS\SYSTEM32\dbgcore.DLL
0x00007ffbe7190000 - 0x00007ffbe7235000 	C:\WINDOWS\System32\bcryptPrimitives.dll
0x00007ffbd3130000 - 0x00007ffbd313e000 	C:\Program Files\Android\Android Studio\jbr\bin\instrument.dll
0x00007ffbdd7e0000 - 0x00007ffbdd800000 	C:\Program Files\Android\Android Studio\jbr\bin\java.dll
0x00007ffbdd7c0000 - 0x00007ffbdd7d8000 	C:\Program Files\Android\Android Studio\jbr\bin\zip.dll
0x00007ffbe8b40000 - 0x00007ffbe8c37000 	C:\WINDOWS\System32\SHCORE.dll
0x00007ffbe6ff0000 - 0x00007ffbe7019000 	C:\WINDOWS\SYSTEM32\profapi.dll
0x00007ffbdd7b0000 - 0x00007ffbdd7c0000 	C:\Program Files\Android\Android Studio\jbr\bin\net.dll
0x00007ffbde410000 - 0x00007ffbde537000 	C:\WINDOWS\SYSTEM32\WINHTTP.dll
0x00007ffbe6390000 - 0x00007ffbe63fb000 	C:\WINDOWS\system32\mswsock.dll
0x00007ffbdd790000 - 0x00007ffbdd7a6000 	C:\Program Files\Android\Android Studio\jbr\bin\nio.dll
0x00007ffbd3a30000 - 0x00007ffbd3a40000 	C:\Program Files\Android\Android Studio\jbr\bin\verify.dll
0x00007ffbb3090000 - 0x00007ffbb30b7000 	C:\Users\User\.gradle\native\1def1411415f61bf3af743bc5b6707747c0891f09f0c88961ee8f79bc544acac\windows-amd64\native-platform.dll
0x00007ffb7ba20000 - 0x00007ffb7ba98000 	C:\Users\User\.gradle\native\0.2.7\x86_64-windows-gnu\gradle-fileevents.dll
0x00007ffbda4e0000 - 0x00007ffbda4e9000 	C:\Program Files\Android\Android Studio\jbr\bin\management.dll
0x00007ffbd3de0000 - 0x00007ffbd3deb000 	C:\Program Files\Android\Android Studio\jbr\bin\management_ext.dll
0x00007ffbe8d70000 - 0x00007ffbe8d78000 	C:\WINDOWS\System32\PSAPI.DLL
0x00007ffbe57a0000 - 0x00007ffbe57d3000 	C:\WINDOWS\SYSTEM32\IPHLPAPI.DLL
0x00007ffbe9f90000 - 0x00007ffbe9f9a000 	C:\WINDOWS\System32\NSI.dll
0x00007ffbdd6a0000 - 0x00007ffbdd6a9000 	C:\Program Files\Android\Android Studio\jbr\bin\extnet.dll
0x00007ffbe6670000 - 0x00007ffbe668b000 	C:\WINDOWS\SYSTEM32\CRYPTSP.dll
0x00007ffbe5d80000 - 0x00007ffbe5db9000 	C:\WINDOWS\system32\rsaenh.dll
0x00007ffbe6440000 - 0x00007ffbe6472000 	C:\WINDOWS\SYSTEM32\USERENV.dll
0x00007ffbe7020000 - 0x00007ffbe704a000 	C:\WINDOWS\SYSTEM32\bcrypt.dll
0x00007ffbe6690000 - 0x00007ffbe669c000 	C:\WINDOWS\SYSTEM32\CRYPTBASE.dll
0x00007ffbcdcf0000 - 0x00007ffbcdcf8000 	C:\WINDOWS\system32\wshunix.dll
0x00007ffb1de10000 - 0x00007ffb1de28000 	C:\WINDOWS\system32\napinsp.dll
0x00007ffbe5920000 - 0x00007ffbe5a4a000 	C:\WINDOWS\SYSTEM32\DNSAPI.dll
0x00007ffb1dbc0000 - 0x00007ffb1dbd2000 	C:\WINDOWS\System32\winrnr.dll
0x00007ffbcfd20000 - 0x00007ffbcfd42000 	C:\WINDOWS\system32\nlansp_c.dll
0x00007ffbbb4e0000 - 0x00007ffbbb4f6000 	C:\WINDOWS\system32\wshbth.dll
0x00007ffbde300000 - 0x00007ffbde30b000 	C:\Windows\System32\rasadhlp.dll
0x00007ffbe0f70000 - 0x00007ffbe0ff6000 	C:\WINDOWS\System32\fwpuclnt.dll
0x00007ffbe4490000 - 0x00007ffbe452f000 	C:\WINDOWS\system32\apphelp.dll

JVMTI agents:
C:\Users\User\.gradle\wrapper\dists\gradle-8.13-bin\5xuhj0ry160q40clulazy9h7d\gradle-8.13\lib\agents\gradle-instrumentation-agent-8.13.jar path:C:\Program Files\Android\Android Studio\jbr\bin\instrument.dll, loaded, initialized, instrumentlib options:none

dbghelp: loaded successfully - version: 4.0.5 - missing functions: none
symbol engine: initialized successfully - sym options: 0x614 - pdb path: .;C:\Program Files\Android\Android Studio\jbr\bin;C:\WINDOWS\SYSTEM32;C:\WINDOWS\WinSxS\amd64_microsoft.windows.common-controls_6595b64144ccf1df_6.0.26100.8037_none_3e092faae333b53b;C:\Program Files (x86)\360\Total Security\safemon;C:\Program Files\Android\Android Studio\jbr\bin\server;C:\Users\User\.gradle\native\1def1411415f61bf3af743bc5b6707747c0891f09f0c88961ee8f79bc544acac\windows-amd64;C:\Users\User\.gradle\native\0.2.7\x86_64-windows-gnu

VM Arguments:
jvm_args: --add-opens=java.base/java.lang=ALL-UNNAMED --add-opens=java.base/java.lang.invoke=ALL-UNNAMED --add-opens=java.base/java.util=ALL-UNNAMED --add-opens=java.prefs/java.util.prefs=ALL-UNNAMED --add-exports=jdk.compiler/com.sun.tools.javac.api=ALL-UNNAMED --add-exports=jdk.compiler/com.sun.tools.javac.util=ALL-UNNAMED --add-opens=java.base/java.util=ALL-UNNAMED --add-opens=java.prefs/java.util.prefs=ALL-UNNAMED --add-opens=java.base/java.nio.charset=ALL-UNNAMED --add-opens=java.base/java.net=ALL-UNNAMED --add-opens=java.base/java.util.concurrent.atomic=ALL-UNNAMED --add-opens=java.xml/javax.xml.namespace=ALL-UNNAMED -Xmx2048m -Dfile.encoding=UTF-8 -Duser.country=RU -Duser.language=ru -Duser.variant -javaagent:C:\Users\User\.gradle\wrapper\dists\gradle-8.13-bin\5xuhj0ry160q40clulazy9h7d\gradle-8.13\lib\agents\gradle-instrumentation-agent-8.13.jar 
java_command: org.gradle.launcher.daemon.bootstrap.GradleDaemon 8.13
java_class_path (initial): C:\Users\User\.gradle\wrapper\dists\gradle-8.13-bin\5xuhj0ry160q40clulazy9h7d\gradle-8.13\lib\gradle-daemon-main-8.13.jar
Launcher Type: SUN_STANDARD

[Global flags]
     intx CICompilerCount                          = 4                                         {product} {ergonomic}
     uint ConcGCThreads                            = 3                                         {product} {ergonomic}
     uint G1ConcRefinementThreads                  = 10                                        {product} {ergonomic}
   size_t G1HeapRegionSize                         = 1048576                                   {product} {ergonomic}
    uintx GCDrainStackTargetSize                   = 64                                        {product} {ergonomic}
   size_t InitialHeapSize                          = 197132288                                 {product} {ergonomic}
   size_t MarkStackSize                            = 4194304                                   {product} {ergonomic}
   size_t MaxHeapSize                              = 2147483648                                {product} {command line}
   size_t MaxNewSize                               = 1287651328                                {product} {ergonomic}
   size_t MinHeapDeltaBytes                        = 1048576                                   {product} {ergonomic}
   size_t MinHeapSize                              = 8388608                                   {product} {ergonomic}
    uintx NonNMethodCodeHeapSize                   = 5839372                                {pd product} {ergonomic}
    uintx NonProfiledCodeHeapSize                  = 122909434                              {pd product} {ergonomic}
    uintx ProfiledCodeHeapSize                     = 122909434                              {pd product} {ergonomic}
    uintx ReservedCodeCacheSize                    = 251658240                              {pd product} {ergonomic}
     bool SegmentedCodeCache                       = true                                      {product} {ergonomic}
   size_t SoftMaxHeapSize                          = 2147483648                             {manageable} {ergonomic}
     bool UseCompressedOops                        = true                           {product lp64_product} {ergonomic}
     bool UseG1GC                                  = true                                      {product} {ergonomic}
     bool UseLargePagesIndividualAllocation        = false                                  {pd product} {ergonomic}

Logging:
Log output configuration:
 #0: stdout all=warning uptime,level,tags foldmultilines=false
 #1: stderr all=off uptime,level,tags foldmultilines=false

Release file:
JAVA_VERSION="21.0.9" 
MODULES="java.base java.compiler java.datatransfer java.xml java.prefs java.desktop java.instrument java.logging java.management java.security.sasl java.naming java.rmi java.management.rmi java.net.http java.scripting java.security.jgss java.transaction.xa java.sql java.sql.rowset java.xml.crypto java.se java.smartcardio jdk.accessibility jdk.internal.jvmstat jdk.attach jdk.charsets jdk.internal.opt jdk.zipfs jdk.compiler jdk.crypto.ec jdk.crypto.cryptoki jdk.dynalink jdk.hotspot.agent jdk.httpserver jdk.internal.ed jdk.internal.le jdk.internal.vm.ci jdk.jartool jdk.javadoc jdk.jcmd jdk.jdeps jdk.jdwp.agent jdk.jdi jdk.jfr jdk.jlink jdk.jsobject jdk.localedata jdk.management jdk.management.agent jdk.management.jfr jdk.naming.dns jdk.naming.rmi jdk.net jdk.sctp jdk.security.auth jdk.security.jgss jdk.unsupported jdk.unsupported.desktop jdk.xml.dom" 
IMPLEMENTOR="JetBrains s.r.o." 
JAVA_RUNTIME_VERSION="21.0.9+-14787801-b1163.94" 
LIBC="default" 
OS_ARCH="x86_64" 
OS_NAME="Windows" 
SOURCE=".:git:0c757ddc9f2f" 

Environment Variables:
PATH=C:\Program Files\Common Files\Oracle\Java\javapath;C:\Program Files (x86)\Common Files\Oracle\Java\javapath;C:\WINDOWS\system32;C:\WINDOWS;C:\WINDOWS\System32\Wbem;C:\WINDOWS\System32\WindowsPowerShell\v1.0\;C:\WINDOWS\System32\OpenSSH\;C:\JupyterLab;C:\Program Files\nodejs\;C:\Program Files\dotnet\;C:\Program Files\Git\cmd;C:\Users\User\AppData\Local\Programs\Python\Python313\Scripts\;C:\Users\User\AppData\Local\Programs\Python\Python313\;C:\Users\User\AppData\Local\Programs\Python\Launcher\;C:\Users\User\AppData\Local\Microsoft\WindowsApps;C:\Users\User\AppData\Local\Programs\Microsoft VS Code\bin;C:\Program Files\JetBrains\PyCharm 2025.2.3\bin;C:\Users\User\AppData\Local\Programs\MiKTeX\miktex\bin\x64\;C:\Program Files\JetBrains\WebStorm 2025.1.3\bin;;C:\Users\User\AppData\Roaming\npm;C:\Program Files\JetBrains\IntelliJ IDEA Community Edition 2025.2.1\bin;C:\Users\User\.lmstudio\bin
USERNAME=User
OS=Windows_NT
PROCESSOR_IDENTIFIER=Intel64 Family 6 Model 186 Stepping 3, GenuineIntel
TMP=C:\Users\User\AppData\Local\Temp
TEMP=C:\Users\User\AppData\Local\Temp




Periodic native trim disabled

JNI global refs:
JNI global refs: 30, weak refs: 26

JNI global refs memory usage: 835, weak refs: 1465

Process memory usage:
Resident Set Size: 939352K (7% of 12199064K total physical memory with 1128704K free physical memory)

OOME stack traces (most recent first):
Classloader memory used:
Loader org.gradle.internal.classloader.VisitableURLClassLoader$InstrumentingVisitableURLClassLoader: 53549K
Loader org.gradle.internal.classloader.VisitableURLClassLoader                         : 45215K
Loader bootstrap                                                                       : 31193K
Loader org.gradle.initialization.MixInLegacyTypesClassLoader                           : 13149K
Loader jdk.internal.loader.ClassLoaders$PlatformClassLoader                            : 542K
Loader jdk.internal.reflect.DelegatingClassLoader                                      : 420K
Loader jdk.internal.loader.ClassLoaders$AppClassLoader                                 : 235K
Loader org.gradle.internal.classloader.VisitableURLClassLoader                         : 223K
Loader org.gradle.groovy.scripts.internal.DefaultScriptCompilationHandler$ScriptClassLoader: 136K
Loader org.codehaus.groovy.runtime.callsite.CallSiteClassLoader                        : 27512B
Loader sun.reflect.misc.MethodUtil                                                     : 2984B

Classes loaded by more than one classloader:
Class Program                                                                         : loaded 5 times (x 72B)
Class Build_gradle                                                                    : loaded 3 times (x 130B)
Class Build_gradle$1                                                                  : loaded 3 times (x 74B)
Class org.gradle.internal.classloader.FilteringClassLoader                            : loaded 2 times (x 105B)
Class com.google.common.base.CharMatcher$IsEither                                     : loaded 2 times (x 111B)
Class org.gradle.internal.classloader.ClassLoaderHierarchy                            : loaded 2 times (x 70B)
Class com.google.common.collect.ImmutableEnumSet                                      : loaded 2 times (x 146B)
Class com.google.common.util.concurrent.ExecutionError                                : loaded 2 times (x 82B)
Class com.google.common.collect.ImmutableList$1                                       : loaded 2 times (x 97B)
Class org.gradle.api.internal.classpath.ManifestUtil                                  : loaded 2 times (x 71B)
Class com.google.common.io.ByteArrayDataOutput                                        : loaded 2 times (x 70B)
Class com.google.common.collect.RegularImmutableMap                                   : loaded 2 times (x 121B)
Class com.google.common.collect.ImmutableMap$MapViewOfValuesAsSingletonSets           : loaded 2 times (x 126B)
Class com.google.common.reflect.TypeCapture                                           : loaded 2 times (x 71B)
Class [Lorg.objectweb.asm.Symbol;                                                     : loaded 2 times (x 69B)
Class org.objectweb.asm.ClassVisitor                                                  : loaded 2 times (x 88B)
Class com.google.common.collect.UnmodifiableListIterator                              : loaded 2 times (x 95B)
Class com.google.common.base.Platform$JdkPatternCompiler                              : loaded 2 times (x 75B)
Class org.objectweb.asm.MethodTooLargeException                                       : loaded 2 times (x 83B)
Class [Lcom.google.common.cache.CacheBuilder$OneWeigher;                              : loaded 2 times (x 69B)
Class com.google.common.base.Suppliers                                                : loaded 2 times (x 71B)
Class org.gradle.internal.classloader.DefaultClassLoaderFactory                       : loaded 2 times (x 82B)
Class org.apache.commons.io.file.PathUtils                                            : loaded 2 times (x 71B)
Class org.gradle.internal.classloader.ClassLoaderVisitor                              : loaded 2 times (x 76B)
Class [Lcom.google.common.collect.ImmutableMapEntry;                                  : loaded 2 times (x 69B)
Class org.gradle.api.internal.classpath.EffectiveClassPath                            : loaded 2 times (x 90B)
Class com.google.common.collect.ImmutableRangeSet                                     : loaded 2 times (x 115B)
Class [Lorg.apache.commons.io.StandardLineSeparator;                                  : loaded 2 times (x 69B)
Class org.apache.commons.io.output.StringBuilderWriter                                : loaded 2 times (x 100B)
Class com.google.common.collect.ListMultimap                                          : loaded 2 times (x 70B)
Class com.google.common.collect.ImmutableEnumMap                                      : loaded 2 times (x 126B)
Class com.google.common.collect.Sets$1                                                : loaded 2 times (x 139B)
Class org.objectweb.asm.AnnotationVisitor                                             : loaded 2 times (x 78B)
Class org.gradle.api.internal.DefaultClassPathProvider                                : loaded 2 times (x 76B)
Class com.google.common.collect.Sets$2                                                : loaded 2 times (x 139B)
Class [Lorg.gradle.api.internal.ClassPathProvider;                                    : loaded 2 times (x 69B)
Class org.gradle.api.internal.ClassPathProvider                                       : loaded 2 times (x 70B)
Class com.google.common.reflect.Types$ClassOwnership$1                                : loaded 2 times (x 80B)
Class [Lorg.objectweb.asm.AnnotationVisitor;                                          : loaded 2 times (x 69B)
Class com.google.common.collect.Sets$3                                                : loaded 2 times (x 139B)
Class com.google.common.util.concurrent.AbstractFuture$SafeAtomicHelper               : loaded 2 times (x 79B)
Class com.google.common.cache.LocalCache$LocalLoadingCache                            : loaded 2 times (x 134B)
Class org.gradle.internal.service.UnknownServiceException                             : loaded 2 times (x 83B)
Class com.google.common.reflect.Types$ClassOwnership$2                                : loaded 2 times (x 80B)
Class com.google.common.reflect.TypeResolver                                          : loaded 2 times (x 72B)
Class com.google.common.io.ByteArrayDataInput                                         : loaded 2 times (x 70B)
Class com.google.common.collect.Sets$4                                                : loaded 2 times (x 139B)
Class org.objectweb.asm.ModuleVisitor                                                 : loaded 2 times (x 81B)
Class com.google.common.cache.LocalCache$Strength$1                                   : loaded 2 times (x 81B)
Class org.apache.commons.io.output.QueueOutputStream                                  : loaded 2 times (x 87B)
Class com.google.common.reflect.Types$ClassOwnership$3                                : loaded 2 times (x 71B)
Class com.google.common.util.concurrent.SettableFuture                                : loaded 2 times (x 114B)
Class com.google.common.cache.LocalCache$Strength$2                                   : loaded 2 times (x 81B)
Class com.google.common.io.ByteStreams                                                : loaded 2 times (x 71B)
Class com.google.common.cache.LocalCache$Strength$3                                   : loaded 2 times (x 81B)
Class com.google.common.collect.MapDifference                                         : loaded 2 times (x 70B)
Class com.google.common.reflect.Invokable                                             : loaded 2 times (x 103B)
Class org.objectweb.asm.FieldWriter                                                   : loaded 2 times (x 78B)
Class com.google.common.cache.CacheBuilder$NullListener                               : loaded 2 times (x 82B)
Class org.gradle.internal.classpath.TransformedClassPath                              : loaded 2 times (x 96B)
Class org.gradle.internal.classloader.InstrumentingClassLoader                        : loaded 2 times (x 70B)
Class com.google.common.collect.ImmutableRangeSet$AsSet                               : loaded 2 times (x 300B)
Class org.apache.commons.io.output.UnsynchronizedByteArrayOutputStream                : loaded 2 times (x 102B)
Class com.google.common.reflect.Types$ParameterizedTypeImpl                           : loaded 2 times (x 81B)
Class com.google.common.cache.CacheLoader$FunctionToCacheLoader                       : loaded 2 times (x 75B)
Class com.google.common.collect.Iterators$ArrayItr                                    : loaded 2 times (x 97B)
Class com.google.common.collect.ImmutableCollection$Builder                           : loaded 2 times (x 76B)
Class org.apache.commons.io.output.ByteArrayOutputStream                              : loaded 2 times (x 102B)
Class com.google.common.reflect.TypeResolver$TypeVariableKey                          : loaded 2 times (x 72B)
Class com.google.common.base.Joiner                                                   : loaded 2 times (x 79B)
Class com.google.common.base.MoreObjects                                              : loaded 2 times (x 71B)
Class com.google.common.collect.Platform                                              : loaded 2 times (x 71B)
Class [Lorg.objectweb.asm.Type;                                                       : loaded 2 times (x 69B)
Class com.google.common.collect.UnmodifiableIterator                                  : loaded 2 times (x 80B)
Class org.gradle.internal.service.ServiceLocator                                      : loaded 2 times (x 70B)
Class org.apache.commons.io.FileExistsException                                       : loaded 2 times (x 82B)
Class com.google.common.base.Ascii                                                    : loaded 2 times (x 71B)
Class com.google.common.collect.SingletonImmutableBiMap                               : loaded 2 times (x 143B)
Class com.google.common.cache.LocalCache$1                                            : loaded 2 times (x 89B)
Class com.google.common.collect.AbstractMapEntry                                      : loaded 2 times (x 81B)
Class com.google.common.reflect.TypeToken$SimpleTypeToken                             : loaded 2 times (x 73B)
Class com.google.common.collect.Sets$ImprovedAbstractSet                              : loaded 2 times (x 135B)
Class com.google.common.collect.ImmutableList$Builder                                 : loaded 2 times (x 77B)
Class com.google.common.collect.AbstractMultimap                                      : loaded 2 times (x 123B)
Class com.google.common.cache.LocalCache$2                                            : loaded 2 times (x 142B)
Class com.google.common.collect.ImmutableRangeSet$1                                   : loaded 2 times (x 210B)
Class com.google.common.util.concurrent.AbstractFuture$UnsafeAtomicHelper$1           : loaded 2 times (x 76B)
Class com.google.common.collect.RegularImmutableAsList                                : loaded 2 times (x 217B)
Class com.google.common.collect.Range                                                 : loaded 2 times (x 87B)
Class com.google.common.util.concurrent.AbstractFuture$Trusted                        : loaded 2 times (x 70B)
Class com.google.common.collect.Iterators                                             : loaded 2 times (x 71B)
Class com.google.common.collect.Lists$StringAsImmutableList                           : loaded 2 times (x 207B)
Class com.google.common.util.concurrent.UncheckedExecutionException                   : loaded 2 times (x 82B)
Class org.gradle.kotlin.dsl.VersionCatalogAccessorsKt                                 : loaded 2 times (x 71B)
Class org.gradle.internal.InternalTransformer                                         : loaded 2 times (x 70B)
Class com.google.common.collect.AbstractMapBasedMultimap$KeySet$1                     : loaded 2 times (x 82B)
Class org.objectweb.asm.ClassWriter                                                   : loaded 2 times (x 106B)
Class com.google.common.cache.CacheLoader$UnsupportedLoadingOperationException        : loaded 2 times (x 82B)
Class com.google.common.base.CharMatcher$And                                          : loaded 2 times (x 112B)
Class org.gradle.internal.classloader.ClasspathUtil$1                                 : loaded 2 times (x 76B)
Class com.google.common.base.Objects                                                  : loaded 2 times (x 71B)
Class org.objectweb.asm.FieldVisitor                                                  : loaded 2 times (x 77B)
Class com.google.common.collect.IndexedImmutableSet                                   : loaded 2 times (x 152B)
Class com.google.common.collect.ImmutableMap$1                                        : loaded 2 times (x 81B)
Class com.google.common.collect.BiMap                                                 : loaded 2 times (x 70B)
Class org.gradle.api.internal.classpath.DefaultModuleRegistry$DefaultModule           : loaded 2 times (x 86B)
Class com.google.common.reflect.Reflection                                            : loaded 2 times (x 71B)
Class com.google.common.primitives.Ints                                               : loaded 2 times (x 71B)
Class com.google.common.collect.AbstractIterator                                      : loaded 2 times (x 82B)
Class com.google.common.collect.ObjectArrays                                          : loaded 2 times (x 71B)
Class com.google.common.collect.Multiset                                              : loaded 2 times (x 70B)
Class com.google.common.collect.ArrayListMultimapGwtSerializationDependencies         : loaded 2 times (x 172B)
Class com.google.common.collect.RegularImmutableMap$KeySet                            : loaded 2 times (x 152B)
Class com.google.common.math.MathPreconditions                                        : loaded 2 times (x 71B)
Class org.apache.commons.io.output.NullOutputStream                                   : loaded 2 times (x 85B)
Class com.google.common.collect.ImmutableMapEntrySet                                  : loaded 2 times (x 152B)
Class org.gradle.api.internal.classpath.Module                                        : loaded 2 times (x 70B)
Class com.google.common.cache.Weigher                                                 : loaded 2 times (x 70B)
Class org.gradle.api.internal.classpath.UnknownModuleException                        : loaded 2 times (x 82B)
Class com.google.common.base.Stopwatch                                                : loaded 2 times (x 72B)
Class com.google.common.cache.LocalCache$Strength                                     : loaded 2 times (x 81B)
Class com.google.common.cache.Cache                                                   : loaded 2 times (x 70B)
Class org.apache.commons.io.filefilter.IOFileFilter                                   : loaded 2 times (x 70B)
Class com.google.common.io.Files$2                                                    : loaded 2 times (x 76B)
Class com.google.common.base.NullnessCasts                                            : loaded 2 times (x 71B)
Class com.google.common.util.concurrent.AbstractFuture$Cancellation                   : loaded 2 times (x 72B)
Class com.google.common.collect.ImmutableMap$Builder                                  : loaded 2 times (x 82B)
Class com.google.common.cache.RemovalListener                                         : loaded 2 times (x 70B)
Class org.gradle.api.internal.DefaultClassPathRegistry                                : loaded 2 times (x 76B)
Class org.apache.commons.io.file.DeleteOption                                         : loaded 2 times (x 70B)
Class com.google.common.reflect.Invokable$ConstructorInvokable                        : loaded 2 times (x 107B)
Class com.google.common.primitives.IntsMethodsForWeb                                  : loaded 2 times (x 71B)
Class com.google.common.collect.Multimap                                              : loaded 2 times (x 70B)
Class org.gradle.api.internal.ClassPathRegistry                                       : loaded 2 times (x 70B)
Class org.gradle.internal.classpath.DefaultClassPath$ImmutableUniqueList              : loaded 2 times (x 199B)
Class org.apache.commons.io.IOUtils                                                   : loaded 2 times (x 71B)
Class com.google.common.reflect.TypeToken                                             : loaded 2 times (x 73B)
Class com.google.common.base.ExtraObjectsMethodsForWeb                                : loaded 2 times (x 71B)
Class com.google.common.base.Equivalence$Identity                                     : loaded 2 times (x 82B)
Class com.google.common.io.ByteSink                                                   : loaded 2 times (x 76B)
Class com.google.common.cache.CacheBuilder                                            : loaded 2 times (x 72B)
Class com.google.common.collect.SingletonImmutableList                                : loaded 2 times (x 207B)
Class Settings_gradle$1                                                               : loaded 2 times (x 74B)
Class org.gradle.internal.classpath.ClassPath                                         : loaded 2 times (x 70B)
Class org.gradle.api.UncheckedIOException                                             : loaded 2 times (x 82B)
Class com.google.common.io.Files$FileByteSource                                       : loaded 2 times (x 85B)
Class [Lcom.google.common.reflect.Types$JavaVersion;                                  : loaded 2 times (x 69B)
Class com.google.common.base.JdkPattern                                               : loaded 2 times (x 75B)
Class com.google.common.collect.ImmutableList$ReverseImmutableList                    : loaded 2 times (x 209B)
Class org.objectweb.asm.SymbolTable$Entry                                             : loaded 2 times (x 74B)
Class com.google.common.util.concurrent.AbstractFuture$AtomicHelper                   : loaded 2 times (x 78B)
Class org.objectweb.asm.Edge                                                          : loaded 2 times (x 72B)
Class com.google.common.base.Suppliers$SupplierOfInstance                             : loaded 2 times (x 79B)
Class com.google.common.collect.Iterators$1                                           : loaded 2 times (x 81B)
Class com.google.common.reflect.TypeToken$1                                           : loaded 2 times (x 110B)
Class com.google.common.cache.LocalCache$ComputingValueReference                      : loaded 2 times (x 96B)
Class com.google.common.collect.SingletonImmutableSet                                 : loaded 2 times (x 146B)
Class com.google.common.collect.ImmutableMap$IteratorBasedImmutableMap                : loaded 2 times (x 126B)
Class com.google.common.reflect.TypeToken$2                                           : loaded 2 times (x 110B)
Class com.google.common.cache.LocalCache$Segment                                      : loaded 2 times (x 154B)
Class ijKotlinCoroutineJvmDebugInit1_dofq3drr9aihm4earzh7ldbbw                        : loaded 2 times (x 179B)
Class com.google.common.collect.SortedIterable                                        : loaded 2 times (x 70B)
Class com.google.common.collect.AbstractListMultimap                                  : loaded 2 times (x 172B)
Class [Lorg.objectweb.asm.SymbolTable$Entry;                                          : loaded 2 times (x 69B)
Class com.google.common.cache.CacheLoader                                             : loaded 2 times (x 74B)
Class com.google.common.collect.Iterators$4                                           : loaded 2 times (x 82B)
Class com.google.common.collect.ImmutableBiMap                                        : loaded 2 times (x 143B)
Class org.gradle.internal.installation.GradleInstallation$1                           : loaded 2 times (x 75B)
Class org.gradle.api.internal.classpath.ModuleRegistry                                : loaded 2 times (x 70B)
Class org.apache.commons.io.output.NullWriter                                         : loaded 2 times (x 99B)
Class com.google.common.util.concurrent.internal.InternalFutureFailureAccess          : loaded 2 times (x 72B)
Class com.google.common.collect.Iterators$5                                           : loaded 2 times (x 82B)
Class com.google.common.collect.ImmutableSet$JdkBackedSetBuilderImpl                  : loaded 2 times (x 76B)
Class com.google.common.util.concurrent.AbstractFuture$UnsafeAtomicHelper             : loaded 2 times (x 78B)
Class com.google.common.cache.LocalCache$LocalManualCache$1                           : loaded 2 times (x 75B)
Class com.google.common.base.CharMatcher$ForPredicate                                 : loaded 2 times (x 112B)
Class com.google.common.base.CharMatcher$AnyOf                                        : loaded 2 times (x 112B)
Class com.google.common.collect.ImmutableCollection                                   : loaded 2 times (x 125B)
Class org.gradle.api.internal.classpath.DefaultModuleRegistry                         : loaded 2 times (x 86B)
Class com.google.common.collect.Lists                                                 : loaded 2 times (x 71B)
Class com.google.common.util.concurrent.ListenableFuture                              : loaded 2 times (x 70B)
Class com.google.common.cache.ReferenceEntry                                          : loaded 2 times (x 70B)
Class com.google.common.base.Converter                                                : loaded 2 times (x 90B)
Class com.google.common.collect.ImmutableSet$CachingAsList                            : loaded 2 times (x 148B)
Class com.google.common.collect.AbstractMapBasedMultimap                              : loaded 2 times (x 139B)
Class com.google.common.util.concurrent.AbstractFuture                                : loaded 2 times (x 106B)
Class com.google.common.base.FunctionalEquivalence                                    : loaded 2 times (x 83B)
Class com.google.common.collect.Iterators$9                                           : loaded 2 times (x 81B)
Class com.google.common.collect.ImmutableAsList                                       : loaded 2 times (x 209B)
Class com.google.common.reflect.TypeResolver$TypeTable                                : loaded 2 times (x 73B)
Class org.objectweb.asm.RecordComponentVisitor                                        : loaded 2 times (x 77B)
Class com.google.common.cache.CacheLoader$SupplierToCacheLoader                       : loaded 2 times (x 75B)
Class com.google.common.reflect.TypeResolver$TypeTable$1                              : loaded 2 times (x 73B)
Class com.google.common.collect.Maps$EntryTransformer                                 : loaded 2 times (x 70B)
Class org.gradle.internal.service.ServiceLookupException                              : loaded 2 times (x 82B)
Class com.google.common.collect.ImmutableSortedSet                                    : loaded 2 times (x 300B)
Class [Lcom.google.common.cache.LocalCache$EntryFactory;                              : loaded 2 times (x 69B)
Class org.gradle.internal.classloader.ClassLoaderFactory                              : loaded 2 times (x 70B)
Class org.apache.commons.io.CloseableURLConnection                                    : loaded 2 times (x 116B)
Class com.google.common.base.CommonPattern                                            : loaded 2 times (x 74B)
Class com.google.common.cache.LocalCache$LocalManualCache                             : loaded 2 times (x 99B)
Class com.google.common.base.CharMatcher$IsNot                                        : loaded 2 times (x 111B)
Class org.gradle.internal.service.CachingServiceLocator                               : loaded 2 times (x 82B)
Class com.google.common.collect.RegularImmutableSortedSet                             : loaded 2 times (x 300B)
Class com.google.common.collect.AbstractMapBasedMultimap$KeySet                       : loaded 2 times (x 137B)
Class com.google.common.math.IntMath                                                  : loaded 2 times (x 71B)
Class com.google.common.reflect.Types$TypeVariableInvocationHandler                   : loaded 2 times (x 75B)
Class com.google.common.collect.ImmutableMapEntry                                     : loaded 2 times (x 85B)
Class com.google.common.base.Equivalence                                              : loaded 2 times (x 82B)
Class com.google.common.base.Function                                                 : loaded 2 times (x 70B)
Class com.google.common.collect.ImmutableMapEntry$NonTerminalImmutableMapEntry        : loaded 2 times (x 85B)
Class org.apache.commons.io.output.AbstractByteArrayOutputStream                      : loaded 2 times (x 102B)
Class com.google.common.cache.CacheBuilder$OneWeigher                                 : loaded 2 times (x 82B)
Class com.google.common.collect.RegularImmutableList                                  : loaded 2 times (x 213B)
Class com.google.common.reflect.Types$ClassOwnership$1LocalClass                      : loaded 2 times (x 71B)
Class org.gradle.internal.classloader.ClasspathUtil                                   : loaded 2 times (x 71B)
Class com.google.common.base.Charsets                                                 : loaded 2 times (x 71B)
Class com.google.common.util.concurrent.Uninterruptibles                              : loaded 2 times (x 71B)
Class com.google.common.collect.Maps                                                  : loaded 2 times (x 71B)
Class org.gradle.api.specs.Spec                                                       : loaded 2 times (x 70B)
Class org.apache.commons.io.file.PathFilter                                           : loaded 2 times (x 70B)
Class com.google.common.reflect.Types$JavaVersion                                     : loaded 2 times (x 83B)
Class [Lcom.google.common.collect.ImmutableEntry;                                     : loaded 2 times (x 69B)
Class com.google.common.cache.LocalCache$LoadingValueReference                        : loaded 2 times (x 96B)
Class com.google.common.collect.AbstractIndexedListIterator                           : loaded 2 times (x 96B)
Class com.google.common.reflect.Invokable$MethodInvokable                             : loaded 2 times (x 107B)
Class com.google.common.base.Platform                                                 : loaded 2 times (x 71B)
Class [Lorg.objectweb.asm.AnnotationWriter;                                           : loaded 2 times (x 69B)
Class com.google.common.collect.Maps$8                                                : loaded 2 times (x 82B)
Class com.google.common.collect.ImmutableRangeSet$Builder                             : loaded 2 times (x 77B)
Class com.google.common.collect.Sets$SetView                                          : loaded 2 times (x 138B)
Class com.google.common.cache.LocalCache$StrongValueReference                         : loaded 2 times (x 90B)
Class com.google.common.util.concurrent.AbstractFuture$SynchronizedHelper             : loaded 2 times (x 78B)
Class com.google.common.graph.SuccessorsFunction                                      : loaded 2 times (x 70B)
Class org.objectweb.asm.Type                                                          : loaded 2 times (x 72B)
Class org.gradle.internal.classloader.VisitableURLClassLoader$InstrumentingVisitableURLClassLoader: loaded 2 times (x 123B)
Class org.apache.commons.io.FileUtils                                                 : loaded 2 times (x 71B)
Class com.google.common.io.Files$FileByteSink                                         : loaded 2 times (x 77B)
Class org.objectweb.asm.ByteVector                                                    : loaded 2 times (x 79B)
Class [Lcom.google.common.cache.CacheBuilder$NullListener;                            : loaded 2 times (x 69B)
Class com.google.common.math.IntMath$1                                                : loaded 2 times (x 71B)
Class org.gradle.internal.classloader.VisitableURLClassLoader$Spec                    : loaded 2 times (x 74B)
Class org.gradle.internal.classpath.DefaultClassPath                                  : loaded 2 times (x 90B)
Class com.google.common.reflect.Types$ClassOwnership                                  : loaded 2 times (x 80B)
Class org.objectweb.asm.Symbol                                                        : loaded 2 times (x 73B)
Class com.google.common.io.Closer                                                     : loaded 2 times (x 78B)
Class com.google.common.base.CharMatcher$Ascii                                        : loaded 2 times (x 112B)
Class com.google.common.base.CharMatcher$BitSetMatcher                                : loaded 2 times (x 112B)
Class com.google.common.collect.RegularImmutableMap$Values                            : loaded 2 times (x 207B)
Class com.google.common.collect.ImmutableSet                                          : loaded 2 times (x 145B)
Class org.gradle.internal.classloader.ClassLoaderSpec                                 : loaded 2 times (x 71B)
Class org.objectweb.asm.AnnotationWriter                                              : loaded 2 times (x 79B)
Class com.google.common.cache.CacheStats                                              : loaded 2 times (x 71B)
Class com.google.common.io.LineProcessor                                              : loaded 2 times (x 70B)
Class com.google.common.io.Closer$Suppressor                                          : loaded 2 times (x 70B)
Class org.objectweb.asm.RecordComponentWriter                                         : loaded 2 times (x 78B)
Class com.google.common.util.concurrent.AbstractFuture$Listener                       : loaded 2 times (x 72B)
Class com.google.common.base.CharMatcher$Or                                           : loaded 2 times (x 112B)
Class Settings_gradle$1$1                                                             : loaded 2 times (x 74B)
Class org.objectweb.asm.Attribute                                                     : loaded 2 times (x 77B)
Class com.google.common.base.Supplier                                                 : loaded 2 times (x 70B)
Class ijKotlinCoroutineJvmDebugInit1_dofq3drr9aihm4earzh7ldbbw$_run_closure1          : loaded 2 times (x 139B)
Class org.gradle.internal.classloader.VisitableURLClassLoader                         : loaded 2 times (x 117B)
Class com.google.common.util.concurrent.AbstractFuture$Waiter                         : loaded 2 times (x 72B)
Class Settings_gradle                                                                 : loaded 2 times (x 128B)
Class org.gradle.internal.Cast                                                        : loaded 2 times (x 71B)
Class org.gradle.api.Action                                                           : loaded 2 times (x 70B)
Class com.google.common.base.Strings                                                  : loaded 2 times (x 71B)
Class com.google.common.collect.Sets                                                  : loaded 2 times (x 71B)
Class org.objectweb.asm.Handler                                                       : loaded 2 times (x 72B)
Class com.google.common.base.Ticker                                                   : loaded 2 times (x 72B)
Class com.google.common.base.CharMatcher$FastMatcher                                  : loaded 2 times (x 111B)
Class [Lcom.google.common.cache.LocalCache$Segment;                                   : loaded 2 times (x 69B)
Class [Lcom.google.common.cache.LocalCache$Strength;                                  : loaded 2 times (x 69B)
Class com.google.common.cache.CacheBuilder$1                                          : loaded 2 times (x 85B)
Class com.google.common.base.Predicate                                                : loaded 2 times (x 70B)
Class com.google.common.collect.ImmutableMap                                          : loaded 2 times (x 120B)
Class org.gradle.internal.classpath.DefaultClassPath$ImmutableUniqueList$Builder      : loaded 2 times (x 75B)
Class com.google.common.collect.AbstractRangeSet                                      : loaded 2 times (x 114B)
Class com.google.common.cache.LocalCache                                              : loaded 2 times (x 187B)
Class com.google.common.cache.CacheBuilder$2                                          : loaded 2 times (x 79B)
Class com.google.common.base.CharMatcher$NegatedFastMatcher                           : loaded 2 times (x 113B)
Class com.google.common.collect.ArrayListMultimap                                     : loaded 2 times (x 172B)
Class com.google.common.cache.CacheBuilder$3                                          : loaded 2 times (x 72B)
Class [Lcom.google.common.collect.AbstractMapEntry;                                   : loaded 2 times (x 69B)
Class com.google.common.collect.ImmutableEntry                                        : loaded 2 times (x 82B)
Class org.gradle.api.GradleException                                                  : loaded 2 times (x 82B)
Class org.apache.commons.io.StandardLineSeparator                                     : loaded 2 times (x 79B)
Class com.google.common.base.Suppliers$MemoizingSupplier                              : loaded 2 times (x 79B)
Class com.google.common.collect.CollectPreconditions                                  : loaded 2 times (x 71B)
Class com.google.common.collect.SortedMapDifference                                   : loaded 2 times (x 70B)
Class com.google.common.io.Files                                                      : loaded 2 times (x 71B)
Class com.google.common.cache.LocalCache$EntryFactory                                 : loaded 2 times (x 83B)
Class com.google.common.reflect.Types$NativeTypeVariableEquals                        : loaded 2 times (x 71B)
Class com.google.common.reflect.TypeParameter                                         : loaded 2 times (x 72B)
Class com.google.common.cache.LocalCache$AbstractReferenceEntry                       : loaded 2 times (x 107B)
Class ijJvmDebugger1_9x3erf11sbp6hr81ma3cxq5r2$_run_closure1$_closure2                : loaded 2 times (x 140B)
Class org.gradle.internal.IoActions                                                   : loaded 2 times (x 71B)
Class com.google.common.collect.ImmutableRangeSet$ComplementRanges                    : loaded 2 times (x 207B)
Class org.objectweb.asm.SymbolTable                                                   : loaded 2 times (x 72B)
Class com.google.common.cache.CacheLoader$InvalidCacheLoadException                   : loaded 2 times (x 82B)
Class com.google.common.collect.ImmutableSet$RegularSetBuilderImpl                    : loaded 2 times (x 77B)
Class ijJvmDebugger1_9x3erf11sbp6hr81ma3cxq5r2                                        : loaded 2 times (x 179B)
Class org.gradle.internal.classloader.SystemClassLoaderSpec                           : loaded 2 times (x 71B)
Class com.google.common.cache.LocalCache$StrongEntry                                  : loaded 2 times (x 108B)
Class com.google.common.util.concurrent.AbstractFuture$TrustedFuture                  : loaded 2 times (x 114B)
Class com.google.common.cache.LoadingCache                                            : loaded 2 times (x 70B)
Class com.google.common.io.ByteStreams$LimitedInputStream                             : loaded 2 times (x 92B)
Class com.google.common.base.Suppliers$NonSerializableMemoizingSupplier               : loaded 2 times (x 79B)
Class org.objectweb.asm.MethodWriter                                                  : loaded 2 times (x 106B)
Class [Lcom.google.common.cache.Weigher;                                              : loaded 2 times (x 69B)
Class com.google.common.collect.RegularImmutableMap$BucketOverflowException           : loaded 2 times (x 82B)
Class com.google.common.reflect.Types$JavaVersion$1                                   : loaded 2 times (x 83B)
Class com.google.common.collect.RegularImmutableBiMap                                 : loaded 2 times (x 149B)
Class com.google.common.cache.LocalCache$ValueReference                               : loaded 2 times (x 70B)
Class com.google.common.base.CharMatcher$Negated                                      : loaded 2 times (x 113B)
Class com.google.common.base.CharMatcher$Is                                           : loaded 2 times (x 111B)
Class com.google.common.reflect.Types$JavaVersion$2                                   : loaded 2 times (x 83B)
Class com.google.common.reflect.Types                                                 : loaded 2 times (x 71B)
Class com.google.common.base.PatternCompiler                                          : loaded 2 times (x 70B)
Class com.google.common.util.concurrent.AbstractFuture$Failure                        : loaded 2 times (x 72B)
Class com.google.common.base.Equivalence$Equals                                       : loaded 2 times (x 82B)
Class com.google.common.collect.Hashing                                               : loaded 2 times (x 71B)
Class com.google.common.base.Preconditions                                            : loaded 2 times (x 71B)
Class ijJvmDebugger1_9x3erf11sbp6hr81ma3cxq5r2$_run_closure1                          : loaded 2 times (x 139B)
Class [Lorg.apache.commons.io.file.DeleteOption;                                      : loaded 2 times (x 69B)
Class com.google.common.reflect.Types$JavaVersion$3                                   : loaded 2 times (x 83B)
Class com.google.common.base.Joiner$1                                                 : loaded 2 times (x 80B)
Class org.objectweb.asm.Label                                                         : loaded 2 times (x 73B)
Class org.objectweb.asm.CurrentFrame                                                  : loaded 2 times (x 73B)
Class org.objectweb.asm.ClassTooLargeException                                        : loaded 2 times (x 83B)
Class com.google.common.base.CharMatcher                                              : loaded 2 times (x 111B)
Class com.google.common.collect.PeekingIterator                                       : loaded 2 times (x 70B)
Class com.google.common.collect.RangeGwtSerializationDependencies                     : loaded 2 times (x 71B)
Class com.google.common.reflect.Types$JavaVersion$4                                   : loaded 2 times (x 83B)
Class com.google.common.base.Joiner$2                                                 : loaded 2 times (x 79B)
Class org.objectweb.asm.Frame                                                         : loaded 2 times (x 73B)
Class org.objectweb.asm.MethodVisitor                                                 : loaded 2 times (x 105B)
Class com.google.common.cache.LocalCache$EntryFactory$1                               : loaded 2 times (x 83B)
Class [Lcom.google.common.cache.RemovalListener;                                      : loaded 2 times (x 69B)
Class com.google.common.base.CharMatcher$NamedFastMatcher                             : loaded 2 times (x 112B)
Class com.google.common.base.CharMatcher$1                                            : loaded 2 times (x 113B)
Class com.google.common.collect.RangeSet                                              : loaded 2 times (x 70B)
Class com.google.common.reflect.Types$JavaVersion$5                                   : loaded 2 times (x 71B)
Class [Lcom.google.common.reflect.Types$ClassOwnership;                               : loaded 2 times (x 69B)
Class com.google.common.cache.LocalCache$EntryFactory$2                               : loaded 2 times (x 83B)
Class ijKotlinCoroutineJvmDebugInit1_dofq3drr9aihm4earzh7ldbbw$_run_closure1$_closure2: loaded 2 times (x 139B)
Class org.gradle.api.internal.classpath.GlobalCacheRootsProvider                      : loaded 2 times (x 70B)
Class com.google.common.collect.CollectCollectors                                     : loaded 2 times (x 71B)
Class org.objectweb.asm.ModuleWriter                                                  : loaded 2 times (x 82B)
Class com.google.common.cache.LocalCache$EntryFactory$3                               : loaded 2 times (x 83B)
Class com.google.common.base.Ticker$1                                                 : loaded 2 times (x 72B)
Class com.google.common.collect.Maps$BiMapConverter                                   : loaded 2 times (x 90B)
Class com.google.common.collect.ImmutableMapEntrySet$RegularEntrySet                  : loaded 2 times (x 152B)
Class com.google.common.cache.LocalCache$EntryFactory$4                               : loaded 2 times (x 83B)
Class com.google.common.base.CharMatcher$InRange                                      : loaded 2 times (x 111B)
Class com.google.common.collect.ImmutableSet$Builder                                  : loaded 2 times (x 85B)
Class com.google.common.io.ByteStreams$1                                              : loaded 2 times (x 85B)
Class com.google.common.cache.LocalCache$EntryFactory$5                               : loaded 2 times (x 83B)
Class com.google.common.base.PairwiseEquivalence                                      : loaded 2 times (x 83B)
Class org.apache.commons.io.output.AppendableWriter                                   : loaded 2 times (x 100B)
Class com.google.common.cache.LocalCache$EntryFactory$6                               : loaded 2 times (x 83B)
Class org.gradle.internal.installation.CurrentGradleInstallationLocator               : loaded 2 times (x 71B)
Class org.apache.commons.io.output.ThresholdingOutputStream                           : loaded 2 times (x 95B)
Class com.google.common.collect.Maps$KeySet                                           : loaded 2 times (x 137B)
Class com.google.common.cache.LocalCache$EntryFactory$7                               : loaded 2 times (x 83B)
Class com.google.common.collect.ImmutableSet$EmptySetBuilderImpl                      : loaded 2 times (x 76B)
Class com.google.common.collect.ImmutableList                                         : loaded 2 times (x 206B)
Class org.gradle.internal.service.DefaultServiceLocator                               : loaded 2 times (x 83B)
Class com.google.common.cache.LocalCache$EntryFactory$8                               : loaded 2 times (x 83B)
Class com.google.common.collect.ImmutableSet$SetBuilderImpl                           : loaded 2 times (x 76B)
Class org.gradle.internal.installation.CurrentGradleInstallation                      : loaded 2 times (x 73B)
Class com.google.common.cache.CacheLoader$1                                           : loaded 2 times (x 75B)
Class com.google.common.collect.ForwardingObject                                      : loaded 2 times (x 72B)
Class com.google.common.collect.ImmutableList$SubList                                 : loaded 2 times (x 209B)
Class org.gradle.util.internal.GUtil                                                  : loaded 2 times (x 71B)
Class com.google.common.io.ByteSource                                                 : loaded 2 times (x 84B)
Class com.google.common.util.concurrent.AbstractFuture$SetFuture                      : loaded 2 times (x 75B)
Class com.google.common.cache.AbstractCache$StatsCounter                              : loaded 2 times (x 70B)
Class com.google.common.reflect.Types$TypeVariableImpl                                : loaded 2 times (x 72B)
Class com.google.common.collect.Iterators$MergingIterator                             : loaded 2 times (x 81B)
Class com.google.common.collect.RegularImmutableSet                                   : loaded 2 times (x 149B)
Class org.gradle.internal.installation.GradleInstallation                             : loaded 2 times (x 75B)
Class com.google.common.collect.Iterables                                             : loaded 2 times (x 71B)

---------------  S Y S T E M  ---------------

OS:
 Windows 11 , 64 bit Build 26100 (10.0.26100.7920)
OS uptime: 0 days 1:34 hours

CPU: total 12 (initial active 12) (6 cores per cpu, 2 threads per core) family 6 model 186 stepping 3 microcode 0x410e, cx8, cmov, fxsr, ht, mmx, 3dnowpref, sse, sse2, sse3, ssse3, sse4.1, sse4.2, popcnt, lzcnt, tsc, tscinvbit, avx, avx2, aes, erms, clmul, bmi1, bmi2, adx, sha, fma, vzeroupper, clflush, clflushopt, clwb, serialize, rdtscp, rdpid, fsrm, f16c, pku, cet_ibt, cet_ss
Processor Information for processor 0
  Max Mhz: 1300, Current Mhz: 1300, Mhz Limit: 1300
Processor Information for processor 1
  Max Mhz: 1300, Current Mhz: 1300, Mhz Limit: 1300
Processor Information for processor 2
  Max Mhz: 1300, Current Mhz: 1300, Mhz Limit: 1300
Processor Information for processor 3
  Max Mhz: 1300, Current Mhz: 1300, Mhz Limit: 1300
Processor Information for processor 4
  Max Mhz: 1300, Current Mhz: 900, Mhz Limit: 897
Processor Information for processor 5
  Max Mhz: 1300, Current Mhz: 900, Mhz Limit: 897
Processor Information for processor 6
  Max Mhz: 1300, Current Mhz: 900, Mhz Limit: 897
Processor Information for processor 7
  Max Mhz: 1300, Current Mhz: 900, Mhz Limit: 897
Processor Information for processor 8
  Max Mhz: 1300, Current Mhz: 900, Mhz Limit: 897
Processor Information for processor 9
  Max Mhz: 1300, Current Mhz: 900, Mhz Limit: 897
Processor Information for processor 10
  Max Mhz: 1300, Current Mhz: 900, Mhz Limit: 897
Processor Information for processor 11
  Max Mhz: 1300, Current Mhz: 900, Mhz Limit: 897

Memory: 4k page, system-wide physical 11913M (1102M free)
TotalPageFile size 16009M (AvailPageFile size 132M)
current process WorkingSet (physical memory assigned to process): 918M, peak: 918M
current process commit charge ("private bytes"): 981M, peak: 1540M

vm_info: OpenJDK 64-Bit Server VM (21.0.9+-14787801-b1163.94) for windows-amd64 JRE (21.0.9+-14787801-b1163.94), built on 2026-01-27T21:15:44Z by "builder" with MS VC++ 16.10 / 16.11 (VS2019)

END.
