#
# There is insufficient memory for the Java Runtime Environment to continue.
# Native memory allocation (mmap) failed to map 165675008 bytes. Error detail: G1 virtual space
# Possible reasons:
#   The system is out of physical RAM or swap space
#   This process is running with CompressedOops enabled, and the Java Heap may be blocking the growth of the native heap
# Possible solutions:
#   Reduce memory load on the system
#   Increase physical memory or swap space
#   Check if swap backing store is full
#   Decrease Java heap size (-Xmx/-Xms)
#   Decrease number of Java threads
#   Decrease Java thread stack sizes (-Xss)
#   Set larger code cache with -XX:ReservedCodeCacheSize=
#   JVM is running with Unscaled Compressed Oops mode in which the Java heap is
#     placed in the first 4GB address space. The Java Heap base address is the
#     maximum limit for the native heap growth. Please use -XX:HeapBaseMinAddress
#     to set the Java Heap base and to place the Java Heap above 4GB virtual address.
# This output file may be truncated or incomplete.
#
#  Out of Memory Error (os_windows.cpp:3925), pid=33312, tid=33672
#
# JRE version: OpenJDK Runtime Environment (21.0.9) (build 21.0.9+-14787801-b1163.94)
# Java VM: OpenJDK 64-Bit Server VM (21.0.9+-14787801-b1163.94, mixed mode, tiered, compressed oops, compressed class ptrs, g1 gc, windows-amd64)
# No core dump will be written. Minidumps are not enabled by default on client versions of Windows
#

---------------  S U M M A R Y ------------

Command Line: --add-opens=java.base/java.lang=ALL-UNNAMED --add-opens=java.base/java.lang.invoke=ALL-UNNAMED --add-opens=java.base/java.util=ALL-UNNAMED --add-opens=java.prefs/java.util.prefs=ALL-UNNAMED --add-exports=jdk.compiler/com.sun.tools.javac.api=ALL-UNNAMED --add-exports=jdk.compiler/com.sun.tools.javac.util=ALL-UNNAMED --add-opens=java.base/java.util=ALL-UNNAMED --add-opens=java.prefs/java.util.prefs=ALL-UNNAMED --add-opens=java.base/java.nio.charset=ALL-UNNAMED --add-opens=java.base/java.net=ALL-UNNAMED --add-opens=java.base/java.util.concurrent.atomic=ALL-UNNAMED --add-opens=java.xml/javax.xml.namespace=ALL-UNNAMED -Xmx2048m -Dfile.encoding=UTF-8 -Duser.country=RU -Duser.language=ru -Duser.variant -javaagent:C:\Users\User\.gradle\wrapper\dists\gradle-8.13-bin\5xuhj0ry160q40clulazy9h7d\gradle-8.13\lib\agents\gradle-instrumentation-agent-8.13.jar org.gradle.launcher.daemon.bootstrap.GradleDaemon 8.13

Host: 13th Gen Intel(R) Core(TM) i5-1335U, 12 cores, 11G,  Windows 11 , 64 bit Build 26100 (10.0.26100.7705)
Time: Wed Mar 11 11:28:07 2026 elapsed time: 16.788003 seconds (0d 0h 0m 16s)

---------------  T H R E A D  ---------------

Current thread (0x0000017ca6a29ba0):  VMThread "VM Thread"          [id=33672, stack(0x0000004e79600000,0x0000004e79700000) (1024K)]

Stack: [0x0000004e79600000,0x0000004e79700000]
Native frames: (J=compiled Java code, j=interpreted, Vv=VM code, C=native code)
V  [jvm.dll+0x6d6c99]
V  [jvm.dll+0x866b83]
V  [jvm.dll+0x8691ae]
V  [jvm.dll+0x869893]
V  [jvm.dll+0x280776]
V  [jvm.dll+0x6d3555]
V  [jvm.dll+0x6c6bea]
V  [jvm.dll+0x3587fb]
V  [jvm.dll+0x360476]
V  [jvm.dll+0x3b2646]
V  [jvm.dll+0x3b2918]
V  [jvm.dll+0x32af0c]
V  [jvm.dll+0x32af97]
V  [jvm.dll+0x370e7c]
V  [jvm.dll+0x36f62e]
V  [jvm.dll+0x32a661]
V  [jvm.dll+0x36f05b]
V  [jvm.dll+0x86f618]
V  [jvm.dll+0x870994]
V  [jvm.dll+0x870ed0]
V  [jvm.dll+0x871163]
V  [jvm.dll+0x80f118]
V  [jvm.dll+0x6d54ed]
C  [ucrtbase.dll+0x37b0]
C  [KERNEL32.DLL+0x2e8d7]
C  [ntdll.dll+0x8c40c]

VM_Operation (0x0000004e7cdf9f90): G1TryInitiateConcMark, mode: safepoint, requested by thread 0x0000017caf5387f0


---------------  P R O C E S S  ---------------

Threads class SMR info:
_java_thread_list=0x0000017cb0388270, length=177, elements={
0x0000017c8ee3cdc0, 0x0000017ca6a6abe0, 0x0000017ca6a99580, 0x0000017ca6a99fe0,
0x0000017ca6a9ae10, 0x0000017ca6a9b480, 0x0000017ca6a9c790, 0x0000017ca6a80480,
0x0000017ca6a81210, 0x0000017ca6a81cb0, 0x0000017ca6d6e0a0, 0x0000017cabd9a110,
0x0000017cacf26410, 0x0000017cad330e80, 0x0000017cad6eeed0, 0x0000017cad344660,
0x0000017cad6ee800, 0x0000017cac435020, 0x0000017cac435690, 0x0000017cad5217a0,
0x0000017cad521e30, 0x0000017cad5224c0, 0x0000017cad522b50, 0x0000017cad51f6d0,
0x0000017cad51fd60, 0x0000017cad520a80, 0x0000017cad521110, 0x0000017cb01cfef0,
0x0000017cb01d3370, 0x0000017cb01d12a0, 0x0000017cb01d3a00, 0x0000017cb01d4090,
0x0000017cb01d0c10, 0x0000017cb01d4720, 0x0000017cb01d4db0, 0x0000017cb01d2650,
0x0000017cb01d5440, 0x0000017cb01d2ce0, 0x0000017cb01d5ad0, 0x0000017cb01d6160,
0x0000017cb01d67f0, 0x0000017cb01d6e80, 0x0000017cb01d7510, 0x0000017caf5387f0,
0x0000017caf53a8c0, 0x0000017caf53b5e0, 0x0000017caf539ba0, 0x0000017caf53af50,
0x0000017caf539510, 0x0000017caf538160, 0x0000017caf53bc70, 0x0000017caf538e80,
0x0000017caf53c300, 0x0000017caf53c990, 0x0000017caf53d020, 0x0000017caf53d6b0,
0x0000017caf53f780, 0x0000017caf53dd40, 0x0000017caf53f0f0, 0x0000017caf53e3d0,
0x0000017caf53ea60, 0x0000017cb1938aa0, 0x0000017cb1937d80, 0x0000017cb193a4e0,
0x0000017cb1938410, 0x0000017cb1939130, 0x0000017cb19397c0, 0x0000017cb1939e50,
0x0000017cb1937060, 0x0000017cb193ab70, 0x0000017cb19376f0, 0x0000017cb193c5b0,
0x0000017cb193d2d0, 0x0000017cb193d960, 0x0000017cb193dff0, 0x0000017caf670cc0,
0x0000017caf6719e0, 0x0000017caf671350, 0x0000017caf66f280, 0x0000017caf672070,
0x0000017caf66ebf0, 0x0000017caf672700, 0x0000017caf672d90, 0x0000017caf66f910,
0x0000017caf673420, 0x0000017caf66ffa0, 0x0000017caf673ab0, 0x0000017caf670630,
0x0000017caf676210, 0x0000017caf674140, 0x0000017caf6747d0, 0x0000017caf6754f0,
0x0000017caf674e60, 0x0000017cacaf1600, 0x0000017cacaf0250, 0x0000017cacaefbc0,
0x0000017cacaef530, 0x0000017cacaf08e0, 0x0000017cacaf0f70, 0x0000017cacaf1c90,
0x0000017cacaeeea0, 0x0000017cacaf3040, 0x0000017cacaf36d0, 0x0000017cacaf4a80,
0x0000017cacaf29b0, 0x0000017cacaf3d60, 0x0000017cb23be0c0, 0x0000017cb1901c90,
0x0000017cb19029b0, 0x0000017cb1902320, 0x0000017cb1908c20, 0x0000017cb1907870,
0x0000017cb1907f00, 0x0000017cb1908590, 0x0000017cb1906b50, 0x0000017cb19057a0,
0x0000017cb19092b0, 0x0000017cb19071e0, 0x0000017cb1905e30, 0x0000017cb19064c0,
0x0000017caf720d10, 0x0000017caf725bd0, 0x0000017caf726260, 0x0000017caf725540,
0x0000017caf7268f0, 0x0000017caf726f80, 0x0000017caf727610, 0x0000017caf724820,
0x0000017caf724eb0, 0x0000017cb1903040, 0x0000017cb1904a80, 0x0000017cb1905110,
0x0000017cb19043f0, 0x0000017cb1903d60, 0x0000017cacaf64c0, 0x0000017cac4705a0,
0x0000017cac470c30, 0x0000017cac4712c0, 0x0000017cac471950, 0x0000017cac46f1f0,
0x0000017cac471fe0, 0x0000017cac46f880, 0x0000017cac472670, 0x0000017cac472d00,
0x0000017cac473390, 0x0000017cac46ff10, 0x0000017cac474740, 0x0000017cac4740b0,
0x0000017cac474dd0, 0x0000017cac475460, 0x0000017cac473a20, 0x0000017cac475af0,
0x0000017cac476180, 0x0000017cb0bb4e50, 0x0000017cb0bb6200, 0x0000017cb0bb3410,
0x0000017cb0bb6890, 0x0000017cb0bb6f20, 0x0000017cb0bb3aa0, 0x0000017cb0bb75b0,
0x0000017cb0bb4130, 0x0000017cb0bb7c40, 0x0000017cb0bbb0c0, 0x0000017cb0bb9680,
0x0000017cb0bb9d10, 0x0000017cb0bb8960, 0x0000017cb0bb8ff0, 0x0000017cb0bba3a0,
0x0000017cb0bbb750, 0x0000017cb0bb82d0, 0x0000017cb0bbbde0, 0x0000017cb0bbc470,
0x0000017cb0bbcb00, 0x0000017cb0bbd190, 0x0000017cb0bbd820, 0x0000017cb0bb47c0,
0x0000017cb0bb54e0
}

Java Threads: ( => current thread )
  0x0000017c8ee3cdc0 JavaThread "main"                              [_thread_blocked, id=33336, stack(0x0000004e78f00000,0x0000004e79000000) (1024K)]
  0x0000017ca6a6abe0 JavaThread "Common-Cleaner"             daemon [_thread_blocked, id=36308, stack(0x0000004e79700000,0x0000004e79800000) (1024K)]
  0x0000017ca6a99580 JavaThread "Reference Handler"          daemon [_thread_blocked, id=34260, stack(0x0000004e79800000,0x0000004e79900000) (1024K)]
  0x0000017ca6a99fe0 JavaThread "Finalizer"                  daemon [_thread_blocked, id=17824, stack(0x0000004e79900000,0x0000004e79a00000) (1024K)]
  0x0000017ca6a9ae10 JavaThread "Signal Dispatcher"          daemon [_thread_blocked, id=41932, stack(0x0000004e79a00000,0x0000004e79b00000) (1024K)]
  0x0000017ca6a9b480 JavaThread "Attach Listener"            daemon [_thread_blocked, id=29104, stack(0x0000004e79b00000,0x0000004e79c00000) (1024K)]
  0x0000017ca6a9c790 JavaThread "Service Thread"             daemon [_thread_blocked, id=5700, stack(0x0000004e79c00000,0x0000004e79d00000) (1024K)]
  0x0000017ca6a80480 JavaThread "Monitor Deflation Thread"   daemon [_thread_blocked, id=20552, stack(0x0000004e79d00000,0x0000004e79e00000) (1024K)]
  0x0000017ca6a81210 JavaThread "C2 CompilerThread0"         daemon [_thread_blocked, id=28132, stack(0x0000004e79e00000,0x0000004e79f00000) (1024K)]
  0x0000017ca6a81cb0 JavaThread "C1 CompilerThread0"         daemon [_thread_blocked, id=24956, stack(0x0000004e79f00000,0x0000004e7a000000) (1024K)]
  0x0000017ca6d6e0a0 JavaThread "Notification Thread"        daemon [_thread_blocked, id=41120, stack(0x0000004e7a000000,0x0000004e7a100000) (1024K)]
  0x0000017cabd9a110 JavaThread "C2 CompilerThread1"         daemon [_thread_blocked, id=17676, stack(0x0000004e7a100000,0x0000004e7a200000) (1024K)]
  0x0000017cacf26410 JavaThread "Daemon health stats"               [_thread_blocked, id=21628, stack(0x0000004e7a700000,0x0000004e7a800000) (1024K)]
  0x0000017cad330e80 JavaThread "Incoming local TCP Connector on port 51507"        [_thread_in_native, id=16292, stack(0x0000004e7a800000,0x0000004e7a900000) (1024K)]
  0x0000017cad6eeed0 JavaThread "Daemon periodic checks"            [_thread_blocked, id=37836, stack(0x0000004e7a900000,0x0000004e7aa00000) (1024K)]
  0x0000017cad344660 JavaThread "Daemon"                            [_thread_blocked, id=9540, stack(0x0000004e7aa00000,0x0000004e7ab00000) (1024K)]
  0x0000017cad6ee800 JavaThread "Handler for socket connection from /127.0.0.1:51507 to /127.0.0.1:51508"        [_thread_in_native, id=37488, stack(0x0000004e7ab00000,0x0000004e7ac00000) (1024K)]
  0x0000017cac435020 JavaThread "Cancel handler"                    [_thread_blocked, id=32392, stack(0x0000004e7ac00000,0x0000004e7ad00000) (1024K)]
  0x0000017cac435690 JavaThread "Daemon worker"                     [_thread_blocked, id=15580, stack(0x0000004e7ad00000,0x0000004e7ae00000) (1024K)]
  0x0000017cad5217a0 JavaThread "Asynchronous log dispatcher for DefaultDaemonConnection: socket connection from /127.0.0.1:51507 to /127.0.0.1:51508"        [_thread_blocked, id=23772, stack(0x0000004e7ae00000,0x0000004e7af00000) (1024K)]
  0x0000017cad521e30 JavaThread "Stdin handler"                     [_thread_blocked, id=29220, stack(0x0000004e7af00000,0x0000004e7b000000) (1024K)]
  0x0000017cad5224c0 JavaThread "Daemon client event forwarder"        [_thread_blocked, id=41644, stack(0x0000004e7b000000,0x0000004e7b100000) (1024K)]
  0x0000017cad522b50 JavaThread "Cache worker for journal cache (C:\Users\User\.gradle\caches\journal-1)"        [_thread_blocked, id=17124, stack(0x0000004e7b700000,0x0000004e7b800000) (1024K)]
  0x0000017cad51f6d0 JavaThread "File lock request listener"        [_thread_in_native, id=36872, stack(0x0000004e7b800000,0x0000004e7b900000) (1024K)]
  0x0000017cad51fd60 JavaThread "Cache worker for file hash cache (C:\Users\User\.gradle\caches\8.13\fileHashes)"        [_thread_blocked, id=40892, stack(0x0000004e7b900000,0x0000004e7ba00000) (1024K)]
  0x0000017cad520a80 JavaThread "Cache worker for file hash cache (C:\Users\User\First\.gradle\8.13\fileHashes)"        [_thread_blocked, id=41792, stack(0x0000004e7ba00000,0x0000004e7bb00000) (1024K)]
  0x0000017cad521110 JavaThread "Cache worker for Build Output Cleanup Cache (C:\Users\User\First\.gradle\buildOutputCleanup)"        [_thread_blocked, id=37196, stack(0x0000004e7bb00000,0x0000004e7bc00000) (1024K)]
  0x0000017cb01cfef0 JavaThread "File watcher server"        daemon [_thread_blocked, id=38576, stack(0x0000004e7bc00000,0x0000004e7bd00000) (1024K)]
  0x0000017cb01d3370 JavaThread "File watcher consumer"      daemon [_thread_blocked, id=16932, stack(0x0000004e7bd00000,0x0000004e7be00000) (1024K)]
  0x0000017cb01d12a0 JavaThread "jar transforms"                    [_thread_blocked, id=39180, stack(0x0000004e7be00000,0x0000004e7bf00000) (1024K)]
  0x0000017cb01d3a00 JavaThread "jar transforms Thread 2"           [_thread_blocked, id=38472, stack(0x0000004e7bf00000,0x0000004e7c000000) (1024K)]
  0x0000017cb01d4090 JavaThread "Cache worker for checksums cache (C:\Users\User\First\.gradle\8.13\checksums)"        [_thread_blocked, id=37992, stack(0x0000004e7c100000,0x0000004e7c200000) (1024K)]
  0x0000017cb01d0c10 JavaThread "Cache worker for file content cache (C:\Users\User\.gradle\caches\8.13\fileContent)"        [_thread_blocked, id=37428, stack(0x0000004e7c200000,0x0000004e7c300000) (1024K)]
  0x0000017cb01d4720 JavaThread "jar transforms Thread 3"           [_thread_blocked, id=19172, stack(0x0000004e7c300000,0x0000004e7c400000) (1024K)]
  0x0000017cb01d4db0 JavaThread "Cache worker for cache directory md-supplier (C:\Users\User\.gradle\caches\8.13\md-supplier)"        [_thread_blocked, id=22688, stack(0x0000004e7c400000,0x0000004e7c500000) (1024K)]
  0x0000017cb01d2650 JavaThread "Cache worker for cache directory md-rule (C:\Users\User\.gradle\caches\8.13\md-rule)"        [_thread_blocked, id=40820, stack(0x0000004e7c500000,0x0000004e7c600000) (1024K)]
  0x0000017cb01d5440 JavaThread "Unconstrained build operations"        [_thread_blocked, id=35420, stack(0x0000004e7c600000,0x0000004e7c700000) (1024K)]
  0x0000017cb01d2ce0 JavaThread "Unconstrained build operations Thread 2"        [_thread_blocked, id=36236, stack(0x0000004e7c700000,0x0000004e7c800000) (1024K)]
  0x0000017cb01d5ad0 JavaThread "Unconstrained build operations Thread 3"        [_thread_blocked, id=27476, stack(0x0000004e7c800000,0x0000004e7c900000) (1024K)]
  0x0000017cb01d6160 JavaThread "Unconstrained build operations Thread 4"        [_thread_blocked, id=37584, stack(0x0000004e7c900000,0x0000004e7ca00000) (1024K)]
  0x0000017cb01d67f0 JavaThread "Unconstrained build operations Thread 5"        [_thread_blocked, id=11628, stack(0x0000004e7ca00000,0x0000004e7cb00000) (1024K)]
  0x0000017cb01d6e80 JavaThread "Unconstrained build operations Thread 6"        [_thread_blocked, id=30584, stack(0x0000004e7cb00000,0x0000004e7cc00000) (1024K)]
  0x0000017cb01d7510 JavaThread "Unconstrained build operations Thread 7"        [_thread_blocked, id=8116, stack(0x0000004e7cc00000,0x0000004e7cd00000) (1024K)]
  0x0000017caf5387f0 JavaThread "Unconstrained build operations Thread 8"        [_thread_blocked, id=3192, stack(0x0000004e7cd00000,0x0000004e7ce00000) (1024K)]
  0x0000017caf53a8c0 JavaThread "Unconstrained build operations Thread 9"        [_thread_blocked, id=41764, stack(0x0000004e7ce00000,0x0000004e7cf00000) (1024K)]
  0x0000017caf53b5e0 JavaThread "Unconstrained build operations Thread 10"        [_thread_blocked, id=6336, stack(0x0000004e7cf00000,0x0000004e7d000000) (1024K)]
  0x0000017caf539ba0 JavaThread "Unconstrained build operations Thread 11"        [_thread_blocked, id=26672, stack(0x0000004e7d000000,0x0000004e7d100000) (1024K)]
  0x0000017caf53af50 JavaThread "Unconstrained build operations Thread 12"        [_thread_blocked, id=40220, stack(0x0000004e7d100000,0x0000004e7d200000) (1024K)]
  0x0000017caf539510 JavaThread "Unconstrained build operations Thread 13"        [_thread_blocked, id=41740, stack(0x0000004e7d200000,0x0000004e7d300000) (1024K)]
  0x0000017caf538160 JavaThread "Unconstrained build operations Thread 14"        [_thread_blocked, id=33188, stack(0x0000004e7d300000,0x0000004e7d400000) (1024K)]
  0x0000017caf53bc70 JavaThread "Unconstrained build operations Thread 15"        [_thread_blocked, id=12960, stack(0x0000004e7d400000,0x0000004e7d500000) (1024K)]
  0x0000017caf538e80 JavaThread "Unconstrained build operations Thread 16"        [_thread_blocked, id=39156, stack(0x0000004e7d500000,0x0000004e7d600000) (1024K)]
  0x0000017caf53c300 JavaThread "Unconstrained build operations Thread 17"        [_thread_blocked, id=10088, stack(0x0000004e7d600000,0x0000004e7d700000) (1024K)]
  0x0000017caf53c990 JavaThread "Unconstrained build operations Thread 18"        [_thread_blocked, id=996, stack(0x0000004e7d700000,0x0000004e7d800000) (1024K)]
  0x0000017caf53d020 JavaThread "Unconstrained build operations Thread 19"        [_thread_blocked, id=22200, stack(0x0000004e7d800000,0x0000004e7d900000) (1024K)]
  0x0000017caf53d6b0 JavaThread "Unconstrained build operations Thread 20"        [_thread_blocked, id=36164, stack(0x0000004e7d900000,0x0000004e7da00000) (1024K)]
  0x0000017caf53f780 JavaThread "jar transforms Thread 4"           [_thread_blocked, id=22936, stack(0x0000004e7da00000,0x0000004e7db00000) (1024K)]
  0x0000017caf53dd40 JavaThread "jar transforms Thread 5"           [_thread_blocked, id=29336, stack(0x0000004e7db00000,0x0000004e7dc00000) (1024K)]
  0x0000017caf53f0f0 JavaThread "Unconstrained build operations Thread 21"        [_thread_blocked, id=31040, stack(0x0000004e7dc00000,0x0000004e7dd00000) (1024K)]
  0x0000017caf53e3d0 JavaThread "Unconstrained build operations Thread 22"        [_thread_blocked, id=9464, stack(0x0000004e7dd00000,0x0000004e7de00000) (1024K)]
  0x0000017caf53ea60 JavaThread "Unconstrained build operations Thread 23"        [_thread_blocked, id=19604, stack(0x0000004e7de00000,0x0000004e7df00000) (1024K)]
  0x0000017cb1938aa0 JavaThread "Unconstrained build operations Thread 24"        [_thread_blocked, id=40228, stack(0x0000004e7df00000,0x0000004e7e000000) (1024K)]
  0x0000017cb1937d80 JavaThread "Unconstrained build operations Thread 25"        [_thread_blocked, id=12744, stack(0x0000004e7e000000,0x0000004e7e100000) (1024K)]
  0x0000017cb193a4e0 JavaThread "Unconstrained build operations Thread 26"        [_thread_blocked, id=40028, stack(0x0000004e7e100000,0x0000004e7e200000) (1024K)]
  0x0000017cb1938410 JavaThread "Unconstrained build operations Thread 27"        [_thread_blocked, id=41184, stack(0x0000004e7e200000,0x0000004e7e300000) (1024K)]
  0x0000017cb1939130 JavaThread "Unconstrained build operations Thread 28"        [_thread_blocked, id=22192, stack(0x0000004e7e300000,0x0000004e7e400000) (1024K)]
  0x0000017cb19397c0 JavaThread "Unconstrained build operations Thread 29"        [_thread_blocked, id=14580, stack(0x0000004e7e400000,0x0000004e7e500000) (1024K)]
  0x0000017cb1939e50 JavaThread "Unconstrained build operations Thread 30"        [_thread_blocked, id=37304, stack(0x0000004e7e500000,0x0000004e7e600000) (1024K)]
  0x0000017cb1937060 JavaThread "jar transforms Thread 6"           [_thread_blocked, id=33688, stack(0x0000004e7e600000,0x0000004e7e700000) (1024K)]
  0x0000017cb193ab70 JavaThread "jar transforms Thread 7"           [_thread_blocked, id=22408, stack(0x0000004e7e700000,0x0000004e7e800000) (1024K)]
  0x0000017cb19376f0 JavaThread "jar transforms Thread 8"           [_thread_blocked, id=40116, stack(0x0000004e7e800000,0x0000004e7e900000) (1024K)]
  0x0000017cb193c5b0 JavaThread "Unconstrained build operations Thread 31"        [_thread_blocked, id=14696, stack(0x0000004e7e900000,0x0000004e7ea00000) (1024K)]
  0x0000017cb193d2d0 JavaThread "Unconstrained build operations Thread 32"        [_thread_blocked, id=34676, stack(0x0000004e7ea00000,0x0000004e7eb00000) (1024K)]
  0x0000017cb193d960 JavaThread "Unconstrained build operations Thread 33"        [_thread_blocked, id=6160, stack(0x0000004e7eb00000,0x0000004e7ec00000) (1024K)]
  0x0000017cb193dff0 JavaThread "Unconstrained build operations Thread 34"        [_thread_blocked, id=5764, stack(0x0000004e7ec00000,0x0000004e7ed00000) (1024K)]
  0x0000017caf670cc0 JavaThread "Unconstrained build operations Thread 35"        [_thread_blocked, id=39824, stack(0x0000004e7ed00000,0x0000004e7ee00000) (1024K)]
  0x0000017caf6719e0 JavaThread "Unconstrained build operations Thread 36"        [_thread_blocked, id=14200, stack(0x0000004e7ee00000,0x0000004e7ef00000) (1024K)]
  0x0000017caf671350 JavaThread "Unconstrained build operations Thread 37"        [_thread_blocked, id=40972, stack(0x0000004e7ef00000,0x0000004e7f000000) (1024K)]
  0x0000017caf66f280 JavaThread "Unconstrained build operations Thread 38"        [_thread_blocked, id=39632, stack(0x0000004e7f000000,0x0000004e7f100000) (1024K)]
  0x0000017caf672070 JavaThread "Unconstrained build operations Thread 39"        [_thread_blocked, id=32940, stack(0x0000004e7f100000,0x0000004e7f200000) (1024K)]
  0x0000017caf66ebf0 JavaThread "Unconstrained build operations Thread 40"        [_thread_blocked, id=41136, stack(0x0000004e7f200000,0x0000004e7f300000) (1024K)]
  0x0000017caf672700 JavaThread "Unconstrained build operations Thread 41"        [_thread_blocked, id=41084, stack(0x0000004e7f300000,0x0000004e7f400000) (1024K)]
  0x0000017caf672d90 JavaThread "Unconstrained build operations Thread 42"        [_thread_blocked, id=31692, stack(0x0000004e7f400000,0x0000004e7f500000) (1024K)]
  0x0000017caf66f910 JavaThread "Unconstrained build operations Thread 43"        [_thread_blocked, id=32408, stack(0x0000004e7f500000,0x0000004e7f600000) (1024K)]
  0x0000017caf673420 JavaThread "Unconstrained build operations Thread 44"        [_thread_blocked, id=34984, stack(0x0000004e7f600000,0x0000004e7f700000) (1024K)]
  0x0000017caf66ffa0 JavaThread "Unconstrained build operations Thread 45"        [_thread_blocked, id=31256, stack(0x0000004e7f700000,0x0000004e7f800000) (1024K)]
  0x0000017caf673ab0 JavaThread "Unconstrained build operations Thread 46"        [_thread_blocked, id=15320, stack(0x0000004e7f800000,0x0000004e7f900000) (1024K)]
  0x0000017caf670630 JavaThread "Unconstrained build operations Thread 47"        [_thread_blocked, id=22964, stack(0x0000004e7f900000,0x0000004e7fa00000) (1024K)]
  0x0000017caf676210 JavaThread "Unconstrained build operations Thread 48"        [_thread_blocked, id=6552, stack(0x0000004e7fa00000,0x0000004e7fb00000) (1024K)]
  0x0000017caf674140 JavaThread "Unconstrained build operations Thread 49"        [_thread_blocked, id=35376, stack(0x0000004e7fb00000,0x0000004e7fc00000) (1024K)]
  0x0000017caf6747d0 JavaThread "Unconstrained build operations Thread 50"        [_thread_blocked, id=12556, stack(0x0000004e7fc00000,0x0000004e7fd00000) (1024K)]
  0x0000017caf6754f0 JavaThread "Unconstrained build operations Thread 51"        [_thread_blocked, id=37928, stack(0x0000004e7fd00000,0x0000004e7fe00000) (1024K)]
  0x0000017caf674e60 JavaThread "Unconstrained build operations Thread 52"        [_thread_blocked, id=21428, stack(0x0000004e7fe00000,0x0000004e7ff00000) (1024K)]
  0x0000017cacaf1600 JavaThread "Unconstrained build operations Thread 53"        [_thread_blocked, id=37712, stack(0x0000004e7ff00000,0x0000004e80000000) (1024K)]
  0x0000017cacaf0250 JavaThread "Unconstrained build operations Thread 54"        [_thread_blocked, id=38724, stack(0x0000004e00000000,0x0000004e00100000) (1024K)]
  0x0000017cacaefbc0 JavaThread "Unconstrained build operations Thread 55"        [_thread_blocked, id=2748, stack(0x0000004e00100000,0x0000004e00200000) (1024K)]
  0x0000017cacaef530 JavaThread "Unconstrained build operations Thread 56"        [_thread_blocked, id=40636, stack(0x0000004e00200000,0x0000004e00300000) (1024K)]
  0x0000017cacaf08e0 JavaThread "Unconstrained build operations Thread 57"        [_thread_blocked, id=37476, stack(0x0000004e00300000,0x0000004e00400000) (1024K)]
  0x0000017cacaf0f70 JavaThread "Unconstrained build operations Thread 58"        [_thread_blocked, id=40520, stack(0x0000004e00400000,0x0000004e00500000) (1024K)]
  0x0000017cacaf1c90 JavaThread "Unconstrained build operations Thread 59"        [_thread_blocked, id=39420, stack(0x0000004e00500000,0x0000004e00600000) (1024K)]
  0x0000017cacaeeea0 JavaThread "Unconstrained build operations Thread 60"        [_thread_blocked, id=19028, stack(0x0000004e00600000,0x0000004e00700000) (1024K)]
  0x0000017cacaf3040 JavaThread "Unconstrained build operations Thread 61"        [_thread_blocked, id=39200, stack(0x0000004e00700000,0x0000004e00800000) (1024K)]
  0x0000017cacaf36d0 JavaThread "Unconstrained build operations Thread 62"        [_thread_blocked, id=5304, stack(0x0000004e00800000,0x0000004e00900000) (1024K)]
  0x0000017cacaf4a80 JavaThread "Unconstrained build operations Thread 63"        [_thread_blocked, id=15256, stack(0x0000004e00900000,0x0000004e00a00000) (1024K)]
  0x0000017cacaf29b0 JavaThread "build event listener"              [_thread_blocked, id=28928, stack(0x0000004e00a00000,0x0000004e00b00000) (1024K)]
  0x0000017cacaf3d60 JavaThread "Memory manager"                    [_thread_blocked, id=13720, stack(0x0000004e00b00000,0x0000004e00c00000) (1024K)]
  0x0000017cb23be0c0 JavaThread "C2 CompilerThread2"         daemon [_thread_blocked, id=23320, stack(0x0000004e00c00000,0x0000004e00d00000) (1024K)]
  0x0000017cb1901c90 JavaThread "included builds"                   [_thread_blocked, id=40132, stack(0x0000004e00d00000,0x0000004e00e00000) (1024K)]
  0x0000017cb19029b0 JavaThread "Execution worker"                  [_thread_blocked, id=40056, stack(0x0000004e00e00000,0x0000004e00f00000) (1024K)]
  0x0000017cb1902320 JavaThread "Execution worker Thread 2"         [_thread_blocked, id=37696, stack(0x0000004e00f00000,0x0000004e01000000) (1024K)]
  0x0000017cb1908c20 JavaThread "Execution worker Thread 3"         [_thread_blocked, id=38468, stack(0x0000004e01000000,0x0000004e01100000) (1024K)]
  0x0000017cb1907870 JavaThread "Execution worker Thread 4"         [_thread_blocked, id=32708, stack(0x0000004e01100000,0x0000004e01200000) (1024K)]
  0x0000017cb1907f00 JavaThread "Execution worker Thread 5"         [_thread_blocked, id=27112, stack(0x0000004e01200000,0x0000004e01300000) (1024K)]
  0x0000017cb1908590 JavaThread "Execution worker Thread 6"         [_thread_blocked, id=35776, stack(0x0000004e01300000,0x0000004e01400000) (1024K)]
  0x0000017cb1906b50 JavaThread "Execution worker Thread 7"         [_thread_blocked, id=12548, stack(0x0000004e01400000,0x0000004e01500000) (1024K)]
  0x0000017cb19057a0 JavaThread "Execution worker Thread 8"         [_thread_blocked, id=20856, stack(0x0000004e01500000,0x0000004e01600000) (1024K)]
  0x0000017cb19092b0 JavaThread "Execution worker Thread 9"         [_thread_blocked, id=27916, stack(0x0000004e01600000,0x0000004e01700000) (1024K)]
  0x0000017cb19071e0 JavaThread "Execution worker Thread 10"        [_thread_blocked, id=31344, stack(0x0000004e01700000,0x0000004e01800000) (1024K)]
  0x0000017cb1905e30 JavaThread "Execution worker Thread 11"        [_thread_blocked, id=38496, stack(0x0000004e01800000,0x0000004e01900000) (1024K)]
  0x0000017cb19064c0 JavaThread "Cache worker for execution history cache (C:\Users\User\First\.gradle\8.13\executionHistory)"        [_thread_blocked, id=33484, stack(0x0000004e01900000,0x0000004e01a00000) (1024K)]
  0x0000017caf720d10 JavaThread "Unconstrained build operations Thread 64"        [_thread_blocked, id=11844, stack(0x0000004e01a00000,0x0000004e01b00000) (1024K)]
  0x0000017caf725bd0 JavaThread "Unconstrained build operations Thread 65"        [_thread_blocked, id=5604, stack(0x0000004e01b00000,0x0000004e01c00000) (1024K)]
  0x0000017caf726260 JavaThread "Unconstrained build operations Thread 66"        [_thread_blocked, id=15492, stack(0x0000004e01c00000,0x0000004e01d00000) (1024K)]
  0x0000017caf725540 JavaThread "Unconstrained build operations Thread 67"        [_thread_blocked, id=35004, stack(0x0000004e01d00000,0x0000004e01e00000) (1024K)]
  0x0000017caf7268f0 JavaThread "Unconstrained build operations Thread 68"        [_thread_blocked, id=14608, stack(0x0000004e01e00000,0x0000004e01f00000) (1024K)]
  0x0000017caf726f80 JavaThread "Unconstrained build operations Thread 69"        [_thread_blocked, id=37944, stack(0x0000004e01f00000,0x0000004e02000000) (1024K)]
  0x0000017caf727610 JavaThread "Unconstrained build operations Thread 70"        [_thread_blocked, id=25836, stack(0x0000004e02000000,0x0000004e02100000) (1024K)]
  0x0000017caf724820 JavaThread "Unconstrained build operations Thread 71"        [_thread_blocked, id=21380, stack(0x0000004e02100000,0x0000004e02200000) (1024K)]
  0x0000017caf724eb0 JavaThread "Unconstrained build operations Thread 72"        [_thread_blocked, id=40020, stack(0x0000004e02200000,0x0000004e02300000) (1024K)]
  0x0000017cb1903040 JavaThread "Unconstrained build operations Thread 73"        [_thread_blocked, id=41100, stack(0x0000004e02300000,0x0000004e02400000) (1024K)]
  0x0000017cb1904a80 JavaThread "Unconstrained build operations Thread 74"        [_thread_blocked, id=40944, stack(0x0000004e02400000,0x0000004e02500000) (1024K)]
  0x0000017cb1905110 JavaThread "Unconstrained build operations Thread 75"        [_thread_blocked, id=28352, stack(0x0000004e02500000,0x0000004e02600000) (1024K)]
  0x0000017cb19043f0 JavaThread "Unconstrained build operations Thread 76"        [_thread_blocked, id=39992, stack(0x0000004e02600000,0x0000004e02700000) (1024K)]
  0x0000017cb1903d60 JavaThread "Unconstrained build operations Thread 77"        [_thread_blocked, id=3800, stack(0x0000004e02700000,0x0000004e02800000) (1024K)]
  0x0000017cacaf64c0 JavaThread "Unconstrained build operations Thread 78"        [_thread_blocked, id=36848, stack(0x0000004e02800000,0x0000004e02900000) (1024K)]
  0x0000017cac4705a0 JavaThread "Unconstrained build operations Thread 79"        [_thread_blocked, id=37492, stack(0x0000004e02900000,0x0000004e02a00000) (1024K)]
  0x0000017cac470c30 JavaThread "Unconstrained build operations Thread 80"        [_thread_blocked, id=38556, stack(0x0000004e02a00000,0x0000004e02b00000) (1024K)]
  0x0000017cac4712c0 JavaThread "Unconstrained build operations Thread 81"        [_thread_blocked, id=31876, stack(0x0000004e02b00000,0x0000004e02c00000) (1024K)]
  0x0000017cac471950 JavaThread "Unconstrained build operations Thread 82"        [_thread_blocked, id=37532, stack(0x0000004e02c00000,0x0000004e02d00000) (1024K)]
  0x0000017cac46f1f0 JavaThread "Unconstrained build operations Thread 83"        [_thread_blocked, id=5044, stack(0x0000004e02d00000,0x0000004e02e00000) (1024K)]
  0x0000017cac471fe0 JavaThread "Unconstrained build operations Thread 84"        [_thread_blocked, id=33248, stack(0x0000004e02e00000,0x0000004e02f00000) (1024K)]
  0x0000017cac46f880 JavaThread "Unconstrained build operations Thread 85"        [_thread_blocked, id=39748, stack(0x0000004e02f00000,0x0000004e03000000) (1024K)]
  0x0000017cac472670 JavaThread "Unconstrained build operations Thread 86"        [_thread_blocked, id=36008, stack(0x0000004e03000000,0x0000004e03100000) (1024K)]
  0x0000017cac472d00 JavaThread "Unconstrained build operations Thread 87"        [_thread_blocked, id=32820, stack(0x0000004e03100000,0x0000004e03200000) (1024K)]
  0x0000017cac473390 JavaThread "Unconstrained build operations Thread 88"        [_thread_blocked, id=41824, stack(0x0000004e03200000,0x0000004e03300000) (1024K)]
  0x0000017cac46ff10 JavaThread "Unconstrained build operations Thread 89"        [_thread_blocked, id=10848, stack(0x0000004e03300000,0x0000004e03400000) (1024K)]
  0x0000017cac474740 JavaThread "Unconstrained build operations Thread 90"        [_thread_blocked, id=19616, stack(0x0000004e03400000,0x0000004e03500000) (1024K)]
  0x0000017cac4740b0 JavaThread "Unconstrained build operations Thread 91"        [_thread_blocked, id=40908, stack(0x0000004e03500000,0x0000004e03600000) (1024K)]
  0x0000017cac474dd0 JavaThread "Unconstrained build operations Thread 92"        [_thread_blocked, id=13816, stack(0x0000004e03600000,0x0000004e03700000) (1024K)]
  0x0000017cac475460 JavaThread "Unconstrained build operations Thread 93"        [_thread_blocked, id=14624, stack(0x0000004e03700000,0x0000004e03800000) (1024K)]
  0x0000017cac473a20 JavaThread "Unconstrained build operations Thread 94"        [_thread_blocked, id=31736, stack(0x0000004e03800000,0x0000004e03900000) (1024K)]
  0x0000017cac475af0 JavaThread "Unconstrained build operations Thread 95"        [_thread_blocked, id=40508, stack(0x0000004e03900000,0x0000004e03a00000) (1024K)]
  0x0000017cac476180 JavaThread "Unconstrained build operations Thread 96"        [_thread_blocked, id=31416, stack(0x0000004e03a00000,0x0000004e03b00000) (1024K)]
  0x0000017cb0bb4e50 JavaThread "Unconstrained build operations Thread 97"        [_thread_blocked, id=33284, stack(0x0000004e03b00000,0x0000004e03c00000) (1024K)]
  0x0000017cb0bb6200 JavaThread "Unconstrained build operations Thread 98"        [_thread_blocked, id=40124, stack(0x0000004e03c00000,0x0000004e03d00000) (1024K)]
  0x0000017cb0bb3410 JavaThread "Unconstrained build operations Thread 99"        [_thread_blocked, id=16448, stack(0x0000004e03d00000,0x0000004e03e00000) (1024K)]
  0x0000017cb0bb6890 JavaThread "Unconstrained build operations Thread 100"        [_thread_blocked, id=40180, stack(0x0000004e03e00000,0x0000004e03f00000) (1024K)]
  0x0000017cb0bb6f20 JavaThread "Unconstrained build operations Thread 101"        [_thread_blocked, id=41240, stack(0x0000004e03f00000,0x0000004e04000000) (1024K)]
  0x0000017cb0bb3aa0 JavaThread "Unconstrained build operations Thread 102"        [_thread_blocked, id=38756, stack(0x0000004e04000000,0x0000004e04100000) (1024K)]
  0x0000017cb0bb75b0 JavaThread "Unconstrained build operations Thread 103"        [_thread_blocked, id=35304, stack(0x0000004e04100000,0x0000004e04200000) (1024K)]
  0x0000017cb0bb4130 JavaThread "Unconstrained build operations Thread 104"        [_thread_blocked, id=39492, stack(0x0000004e04200000,0x0000004e04300000) (1024K)]
  0x0000017cb0bb7c40 JavaThread "Unconstrained build operations Thread 105"        [_thread_blocked, id=37272, stack(0x0000004e04300000,0x0000004e04400000) (1024K)]
  0x0000017cb0bbb0c0 JavaThread "Unconstrained build operations Thread 106"        [_thread_blocked, id=34696, stack(0x0000004e04400000,0x0000004e04500000) (1024K)]
  0x0000017cb0bb9680 JavaThread "Unconstrained build operations Thread 107"        [_thread_blocked, id=16336, stack(0x0000004e04500000,0x0000004e04600000) (1024K)]
  0x0000017cb0bb9d10 JavaThread "Unconstrained build operations Thread 108"        [_thread_blocked, id=31224, stack(0x0000004e04600000,0x0000004e04700000) (1024K)]
  0x0000017cb0bb8960 JavaThread "Unconstrained build operations Thread 109"        [_thread_blocked, id=2848, stack(0x0000004e04700000,0x0000004e04800000) (1024K)]
  0x0000017cb0bb8ff0 JavaThread "Unconstrained build operations Thread 110"        [_thread_blocked, id=2168, stack(0x0000004e04800000,0x0000004e04900000) (1024K)]
  0x0000017cb0bba3a0 JavaThread "Unconstrained build operations Thread 111"        [_thread_blocked, id=14380, stack(0x0000004e04900000,0x0000004e04a00000) (1024K)]
  0x0000017cb0bbb750 JavaThread "Unconstrained build operations Thread 112"        [_thread_blocked, id=3892, stack(0x0000004e04a00000,0x0000004e04b00000) (1024K)]
  0x0000017cb0bb82d0 JavaThread "Unconstrained build operations Thread 113"        [_thread_blocked, id=40292, stack(0x0000004e04b00000,0x0000004e04c00000) (1024K)]
  0x0000017cb0bbbde0 JavaThread "Unconstrained build operations Thread 114"        [_thread_blocked, id=18416, stack(0x0000004e04c00000,0x0000004e04d00000) (1024K)]
  0x0000017cb0bbc470 JavaThread "Unconstrained build operations Thread 115"        [_thread_blocked, id=25288, stack(0x0000004e04d00000,0x0000004e04e00000) (1024K)]
  0x0000017cb0bbcb00 JavaThread "Unconstrained build operations Thread 116"        [_thread_blocked, id=41040, stack(0x0000004e04e00000,0x0000004e04f00000) (1024K)]
  0x0000017cb0bbd190 JavaThread "Unconstrained build operations Thread 117"        [_thread_blocked, id=36160, stack(0x0000004e04f00000,0x0000004e05000000) (1024K)]
  0x0000017cb0bbd820 JavaThread "Unconstrained build operations Thread 118"        [_thread_blocked, id=21604, stack(0x0000004e05000000,0x0000004e05100000) (1024K)]
  0x0000017cb0bb47c0 JavaThread "Unconstrained build operations Thread 119"        [_thread_blocked, id=37828, stack(0x0000004e05100000,0x0000004e05200000) (1024K)]
  0x0000017cb0bb54e0 JavaThread "Unconstrained build operations Thread 120"        [_thread_blocked, id=41876, stack(0x0000004e05200000,0x0000004e05300000) (1024K)]
Total: 177

Other Threads:
=>0x0000017ca6a29ba0 VMThread "VM Thread"                           [id=33672, stack(0x0000004e79600000,0x0000004e79700000) (1024K)]
  0x0000017ca69f09d0 WatcherThread "VM Periodic Task Thread"        [id=10524, stack(0x0000004e79500000,0x0000004e79600000) (1024K)]
  0x0000017c8ee93f10 WorkerThread "GC Thread#0"                     [id=41092, stack(0x0000004e79000000,0x0000004e79100000) (1024K)]
  0x0000017cab275b80 WorkerThread "GC Thread#1"                     [id=31760, stack(0x0000004e7a200000,0x0000004e7a300000) (1024K)]
  0x0000017cab275f20 WorkerThread "GC Thread#2"                     [id=36744, stack(0x0000004e7a300000,0x0000004e7a400000) (1024K)]
  0x0000017cab2762c0 WorkerThread "GC Thread#3"                     [id=39100, stack(0x0000004e7a400000,0x0000004e7a500000) (1024K)]
  0x0000017cabddaba0 WorkerThread "GC Thread#4"                     [id=14520, stack(0x0000004e7a600000,0x0000004e7a700000) (1024K)]
  0x0000017cacf98b80 WorkerThread "GC Thread#5"                     [id=40688, stack(0x0000004e7a500000,0x0000004e7a600000) (1024K)]
  0x0000017cad6b6000 WorkerThread "GC Thread#6"                     [id=31068, stack(0x0000004e7b100000,0x0000004e7b200000) (1024K)]
  0x0000017cad503b40 WorkerThread "GC Thread#7"                     [id=34076, stack(0x0000004e7b200000,0x0000004e7b300000) (1024K)]
  0x0000017cad4fd2b0 WorkerThread "GC Thread#8"                     [id=36664, stack(0x0000004e7b300000,0x0000004e7b400000) (1024K)]
  0x0000017cad4fe130 WorkerThread "GC Thread#9"                     [id=40484, stack(0x0000004e7b400000,0x0000004e7b500000) (1024K)]
  0x0000017c8eea5e10 ConcurrentGCThread "G1 Main Marker"            [id=37168, stack(0x0000004e79100000,0x0000004e79200000) (1024K)]
  0x0000017c8eea6820 WorkerThread "G1 Conc#0"                       [id=40596, stack(0x0000004e79200000,0x0000004e79300000) (1024K)]
  0x0000017cad4fe4d0 WorkerThread "G1 Conc#1"                       [id=6864, stack(0x0000004e7b500000,0x0000004e7b600000) (1024K)]
  0x0000017cad4fd650 WorkerThread "G1 Conc#2"                       [id=39356, stack(0x0000004e7b600000,0x0000004e7b700000) (1024K)]
  0x0000017ca5fd49d0 ConcurrentGCThread "G1 Refine#0"               [id=29236, stack(0x0000004e79300000,0x0000004e79400000) (1024K)]
  0x0000017ca5fd6200 ConcurrentGCThread "G1 Service"                [id=41808, stack(0x0000004e79400000,0x0000004e79500000) (1024K)]
Total: 18

Threads with active compile tasks:
C2 CompilerThread0  16814 19330       4       com.android.tools.r8.internal.di1::remove (1708 bytes)
C1 CompilerThread0  16814 19507       2       com.android.tools.r8.graph.j2$b::hashCode (15 bytes)
C2 CompilerThread1  16814 19327       4       com.android.tools.r8.internal.l32::a (863 bytes)
C2 CompilerThread2  16814 19440       4       com.android.tools.r8.graph.y5::a (10 bytes)
Total: 4

VM state: at safepoint (normal execution)

VM Mutex/Monitor currently owned by a thread:  ([mutex/lock_event])
[0x00007ffe9c028690] Threads_lock - owner thread: 0x0000017ca6a29ba0
[0x00007ffe9c028790] Heap_lock - owner thread: 0x0000017caf5387f0

Heap address: 0x0000000080000000, size: 2048 MB, Compressed Oops mode: 32-bit

CDS archive(s) not mapped
Compressed class space mapped at: 0x0000000100000000-0x0000000140000000, reserved size: 1073741824
Narrow klass base: 0x0000000000000000, Narrow klass shift: 3, Narrow klass range: 0x140000000

GC Precious Log:
 CardTable entry size: 512
 Card Set container configuration: InlinePtr #cards 5 size 8 Array Of Cards #cards 12 size 40 Howl #buckets 4 coarsen threshold 1843 Howl Bitmap #cards 512 size 80 coarsen threshold 460 Card regions per heap region 1 cards per card region 2048
 CPUs: 12 total, 12 available
 Memory: 11913M
 Large Page Support: Disabled
 NUMA Support: Disabled
 Compressed Oops: Enabled (32-bit)
 Heap Region Size: 1M
 Heap Min Capacity: 8M
 Heap Initial Capacity: 188M
 Heap Max Capacity: 2G
 Pre-touch: Disabled
 Parallel Workers: 10
 Concurrent Workers: 3
 Concurrent Refinement Workers: 10
 Periodic GC: Disabled

Heap:
 garbage-first heap   total 517120K, used 196805K [0x0000000080000000, 0x0000000100000000)
  region size 1024K, 16 young (16384K), 16 survivors (16384K)
 Metaspace       used 132174K, committed 134464K, reserved 1179648K
  class space    used 19188K, committed 20288K, reserved 1048576K

Heap Regions: E=young(eden), S=young(survivor), O=old, HS=humongous(starts), HC=humongous(continues), CS=collection set, F=free, TAMS=top-at-mark-start, PB=parsable bottom
|   0|0x0000000080000000, 0x0000000080100000, 0x0000000080100000|100%|HS|  |TAMS 0x0000000080100000| PB 0x0000000080000000| Complete 
|   1|0x0000000080100000, 0x0000000080200000, 0x0000000080200000|100%|HC|  |TAMS 0x0000000080200000| PB 0x0000000080100000| Complete 
|   2|0x0000000080200000, 0x0000000080300000, 0x0000000080300000|100%|HC|  |TAMS 0x0000000080300000| PB 0x0000000080200000| Complete 
|   3|0x0000000080300000, 0x0000000080400000, 0x0000000080400000|100%| O|  |TAMS 0x0000000080400000| PB 0x0000000080300000| Untracked 
|   4|0x0000000080400000, 0x0000000080500000, 0x0000000080500000|100%| O|  |TAMS 0x0000000080500000| PB 0x0000000080400000| Untracked 
|   5|0x0000000080500000, 0x0000000080600000, 0x0000000080600000|100%|HS|  |TAMS 0x0000000080600000| PB 0x0000000080500000| Complete 
|   6|0x0000000080600000, 0x0000000080700000, 0x0000000080700000|100%| O|  |TAMS 0x0000000080700000| PB 0x0000000080600000| Untracked 
|   7|0x0000000080700000, 0x0000000080800000, 0x0000000080800000|100%| O|  |TAMS 0x0000000080800000| PB 0x0000000080700000| Untracked 
|   8|0x0000000080800000, 0x0000000080900000, 0x0000000080900000|100%| O|  |TAMS 0x0000000080900000| PB 0x0000000080800000| Untracked 
|   9|0x0000000080900000, 0x0000000080a00000, 0x0000000080a00000|100%| O|  |TAMS 0x0000000080a00000| PB 0x0000000080900000| Untracked 
|  10|0x0000000080a00000, 0x0000000080b00000, 0x0000000080b00000|100%| O|  |TAMS 0x0000000080b00000| PB 0x0000000080a00000| Untracked 
|  11|0x0000000080b00000, 0x0000000080c00000, 0x0000000080c00000|100%| O|  |TAMS 0x0000000080c00000| PB 0x0000000080b00000| Untracked 
|  12|0x0000000080c00000, 0x0000000080d00000, 0x0000000080d00000|100%| O|  |TAMS 0x0000000080d00000| PB 0x0000000080c00000| Untracked 
|  13|0x0000000080d00000, 0x0000000080e00000, 0x0000000080e00000|100%| O|  |TAMS 0x0000000080e00000| PB 0x0000000080d00000| Untracked 
|  14|0x0000000080e00000, 0x0000000080f00000, 0x0000000080f00000|100%| O|  |TAMS 0x0000000080f00000| PB 0x0000000080e00000| Untracked 
|  15|0x0000000080f00000, 0x0000000081000000, 0x0000000081000000|100%| O|  |TAMS 0x0000000081000000| PB 0x0000000080f00000| Untracked 
|  16|0x0000000081000000, 0x0000000081100000, 0x0000000081100000|100%| O|  |TAMS 0x0000000081100000| PB 0x0000000081000000| Untracked 
|  17|0x0000000081100000, 0x0000000081200000, 0x0000000081200000|100%| O|  |TAMS 0x0000000081200000| PB 0x0000000081100000| Untracked 
|  18|0x0000000081200000, 0x0000000081300000, 0x0000000081300000|100%| O|  |TAMS 0x0000000081300000| PB 0x0000000081200000| Untracked 
|  19|0x0000000081300000, 0x0000000081400000, 0x0000000081400000|100%| O|  |TAMS 0x0000000081400000| PB 0x0000000081300000| Untracked 
|  20|0x0000000081400000, 0x0000000081500000, 0x0000000081500000|100%| O|  |TAMS 0x0000000081500000| PB 0x0000000081400000| Untracked 
|  21|0x0000000081500000, 0x0000000081600000, 0x0000000081600000|100%| O|  |TAMS 0x0000000081600000| PB 0x0000000081500000| Untracked 
|  22|0x0000000081600000, 0x0000000081700000, 0x0000000081700000|100%| O|  |TAMS 0x0000000081700000| PB 0x0000000081600000| Untracked 
|  23|0x0000000081700000, 0x0000000081800000, 0x0000000081800000|100%| O|  |TAMS 0x0000000081800000| PB 0x0000000081700000| Untracked 
|  24|0x0000000081800000, 0x0000000081900000, 0x0000000081900000|100%| O|  |TAMS 0x0000000081900000| PB 0x0000000081800000| Untracked 
|  25|0x0000000081900000, 0x0000000081a00000, 0x0000000081a00000|100%| O|  |TAMS 0x0000000081a00000| PB 0x0000000081900000| Untracked 
|  26|0x0000000081a00000, 0x0000000081b00000, 0x0000000081b00000|100%| O|  |TAMS 0x0000000081b00000| PB 0x0000000081a00000| Untracked 
|  27|0x0000000081b00000, 0x0000000081c00000, 0x0000000081c00000|100%|HS|  |TAMS 0x0000000081c00000| PB 0x0000000081b00000| Complete 
|  28|0x0000000081c00000, 0x0000000081d00000, 0x0000000081d00000|100%|HC|  |TAMS 0x0000000081d00000| PB 0x0000000081c00000| Complete 
|  29|0x0000000081d00000, 0x0000000081e00000, 0x0000000081e00000|100%| O|  |TAMS 0x0000000081e00000| PB 0x0000000081d00000| Untracked 
|  30|0x0000000081e00000, 0x0000000081f00000, 0x0000000081f00000|100%| O|  |TAMS 0x0000000081f00000| PB 0x0000000081e00000| Untracked 
|  31|0x0000000081f00000, 0x0000000082000000, 0x0000000082000000|100%|HS|  |TAMS 0x0000000082000000| PB 0x0000000081f00000| Complete 
|  32|0x0000000082000000, 0x0000000082100000, 0x0000000082100000|100%| O|  |TAMS 0x0000000082100000| PB 0x0000000082000000| Untracked 
|  33|0x0000000082100000, 0x0000000082200000, 0x0000000082200000|100%| O|  |TAMS 0x0000000082200000| PB 0x0000000082100000| Untracked 
|  34|0x0000000082200000, 0x0000000082300000, 0x0000000082300000|100%| O|  |TAMS 0x0000000082300000| PB 0x0000000082200000| Untracked 
|  35|0x0000000082300000, 0x0000000082400000, 0x0000000082400000|100%| O|  |TAMS 0x0000000082400000| PB 0x0000000082300000| Untracked 
|  36|0x0000000082400000, 0x0000000082500000, 0x0000000082500000|100%| O|  |TAMS 0x0000000082500000| PB 0x0000000082400000| Untracked 
|  37|0x0000000082500000, 0x0000000082600000, 0x0000000082600000|100%| O|  |TAMS 0x0000000082600000| PB 0x0000000082500000| Untracked 
|  38|0x0000000082600000, 0x0000000082700000, 0x0000000082700000|100%| O|  |TAMS 0x0000000082700000| PB 0x0000000082600000| Untracked 
|  39|0x0000000082700000, 0x0000000082800000, 0x0000000082800000|100%| O|  |TAMS 0x0000000082800000| PB 0x0000000082700000| Untracked 
|  40|0x0000000082800000, 0x0000000082900000, 0x0000000082900000|100%| O|  |TAMS 0x0000000082900000| PB 0x0000000082800000| Untracked 
|  41|0x0000000082900000, 0x0000000082a00000, 0x0000000082a00000|100%| O|  |TAMS 0x0000000082a00000| PB 0x0000000082900000| Untracked 
|  42|0x0000000082a00000, 0x0000000082b00000, 0x0000000082b00000|100%|HS|  |TAMS 0x0000000082b00000| PB 0x0000000082a00000| Complete 
|  43|0x0000000082b00000, 0x0000000082c00000, 0x0000000082c00000|100%| O|  |TAMS 0x0000000082c00000| PB 0x0000000082b00000| Untracked 
|  44|0x0000000082c00000, 0x0000000082d00000, 0x0000000082d00000|100%| O|  |TAMS 0x0000000082d00000| PB 0x0000000082c00000| Untracked 
|  45|0x0000000082d00000, 0x0000000082e00000, 0x0000000082e00000|100%| O|  |TAMS 0x0000000082e00000| PB 0x0000000082d00000| Untracked 
|  46|0x0000000082e00000, 0x0000000082f00000, 0x0000000082f00000|100%| O|  |TAMS 0x0000000082f00000| PB 0x0000000082e00000| Untracked 
|  47|0x0000000082f00000, 0x0000000083000000, 0x0000000083000000|100%| O|  |TAMS 0x0000000083000000| PB 0x0000000082f00000| Untracked 
|  48|0x0000000083000000, 0x0000000083100000, 0x0000000083100000|100%|HS|  |TAMS 0x0000000083100000| PB 0x0000000083000000| Complete 
|  49|0x0000000083100000, 0x0000000083200000, 0x0000000083200000|100%|HS|  |TAMS 0x0000000083200000| PB 0x0000000083100000| Complete 
|  50|0x0000000083200000, 0x0000000083300000, 0x0000000083300000|100%| O|  |TAMS 0x0000000083300000| PB 0x0000000083200000| Untracked 
|  51|0x0000000083300000, 0x0000000083400000, 0x0000000083400000|100%|HS|  |TAMS 0x0000000083400000| PB 0x0000000083300000| Complete 
|  52|0x0000000083400000, 0x0000000083500000, 0x0000000083500000|100%|HS|  |TAMS 0x0000000083500000| PB 0x0000000083400000| Complete 
|  53|0x0000000083500000, 0x0000000083600000, 0x0000000083600000|100%| O|  |TAMS 0x0000000083600000| PB 0x0000000083500000| Untracked 
|  54|0x0000000083600000, 0x0000000083700000, 0x0000000083700000|100%| O|  |TAMS 0x0000000083700000| PB 0x0000000083600000| Untracked 
|  55|0x0000000083700000, 0x0000000083800000, 0x0000000083800000|100%|HS|  |TAMS 0x0000000083800000| PB 0x0000000083700000| Complete 
|  56|0x0000000083800000, 0x0000000083900000, 0x0000000083900000|100%| O|  |TAMS 0x0000000083900000| PB 0x0000000083800000| Untracked 
|  57|0x0000000083900000, 0x0000000083a00000, 0x0000000083a00000|100%| O|  |TAMS 0x0000000083a00000| PB 0x0000000083900000| Untracked 
|  58|0x0000000083a00000, 0x0000000083b00000, 0x0000000083b00000|100%| O|  |TAMS 0x0000000083b00000| PB 0x0000000083a00000| Untracked 
|  59|0x0000000083b00000, 0x0000000083c00000, 0x0000000083c00000|100%| O|  |TAMS 0x0000000083c00000| PB 0x0000000083b00000| Untracked 
|  60|0x0000000083c00000, 0x0000000083d00000, 0x0000000083d00000|100%| O|  |TAMS 0x0000000083d00000| PB 0x0000000083c00000| Untracked 
|  61|0x0000000083d00000, 0x0000000083e00000, 0x0000000083e00000|100%| O|  |TAMS 0x0000000083e00000| PB 0x0000000083d00000| Untracked 
|  62|0x0000000083e00000, 0x0000000083f00000, 0x0000000083f00000|100%| O|  |TAMS 0x0000000083f00000| PB 0x0000000083e00000| Untracked 
|  63|0x0000000083f00000, 0x0000000084000000, 0x0000000084000000|100%| O|  |TAMS 0x0000000084000000| PB 0x0000000083f00000| Untracked 
|  64|0x0000000084000000, 0x0000000084100000, 0x0000000084100000|100%| O|  |TAMS 0x0000000084100000| PB 0x0000000084000000| Untracked 
|  65|0x0000000084100000, 0x0000000084200000, 0x0000000084200000|100%| O|  |TAMS 0x0000000084200000| PB 0x0000000084100000| Untracked 
|  66|0x0000000084200000, 0x0000000084300000, 0x0000000084300000|100%| O|  |TAMS 0x0000000084300000| PB 0x0000000084200000| Untracked 
|  67|0x0000000084300000, 0x0000000084400000, 0x0000000084400000|100%| O|  |TAMS 0x0000000084400000| PB 0x0000000084300000| Untracked 
|  68|0x0000000084400000, 0x0000000084500000, 0x0000000084500000|100%| O|  |TAMS 0x0000000084500000| PB 0x0000000084400000| Untracked 
|  69|0x0000000084500000, 0x0000000084600000, 0x0000000084600000|100%| O|  |TAMS 0x0000000084600000| PB 0x0000000084500000| Untracked 
|  70|0x0000000084600000, 0x0000000084700000, 0x0000000084700000|100%| O|  |TAMS 0x0000000084700000| PB 0x0000000084600000| Untracked 
|  71|0x0000000084700000, 0x0000000084800000, 0x0000000084800000|100%| O|  |TAMS 0x0000000084800000| PB 0x0000000084700000| Untracked 
|  72|0x0000000084800000, 0x0000000084900000, 0x0000000084900000|100%| O|  |TAMS 0x0000000084900000| PB 0x0000000084800000| Untracked 
|  73|0x0000000084900000, 0x0000000084a00000, 0x0000000084a00000|100%| O|  |TAMS 0x0000000084a00000| PB 0x0000000084900000| Untracked 
|  74|0x0000000084a00000, 0x0000000084b00000, 0x0000000084b00000|100%| O|  |TAMS 0x0000000084b00000| PB 0x0000000084a00000| Untracked 
|  75|0x0000000084b00000, 0x0000000084c00000, 0x0000000084c00000|100%| O|  |TAMS 0x0000000084c00000| PB 0x0000000084b00000| Untracked 
|  76|0x0000000084c00000, 0x0000000084d00000, 0x0000000084d00000|100%| O|  |TAMS 0x0000000084d00000| PB 0x0000000084c00000| Untracked 
|  77|0x0000000084d00000, 0x0000000084e00000, 0x0000000084e00000|100%| O|  |TAMS 0x0000000084e00000| PB 0x0000000084d00000| Untracked 
|  78|0x0000000084e00000, 0x0000000084f00000, 0x0000000084f00000|100%| O|  |TAMS 0x0000000084f00000| PB 0x0000000084e00000| Untracked 
|  79|0x0000000084f00000, 0x0000000085000000, 0x0000000085000000|100%| O|  |TAMS 0x0000000085000000| PB 0x0000000084f00000| Untracked 
|  80|0x0000000085000000, 0x0000000085100000, 0x0000000085100000|100%| O|  |TAMS 0x0000000085100000| PB 0x0000000085000000| Untracked 
|  81|0x0000000085100000, 0x0000000085200000, 0x0000000085200000|100%| O|  |TAMS 0x0000000085200000| PB 0x0000000085100000| Untracked 
|  82|0x0000000085200000, 0x0000000085300000, 0x0000000085300000|100%| O|  |TAMS 0x0000000085300000| PB 0x0000000085200000| Untracked 
|  83|0x0000000085300000, 0x0000000085400000, 0x0000000085400000|100%| O|  |TAMS 0x0000000085400000| PB 0x0000000085300000| Untracked 
|  84|0x0000000085400000, 0x0000000085500000, 0x0000000085500000|100%| O|  |TAMS 0x0000000085500000| PB 0x0000000085400000| Untracked 
|  85|0x0000000085500000, 0x0000000085600000, 0x0000000085600000|100%| O|  |TAMS 0x0000000085600000| PB 0x0000000085500000| Untracked 
|  86|0x0000000085600000, 0x0000000085700000, 0x0000000085700000|100%| O|  |TAMS 0x0000000085700000| PB 0x0000000085600000| Untracked 
|  87|0x0000000085700000, 0x0000000085800000, 0x0000000085800000|100%| O|  |TAMS 0x0000000085800000| PB 0x0000000085700000| Untracked 
|  88|0x0000000085800000, 0x0000000085900000, 0x0000000085900000|100%| O|  |TAMS 0x0000000085900000| PB 0x0000000085800000| Untracked 
|  89|0x0000000085900000, 0x0000000085a00000, 0x0000000085a00000|100%| O|  |TAMS 0x0000000085a00000| PB 0x0000000085900000| Untracked 
|  90|0x0000000085a00000, 0x0000000085b00000, 0x0000000085b00000|100%| O|  |TAMS 0x0000000085b00000| PB 0x0000000085a00000| Untracked 
|  91|0x0000000085b00000, 0x0000000085c00000, 0x0000000085c00000|100%| O|  |TAMS 0x0000000085c00000| PB 0x0000000085b00000| Untracked 
|  92|0x0000000085c00000, 0x0000000085d00000, 0x0000000085d00000|100%| O|  |TAMS 0x0000000085d00000| PB 0x0000000085c00000| Untracked 
|  93|0x0000000085d00000, 0x0000000085e00000, 0x0000000085e00000|100%| O|  |TAMS 0x0000000085e00000| PB 0x0000000085d00000| Untracked 
|  94|0x0000000085e00000, 0x0000000085f00000, 0x0000000085f00000|100%| O|  |TAMS 0x0000000085f00000| PB 0x0000000085e00000| Untracked 
|  95|0x0000000085f00000, 0x0000000086000000, 0x0000000086000000|100%| O|  |TAMS 0x0000000086000000| PB 0x0000000085f00000| Untracked 
|  96|0x0000000086000000, 0x0000000086100000, 0x0000000086100000|100%| O|  |TAMS 0x0000000086100000| PB 0x0000000086000000| Untracked 
|  97|0x0000000086100000, 0x0000000086200000, 0x0000000086200000|100%| O|  |TAMS 0x0000000086200000| PB 0x0000000086100000| Untracked 
|  98|0x0000000086200000, 0x0000000086300000, 0x0000000086300000|100%| O|  |TAMS 0x0000000086300000| PB 0x0000000086200000| Untracked 
|  99|0x0000000086300000, 0x0000000086400000, 0x0000000086400000|100%| O|  |TAMS 0x0000000086400000| PB 0x0000000086300000| Untracked 
| 100|0x0000000086400000, 0x0000000086500000, 0x0000000086500000|100%| O|  |TAMS 0x0000000086500000| PB 0x0000000086400000| Untracked 
| 101|0x0000000086500000, 0x0000000086600000, 0x0000000086600000|100%| O|  |TAMS 0x0000000086600000| PB 0x0000000086500000| Untracked 
| 102|0x0000000086600000, 0x0000000086700000, 0x0000000086700000|100%| O|  |TAMS 0x0000000086700000| PB 0x0000000086600000| Untracked 
| 103|0x0000000086700000, 0x0000000086800000, 0x0000000086800000|100%| O|  |TAMS 0x0000000086800000| PB 0x0000000086700000| Untracked 
| 104|0x0000000086800000, 0x0000000086900000, 0x0000000086900000|100%| O|  |TAMS 0x0000000086900000| PB 0x0000000086800000| Untracked 
| 105|0x0000000086900000, 0x0000000086a00000, 0x0000000086a00000|100%| O|  |TAMS 0x0000000086a00000| PB 0x0000000086900000| Untracked 
| 106|0x0000000086a00000, 0x0000000086b00000, 0x0000000086b00000|100%| O|  |TAMS 0x0000000086b00000| PB 0x0000000086a00000| Untracked 
| 107|0x0000000086b00000, 0x0000000086c00000, 0x0000000086c00000|100%| O|  |TAMS 0x0000000086c00000| PB 0x0000000086b00000| Untracked 
| 108|0x0000000086c00000, 0x0000000086d00000, 0x0000000086d00000|100%| O|  |TAMS 0x0000000086d00000| PB 0x0000000086c00000| Untracked 
| 109|0x0000000086d00000, 0x0000000086e00000, 0x0000000086e00000|100%| O|  |TAMS 0x0000000086e00000| PB 0x0000000086d00000| Untracked 
| 110|0x0000000086e00000, 0x0000000086e00000, 0x0000000086f00000|  0%| F|  |TAMS 0x0000000086e00000| PB 0x0000000086e00000| Untracked 
| 111|0x0000000086f00000, 0x0000000087000000, 0x0000000087000000|100%| O|  |TAMS 0x0000000087000000| PB 0x0000000086f00000| Untracked 
| 112|0x0000000087000000, 0x0000000087100000, 0x0000000087100000|100%| O|  |TAMS 0x0000000087100000| PB 0x0000000087000000| Untracked 
| 113|0x0000000087100000, 0x0000000087200000, 0x0000000087200000|100%| O|  |TAMS 0x0000000087200000| PB 0x0000000087100000| Untracked 
| 114|0x0000000087200000, 0x0000000087300000, 0x0000000087300000|100%| O|  |TAMS 0x0000000087300000| PB 0x0000000087200000| Untracked 
| 115|0x0000000087300000, 0x0000000087400000, 0x0000000087400000|100%| O|  |TAMS 0x0000000087400000| PB 0x0000000087300000| Untracked 
| 116|0x0000000087400000, 0x0000000087500000, 0x0000000087500000|100%| O|  |TAMS 0x0000000087500000| PB 0x0000000087400000| Untracked 
| 117|0x0000000087500000, 0x0000000087600000, 0x0000000087600000|100%| O|  |TAMS 0x0000000087600000| PB 0x0000000087500000| Untracked 
| 118|0x0000000087600000, 0x0000000087700000, 0x0000000087700000|100%| O|  |TAMS 0x0000000087700000| PB 0x0000000087600000| Untracked 
| 119|0x0000000087700000, 0x0000000087700000, 0x0000000087800000|  0%| F|  |TAMS 0x0000000087700000| PB 0x0000000087700000| Untracked 
| 120|0x0000000087800000, 0x0000000087900000, 0x0000000087900000|100%| O|  |TAMS 0x0000000087900000| PB 0x0000000087800000| Untracked 
| 121|0x0000000087900000, 0x0000000087a00000, 0x0000000087a00000|100%| O|  |TAMS 0x0000000087a00000| PB 0x0000000087900000| Untracked 
| 122|0x0000000087a00000, 0x0000000087b00000, 0x0000000087b00000|100%| O|  |TAMS 0x0000000087b00000| PB 0x0000000087a00000| Untracked 
| 123|0x0000000087b00000, 0x0000000087c00000, 0x0000000087c00000|100%| O|  |TAMS 0x0000000087c00000| PB 0x0000000087b00000| Untracked 
| 124|0x0000000087c00000, 0x0000000087d00000, 0x0000000087d00000|100%| O|  |TAMS 0x0000000087d00000| PB 0x0000000087c00000| Untracked 
| 125|0x0000000087d00000, 0x0000000087e00000, 0x0000000087e00000|100%| O|  |TAMS 0x0000000087e00000| PB 0x0000000087d00000| Untracked 
| 126|0x0000000087e00000, 0x0000000087f00000, 0x0000000087f00000|100%| O|  |TAMS 0x0000000087f00000| PB 0x0000000087e00000| Untracked 
| 127|0x0000000087f00000, 0x0000000088000000, 0x0000000088000000|100%| O|  |TAMS 0x0000000088000000| PB 0x0000000087f00000| Untracked 
| 128|0x0000000088000000, 0x0000000088100000, 0x0000000088100000|100%| O|  |TAMS 0x0000000088100000| PB 0x0000000088000000| Untracked 
| 129|0x0000000088100000, 0x0000000088200000, 0x0000000088200000|100%| O|  |TAMS 0x0000000088200000| PB 0x0000000088100000| Untracked 
| 130|0x0000000088200000, 0x0000000088300000, 0x0000000088300000|100%| O|  |TAMS 0x0000000088300000| PB 0x0000000088200000| Untracked 
| 131|0x0000000088300000, 0x0000000088400000, 0x0000000088400000|100%| O|  |TAMS 0x0000000088400000| PB 0x0000000088300000| Untracked 
| 132|0x0000000088400000, 0x0000000088400000, 0x0000000088500000|  0%| F|  |TAMS 0x0000000088400000| PB 0x0000000088400000| Untracked 
| 133|0x0000000088500000, 0x0000000088600000, 0x0000000088600000|100%| O|  |TAMS 0x0000000088600000| PB 0x0000000088500000| Untracked 
| 134|0x0000000088600000, 0x0000000088700000, 0x0000000088700000|100%| O|  |TAMS 0x0000000088700000| PB 0x0000000088600000| Untracked 
| 135|0x0000000088700000, 0x0000000088800000, 0x0000000088800000|100%| O|  |TAMS 0x0000000088800000| PB 0x0000000088700000| Untracked 
| 136|0x0000000088800000, 0x0000000088900000, 0x0000000088900000|100%| O|  |TAMS 0x0000000088900000| PB 0x0000000088800000| Untracked 
| 137|0x0000000088900000, 0x0000000088a00000, 0x0000000088a00000|100%| O|  |TAMS 0x0000000088a00000| PB 0x0000000088900000| Untracked 
| 138|0x0000000088a00000, 0x0000000088b00000, 0x0000000088b00000|100%| O|  |TAMS 0x0000000088b00000| PB 0x0000000088a00000| Untracked 
| 139|0x0000000088b00000, 0x0000000088c00000, 0x0000000088c00000|100%| O|  |TAMS 0x0000000088c00000| PB 0x0000000088b00000| Untracked 
| 140|0x0000000088c00000, 0x0000000088c923a0, 0x0000000088d00000| 57%| O|  |TAMS 0x0000000088c923a0| PB 0x0000000088c00000| Untracked 
| 141|0x0000000088d00000, 0x0000000088e00000, 0x0000000088e00000|100%| O|  |TAMS 0x0000000088e00000| PB 0x0000000088d00000| Untracked 
| 142|0x0000000088e00000, 0x0000000088f00000, 0x0000000088f00000|100%| O|  |TAMS 0x0000000088f00000| PB 0x0000000088e00000| Untracked 
| 143|0x0000000088f00000, 0x0000000089000000, 0x0000000089000000|100%| O|  |TAMS 0x0000000089000000| PB 0x0000000088f00000| Untracked 
| 144|0x0000000089000000, 0x0000000089100000, 0x0000000089100000|100%| O|  |TAMS 0x0000000089100000| PB 0x0000000089000000| Untracked 
| 145|0x0000000089100000, 0x0000000089100000, 0x0000000089200000|  0%| F|  |TAMS 0x0000000089100000| PB 0x0000000089100000| Untracked 
| 146|0x0000000089200000, 0x0000000089300000, 0x0000000089300000|100%| O|  |TAMS 0x0000000089300000| PB 0x0000000089200000| Untracked 
| 147|0x0000000089300000, 0x0000000089400000, 0x0000000089400000|100%| O|  |TAMS 0x0000000089400000| PB 0x0000000089300000| Untracked 
| 148|0x0000000089400000, 0x0000000089500000, 0x0000000089500000|100%| O|  |TAMS 0x0000000089500000| PB 0x0000000089400000| Untracked 
| 149|0x0000000089500000, 0x0000000089600000, 0x0000000089600000|100%| O|  |TAMS 0x0000000089600000| PB 0x0000000089500000| Untracked 
| 150|0x0000000089600000, 0x0000000089700000, 0x0000000089700000|100%| O|  |TAMS 0x0000000089700000| PB 0x0000000089600000| Untracked 
| 151|0x0000000089700000, 0x0000000089800000, 0x0000000089800000|100%| O|  |TAMS 0x0000000089800000| PB 0x0000000089700000| Untracked 
| 152|0x0000000089800000, 0x0000000089900000, 0x0000000089900000|100%| O|  |TAMS 0x0000000089900000| PB 0x0000000089800000| Untracked 
| 153|0x0000000089900000, 0x0000000089a00000, 0x0000000089a00000|100%| O|  |TAMS 0x0000000089a00000| PB 0x0000000089900000| Untracked 
| 154|0x0000000089a00000, 0x0000000089b00000, 0x0000000089b00000|100%| O|  |TAMS 0x0000000089b00000| PB 0x0000000089a00000| Untracked 
| 155|0x0000000089b00000, 0x0000000089c00000, 0x0000000089c00000|100%| O|  |TAMS 0x0000000089c00000| PB 0x0000000089b00000| Untracked 
| 156|0x0000000089c00000, 0x0000000089d00000, 0x0000000089d00000|100%| O|  |TAMS 0x0000000089d00000| PB 0x0000000089c00000| Untracked 
| 157|0x0000000089d00000, 0x0000000089e00000, 0x0000000089e00000|100%| O|  |TAMS 0x0000000089e00000| PB 0x0000000089d00000| Untracked 
| 158|0x0000000089e00000, 0x0000000089e00000, 0x0000000089f00000|  0%| F|  |TAMS 0x0000000089e00000| PB 0x0000000089e00000| Untracked 
| 159|0x0000000089f00000, 0x000000008a000000, 0x000000008a000000|100%| O|  |TAMS 0x000000008a000000| PB 0x0000000089f00000| Untracked 
| 160|0x000000008a000000, 0x000000008a100000, 0x000000008a100000|100%| O|  |TAMS 0x000000008a100000| PB 0x000000008a000000| Untracked 
| 161|0x000000008a100000, 0x000000008a200000, 0x000000008a200000|100%| O|  |TAMS 0x000000008a200000| PB 0x000000008a100000| Untracked 
| 162|0x000000008a200000, 0x000000008a300000, 0x000000008a300000|100%| O|  |TAMS 0x000000008a300000| PB 0x000000008a200000| Untracked 
| 163|0x000000008a300000, 0x000000008a400000, 0x000000008a400000|100%| O|  |TAMS 0x000000008a400000| PB 0x000000008a300000| Untracked 
| 164|0x000000008a400000, 0x000000008a500000, 0x000000008a500000|100%| O|  |TAMS 0x000000008a500000| PB 0x000000008a400000| Untracked 
| 165|0x000000008a500000, 0x000000008a600000, 0x000000008a600000|100%| O|  |TAMS 0x000000008a600000| PB 0x000000008a500000| Untracked 
| 166|0x000000008a600000, 0x000000008a700000, 0x000000008a700000|100%| O|  |TAMS 0x000000008a700000| PB 0x000000008a600000| Untracked 
| 167|0x000000008a700000, 0x000000008a800000, 0x000000008a800000|100%| O|  |TAMS 0x000000008a800000| PB 0x000000008a700000| Untracked 
| 168|0x000000008a800000, 0x000000008a900000, 0x000000008a900000|100%| O|  |TAMS 0x000000008a900000| PB 0x000000008a800000| Untracked 
| 169|0x000000008a900000, 0x000000008aa00000, 0x000000008aa00000|100%| O|  |TAMS 0x000000008aa00000| PB 0x000000008a900000| Untracked 
| 170|0x000000008aa00000, 0x000000008aa00000, 0x000000008ab00000|  0%| F|  |TAMS 0x000000008aa00000| PB 0x000000008aa00000| Untracked 
| 171|0x000000008ab00000, 0x000000008ac00000, 0x000000008ac00000|100%| O|  |TAMS 0x000000008ac00000| PB 0x000000008ab00000| Untracked 
| 172|0x000000008ac00000, 0x000000008ad00000, 0x000000008ad00000|100%| O|  |TAMS 0x000000008ad00000| PB 0x000000008ac00000| Untracked 
| 173|0x000000008ad00000, 0x000000008ae00000, 0x000000008ae00000|100%| O|  |TAMS 0x000000008ae00000| PB 0x000000008ad00000| Untracked 
| 174|0x000000008ae00000, 0x000000008af00000, 0x000000008af00000|100%| O|  |TAMS 0x000000008af00000| PB 0x000000008ae00000| Untracked 
| 175|0x000000008af00000, 0x000000008b000000, 0x000000008b000000|100%| O|  |TAMS 0x000000008b000000| PB 0x000000008af00000| Untracked 
| 176|0x000000008b000000, 0x000000008b000000, 0x000000008b100000|  0%| F|  |TAMS 0x000000008b000000| PB 0x000000008b000000| Untracked 
| 177|0x000000008b100000, 0x000000008b100000, 0x000000008b200000|  0%| F|  |TAMS 0x000000008b100000| PB 0x000000008b100000| Untracked 
| 178|0x000000008b200000, 0x000000008b200000, 0x000000008b300000|  0%| F|  |TAMS 0x000000008b200000| PB 0x000000008b200000| Untracked 
| 179|0x000000008b300000, 0x000000008b300000, 0x000000008b400000|  0%| F|  |TAMS 0x000000008b300000| PB 0x000000008b300000| Untracked 
| 180|0x000000008b400000, 0x000000008b400000, 0x000000008b500000|  0%| F|  |TAMS 0x000000008b400000| PB 0x000000008b400000| Untracked 
| 181|0x000000008b500000, 0x000000008b500000, 0x000000008b600000|  0%| F|  |TAMS 0x000000008b500000| PB 0x000000008b500000| Untracked 
| 182|0x000000008b600000, 0x000000008b600000, 0x000000008b700000|  0%| F|  |TAMS 0x000000008b600000| PB 0x000000008b600000| Untracked 
| 183|0x000000008b700000, 0x000000008b700000, 0x000000008b800000|  0%| F|  |TAMS 0x000000008b700000| PB 0x000000008b700000| Untracked 
| 184|0x000000008b800000, 0x000000008b800000, 0x000000008b900000|  0%| F|  |TAMS 0x000000008b800000| PB 0x000000008b800000| Untracked 
| 185|0x000000008b900000, 0x000000008b900000, 0x000000008ba00000|  0%| F|  |TAMS 0x000000008b900000| PB 0x000000008b900000| Untracked 
| 186|0x000000008ba00000, 0x000000008ba00000, 0x000000008bb00000|  0%| F|  |TAMS 0x000000008ba00000| PB 0x000000008ba00000| Untracked 
| 187|0x000000008bb00000, 0x000000008bb00000, 0x000000008bc00000|  0%| F|  |TAMS 0x000000008bb00000| PB 0x000000008bb00000| Untracked 
| 188|0x000000008bc00000, 0x000000008bc00000, 0x000000008bd00000|  0%| F|  |TAMS 0x000000008bc00000| PB 0x000000008bc00000| Untracked 
| 189|0x000000008bd00000, 0x000000008bd00000, 0x000000008be00000|  0%| F|  |TAMS 0x000000008bd00000| PB 0x000000008bd00000| Untracked 
| 190|0x000000008be00000, 0x000000008be00000, 0x000000008bf00000|  0%| F|  |TAMS 0x000000008be00000| PB 0x000000008be00000| Untracked 
| 191|0x000000008bf00000, 0x000000008bf00000, 0x000000008c000000|  0%| F|  |TAMS 0x000000008bf00000| PB 0x000000008bf00000| Untracked 
| 192|0x000000008c000000, 0x000000008c000000, 0x000000008c100000|  0%| F|  |TAMS 0x000000008c000000| PB 0x000000008c000000| Untracked 
| 193|0x000000008c100000, 0x000000008c100000, 0x000000008c200000|  0%| F|  |TAMS 0x000000008c100000| PB 0x000000008c100000| Untracked 
| 194|0x000000008c200000, 0x000000008c200000, 0x000000008c300000|  0%| F|  |TAMS 0x000000008c200000| PB 0x000000008c200000| Untracked 
| 195|0x000000008c300000, 0x000000008c300000, 0x000000008c400000|  0%| F|  |TAMS 0x000000008c300000| PB 0x000000008c300000| Untracked 
| 196|0x000000008c400000, 0x000000008c400000, 0x000000008c500000|  0%| F|  |TAMS 0x000000008c400000| PB 0x000000008c400000| Untracked 
| 197|0x000000008c500000, 0x000000008c500000, 0x000000008c600000|  0%| F|  |TAMS 0x000000008c500000| PB 0x000000008c500000| Untracked 
| 198|0x000000008c600000, 0x000000008c600000, 0x000000008c700000|  0%| F|  |TAMS 0x000000008c600000| PB 0x000000008c600000| Untracked 
| 199|0x000000008c700000, 0x000000008c700000, 0x000000008c800000|  0%| F|  |TAMS 0x000000008c700000| PB 0x000000008c700000| Untracked 
| 200|0x000000008c800000, 0x000000008c800000, 0x000000008c900000|  0%| F|  |TAMS 0x000000008c800000| PB 0x000000008c800000| Untracked 
| 201|0x000000008c900000, 0x000000008c900000, 0x000000008ca00000|  0%| F|  |TAMS 0x000000008c900000| PB 0x000000008c900000| Untracked 
| 202|0x000000008ca00000, 0x000000008ca00000, 0x000000008cb00000|  0%| F|  |TAMS 0x000000008ca00000| PB 0x000000008ca00000| Untracked 
| 203|0x000000008cb00000, 0x000000008cb00000, 0x000000008cc00000|  0%| F|  |TAMS 0x000000008cb00000| PB 0x000000008cb00000| Untracked 
| 204|0x000000008cc00000, 0x000000008cc00000, 0x000000008cd00000|  0%| F|  |TAMS 0x000000008cc00000| PB 0x000000008cc00000| Untracked 
| 205|0x000000008cd00000, 0x000000008cd00000, 0x000000008ce00000|  0%| F|  |TAMS 0x000000008cd00000| PB 0x000000008cd00000| Untracked 
| 206|0x000000008ce00000, 0x000000008ce00000, 0x000000008cf00000|  0%| F|  |TAMS 0x000000008ce00000| PB 0x000000008ce00000| Untracked 
| 207|0x000000008cf00000, 0x000000008cf00000, 0x000000008d000000|  0%| F|  |TAMS 0x000000008cf00000| PB 0x000000008cf00000| Untracked 
| 208|0x000000008d000000, 0x000000008d000000, 0x000000008d100000|  0%| F|  |TAMS 0x000000008d000000| PB 0x000000008d000000| Untracked 
| 209|0x000000008d100000, 0x000000008d100000, 0x000000008d200000|  0%| F|  |TAMS 0x000000008d100000| PB 0x000000008d100000| Untracked 
| 210|0x000000008d200000, 0x000000008d200000, 0x000000008d300000|  0%| F|  |TAMS 0x000000008d200000| PB 0x000000008d200000| Untracked 
| 211|0x000000008d300000, 0x000000008d300000, 0x000000008d400000|  0%| F|  |TAMS 0x000000008d300000| PB 0x000000008d300000| Untracked 
| 212|0x000000008d400000, 0x000000008d400000, 0x000000008d500000|  0%| F|  |TAMS 0x000000008d400000| PB 0x000000008d400000| Untracked 
| 213|0x000000008d500000, 0x000000008d500000, 0x000000008d600000|  0%| F|  |TAMS 0x000000008d500000| PB 0x000000008d500000| Untracked 
| 214|0x000000008d600000, 0x000000008d600000, 0x000000008d700000|  0%| F|  |TAMS 0x000000008d600000| PB 0x000000008d600000| Untracked 
| 215|0x000000008d700000, 0x000000008d700000, 0x000000008d800000|  0%| F|  |TAMS 0x000000008d700000| PB 0x000000008d700000| Untracked 
| 216|0x000000008d800000, 0x000000008d800000, 0x000000008d900000|  0%| F|  |TAMS 0x000000008d800000| PB 0x000000008d800000| Untracked 
| 217|0x000000008d900000, 0x000000008d900000, 0x000000008da00000|  0%| F|  |TAMS 0x000000008d900000| PB 0x000000008d900000| Untracked 
| 218|0x000000008da00000, 0x000000008da00000, 0x000000008db00000|  0%| F|  |TAMS 0x000000008da00000| PB 0x000000008da00000| Untracked 
| 219|0x000000008db00000, 0x000000008db00000, 0x000000008dc00000|  0%| F|  |TAMS 0x000000008db00000| PB 0x000000008db00000| Untracked 
| 220|0x000000008dc00000, 0x000000008dc00000, 0x000000008dd00000|  0%| F|  |TAMS 0x000000008dc00000| PB 0x000000008dc00000| Untracked 
| 221|0x000000008dd00000, 0x000000008dd00000, 0x000000008de00000|  0%| F|  |TAMS 0x000000008dd00000| PB 0x000000008dd00000| Untracked 
| 222|0x000000008de00000, 0x000000008de00000, 0x000000008df00000|  0%| F|  |TAMS 0x000000008de00000| PB 0x000000008de00000| Untracked 
| 223|0x000000008df00000, 0x000000008df00000, 0x000000008e000000|  0%| F|  |TAMS 0x000000008df00000| PB 0x000000008df00000| Untracked 
| 224|0x000000008e000000, 0x000000008e000000, 0x000000008e100000|  0%| F|  |TAMS 0x000000008e000000| PB 0x000000008e000000| Untracked 
| 225|0x000000008e100000, 0x000000008e100000, 0x000000008e200000|  0%| F|  |TAMS 0x000000008e100000| PB 0x000000008e100000| Untracked 
| 226|0x000000008e200000, 0x000000008e200000, 0x000000008e300000|  0%| F|  |TAMS 0x000000008e200000| PB 0x000000008e200000| Untracked 
| 227|0x000000008e300000, 0x000000008e300000, 0x000000008e400000|  0%| F|  |TAMS 0x000000008e300000| PB 0x000000008e300000| Untracked 
| 228|0x000000008e400000, 0x000000008e400000, 0x000000008e500000|  0%| F|  |TAMS 0x000000008e400000| PB 0x000000008e400000| Untracked 
| 229|0x000000008e500000, 0x000000008e500000, 0x000000008e600000|  0%| F|  |TAMS 0x000000008e500000| PB 0x000000008e500000| Untracked 
| 230|0x000000008e600000, 0x000000008e600000, 0x000000008e700000|  0%| F|  |TAMS 0x000000008e600000| PB 0x000000008e600000| Untracked 
| 231|0x000000008e700000, 0x000000008e700000, 0x000000008e800000|  0%| F|  |TAMS 0x000000008e700000| PB 0x000000008e700000| Untracked 
| 232|0x000000008e800000, 0x000000008e800000, 0x000000008e900000|  0%| F|  |TAMS 0x000000008e800000| PB 0x000000008e800000| Untracked 
| 233|0x000000008e900000, 0x000000008e900000, 0x000000008ea00000|  0%| F|  |TAMS 0x000000008e900000| PB 0x000000008e900000| Untracked 
| 234|0x000000008ea00000, 0x000000008ea00000, 0x000000008eb00000|  0%| F|  |TAMS 0x000000008ea00000| PB 0x000000008ea00000| Untracked 
| 235|0x000000008eb00000, 0x000000008eb00000, 0x000000008ec00000|  0%| F|  |TAMS 0x000000008eb00000| PB 0x000000008eb00000| Untracked 
| 236|0x000000008ec00000, 0x000000008ec00000, 0x000000008ed00000|  0%| F|  |TAMS 0x000000008ec00000| PB 0x000000008ec00000| Untracked 
| 237|0x000000008ed00000, 0x000000008ed00000, 0x000000008ee00000|  0%| F|  |TAMS 0x000000008ed00000| PB 0x000000008ed00000| Untracked 
| 238|0x000000008ee00000, 0x000000008ee00000, 0x000000008ef00000|  0%| F|  |TAMS 0x000000008ee00000| PB 0x000000008ee00000| Untracked 
| 239|0x000000008ef00000, 0x000000008ef00000, 0x000000008f000000|  0%| F|  |TAMS 0x000000008ef00000| PB 0x000000008ef00000| Untracked 
| 240|0x000000008f000000, 0x000000008f000000, 0x000000008f100000|  0%| F|  |TAMS 0x000000008f000000| PB 0x000000008f000000| Untracked 
| 241|0x000000008f100000, 0x000000008f100000, 0x000000008f200000|  0%| F|  |TAMS 0x000000008f100000| PB 0x000000008f100000| Untracked 
| 242|0x000000008f200000, 0x000000008f200000, 0x000000008f300000|  0%| F|  |TAMS 0x000000008f200000| PB 0x000000008f200000| Untracked 
| 243|0x000000008f300000, 0x000000008f300000, 0x000000008f400000|  0%| F|  |TAMS 0x000000008f300000| PB 0x000000008f300000| Untracked 
| 244|0x000000008f400000, 0x000000008f400000, 0x000000008f500000|  0%| F|  |TAMS 0x000000008f400000| PB 0x000000008f400000| Untracked 
| 245|0x000000008f500000, 0x000000008f500000, 0x000000008f600000|  0%| F|  |TAMS 0x000000008f500000| PB 0x000000008f500000| Untracked 
| 246|0x000000008f600000, 0x000000008f600000, 0x000000008f700000|  0%| F|  |TAMS 0x000000008f600000| PB 0x000000008f600000| Untracked 
| 247|0x000000008f700000, 0x000000008f700000, 0x000000008f800000|  0%| F|  |TAMS 0x000000008f700000| PB 0x000000008f700000| Untracked 
| 248|0x000000008f800000, 0x000000008f800000, 0x000000008f900000|  0%| F|  |TAMS 0x000000008f800000| PB 0x000000008f800000| Untracked 
| 249|0x000000008f900000, 0x000000008f900000, 0x000000008fa00000|  0%| F|  |TAMS 0x000000008f900000| PB 0x000000008f900000| Untracked 
| 250|0x000000008fa00000, 0x000000008fa00000, 0x000000008fb00000|  0%| F|  |TAMS 0x000000008fa00000| PB 0x000000008fa00000| Untracked 
| 251|0x000000008fb00000, 0x000000008fb00000, 0x000000008fc00000|  0%| F|  |TAMS 0x000000008fb00000| PB 0x000000008fb00000| Untracked 
| 252|0x000000008fc00000, 0x000000008fc00000, 0x000000008fd00000|  0%| F|  |TAMS 0x000000008fc00000| PB 0x000000008fc00000| Untracked 
| 253|0x000000008fd00000, 0x000000008fd00000, 0x000000008fe00000|  0%| F|  |TAMS 0x000000008fd00000| PB 0x000000008fd00000| Untracked 
| 254|0x000000008fe00000, 0x000000008fe00000, 0x000000008ff00000|  0%| F|  |TAMS 0x000000008fe00000| PB 0x000000008fe00000| Untracked 
| 255|0x000000008ff00000, 0x000000008ff00000, 0x0000000090000000|  0%| F|  |TAMS 0x000000008ff00000| PB 0x000000008ff00000| Untracked 
| 256|0x0000000090000000, 0x0000000090000000, 0x0000000090100000|  0%| F|  |TAMS 0x0000000090000000| PB 0x0000000090000000| Untracked 
| 257|0x0000000090100000, 0x0000000090100000, 0x0000000090200000|  0%| F|  |TAMS 0x0000000090100000| PB 0x0000000090100000| Untracked 
| 258|0x0000000090200000, 0x0000000090200000, 0x0000000090300000|  0%| F|  |TAMS 0x0000000090200000| PB 0x0000000090200000| Untracked 
| 259|0x0000000090300000, 0x0000000090300000, 0x0000000090400000|  0%| F|  |TAMS 0x0000000090300000| PB 0x0000000090300000| Untracked 
| 260|0x0000000090400000, 0x0000000090400000, 0x0000000090500000|  0%| F|  |TAMS 0x0000000090400000| PB 0x0000000090400000| Untracked 
| 261|0x0000000090500000, 0x0000000090500000, 0x0000000090600000|  0%| F|  |TAMS 0x0000000090500000| PB 0x0000000090500000| Untracked 
| 262|0x0000000090600000, 0x0000000090600000, 0x0000000090700000|  0%| F|  |TAMS 0x0000000090600000| PB 0x0000000090600000| Untracked 
| 263|0x0000000090700000, 0x0000000090700000, 0x0000000090800000|  0%| F|  |TAMS 0x0000000090700000| PB 0x0000000090700000| Untracked 
| 264|0x0000000090800000, 0x0000000090800000, 0x0000000090900000|  0%| F|  |TAMS 0x0000000090800000| PB 0x0000000090800000| Untracked 
| 265|0x0000000090900000, 0x0000000090900000, 0x0000000090a00000|  0%| F|  |TAMS 0x0000000090900000| PB 0x0000000090900000| Untracked 
| 266|0x0000000090a00000, 0x0000000090a00000, 0x0000000090b00000|  0%| F|  |TAMS 0x0000000090a00000| PB 0x0000000090a00000| Untracked 
| 267|0x0000000090b00000, 0x0000000090b00000, 0x0000000090c00000|  0%| F|  |TAMS 0x0000000090b00000| PB 0x0000000090b00000| Untracked 
| 268|0x0000000090c00000, 0x0000000090c00000, 0x0000000090d00000|  0%| F|  |TAMS 0x0000000090c00000| PB 0x0000000090c00000| Untracked 
| 269|0x0000000090d00000, 0x0000000090d00000, 0x0000000090e00000|  0%| F|  |TAMS 0x0000000090d00000| PB 0x0000000090d00000| Untracked 
| 270|0x0000000090e00000, 0x0000000090e00000, 0x0000000090f00000|  0%| F|  |TAMS 0x0000000090e00000| PB 0x0000000090e00000| Untracked 
| 271|0x0000000090f00000, 0x0000000090f00000, 0x0000000091000000|  0%| F|  |TAMS 0x0000000090f00000| PB 0x0000000090f00000| Untracked 
| 272|0x0000000091000000, 0x0000000091000000, 0x0000000091100000|  0%| F|  |TAMS 0x0000000091000000| PB 0x0000000091000000| Untracked 
| 273|0x0000000091100000, 0x0000000091100000, 0x0000000091200000|  0%| F|  |TAMS 0x0000000091100000| PB 0x0000000091100000| Untracked 
| 274|0x0000000091200000, 0x0000000091200000, 0x0000000091300000|  0%| F|  |TAMS 0x0000000091200000| PB 0x0000000091200000| Untracked 
| 275|0x0000000091300000, 0x0000000091300000, 0x0000000091400000|  0%| F|  |TAMS 0x0000000091300000| PB 0x0000000091300000| Untracked 
| 276|0x0000000091400000, 0x0000000091400000, 0x0000000091500000|  0%| F|  |TAMS 0x0000000091400000| PB 0x0000000091400000| Untracked 
| 277|0x0000000091500000, 0x0000000091500000, 0x0000000091600000|  0%| F|  |TAMS 0x0000000091500000| PB 0x0000000091500000| Untracked 
| 278|0x0000000091600000, 0x0000000091600000, 0x0000000091700000|  0%| F|  |TAMS 0x0000000091600000| PB 0x0000000091600000| Untracked 
| 279|0x0000000091700000, 0x0000000091700000, 0x0000000091800000|  0%| F|  |TAMS 0x0000000091700000| PB 0x0000000091700000| Untracked 
| 280|0x0000000091800000, 0x0000000091800000, 0x0000000091900000|  0%| F|  |TAMS 0x0000000091800000| PB 0x0000000091800000| Untracked 
| 281|0x0000000091900000, 0x0000000091900000, 0x0000000091a00000|  0%| F|  |TAMS 0x0000000091900000| PB 0x0000000091900000| Untracked 
| 282|0x0000000091a00000, 0x0000000091a00000, 0x0000000091b00000|  0%| F|  |TAMS 0x0000000091a00000| PB 0x0000000091a00000| Untracked 
| 283|0x0000000091b00000, 0x0000000091b00000, 0x0000000091c00000|  0%| F|  |TAMS 0x0000000091b00000| PB 0x0000000091b00000| Untracked 
| 284|0x0000000091c00000, 0x0000000091c00000, 0x0000000091d00000|  0%| F|  |TAMS 0x0000000091c00000| PB 0x0000000091c00000| Untracked 
| 285|0x0000000091d00000, 0x0000000091d00000, 0x0000000091e00000|  0%| F|  |TAMS 0x0000000091d00000| PB 0x0000000091d00000| Untracked 
| 286|0x0000000091e00000, 0x0000000091e00000, 0x0000000091f00000|  0%| F|  |TAMS 0x0000000091e00000| PB 0x0000000091e00000| Untracked 
| 287|0x0000000091f00000, 0x0000000091f00000, 0x0000000092000000|  0%| F|  |TAMS 0x0000000091f00000| PB 0x0000000091f00000| Untracked 
| 288|0x0000000092000000, 0x0000000092000000, 0x0000000092100000|  0%| F|  |TAMS 0x0000000092000000| PB 0x0000000092000000| Untracked 
| 289|0x0000000092100000, 0x0000000092100000, 0x0000000092200000|  0%| F|  |TAMS 0x0000000092100000| PB 0x0000000092100000| Untracked 
| 290|0x0000000092200000, 0x0000000092200000, 0x0000000092300000|  0%| F|  |TAMS 0x0000000092200000| PB 0x0000000092200000| Untracked 
| 291|0x0000000092300000, 0x0000000092300000, 0x0000000092400000|  0%| F|  |TAMS 0x0000000092300000| PB 0x0000000092300000| Untracked 
| 292|0x0000000092400000, 0x0000000092400000, 0x0000000092500000|  0%| F|  |TAMS 0x0000000092400000| PB 0x0000000092400000| Untracked 
| 293|0x0000000092500000, 0x0000000092500000, 0x0000000092600000|  0%| F|  |TAMS 0x0000000092500000| PB 0x0000000092500000| Untracked 
| 294|0x0000000092600000, 0x0000000092600000, 0x0000000092700000|  0%| F|  |TAMS 0x0000000092600000| PB 0x0000000092600000| Untracked 
| 295|0x0000000092700000, 0x0000000092700000, 0x0000000092800000|  0%| F|  |TAMS 0x0000000092700000| PB 0x0000000092700000| Untracked 
| 296|0x0000000092800000, 0x0000000092800000, 0x0000000092900000|  0%| F|  |TAMS 0x0000000092800000| PB 0x0000000092800000| Untracked 
| 297|0x0000000092900000, 0x0000000092900000, 0x0000000092a00000|  0%| F|  |TAMS 0x0000000092900000| PB 0x0000000092900000| Untracked 
| 298|0x0000000092a00000, 0x0000000092a00000, 0x0000000092b00000|  0%| F|  |TAMS 0x0000000092a00000| PB 0x0000000092a00000| Untracked 
| 299|0x0000000092b00000, 0x0000000092b00000, 0x0000000092c00000|  0%| F|  |TAMS 0x0000000092b00000| PB 0x0000000092b00000| Untracked 
| 300|0x0000000092c00000, 0x0000000092c00000, 0x0000000092d00000|  0%| F|  |TAMS 0x0000000092c00000| PB 0x0000000092c00000| Untracked 
| 301|0x0000000092d00000, 0x0000000092d00000, 0x0000000092e00000|  0%| F|  |TAMS 0x0000000092d00000| PB 0x0000000092d00000| Untracked 
| 302|0x0000000092e00000, 0x0000000092e00000, 0x0000000092f00000|  0%| F|  |TAMS 0x0000000092e00000| PB 0x0000000092e00000| Untracked 
| 303|0x0000000092f00000, 0x0000000092f00000, 0x0000000093000000|  0%| F|  |TAMS 0x0000000092f00000| PB 0x0000000092f00000| Untracked 
| 304|0x0000000093000000, 0x0000000093000000, 0x0000000093100000|  0%| F|  |TAMS 0x0000000093000000| PB 0x0000000093000000| Untracked 
| 305|0x0000000093100000, 0x0000000093100000, 0x0000000093200000|  0%| F|  |TAMS 0x0000000093100000| PB 0x0000000093100000| Untracked 
| 306|0x0000000093200000, 0x0000000093200000, 0x0000000093300000|  0%| F|  |TAMS 0x0000000093200000| PB 0x0000000093200000| Untracked 
| 307|0x0000000093300000, 0x0000000093300000, 0x0000000093400000|  0%| F|  |TAMS 0x0000000093300000| PB 0x0000000093300000| Untracked 
| 308|0x0000000093400000, 0x0000000093400000, 0x0000000093500000|  0%| F|  |TAMS 0x0000000093400000| PB 0x0000000093400000| Untracked 
| 309|0x0000000093500000, 0x0000000093500000, 0x0000000093600000|  0%| F|  |TAMS 0x0000000093500000| PB 0x0000000093500000| Untracked 
| 310|0x0000000093600000, 0x0000000093600000, 0x0000000093700000|  0%| F|  |TAMS 0x0000000093600000| PB 0x0000000093600000| Untracked 
| 311|0x0000000093700000, 0x0000000093700000, 0x0000000093800000|  0%| F|  |TAMS 0x0000000093700000| PB 0x0000000093700000| Untracked 
| 312|0x0000000093800000, 0x0000000093800000, 0x0000000093900000|  0%| F|  |TAMS 0x0000000093800000| PB 0x0000000093800000| Untracked 
| 313|0x0000000093900000, 0x0000000093900000, 0x0000000093a00000|  0%| F|  |TAMS 0x0000000093900000| PB 0x0000000093900000| Untracked 
| 314|0x0000000093a00000, 0x0000000093a00000, 0x0000000093b00000|  0%| F|  |TAMS 0x0000000093a00000| PB 0x0000000093a00000| Untracked 
| 315|0x0000000093b00000, 0x0000000093b00000, 0x0000000093c00000|  0%| F|  |TAMS 0x0000000093b00000| PB 0x0000000093b00000| Untracked 
| 316|0x0000000093c00000, 0x0000000093c00000, 0x0000000093d00000|  0%| F|  |TAMS 0x0000000093c00000| PB 0x0000000093c00000| Untracked 
| 317|0x0000000093d00000, 0x0000000093d00000, 0x0000000093e00000|  0%| F|  |TAMS 0x0000000093d00000| PB 0x0000000093d00000| Untracked 
| 318|0x0000000093e00000, 0x0000000093e00000, 0x0000000093f00000|  0%| F|  |TAMS 0x0000000093e00000| PB 0x0000000093e00000| Untracked 
| 319|0x0000000093f00000, 0x0000000093f00000, 0x0000000094000000|  0%| F|  |TAMS 0x0000000093f00000| PB 0x0000000093f00000| Untracked 
| 320|0x0000000094000000, 0x0000000094000000, 0x0000000094100000|  0%| F|  |TAMS 0x0000000094000000| PB 0x0000000094000000| Untracked 
| 321|0x0000000094100000, 0x0000000094100000, 0x0000000094200000|  0%| F|  |TAMS 0x0000000094100000| PB 0x0000000094100000| Untracked 
| 322|0x0000000094200000, 0x0000000094200000, 0x0000000094300000|  0%| F|  |TAMS 0x0000000094200000| PB 0x0000000094200000| Untracked 
| 323|0x0000000094300000, 0x0000000094300000, 0x0000000094400000|  0%| F|  |TAMS 0x0000000094300000| PB 0x0000000094300000| Untracked 
| 324|0x0000000094400000, 0x0000000094400000, 0x0000000094500000|  0%| F|  |TAMS 0x0000000094400000| PB 0x0000000094400000| Untracked 
| 325|0x0000000094500000, 0x0000000094500000, 0x0000000094600000|  0%| F|  |TAMS 0x0000000094500000| PB 0x0000000094500000| Untracked 
| 326|0x0000000094600000, 0x0000000094600000, 0x0000000094700000|  0%| F|  |TAMS 0x0000000094600000| PB 0x0000000094600000| Untracked 
| 327|0x0000000094700000, 0x0000000094700000, 0x0000000094800000|  0%| F|  |TAMS 0x0000000094700000| PB 0x0000000094700000| Untracked 
| 328|0x0000000094800000, 0x0000000094800000, 0x0000000094900000|  0%| F|  |TAMS 0x0000000094800000| PB 0x0000000094800000| Untracked 
| 329|0x0000000094900000, 0x0000000094900000, 0x0000000094a00000|  0%| F|  |TAMS 0x0000000094900000| PB 0x0000000094900000| Untracked 
| 330|0x0000000094a00000, 0x0000000094a00000, 0x0000000094b00000|  0%| F|  |TAMS 0x0000000094a00000| PB 0x0000000094a00000| Untracked 
| 331|0x0000000094b00000, 0x0000000094b00000, 0x0000000094c00000|  0%| F|  |TAMS 0x0000000094b00000| PB 0x0000000094b00000| Untracked 
| 332|0x0000000094c00000, 0x0000000094c00000, 0x0000000094d00000|  0%| F|  |TAMS 0x0000000094c00000| PB 0x0000000094c00000| Untracked 
| 333|0x0000000094d00000, 0x0000000094d00000, 0x0000000094e00000|  0%| F|  |TAMS 0x0000000094d00000| PB 0x0000000094d00000| Untracked 
| 334|0x0000000094e00000, 0x0000000094e00000, 0x0000000094f00000|  0%| F|  |TAMS 0x0000000094e00000| PB 0x0000000094e00000| Untracked 
| 335|0x0000000094f00000, 0x0000000094f00000, 0x0000000095000000|  0%| F|  |TAMS 0x0000000094f00000| PB 0x0000000094f00000| Untracked 
| 336|0x0000000095000000, 0x0000000095000000, 0x0000000095100000|  0%| F|  |TAMS 0x0000000095000000| PB 0x0000000095000000| Untracked 
| 337|0x0000000095100000, 0x0000000095100000, 0x0000000095200000|  0%| F|  |TAMS 0x0000000095100000| PB 0x0000000095100000| Untracked 
| 338|0x0000000095200000, 0x0000000095200000, 0x0000000095300000|  0%| F|  |TAMS 0x0000000095200000| PB 0x0000000095200000| Untracked 
| 339|0x0000000095300000, 0x0000000095300000, 0x0000000095400000|  0%| F|  |TAMS 0x0000000095300000| PB 0x0000000095300000| Untracked 
| 340|0x0000000095400000, 0x0000000095400000, 0x0000000095500000|  0%| F|  |TAMS 0x0000000095400000| PB 0x0000000095400000| Untracked 
| 341|0x0000000095500000, 0x0000000095500000, 0x0000000095600000|  0%| F|  |TAMS 0x0000000095500000| PB 0x0000000095500000| Untracked 
| 342|0x0000000095600000, 0x0000000095600000, 0x0000000095700000|  0%| F|  |TAMS 0x0000000095600000| PB 0x0000000095600000| Untracked 
| 343|0x0000000095700000, 0x0000000095700000, 0x0000000095800000|  0%| F|  |TAMS 0x0000000095700000| PB 0x0000000095700000| Untracked 
| 344|0x0000000095800000, 0x0000000095800000, 0x0000000095900000|  0%| F|  |TAMS 0x0000000095800000| PB 0x0000000095800000| Untracked 
| 345|0x0000000095900000, 0x0000000095900000, 0x0000000095a00000|  0%| F|  |TAMS 0x0000000095900000| PB 0x0000000095900000| Untracked 
| 346|0x0000000095a00000, 0x0000000095a00000, 0x0000000095b00000|  0%| F|  |TAMS 0x0000000095a00000| PB 0x0000000095a00000| Untracked 
| 347|0x0000000095b00000, 0x0000000095b00000, 0x0000000095c00000|  0%| F|  |TAMS 0x0000000095b00000| PB 0x0000000095b00000| Untracked 
| 348|0x0000000095c00000, 0x0000000095c00000, 0x0000000095d00000|  0%| F|  |TAMS 0x0000000095c00000| PB 0x0000000095c00000| Untracked 
| 349|0x0000000095d00000, 0x0000000095d00000, 0x0000000095e00000|  0%| F|  |TAMS 0x0000000095d00000| PB 0x0000000095d00000| Untracked 
| 350|0x0000000095e00000, 0x0000000095e00000, 0x0000000095f00000|  0%| F|  |TAMS 0x0000000095e00000| PB 0x0000000095e00000| Untracked 
| 351|0x0000000095f00000, 0x0000000095f00000, 0x0000000096000000|  0%| F|  |TAMS 0x0000000095f00000| PB 0x0000000095f00000| Untracked 
| 352|0x0000000096000000, 0x0000000096000000, 0x0000000096100000|  0%| F|  |TAMS 0x0000000096000000| PB 0x0000000096000000| Untracked 
| 353|0x0000000096100000, 0x0000000096100000, 0x0000000096200000|  0%| F|  |TAMS 0x0000000096100000| PB 0x0000000096100000| Untracked 
| 354|0x0000000096200000, 0x0000000096200000, 0x0000000096300000|  0%| F|  |TAMS 0x0000000096200000| PB 0x0000000096200000| Untracked 
| 355|0x0000000096300000, 0x0000000096300000, 0x0000000096400000|  0%| F|  |TAMS 0x0000000096300000| PB 0x0000000096300000| Untracked 
| 356|0x0000000096400000, 0x0000000096400000, 0x0000000096500000|  0%| F|  |TAMS 0x0000000096400000| PB 0x0000000096400000| Untracked 
| 357|0x0000000096500000, 0x0000000096500000, 0x0000000096600000|  0%| F|  |TAMS 0x0000000096500000| PB 0x0000000096500000| Untracked 
| 358|0x0000000096600000, 0x0000000096600000, 0x0000000096700000|  0%| F|  |TAMS 0x0000000096600000| PB 0x0000000096600000| Untracked 
| 359|0x0000000096700000, 0x0000000096700000, 0x0000000096800000|  0%| F|  |TAMS 0x0000000096700000| PB 0x0000000096700000| Untracked 
| 360|0x0000000096800000, 0x0000000096800000, 0x0000000096900000|  0%| F|  |TAMS 0x0000000096800000| PB 0x0000000096800000| Untracked 
| 361|0x0000000096900000, 0x0000000096900000, 0x0000000096a00000|  0%| F|  |TAMS 0x0000000096900000| PB 0x0000000096900000| Untracked 
| 362|0x0000000096a00000, 0x0000000096a00000, 0x0000000096b00000|  0%| F|  |TAMS 0x0000000096a00000| PB 0x0000000096a00000| Untracked 
| 363|0x0000000096b00000, 0x0000000096b00000, 0x0000000096c00000|  0%| F|  |TAMS 0x0000000096b00000| PB 0x0000000096b00000| Untracked 
| 364|0x0000000096c00000, 0x0000000096c00000, 0x0000000096d00000|  0%| F|  |TAMS 0x0000000096c00000| PB 0x0000000096c00000| Untracked 
| 365|0x0000000096d00000, 0x0000000096d00000, 0x0000000096e00000|  0%| F|  |TAMS 0x0000000096d00000| PB 0x0000000096d00000| Untracked 
| 366|0x0000000096e00000, 0x0000000096e00000, 0x0000000096f00000|  0%| F|  |TAMS 0x0000000096e00000| PB 0x0000000096e00000| Untracked 
| 367|0x0000000096f00000, 0x0000000096f00000, 0x0000000097000000|  0%| F|  |TAMS 0x0000000096f00000| PB 0x0000000096f00000| Untracked 
| 368|0x0000000097000000, 0x0000000097000000, 0x0000000097100000|  0%| F|  |TAMS 0x0000000097000000| PB 0x0000000097000000| Untracked 
| 369|0x0000000097100000, 0x0000000097100000, 0x0000000097200000|  0%| F|  |TAMS 0x0000000097100000| PB 0x0000000097100000| Untracked 
| 370|0x0000000097200000, 0x0000000097200000, 0x0000000097300000|  0%| F|  |TAMS 0x0000000097200000| PB 0x0000000097200000| Untracked 
| 371|0x0000000097300000, 0x0000000097300000, 0x0000000097400000|  0%| F|  |TAMS 0x0000000097300000| PB 0x0000000097300000| Untracked 
| 372|0x0000000097400000, 0x0000000097400000, 0x0000000097500000|  0%| F|  |TAMS 0x0000000097400000| PB 0x0000000097400000| Untracked 
| 373|0x0000000097500000, 0x0000000097500000, 0x0000000097600000|  0%| F|  |TAMS 0x0000000097500000| PB 0x0000000097500000| Untracked 
| 374|0x0000000097600000, 0x0000000097600000, 0x0000000097700000|  0%| F|  |TAMS 0x0000000097600000| PB 0x0000000097600000| Untracked 
| 375|0x0000000097700000, 0x0000000097700000, 0x0000000097800000|  0%| F|  |TAMS 0x0000000097700000| PB 0x0000000097700000| Untracked 
| 376|0x0000000097800000, 0x0000000097800000, 0x0000000097900000|  0%| F|  |TAMS 0x0000000097800000| PB 0x0000000097800000| Untracked 
| 377|0x0000000097900000, 0x0000000097900000, 0x0000000097a00000|  0%| F|  |TAMS 0x0000000097900000| PB 0x0000000097900000| Untracked 
| 378|0x0000000097a00000, 0x0000000097a00000, 0x0000000097b00000|  0%| F|  |TAMS 0x0000000097a00000| PB 0x0000000097a00000| Untracked 
| 379|0x0000000097b00000, 0x0000000097b00000, 0x0000000097c00000|  0%| F|  |TAMS 0x0000000097b00000| PB 0x0000000097b00000| Untracked 
| 380|0x0000000097c00000, 0x0000000097c00000, 0x0000000097d00000|  0%| F|  |TAMS 0x0000000097c00000| PB 0x0000000097c00000| Untracked 
| 381|0x0000000097d00000, 0x0000000097d00000, 0x0000000097e00000|  0%| F|  |TAMS 0x0000000097d00000| PB 0x0000000097d00000| Untracked 
| 382|0x0000000097e00000, 0x0000000097e00000, 0x0000000097f00000|  0%| F|  |TAMS 0x0000000097e00000| PB 0x0000000097e00000| Untracked 
| 383|0x0000000097f00000, 0x0000000097f00000, 0x0000000098000000|  0%| F|  |TAMS 0x0000000097f00000| PB 0x0000000097f00000| Untracked 
| 384|0x0000000098000000, 0x0000000098000000, 0x0000000098100000|  0%| F|  |TAMS 0x0000000098000000| PB 0x0000000098000000| Untracked 
| 385|0x0000000098100000, 0x0000000098100000, 0x0000000098200000|  0%| F|  |TAMS 0x0000000098100000| PB 0x0000000098100000| Untracked 
| 386|0x0000000098200000, 0x0000000098200000, 0x0000000098300000|  0%| F|  |TAMS 0x0000000098200000| PB 0x0000000098200000| Untracked 
| 387|0x0000000098300000, 0x0000000098300000, 0x0000000098400000|  0%| F|  |TAMS 0x0000000098300000| PB 0x0000000098300000| Untracked 
| 388|0x0000000098400000, 0x0000000098400000, 0x0000000098500000|  0%| F|  |TAMS 0x0000000098400000| PB 0x0000000098400000| Untracked 
| 389|0x0000000098500000, 0x0000000098500000, 0x0000000098600000|  0%| F|  |TAMS 0x0000000098500000| PB 0x0000000098500000| Untracked 
| 390|0x0000000098600000, 0x0000000098600000, 0x0000000098700000|  0%| F|  |TAMS 0x0000000098600000| PB 0x0000000098600000| Untracked 
| 391|0x0000000098700000, 0x0000000098700000, 0x0000000098800000|  0%| F|  |TAMS 0x0000000098700000| PB 0x0000000098700000| Untracked 
| 392|0x0000000098800000, 0x0000000098800000, 0x0000000098900000|  0%| F|  |TAMS 0x0000000098800000| PB 0x0000000098800000| Untracked 
| 393|0x0000000098900000, 0x0000000098900000, 0x0000000098a00000|  0%| F|  |TAMS 0x0000000098900000| PB 0x0000000098900000| Untracked 
| 394|0x0000000098a00000, 0x0000000098a00000, 0x0000000098b00000|  0%| F|  |TAMS 0x0000000098a00000| PB 0x0000000098a00000| Untracked 
| 395|0x0000000098b00000, 0x0000000098b00000, 0x0000000098c00000|  0%| F|  |TAMS 0x0000000098b00000| PB 0x0000000098b00000| Untracked 
| 396|0x0000000098c00000, 0x0000000098c00000, 0x0000000098d00000|  0%| F|  |TAMS 0x0000000098c00000| PB 0x0000000098c00000| Untracked 
| 397|0x0000000098d00000, 0x0000000098d00000, 0x0000000098e00000|  0%| F|  |TAMS 0x0000000098d00000| PB 0x0000000098d00000| Untracked 
| 398|0x0000000098e00000, 0x0000000098e00000, 0x0000000098f00000|  0%| F|  |TAMS 0x0000000098e00000| PB 0x0000000098e00000| Untracked 
| 399|0x0000000098f00000, 0x0000000098f00000, 0x0000000099000000|  0%| F|  |TAMS 0x0000000098f00000| PB 0x0000000098f00000| Untracked 
| 400|0x0000000099000000, 0x0000000099000000, 0x0000000099100000|  0%| F|  |TAMS 0x0000000099000000| PB 0x0000000099000000| Untracked 
| 401|0x0000000099100000, 0x0000000099100000, 0x0000000099200000|  0%| F|  |TAMS 0x0000000099100000| PB 0x0000000099100000| Untracked 
| 402|0x0000000099200000, 0x0000000099200000, 0x0000000099300000|  0%| F|  |TAMS 0x0000000099200000| PB 0x0000000099200000| Untracked 
| 403|0x0000000099300000, 0x0000000099300000, 0x0000000099400000|  0%| F|  |TAMS 0x0000000099300000| PB 0x0000000099300000| Untracked 
| 404|0x0000000099400000, 0x0000000099400000, 0x0000000099500000|  0%| F|  |TAMS 0x0000000099400000| PB 0x0000000099400000| Untracked 
| 405|0x0000000099500000, 0x0000000099500000, 0x0000000099600000|  0%| F|  |TAMS 0x0000000099500000| PB 0x0000000099500000| Untracked 
| 406|0x0000000099600000, 0x0000000099600000, 0x0000000099700000|  0%| F|  |TAMS 0x0000000099600000| PB 0x0000000099600000| Untracked 
| 407|0x0000000099700000, 0x0000000099700000, 0x0000000099800000|  0%| F|  |TAMS 0x0000000099700000| PB 0x0000000099700000| Untracked 
| 408|0x0000000099800000, 0x0000000099800000, 0x0000000099900000|  0%| F|  |TAMS 0x0000000099800000| PB 0x0000000099800000| Untracked 
| 409|0x0000000099900000, 0x0000000099900000, 0x0000000099a00000|  0%| F|  |TAMS 0x0000000099900000| PB 0x0000000099900000| Untracked 
| 410|0x0000000099a00000, 0x0000000099a00000, 0x0000000099b00000|  0%| F|  |TAMS 0x0000000099a00000| PB 0x0000000099a00000| Untracked 
| 411|0x0000000099b00000, 0x0000000099b00000, 0x0000000099c00000|  0%| F|  |TAMS 0x0000000099b00000| PB 0x0000000099b00000| Untracked 
| 412|0x0000000099c00000, 0x0000000099c00000, 0x0000000099d00000|  0%| F|  |TAMS 0x0000000099c00000| PB 0x0000000099c00000| Untracked 
| 413|0x0000000099d00000, 0x0000000099d00000, 0x0000000099e00000|  0%| F|  |TAMS 0x0000000099d00000| PB 0x0000000099d00000| Untracked 
| 414|0x0000000099e00000, 0x0000000099e00000, 0x0000000099f00000|  0%| F|  |TAMS 0x0000000099e00000| PB 0x0000000099e00000| Untracked 
| 415|0x0000000099f00000, 0x0000000099f00000, 0x000000009a000000|  0%| F|  |TAMS 0x0000000099f00000| PB 0x0000000099f00000| Untracked 
| 416|0x000000009a000000, 0x000000009a000000, 0x000000009a100000|  0%| F|  |TAMS 0x000000009a000000| PB 0x000000009a000000| Untracked 
| 417|0x000000009a100000, 0x000000009a100000, 0x000000009a200000|  0%| F|  |TAMS 0x000000009a100000| PB 0x000000009a100000| Untracked 
| 418|0x000000009a200000, 0x000000009a200000, 0x000000009a300000|  0%| F|  |TAMS 0x000000009a200000| PB 0x000000009a200000| Untracked 
| 419|0x000000009a300000, 0x000000009a300000, 0x000000009a400000|  0%| F|  |TAMS 0x000000009a300000| PB 0x000000009a300000| Untracked 
| 420|0x000000009a400000, 0x000000009a400000, 0x000000009a500000|  0%| F|  |TAMS 0x000000009a400000| PB 0x000000009a400000| Untracked 
| 421|0x000000009a500000, 0x000000009a500000, 0x000000009a600000|  0%| F|  |TAMS 0x000000009a500000| PB 0x000000009a500000| Untracked 
| 422|0x000000009a600000, 0x000000009a600000, 0x000000009a700000|  0%| F|  |TAMS 0x000000009a600000| PB 0x000000009a600000| Untracked 
| 423|0x000000009a700000, 0x000000009a700000, 0x000000009a800000|  0%| F|  |TAMS 0x000000009a700000| PB 0x000000009a700000| Untracked 
| 424|0x000000009a800000, 0x000000009a800000, 0x000000009a900000|  0%| F|  |TAMS 0x000000009a800000| PB 0x000000009a800000| Untracked 
| 425|0x000000009a900000, 0x000000009a900000, 0x000000009aa00000|  0%| F|  |TAMS 0x000000009a900000| PB 0x000000009a900000| Untracked 
| 426|0x000000009aa00000, 0x000000009aa00000, 0x000000009ab00000|  0%| F|  |TAMS 0x000000009aa00000| PB 0x000000009aa00000| Untracked 
| 427|0x000000009ab00000, 0x000000009ab00000, 0x000000009ac00000|  0%| F|  |TAMS 0x000000009ab00000| PB 0x000000009ab00000| Untracked 
| 428|0x000000009ac00000, 0x000000009ac00000, 0x000000009ad00000|  0%| F|  |TAMS 0x000000009ac00000| PB 0x000000009ac00000| Untracked 
| 429|0x000000009ad00000, 0x000000009ad00000, 0x000000009ae00000|  0%| F|  |TAMS 0x000000009ad00000| PB 0x000000009ad00000| Untracked 
| 430|0x000000009ae00000, 0x000000009ae00000, 0x000000009af00000|  0%| F|  |TAMS 0x000000009ae00000| PB 0x000000009ae00000| Untracked 
| 431|0x000000009af00000, 0x000000009af00000, 0x000000009b000000|  0%| F|  |TAMS 0x000000009af00000| PB 0x000000009af00000| Untracked 
| 432|0x000000009b000000, 0x000000009b000000, 0x000000009b100000|  0%| F|  |TAMS 0x000000009b000000| PB 0x000000009b000000| Untracked 
| 433|0x000000009b100000, 0x000000009b19f290, 0x000000009b200000| 62%| S|CS|TAMS 0x000000009b100000| PB 0x000000009b100000| Complete 
| 434|0x000000009b200000, 0x000000009b300000, 0x000000009b300000|100%| S|CS|TAMS 0x000000009b200000| PB 0x000000009b200000| Complete 
| 435|0x000000009b300000, 0x000000009b400000, 0x000000009b400000|100%| S|CS|TAMS 0x000000009b300000| PB 0x000000009b300000| Complete 
| 436|0x000000009b400000, 0x000000009b500000, 0x000000009b500000|100%| S|CS|TAMS 0x000000009b400000| PB 0x000000009b400000| Complete 
| 437|0x000000009b500000, 0x000000009b600000, 0x000000009b600000|100%| S|CS|TAMS 0x000000009b500000| PB 0x000000009b500000| Complete 
| 438|0x000000009b600000, 0x000000009b700000, 0x000000009b700000|100%| S|CS|TAMS 0x000000009b600000| PB 0x000000009b600000| Complete 
| 439|0x000000009b700000, 0x000000009b800000, 0x000000009b800000|100%| S|CS|TAMS 0x000000009b700000| PB 0x000000009b700000| Complete 
| 440|0x000000009b800000, 0x000000009b900000, 0x000000009b900000|100%| S|CS|TAMS 0x000000009b800000| PB 0x000000009b800000| Complete 
| 441|0x000000009b900000, 0x000000009ba00000, 0x000000009ba00000|100%| S|CS|TAMS 0x000000009b900000| PB 0x000000009b900000| Complete 
| 442|0x000000009ba00000, 0x000000009bb00000, 0x000000009bb00000|100%| S|CS|TAMS 0x000000009ba00000| PB 0x000000009ba00000| Complete 
| 443|0x000000009bb00000, 0x000000009bc00000, 0x000000009bc00000|100%| S|CS|TAMS 0x000000009bb00000| PB 0x000000009bb00000| Complete 
| 444|0x000000009bc00000, 0x000000009bd00000, 0x000000009bd00000|100%| S|CS|TAMS 0x000000009bc00000| PB 0x000000009bc00000| Complete 
| 445|0x000000009bd00000, 0x000000009be00000, 0x000000009be00000|100%| S|CS|TAMS 0x000000009bd00000| PB 0x000000009bd00000| Complete 
| 446|0x000000009be00000, 0x000000009bf00000, 0x000000009bf00000|100%| S|CS|TAMS 0x000000009be00000| PB 0x000000009be00000| Complete 
| 447|0x000000009bf00000, 0x000000009c000000, 0x000000009c000000|100%| S|CS|TAMS 0x000000009bf00000| PB 0x000000009bf00000| Complete 
| 448|0x000000009c000000, 0x000000009c100000, 0x000000009c100000|100%| S|CS|TAMS 0x000000009c000000| PB 0x000000009c000000| Complete 
| 449|0x000000009c100000, 0x000000009c100000, 0x000000009c200000|  0%| F|  |TAMS 0x000000009c100000| PB 0x000000009c100000| Untracked 
| 450|0x000000009c200000, 0x000000009c200000, 0x000000009c300000|  0%| F|  |TAMS 0x000000009c200000| PB 0x000000009c200000| Untracked 
| 451|0x000000009c300000, 0x000000009c300000, 0x000000009c400000|  0%| F|  |TAMS 0x000000009c300000| PB 0x000000009c300000| Untracked 
| 452|0x000000009c400000, 0x000000009c400000, 0x000000009c500000|  0%| F|  |TAMS 0x000000009c400000| PB 0x000000009c400000| Untracked 
| 453|0x000000009c500000, 0x000000009c500000, 0x000000009c600000|  0%| F|  |TAMS 0x000000009c500000| PB 0x000000009c500000| Untracked 
| 454|0x000000009c600000, 0x000000009c600000, 0x000000009c700000|  0%| F|  |TAMS 0x000000009c600000| PB 0x000000009c600000| Untracked 
| 455|0x000000009c700000, 0x000000009c700000, 0x000000009c800000|  0%| F|  |TAMS 0x000000009c700000| PB 0x000000009c700000| Untracked 
| 456|0x000000009c800000, 0x000000009c800000, 0x000000009c900000|  0%| F|  |TAMS 0x000000009c800000| PB 0x000000009c800000| Untracked 
| 457|0x000000009c900000, 0x000000009c900000, 0x000000009ca00000|  0%| F|  |TAMS 0x000000009c900000| PB 0x000000009c900000| Untracked 
| 458|0x000000009ca00000, 0x000000009ca00000, 0x000000009cb00000|  0%| F|  |TAMS 0x000000009ca00000| PB 0x000000009ca00000| Untracked 
| 459|0x000000009cb00000, 0x000000009cb00000, 0x000000009cc00000|  0%| F|  |TAMS 0x000000009cb00000| PB 0x000000009cb00000| Untracked 
| 460|0x000000009cc00000, 0x000000009cc00000, 0x000000009cd00000|  0%| F|  |TAMS 0x000000009cc00000| PB 0x000000009cc00000| Untracked 
| 461|0x000000009cd00000, 0x000000009cd00000, 0x000000009ce00000|  0%| F|  |TAMS 0x000000009cd00000| PB 0x000000009cd00000| Untracked 
| 462|0x000000009ce00000, 0x000000009ce00000, 0x000000009cf00000|  0%| F|  |TAMS 0x000000009ce00000| PB 0x000000009ce00000| Untracked 
| 463|0x000000009cf00000, 0x000000009cf00000, 0x000000009d000000|  0%| F|  |TAMS 0x000000009cf00000| PB 0x000000009cf00000| Untracked 
| 464|0x000000009d000000, 0x000000009d000000, 0x000000009d100000|  0%| F|  |TAMS 0x000000009d000000| PB 0x000000009d000000| Untracked 
| 465|0x000000009d100000, 0x000000009d100000, 0x000000009d200000|  0%| F|  |TAMS 0x000000009d100000| PB 0x000000009d100000| Untracked 
| 466|0x000000009d200000, 0x000000009d200000, 0x000000009d300000|  0%| F|  |TAMS 0x000000009d200000| PB 0x000000009d200000| Untracked 
| 467|0x000000009d300000, 0x000000009d300000, 0x000000009d400000|  0%| F|  |TAMS 0x000000009d300000| PB 0x000000009d300000| Untracked 
| 468|0x000000009d400000, 0x000000009d400000, 0x000000009d500000|  0%| F|  |TAMS 0x000000009d400000| PB 0x000000009d400000| Untracked 
| 469|0x000000009d500000, 0x000000009d500000, 0x000000009d600000|  0%| F|  |TAMS 0x000000009d500000| PB 0x000000009d500000| Untracked 
| 470|0x000000009d600000, 0x000000009d600000, 0x000000009d700000|  0%| F|  |TAMS 0x000000009d600000| PB 0x000000009d600000| Untracked 
| 471|0x000000009d700000, 0x000000009d700000, 0x000000009d800000|  0%| F|  |TAMS 0x000000009d700000| PB 0x000000009d700000| Untracked 
| 472|0x000000009d800000, 0x000000009d800000, 0x000000009d900000|  0%| F|  |TAMS 0x000000009d800000| PB 0x000000009d800000| Untracked 
| 473|0x000000009d900000, 0x000000009d900000, 0x000000009da00000|  0%| F|  |TAMS 0x000000009d900000| PB 0x000000009d900000| Untracked 
| 474|0x000000009da00000, 0x000000009da00000, 0x000000009db00000|  0%| F|  |TAMS 0x000000009da00000| PB 0x000000009da00000| Untracked 
| 475|0x000000009db00000, 0x000000009db00000, 0x000000009dc00000|  0%| F|  |TAMS 0x000000009db00000| PB 0x000000009db00000| Untracked 
| 476|0x000000009dc00000, 0x000000009dc00000, 0x000000009dd00000|  0%| F|  |TAMS 0x000000009dc00000| PB 0x000000009dc00000| Untracked 
| 477|0x000000009dd00000, 0x000000009dd00000, 0x000000009de00000|  0%| F|  |TAMS 0x000000009dd00000| PB 0x000000009dd00000| Untracked 
| 478|0x000000009de00000, 0x000000009de00000, 0x000000009df00000|  0%| F|  |TAMS 0x000000009de00000| PB 0x000000009de00000| Untracked 
| 479|0x000000009df00000, 0x000000009df00000, 0x000000009e000000|  0%| F|  |TAMS 0x000000009df00000| PB 0x000000009df00000| Untracked 
| 480|0x000000009e000000, 0x000000009e000000, 0x000000009e100000|  0%| F|  |TAMS 0x000000009e000000| PB 0x000000009e000000| Untracked 
| 481|0x000000009e100000, 0x000000009e100000, 0x000000009e200000|  0%| F|  |TAMS 0x000000009e100000| PB 0x000000009e100000| Untracked 
| 482|0x000000009e200000, 0x000000009e200000, 0x000000009e300000|  0%| F|  |TAMS 0x000000009e200000| PB 0x000000009e200000| Untracked 
| 483|0x000000009e300000, 0x000000009e300000, 0x000000009e400000|  0%| F|  |TAMS 0x000000009e300000| PB 0x000000009e300000| Untracked 
| 484|0x000000009e400000, 0x000000009e400000, 0x000000009e500000|  0%| F|  |TAMS 0x000000009e400000| PB 0x000000009e400000| Untracked 
| 485|0x000000009e500000, 0x000000009e500000, 0x000000009e600000|  0%| F|  |TAMS 0x000000009e500000| PB 0x000000009e500000| Untracked 
| 486|0x000000009e600000, 0x000000009e600000, 0x000000009e700000|  0%| F|  |TAMS 0x000000009e600000| PB 0x000000009e600000| Untracked 
| 487|0x000000009e700000, 0x000000009e700000, 0x000000009e800000|  0%| F|  |TAMS 0x000000009e700000| PB 0x000000009e700000| Untracked 
| 488|0x000000009e800000, 0x000000009e800000, 0x000000009e900000|  0%| F|  |TAMS 0x000000009e800000| PB 0x000000009e800000| Untracked 
| 489|0x000000009e900000, 0x000000009e900000, 0x000000009ea00000|  0%| F|  |TAMS 0x000000009e900000| PB 0x000000009e900000| Untracked 
| 490|0x000000009ea00000, 0x000000009ea00000, 0x000000009eb00000|  0%| F|  |TAMS 0x000000009ea00000| PB 0x000000009ea00000| Untracked 
| 491|0x000000009eb00000, 0x000000009eb00000, 0x000000009ec00000|  0%| F|  |TAMS 0x000000009eb00000| PB 0x000000009eb00000| Untracked 
|2035|0x00000000ff300000, 0x00000000ff300000, 0x00000000ff400000|  0%| F|  |TAMS 0x00000000ff300000| PB 0x00000000ff300000| Untracked 
|2036|0x00000000ff400000, 0x00000000ff400000, 0x00000000ff500000|  0%| F|  |TAMS 0x00000000ff400000| PB 0x00000000ff400000| Untracked 
|2037|0x00000000ff500000, 0x00000000ff600000, 0x00000000ff600000|100%| O|  |TAMS 0x00000000ff600000| PB 0x00000000ff500000| Untracked 
|2038|0x00000000ff600000, 0x00000000ff700000, 0x00000000ff700000|100%| O|  |TAMS 0x00000000ff700000| PB 0x00000000ff600000| Untracked 
|2039|0x00000000ff700000, 0x00000000ff700000, 0x00000000ff800000|  0%| F|  |TAMS 0x00000000ff700000| PB 0x00000000ff700000| Untracked 
|2040|0x00000000ff800000, 0x00000000ff800000, 0x00000000ff900000|  0%| F|  |TAMS 0x00000000ff800000| PB 0x00000000ff800000| Untracked 
|2041|0x00000000ff900000, 0x00000000ff900000, 0x00000000ffa00000|  0%| F|  |TAMS 0x00000000ff900000| PB 0x00000000ff900000| Untracked 
|2042|0x00000000ffa00000, 0x00000000ffa00000, 0x00000000ffb00000|  0%| F|  |TAMS 0x00000000ffa00000| PB 0x00000000ffa00000| Untracked 
|2043|0x00000000ffb00000, 0x00000000ffc00000, 0x00000000ffc00000|100%| O|  |TAMS 0x00000000ffc00000| PB 0x00000000ffb00000| Untracked 
|2044|0x00000000ffc00000, 0x00000000ffd00000, 0x00000000ffd00000|100%| O|  |TAMS 0x00000000ffd00000| PB 0x00000000ffc00000| Untracked 
|2045|0x00000000ffd00000, 0x00000000ffe00000, 0x00000000ffe00000|100%| O|  |TAMS 0x00000000ffe00000| PB 0x00000000ffd00000| Untracked 
|2046|0x00000000ffe00000, 0x00000000fff00000, 0x00000000fff00000|100%| O|  |TAMS 0x00000000fff00000| PB 0x00000000ffe00000| Untracked 
|2047|0x00000000fff00000, 0x0000000100000000, 0x0000000100000000|100%| O|  |TAMS 0x0000000100000000| PB 0x00000000fff00000| Untracked 

Card table byte_map: [0x0000017ca18d0000,0x0000017ca1cd0000] _byte_map_base: 0x0000017ca14d0000

Marking Bits: (CMBitMap*) 0x0000017c8ee94520
 Bits: [0x0000017ca1cd0000, 0x0000017ca3cd0000)

Polling page: 0x0000017c8ce80000

Metaspace:

Usage:
  Non-class:    110.34 MB used.
      Class:     18.74 MB used.
       Both:    129.08 MB used.

Virtual space:
  Non-class space:      128.00 MB reserved,     111.50 MB ( 87%) committed,  2 nodes.
      Class space:        1.00 GB reserved,      19.81 MB (  2%) committed,  1 nodes.
             Both:        1.12 GB reserved,     131.31 MB ( 11%) committed. 

Chunk freelists:
   Non-Class:  15.78 MB
       Class:  12.05 MB
        Both:  27.83 MB

MaxMetaspaceSize: unlimited
CompressedClassSpaceSize: 1.00 GB
Initial GC threshold: 21.00 MB
Current GC threshold: 218.06 MB
CDS: off
 - commit_granule_bytes: 65536.
 - commit_granule_words: 8192.
 - virtual_space_node_default_size: 8388608.
 - enlarge_chunks_in_place: 1.
 - use_allocation_guard: 0.


Internal statistics:

num_allocs_failed_limit: 6.
num_arena_births: 4368.
num_arena_deaths: 52.
num_vsnodes_births: 3.
num_vsnodes_deaths: 0.
num_space_committed: 2101.
num_space_uncommitted: 0.
num_chunks_returned_to_freelist: 79.
num_chunks_taken_from_freelist: 10028.
num_chunk_merges: 33.
num_chunk_splits: 6595.
num_chunks_enlarged: 4240.
num_inconsistent_stats: 0.

CodeHeap 'non-profiled nmethods': size=120000Kb used=9775Kb max_used=9775Kb free=110224Kb
 bounds [0x0000017c99a40000, 0x0000017c9a3d0000, 0x0000017ca0f70000]
CodeHeap 'profiled nmethods': size=120000Kb used=29539Kb max_used=29539Kb free=90460Kb
 bounds [0x0000017c91f70000, 0x0000017c93c50000, 0x0000017c994a0000]
CodeHeap 'non-nmethods': size=5760Kb used=2736Kb max_used=2799Kb free=3023Kb
 bounds [0x0000017c994a0000, 0x0000017c99760000, 0x0000017c99a40000]
CodeCache: size=245760Kb, used=42050Kb, max_used=42113Kb, free=203707Kb
 total_blobs=16573, nmethods=15557, adapters=917, full_count=0
Compilation: enabled, stopped_count=0, restarted_count=0

Compilation events (20 events):
Event: 15.720 Thread 0x0000017ca6a81cb0 nmethod 19499 0x0000017c93c45a10 code [0x0000017c93c45be0, 0x0000017c93c45da8]
Event: 15.720 Thread 0x0000017ca6a81cb0 19491       1       com.android.tools.r8.internal.og0::v (3 bytes)
Event: 15.720 Thread 0x0000017ca6a81cb0 nmethod 19491 0x0000017c9a3cb890 code [0x0000017c9a3cba20, 0x0000017c9a3cbae8]
Event: 15.720 Thread 0x0000017ca6a81cb0 19488       2       com.android.tools.r8.internal.sa4::a (2 bytes)
Event: 15.720 Thread 0x0000017ca6a81cb0 nmethod 19488 0x0000017c93c45f10 code [0x0000017c93c460a0, 0x0000017c93c461a8]
Event: 15.720 Thread 0x0000017ca6a81cb0 19501       2       com.android.tools.r8.internal.mf0::a (32 bytes)
Event: 15.720 Thread 0x0000017ca6a81cb0 nmethod 19501 0x0000017c93c46210 code [0x0000017c93c463e0, 0x0000017c93c465d0]
Event: 15.721 Thread 0x0000017ca6a81cb0 19502       2       com.android.tools.r8.graph.i6::a (10 bytes)
Event: 15.721 Thread 0x0000017ca6a81cb0 nmethod 19502 0x0000017c93c46790 code [0x0000017c93c46940, 0x0000017c93c46ab0]
Event: 15.721 Thread 0x0000017ca6a81cb0 19503       2       com.android.tools.r8.internal.pf0::a (33 bytes)
Event: 15.722 Thread 0x0000017ca6a81cb0 nmethod 19503 0x0000017c93c46b90 code [0x0000017c93c46d60, 0x0000017c93c46f38]
Event: 15.722 Thread 0x0000017ca6a81cb0 19504       1       com.android.tools.r8.graph.p2::r0 (2 bytes)
Event: 15.722 Thread 0x0000017ca6a81cb0 nmethod 19504 0x0000017c9a3cbb90 code [0x0000017c9a3cbd20, 0x0000017c9a3cbde8]
Event: 15.722 Thread 0x0000017ca6a81cb0 19505       2       com.android.tools.r8.internal.zd4::b (72 bytes)
Event: 15.722 Thread 0x0000017ca6a81cb0 nmethod 19505 0x0000017c93c47090 code [0x0000017c93c47260, 0x0000017c93c47730]
Event: 15.722 Thread 0x0000017ca6a81cb0 19506       3       com.android.tools.r8.internal.ug0::a (44 bytes)
Event: 15.723 Thread 0x0000017ca6a81cb0 nmethod 19506 0x0000017c93c47a10 code [0x0000017c93c47c40, 0x0000017c93c48380]
Event: 15.723 Thread 0x0000017ca6a81cb0 19512       2       com.android.tools.r8.internal.z11::b (42 bytes)
Event: 15.723 Thread 0x0000017ca6a81cb0 nmethod 19512 0x0000017c93c48710 code [0x0000017c93c48900, 0x0000017c93c48b98]
Event: 15.723 Thread 0x0000017ca6a81cb0 19507       2       com.android.tools.r8.graph.j2$b::hashCode (15 bytes)

GC Heap History (20 events):
Event: 13.716 GC heap after
{Heap after GC invocations=51 (full 0):
 garbage-first heap   total 434176K, used 195998K [0x0000000080000000, 0x0000000100000000)
  region size 1024K, 6 young (6144K), 6 survivors (6144K)
 Metaspace       used 128710K, committed 131008K, reserved 1179648K
  class space    used 18792K, committed 19904K, reserved 1048576K
}
Event: 13.942 GC heap before
{Heap before GC invocations=51 (full 0):
 garbage-first heap   total 434176K, used 364958K [0x0000000080000000, 0x0000000100000000)
  region size 1024K, 172 young (176128K), 6 survivors (6144K)
 Metaspace       used 129157K, committed 131392K, reserved 1179648K
  class space    used 18835K, committed 19904K, reserved 1048576K
}
Event: 13.946 GC heap after
{Heap after GC invocations=52 (full 0):
 garbage-first heap   total 434176K, used 196518K [0x0000000080000000, 0x0000000100000000)
  region size 1024K, 6 young (6144K), 6 survivors (6144K)
 Metaspace       used 129157K, committed 131392K, reserved 1179648K
  class space    used 18835K, committed 19904K, reserved 1048576K
}
Event: 14.223 GC heap before
{Heap before GC invocations=53 (full 0):
 garbage-first heap   total 434176K, used 377766K [0x0000000080000000, 0x0000000100000000)
  region size 1024K, 184 young (188416K), 6 survivors (6144K)
 Metaspace       used 129345K, committed 131584K, reserved 1179648K
  class space    used 18832K, committed 19904K, reserved 1048576K
}
Event: 14.227 GC heap after
{Heap after GC invocations=54 (full 0):
 garbage-first heap   total 434176K, used 195931K [0x0000000080000000, 0x0000000100000000)
  region size 1024K, 6 young (6144K), 6 survivors (6144K)
 Metaspace       used 129345K, committed 131584K, reserved 1179648K
  class space    used 18832K, committed 19904K, reserved 1048576K
}
Event: 14.368 GC heap before
{Heap before GC invocations=54 (full 0):
 garbage-first heap   total 434176K, used 387419K [0x0000000080000000, 0x0000000100000000)
  region size 1024K, 194 young (198656K), 6 survivors (6144K)
 Metaspace       used 129432K, committed 131712K, reserved 1179648K
  class space    used 18842K, committed 19968K, reserved 1048576K
}
Event: 14.373 GC heap after
{Heap after GC invocations=55 (full 0):
 garbage-first heap   total 434176K, used 195077K [0x0000000080000000, 0x0000000100000000)
  region size 1024K, 8 young (8192K), 8 survivors (8192K)
 Metaspace       used 129432K, committed 131712K, reserved 1179648K
  class space    used 18842K, committed 19968K, reserved 1048576K
}
Event: 14.512 GC heap before
{Heap before GC invocations=55 (full 0):
 garbage-first heap   total 434176K, used 392709K [0x0000000080000000, 0x0000000100000000)
  region size 1024K, 202 young (206848K), 8 survivors (8192K)
 Metaspace       used 129507K, committed 131776K, reserved 1179648K
  class space    used 18847K, committed 19968K, reserved 1048576K
}
Event: 14.521 GC heap after
{Heap after GC invocations=56 (full 0):
 garbage-first heap   total 517120K, used 195421K [0x0000000080000000, 0x0000000100000000)
  region size 1024K, 8 young (8192K), 8 survivors (8192K)
 Metaspace       used 129507K, committed 131776K, reserved 1179648K
  class space    used 18847K, committed 19968K, reserved 1048576K
}
Event: 14.791 GC heap before
{Heap before GC invocations=57 (full 0):
 garbage-first heap   total 517120K, used 483165K [0x0000000080000000, 0x0000000100000000)
  region size 1024K, 290 young (296960K), 8 survivors (8192K)
 Metaspace       used 129733K, committed 131968K, reserved 1179648K
  class space    used 18847K, committed 19968K, reserved 1048576K
}
Event: 14.798 GC heap after
{Heap after GC invocations=58 (full 0):
 garbage-first heap   total 517120K, used 197087K [0x0000000080000000, 0x0000000100000000)
  region size 1024K, 10 young (10240K), 10 survivors (10240K)
 Metaspace       used 129733K, committed 131968K, reserved 1179648K
  class space    used 18847K, committed 19968K, reserved 1048576K
}
Event: 15.004 GC heap before
{Heap before GC invocations=58 (full 0):
 garbage-first heap   total 517120K, used 488927K [0x0000000080000000, 0x0000000100000000)
  region size 1024K, 295 young (302080K), 10 survivors (10240K)
 Metaspace       used 130555K, committed 132800K, reserved 1179648K
  class space    used 18957K, committed 20032K, reserved 1048576K
}
Event: 15.013 GC heap after
{Heap after GC invocations=59 (full 0):
 garbage-first heap   total 517120K, used 195951K [0x0000000080000000, 0x0000000100000000)
  region size 1024K, 11 young (11264K), 11 survivors (11264K)
 Metaspace       used 130555K, committed 132800K, reserved 1179648K
  class space    used 18957K, committed 20032K, reserved 1048576K
}
Event: 15.206 GC heap before
{Heap before GC invocations=59 (full 0):
 garbage-first heap   total 517120K, used 488815K [0x0000000080000000, 0x0000000100000000)
  region size 1024K, 298 young (305152K), 11 survivors (11264K)
 Metaspace       used 131319K, committed 133568K, reserved 1179648K
  class space    used 19078K, committed 20160K, reserved 1048576K
}
Event: 15.214 GC heap after
{Heap after GC invocations=60 (full 0):
 garbage-first heap   total 517120K, used 199423K [0x0000000080000000, 0x0000000100000000)
  region size 1024K, 15 young (15360K), 15 survivors (15360K)
 Metaspace       used 131319K, committed 133568K, reserved 1179648K
  class space    used 19078K, committed 20160K, reserved 1048576K
}
Event: 15.479 GC heap before
{Heap before GC invocations=61 (full 0):
 garbage-first heap   total 517120K, used 489215K [0x0000000080000000, 0x0000000100000000)
  region size 1024K, 298 young (305152K), 15 survivors (15360K)
 Metaspace       used 132032K, committed 134272K, reserved 1179648K
  class space    used 19172K, committed 20224K, reserved 1048576K
}
Event: 15.487 GC heap after
{Heap after GC invocations=62 (full 0):
 garbage-first heap   total 517120K, used 197458K [0x0000000080000000, 0x0000000100000000)
  region size 1024K, 13 young (13312K), 13 survivors (13312K)
 Metaspace       used 132032K, committed 134272K, reserved 1179648K
  class space    used 19172K, committed 20224K, reserved 1048576K
}
Event: 15.679 GC heap before
{Heap before GC invocations=62 (full 0):
 garbage-first heap   total 517120K, used 488274K [0x0000000080000000, 0x0000000100000000)
  region size 1024K, 298 young (305152K), 13 survivors (13312K)
 Metaspace       used 132157K, committed 134464K, reserved 1179648K
  class space    used 19188K, committed 20288K, reserved 1048576K
}
Event: 15.690 GC heap after
{Heap after GC invocations=63 (full 0):
 garbage-first heap   total 517120K, used 196232K [0x0000000080000000, 0x0000000100000000)
  region size 1024K, 16 young (16384K), 16 survivors (16384K)
 Metaspace       used 132157K, committed 134464K, reserved 1179648K
  class space    used 19188K, committed 20288K, reserved 1048576K
}
Event: 15.723 GC heap before
{Heap before GC invocations=63 (full 0):
 garbage-first heap   total 517120K, used 244360K [0x0000000080000000, 0x0000000100000000)
  region size 1024K, 65 young (66560K), 16 survivors (16384K)
 Metaspace       used 132174K, committed 134464K, reserved 1179648K
  class space    used 19188K, committed 20288K, reserved 1048576K
}

Dll operation events (3 events):
Event: 0.019 Loaded shared library C:\Program Files\Android\Android Studio\jbr\bin\java.dll
Event: 0.023 Loaded shared library C:\Program Files\Android\Android Studio\jbr\bin\zip.dll
Event: 0.610 Loaded shared library C:\Program Files\Android\Android Studio\jbr\bin\verify.dll

Deoptimization events (20 events):
Event: 15.645 Thread 0x0000017caf5387f0 DEOPT PACKING pc=0x0000017c926d5285 sp=0x0000004e7cdfab40
Event: 15.645 Thread 0x0000017caf5387f0 DEOPT UNPACKING pc=0x0000017c994f4b42 sp=0x0000004e7cdfa050 mode 0
Event: 15.646 Thread 0x0000017caf5387f0 DEOPT PACKING pc=0x0000017c926d5285 sp=0x0000004e7cdfab40
Event: 15.646 Thread 0x0000017caf5387f0 DEOPT UNPACKING pc=0x0000017c994f4b42 sp=0x0000004e7cdfa050 mode 0
Event: 15.661 Thread 0x0000017cb01d7510 DEOPT PACKING pc=0x0000017c9357b1a9 sp=0x0000004e7ccf8fa0
Event: 15.661 Thread 0x0000017cb01d5ad0 DEOPT PACKING pc=0x0000017c9357b1a9 sp=0x0000004e7c8f9340
Event: 15.662 Thread 0x0000017cb01d7510 DEOPT UNPACKING pc=0x0000017c994f4b42 sp=0x0000004e7ccf8538 mode 0
Event: 15.662 Thread 0x0000017cb01d5ad0 DEOPT UNPACKING pc=0x0000017c994f4b42 sp=0x0000004e7c8f88d8 mode 0
Event: 15.677 Thread 0x0000017cb01d7510 DEOPT PACKING pc=0x0000017c9357b1a9 sp=0x0000004e7ccf8fa0
Event: 15.677 Thread 0x0000017cb01d7510 DEOPT UNPACKING pc=0x0000017c994f4b42 sp=0x0000004e7ccf8538 mode 0
Event: 15.704 Thread 0x0000017cb01d5ad0 Uncommon trap: trap_request=0xffffff6e fr.pc=0x0000017c9a3c2f0c relative=0x000000000000412c
Event: 15.704 Thread 0x0000017cb01d5ad0 Uncommon trap: reason=loop_limit_check action=maybe_recompile pc=0x0000017c9a3c2f0c method=com.android.tools.r8.internal.l32.a(I)V @ 9 c2
Event: 15.704 Thread 0x0000017cb0bb47c0 Uncommon trap: trap_request=0xffffff6e fr.pc=0x0000017c9a3c2f0c relative=0x000000000000412c
Event: 15.704 Thread 0x0000017cb0bb47c0 Uncommon trap: reason=loop_limit_check action=maybe_recompile pc=0x0000017c9a3c2f0c method=com.android.tools.r8.internal.l32.a(I)V @ 9 c2
Event: 15.704 Thread 0x0000017cb01d5ad0 DEOPT PACKING pc=0x0000017c9a3c2f0c sp=0x0000004e7c8f9600
Event: 15.704 Thread 0x0000017cb0bb47c0 DEOPT PACKING pc=0x0000017c9a3c2f0c sp=0x0000004e051f97a0
Event: 15.705 Thread 0x0000017cb01d5ad0 DEOPT UNPACKING pc=0x0000017c994f43a2 sp=0x0000004e7c8f9588 mode 2
Event: 15.705 Thread 0x0000017cb0bb47c0 DEOPT UNPACKING pc=0x0000017c994f43a2 sp=0x0000004e051f9728 mode 2
Event: 15.713 Thread 0x0000017cb01d2ce0 DEOPT PACKING pc=0x0000017c9357b1a9 sp=0x0000004e7c7f9320
Event: 15.713 Thread 0x0000017cb01d2ce0 DEOPT UNPACKING pc=0x0000017c994f4b42 sp=0x0000004e7c7f88b8 mode 0

Classes loaded (20 events):
Event: 13.376 Loading class java/util/stream/SliceOps$1$1
Event: 13.376 Loading class java/util/stream/SliceOps$1$1 done
Event: 13.382 Loading class java/util/PriorityQueue
Event: 13.382 Loading class java/util/PriorityQueue done
Event: 13.392 Loading class java/util/IdentityHashMap$ValueIterator
Event: 13.392 Loading class java/util/IdentityHashMap$ValueIterator done
Event: 15.225 Loading class java/nio/ShortBuffer
Event: 15.226 Loading class java/nio/ShortBuffer done
Event: 15.366 Loading class java/nio/ByteBufferAsShortBufferL
Event: 15.367 Loading class java/nio/ByteBufferAsShortBufferL done
Event: 15.437 Loading class java/util/zip/Adler32
Event: 15.437 Loading class java/util/zip/Adler32 done
Event: 15.445 Loading class java/nio/file/Files$2
Event: 15.445 Loading class java/nio/file/Files$2 done
Event: 15.452 Loading class sun/nio/ch/ChannelOutputStream
Event: 15.452 Loading class sun/nio/ch/ChannelOutputStream done
Event: 15.515 Loading class java/nio/file/StandardCopyOption
Event: 15.515 Loading class java/nio/file/StandardCopyOption done
Event: 15.515 Loading class sun/nio/fs/WindowsFileCopy
Event: 15.516 Loading class sun/nio/fs/WindowsFileCopy done

Classes unloaded (20 events):
Event: 14.073 Thread 0x0000017ca6a29ba0 Unloading class 0x0000000101271c00 'java/lang/invoke/LambdaForm$DMH+0x0000000101271c00'
Event: 14.073 Thread 0x0000017ca6a29ba0 Unloading class 0x0000000101271400 'java/lang/invoke/LambdaForm$DMH+0x0000000101271400'
Event: 14.073 Thread 0x0000017ca6a29ba0 Unloading class 0x0000000101210c00 'java/lang/invoke/LambdaForm$DMH+0x0000000101210c00'
Event: 14.073 Thread 0x0000017ca6a29ba0 Unloading class 0x0000000101210800 'java/lang/invoke/LambdaForm$DMH+0x0000000101210800'
Event: 14.073 Thread 0x0000017ca6a29ba0 Unloading class 0x0000000101210400 'java/lang/invoke/LambdaForm$DMH+0x0000000101210400'
Event: 14.073 Thread 0x0000017ca6a29ba0 Unloading class 0x0000000101210000 'java/lang/invoke/LambdaForm$DMH+0x0000000101210000'
Event: 14.073 Thread 0x0000017ca6a29ba0 Unloading class 0x000000010120ac00 'java/lang/invoke/LambdaForm$DMH+0x000000010120ac00'
Event: 14.073 Thread 0x0000017ca6a29ba0 Unloading class 0x000000010120a400 'java/lang/invoke/LambdaForm$DMH+0x000000010120a400'
Event: 14.073 Thread 0x0000017ca6a29ba0 Unloading class 0x000000010120a800 'java/lang/invoke/LambdaForm$DMH+0x000000010120a800'
Event: 14.073 Thread 0x0000017ca6a29ba0 Unloading class 0x000000010120a000 'java/lang/invoke/LambdaForm$DMH+0x000000010120a000'
Event: 14.073 Thread 0x0000017ca6a29ba0 Unloading class 0x0000000101209c00 'java/lang/invoke/LambdaForm$DMH+0x0000000101209c00'
Event: 14.073 Thread 0x0000017ca6a29ba0 Unloading class 0x0000000101208800 'java/lang/invoke/LambdaForm$DMH+0x0000000101208800'
Event: 14.073 Thread 0x0000017ca6a29ba0 Unloading class 0x0000000101208400 'java/lang/invoke/LambdaForm$DMH+0x0000000101208400'
Event: 14.073 Thread 0x0000017ca6a29ba0 Unloading class 0x0000000101208c00 'java/lang/invoke/LambdaForm$DMH+0x0000000101208c00'
Event: 14.073 Thread 0x0000017ca6a29ba0 Unloading class 0x0000000101209000 'java/lang/invoke/LambdaForm$DMH+0x0000000101209000'
Event: 14.073 Thread 0x0000017ca6a29ba0 Unloading class 0x0000000101209400 'java/lang/invoke/LambdaForm$DMH+0x0000000101209400'
Event: 14.073 Thread 0x0000017ca6a29ba0 Unloading class 0x000000010118d000 'java/lang/invoke/LambdaForm$DMH+0x000000010118d000'
Event: 14.073 Thread 0x0000017ca6a29ba0 Unloading class 0x000000010118cc00 'java/lang/invoke/LambdaForm$DMH+0x000000010118cc00'
Event: 14.073 Thread 0x0000017ca6a29ba0 Unloading class 0x000000010118c000 'java/lang/invoke/LambdaForm$DMH+0x000000010118c000'
Event: 14.073 Thread 0x0000017ca6a29ba0 Unloading class 0x000000010118c800 'java/lang/invoke/LambdaForm$DMH+0x000000010118c800'

Classes redefined (0 events):
No events

Internal exceptions (20 events):
Event: 15.569 Thread 0x0000017cb01d7510 Exception <a 'sun/nio/fs/WindowsException'{0x0000000098e0b798}> (0x0000000098e0b798) 
thrown [s\src\hotspot\share\prims\jni.cpp, line 537]
Event: 15.579 Thread 0x0000017cb01d5ad0 Exception <a 'sun/nio/fs/WindowsException'{0x000000009bbb94c0}> (0x000000009bbb94c0) 
thrown [s\src\hotspot\share\prims\jni.cpp, line 537]
Event: 15.580 Thread 0x0000017cb01d5ad0 Exception <a 'sun/nio/fs/WindowsException'{0x000000009bbba380}> (0x000000009bbba380) 
thrown [s\src\hotspot\share\prims\jni.cpp, line 537]
Event: 15.580 Thread 0x0000017cb01d5ad0 Exception <a 'sun/nio/fs/WindowsException'{0x000000009bbbb480}> (0x000000009bbbb480) 
thrown [s\src\hotspot\share\prims\jni.cpp, line 537]
Event: 15.580 Thread 0x0000017cb01d5ad0 Exception <a 'sun/nio/fs/WindowsException'{0x000000009bbbc6a8}> (0x000000009bbbc6a8) 
thrown [s\src\hotspot\share\prims\jni.cpp, line 537]
Event: 15.585 Thread 0x0000017cb01d6e80 Exception <a 'sun/nio/fs/WindowsException'{0x000000009ae2b5d0}> (0x000000009ae2b5d0) 
thrown [s\src\hotspot\share\prims\jni.cpp, line 537]
Event: 15.586 Thread 0x0000017cb01d6e80 Exception <a 'sun/nio/fs/WindowsException'{0x000000009ae2c490}> (0x000000009ae2c490) 
thrown [s\src\hotspot\share\prims\jni.cpp, line 537]
Event: 15.586 Thread 0x0000017cb01d6e80 Exception <a 'sun/nio/fs/WindowsException'{0x000000009ae2d590}> (0x000000009ae2d590) 
thrown [s\src\hotspot\share\prims\jni.cpp, line 537]
Event: 15.586 Thread 0x0000017cb01d6e80 Exception <a 'sun/nio/fs/WindowsException'{0x000000009ae2e7b8}> (0x000000009ae2e7b8) 
thrown [s\src\hotspot\share\prims\jni.cpp, line 537]
Event: 15.587 Thread 0x0000017cb01d5ad0 Exception <a 'sun/nio/fs/WindowsException'{0x000000009bbc3508}> (0x000000009bbc3508) 
thrown [s\src\hotspot\share\prims\jni.cpp, line 537]
Event: 15.588 Thread 0x0000017cb01d5ad0 Exception <a 'sun/nio/fs/WindowsException'{0x000000009bbc46c8}> (0x000000009bbc46c8) 
thrown [s\src\hotspot\share\prims\jni.cpp, line 537]
Event: 15.589 Thread 0x0000017cb01d6e80 Exception <a 'sun/nio/fs/WindowsException'{0x000000009ae35918}> (0x000000009ae35918) 
thrown [s\src\hotspot\share\prims\jni.cpp, line 537]
Event: 15.590 Thread 0x0000017cb01d6e80 Exception <a 'sun/nio/fs/WindowsException'{0x000000009ae36b18}> (0x000000009ae36b18) 
thrown [s\src\hotspot\share\prims\jni.cpp, line 537]
Event: 15.621 Thread 0x0000017cb01d6e80 Exception <a 'sun/nio/fs/WindowsException'{0x0000000096524b08}> (0x0000000096524b08) 
thrown [s\src\hotspot\share\prims\jni.cpp, line 537]
Event: 15.648 Thread 0x0000017cb01d6e80 Exception <a 'sun/nio/fs/WindowsException'{0x000000009653c128}> (0x000000009653c128) 
thrown [s\src\hotspot\share\prims\jni.cpp, line 537]
Event: 15.676 Thread 0x0000017cb01d6e80 Exception <a 'sun/nio/fs/WindowsException'{0x000000008e8660d8}> (0x000000008e8660d8) 
thrown [s\src\hotspot\share\prims\jni.cpp, line 537]
Event: 15.676 Thread 0x0000017cb01d6e80 Exception <a 'sun/nio/fs/WindowsException'{0x000000008e866f98}> (0x000000008e866f98) 
thrown [s\src\hotspot\share\prims\jni.cpp, line 537]
Event: 15.676 Thread 0x0000017cb01d6e80 Exception <a 'sun/nio/fs/WindowsException'{0x000000008e868098}> (0x000000008e868098) 
thrown [s\src\hotspot\share\prims\jni.cpp, line 537]
Event: 15.676 Thread 0x0000017cb01d6e80 Exception <a 'sun/nio/fs/WindowsException'{0x000000008e8692c0}> (0x000000008e8692c0) 
thrown [s\src\hotspot\share\prims\jni.cpp, line 537]
Event: 15.705 Thread 0x0000017cb01d6e80 Exception <a 'sun/nio/fs/WindowsException'{0x00000000ff894a40}> (0x00000000ff894a40) 
thrown [s\src\hotspot\share\prims\jni.cpp, line 537]

ZGC Phase Switch (0 events):
No events

VM Operations (20 events):
Event: 15.279 Executing VM operation: HandshakeAllThreads (Deoptimize) done
Event: 15.290 Executing VM operation: HandshakeAllThreads (Deoptimize)
Event: 15.293 Executing VM operation: HandshakeAllThreads (Deoptimize) done
Event: 15.298 Executing VM operation: ICBufferFull
Event: 15.299 Executing VM operation: ICBufferFull done
Event: 15.332 Executing VM operation: G1PauseRemark
Event: 15.338 Executing VM operation: G1PauseRemark done
Event: 15.418 Executing VM operation: G1PauseCleanup
Event: 15.418 Executing VM operation: G1PauseCleanup done
Event: 15.441 Executing VM operation: HandshakeAllThreads (Deoptimize)
Event: 15.441 Executing VM operation: HandshakeAllThreads (Deoptimize) done
Event: 15.472 Executing VM operation: HandshakeAllThreads (Deoptimize)
Event: 15.473 Executing VM operation: HandshakeAllThreads (Deoptimize) done
Event: 15.479 Executing VM operation: G1CollectForAllocation (G1 Evacuation Pause)
Event: 15.487 Executing VM operation: G1CollectForAllocation (G1 Evacuation Pause) done
Event: 15.625 Executing VM operation: ICBufferFull
Event: 15.625 Executing VM operation: ICBufferFull done
Event: 15.679 Executing VM operation: G1CollectForAllocation (G1 Evacuation Pause)
Event: 15.690 Executing VM operation: G1CollectForAllocation (G1 Evacuation Pause) done
Event: 15.723 Executing VM operation: G1TryInitiateConcMark (G1 Humongous Allocation)

Memory protections (0 events):
No events

Nmethod flushes (20 events):
Event: 15.337 Thread 0x0000017ca6a29ba0 flushing  nmethod 0x0000017c934b8490
Event: 15.337 Thread 0x0000017ca6a29ba0 flushing  nmethod 0x0000017c934c0090
Event: 15.337 Thread 0x0000017ca6a29ba0 flushing  nmethod 0x0000017c934ef610
Event: 15.337 Thread 0x0000017ca6a29ba0 flushing  nmethod 0x0000017c9356b510
Event: 15.337 Thread 0x0000017ca6a29ba0 flushing  nmethod 0x0000017c93703490
Event: 15.337 Thread 0x0000017ca6a29ba0 flushing  nmethod 0x0000017c93787690
Event: 15.337 Thread 0x0000017ca6a29ba0 flushing  nmethod 0x0000017c93791190
Event: 15.337 Thread 0x0000017ca6a29ba0 flushing  nmethod 0x0000017c99f53690
Event: 15.337 Thread 0x0000017ca6a29ba0 flushing  nmethod 0x0000017c99f59410
Event: 15.337 Thread 0x0000017ca6a29ba0 flushing  nmethod 0x0000017c9a2d7590
Event: 15.337 Thread 0x0000017ca6a29ba0 flushing  nmethod 0x0000017c934e4b10
Event: 15.337 Thread 0x0000017ca6a29ba0 flushing  nmethod 0x0000017c934e5a90
Event: 15.337 Thread 0x0000017ca6a29ba0 flushing  nmethod 0x0000017c934e8110
Event: 15.337 Thread 0x0000017ca6a29ba0 flushing  nmethod 0x0000017c934eaa90
Event: 15.337 Thread 0x0000017ca6a29ba0 flushing  nmethod 0x0000017c93548c90
Event: 15.337 Thread 0x0000017ca6a29ba0 flushing  nmethod 0x0000017c9354d710
Event: 15.337 Thread 0x0000017ca6a29ba0 flushing  nmethod 0x0000017c936e2690
Event: 15.337 Thread 0x0000017ca6a29ba0 flushing  nmethod 0x0000017c936e5390
Event: 15.337 Thread 0x0000017ca6a29ba0 flushing  nmethod 0x0000017c936f1190
Event: 15.337 Thread 0x0000017ca6a29ba0 flushing  nmethod 0x0000017c9382ee90

Events (20 events):
Event: 11.607 Thread 0x0000017cb1905e30 Thread added: 0x0000017cb0bb6f20
Event: 11.607 Thread 0x0000017cb1905e30 Thread added: 0x0000017cb0bb3aa0
Event: 11.607 Thread 0x0000017cb1905e30 Thread added: 0x0000017cb0bb75b0
Event: 11.607 Thread 0x0000017cb1905e30 Thread added: 0x0000017cb0bb4130
Event: 11.608 Thread 0x0000017cb1905e30 Thread added: 0x0000017cb0bb7c40
Event: 11.608 Thread 0x0000017cb1905e30 Thread added: 0x0000017cb0bbb0c0
Event: 11.609 Thread 0x0000017cb1905e30 Thread added: 0x0000017cb0bb9680
Event: 11.659 Thread 0x0000017cb19029b0 Thread added: 0x0000017cb0bb9d10
Event: 11.659 Thread 0x0000017cb19029b0 Thread added: 0x0000017cb0bb8960
Event: 11.659 Thread 0x0000017cb19029b0 Thread added: 0x0000017cb0bb8ff0
Event: 11.659 Thread 0x0000017cb19029b0 Thread added: 0x0000017cb0bba3a0
Event: 11.659 Thread 0x0000017cb19029b0 Thread added: 0x0000017cb0bbb750
Event: 11.660 Thread 0x0000017cb19029b0 Thread added: 0x0000017cb0bb82d0
Event: 11.660 Thread 0x0000017cb19029b0 Thread added: 0x0000017cb0bbbde0
Event: 11.660 Thread 0x0000017cb19029b0 Thread added: 0x0000017cb0bbc470
Event: 11.660 Thread 0x0000017cb19029b0 Thread added: 0x0000017cb0bbcb00
Event: 11.660 Thread 0x0000017cb19029b0 Thread added: 0x0000017cb0bbd190
Event: 11.661 Thread 0x0000017cb19029b0 Thread added: 0x0000017cb0bbd820
Event: 11.819 Thread 0x0000017cb19029b0 Thread added: 0x0000017cb0bb47c0
Event: 11.819 Thread 0x0000017cb19029b0 Thread added: 0x0000017cb0bb54e0


Dynamic libraries:
0x00007ff68a010000 - 0x00007ff68a01a000 	C:\Program Files\Android\Android Studio\jbr\bin\java.exe
0x00007fff6bf00000 - 0x00007fff6c168000 	C:\WINDOWS\SYSTEM32\ntdll.dll
0x00007fff6b460000 - 0x00007fff6b529000 	C:\WINDOWS\System32\KERNEL32.DLL
0x00007fff69720000 - 0x00007fff69b11000 	C:\WINDOWS\System32\KERNELBASE.dll
0x00007fff695d0000 - 0x00007fff6971b000 	C:\WINDOWS\System32\ucrtbase.dll
0x00007fff63c10000 - 0x00007fff63c2b000 	C:\Program Files\Android\Android Studio\jbr\bin\VCRUNTIME140.dll
0x00007fff52690000 - 0x00007fff526a8000 	C:\Program Files\Android\Android Studio\jbr\bin\jli.dll
0x00007fff6a330000 - 0x00007fff6a4f6000 	C:\WINDOWS\System32\USER32.dll
0x00007fff68bf0000 - 0x00007fff68c17000 	C:\WINDOWS\System32\win32u.dll
0x00007fff6aa10000 - 0x00007fff6aa3b000 	C:\WINDOWS\System32\GDI32.dll
0x00007fff544f0000 - 0x00007fff54783000 	C:\WINDOWS\WinSxS\amd64_microsoft.windows.common-controls_6595b64144ccf1df_6.0.26100.7824_none_3e0870b2e3345462\COMCTL32.dll
0x00007fff687e0000 - 0x00007fff6890b000 	C:\WINDOWS\System32\gdi32full.dll
0x00007fff68c20000 - 0x00007fff68cc3000 	C:\WINDOWS\System32\msvcp_win.dll
0x00007fff6ba90000 - 0x00007fff6bb39000 	C:\WINDOWS\System32\msvcrt.dll
0x00007fff6a290000 - 0x00007fff6a2c1000 	C:\WINDOWS\System32\IMM32.DLL
0x000000006fa40000 - 0x000000006fa4d000 	C:\Program Files (x86)\360\Total Security\safemon\SafeWrapper.dll
0x00007fff6b540000 - 0x00007fff6b5f4000 	C:\WINDOWS\System32\ADVAPI32.dll
0x00007fff6b3b0000 - 0x00007fff6b456000 	C:\WINDOWS\System32\sechost.dll
0x00007fff6bd80000 - 0x00007fff6be98000 	C:\WINDOWS\System32\RPCRT4.dll
0x00007fff3ca00000 - 0x00007fff3cb05000 	C:\Program Files (x86)\360\Total Security\safemon\libzdtp64.dll
0x00007fff6ac20000 - 0x00007fff6b372000 	C:\WINDOWS\System32\SHELL32.dll
0x00007fff68a80000 - 0x00007fff68bea000 	C:\WINDOWS\System32\wintypes.dll
0x00007fff6a580000 - 0x00007fff6a906000 	C:\WINDOWS\System32\combase.dll
0x00007fff69e40000 - 0x00007fff69ea7000 	C:\WINDOWS\System32\SHLWAPI.dll
0x00007fff68cd0000 - 0x00007fff69533000 	C:\WINDOWS\System32\Windows.Storage.dll
0x00007fff56c80000 - 0x00007fff56c8b000 	C:\WINDOWS\SYSTEM32\VERSION.dll
0x00007fff65900000 - 0x00007fff6590c000 	C:\Program Files\Android\Android Studio\jbr\bin\vcruntime140_1.dll
0x00007fff52600000 - 0x00007fff5268d000 	C:\Program Files\Android\Android Studio\jbr\bin\msvcp140.dll
0x00007ffe9b470000 - 0x00007ffe9c106000 	C:\Program Files\Android\Android Studio\jbr\bin\server\jvm.dll
0x00007fff6a500000 - 0x00007fff6a574000 	C:\WINDOWS\System32\WS2_32.dll
0x00007fff68640000 - 0x00007fff6869e000 	C:\WINDOWS\SYSTEM32\POWRPROF.dll
0x00007fff61680000 - 0x00007fff616b5000 	C:\WINDOWS\SYSTEM32\WINMM.dll
0x00007fff68620000 - 0x00007fff68634000 	C:\WINDOWS\SYSTEM32\UMPDC.dll
0x00007fff67580000 - 0x00007fff6759b000 	C:\WINDOWS\SYSTEM32\kernel.appcore.dll
0x00007fff574e0000 - 0x00007fff574ea000 	C:\Program Files\Android\Android Studio\jbr\bin\jimage.dll
0x00007fff65fd0000 - 0x00007fff66212000 	C:\WINDOWS\SYSTEM32\DBGHELP.DLL
0x00007fff6ab40000 - 0x00007fff6ac17000 	C:\WINDOWS\System32\OLEAUT32.dll
0x00007fff55de0000 - 0x00007fff55e1b000 	C:\WINDOWS\SYSTEM32\dbgcore.DLL
0x00007fff689d0000 - 0x00007fff68a75000 	C:\WINDOWS\System32\bcryptPrimitives.dll
0x00007fff63bc0000 - 0x00007fff63bce000 	C:\Program Files\Android\Android Studio\jbr\bin\instrument.dll
0x00007fff55dc0000 - 0x00007fff55de0000 	C:\Program Files\Android\Android Studio\jbr\bin\java.dll
0x00007fff55640000 - 0x00007fff55658000 	C:\Program Files\Android\Android Studio\jbr\bin\zip.dll
0x00007fff6a910000 - 0x00007fff6aa06000 	C:\WINDOWS\System32\SHCORE.dll
0x00007fff68700000 - 0x00007fff68729000 	C:\WINDOWS\SYSTEM32\profapi.dll
0x00007fff574d0000 - 0x00007fff574e0000 	C:\Program Files\Android\Android Studio\jbr\bin\net.dll
0x00007fff62a80000 - 0x00007fff62ba7000 	C:\WINDOWS\SYSTEM32\WINHTTP.dll
0x00007fff67af0000 - 0x00007fff67b5b000 	C:\WINDOWS\system32\mswsock.dll
0x00007fff55480000 - 0x00007fff55496000 	C:\Program Files\Android\Android Studio\jbr\bin\nio.dll
0x00007fff55db0000 - 0x00007fff55dc0000 	C:\Program Files\Android\Android Studio\jbr\bin\verify.dll
0x00007fff52c40000 - 0x00007fff52c67000 	C:\Users\User\.gradle\native\1def1411415f61bf3af743bc5b6707747c0891f09f0c88961ee8f79bc544acac\windows-amd64\native-platform.dll
0x00007fff36b20000 - 0x00007fff36b98000 	C:\Users\User\.gradle\native\0.2.7\x86_64-windows-gnu\gradle-fileevents.dll
0x00007fff62d20000 - 0x00007fff62d29000 	C:\Program Files\Android\Android Studio\jbr\bin\management.dll
0x00007fff62d10000 - 0x00007fff62d1b000 	C:\Program Files\Android\Android Studio\jbr\bin\management_ext.dll
0x00007fff6b530000 - 0x00007fff6b538000 	C:\WINDOWS\System32\PSAPI.DLL
0x00007fff67050000 - 0x00007fff67084000 	C:\WINDOWS\SYSTEM32\IPHLPAPI.DLL
0x00007fff6bd70000 - 0x00007fff6bd7a000 	C:\WINDOWS\System32\NSI.dll
0x00007fff65a10000 - 0x00007fff65a19000 	C:\Program Files\Android\Android Studio\jbr\bin\extnet.dll
0x00007fff67dc0000 - 0x00007fff67ddb000 	C:\WINDOWS\SYSTEM32\CRYPTSP.dll
0x00007fff674e0000 - 0x00007fff67519000 	C:\WINDOWS\system32\rsaenh.dll
0x00007fff67ba0000 - 0x00007fff67bcb000 	C:\WINDOWS\SYSTEM32\USERENV.dll
0x00007fff686d0000 - 0x00007fff686fa000 	C:\WINDOWS\SYSTEM32\bcrypt.dll
0x00007fff67de0000 - 0x00007fff67dec000 	C:\WINDOWS\SYSTEM32\CRYPTBASE.dll
0x00007fff3fe20000 - 0x00007fff3fe28000 	C:\WINDOWS\system32\wshunix.dll

JVMTI agents:
C:\Users\User\.gradle\wrapper\dists\gradle-8.13-bin\5xuhj0ry160q40clulazy9h7d\gradle-8.13\lib\agents\gradle-instrumentation-agent-8.13.jar path:C:\Program Files\Android\Android Studio\jbr\bin\instrument.dll, loaded, initialized, instrumentlib options:none

dbghelp: loaded successfully - version: 4.0.5 - missing functions: none
symbol engine: initialized successfully - sym options: 0x614 - pdb path: .;C:\Program Files\Android\Android Studio\jbr\bin;C:\WINDOWS\SYSTEM32;C:\WINDOWS\WinSxS\amd64_microsoft.windows.common-controls_6595b64144ccf1df_6.0.26100.7824_none_3e0870b2e3345462;C:\Program Files (x86)\360\Total Security\safemon;C:\Program Files\Android\Android Studio\jbr\bin\server;C:\Users\User\.gradle\native\1def1411415f61bf3af743bc5b6707747c0891f09f0c88961ee8f79bc544acac\windows-amd64;C:\Users\User\.gradle\native\0.2.7\x86_64-windows-gnu

VM Arguments:
jvm_args: --add-opens=java.base/java.lang=ALL-UNNAMED --add-opens=java.base/java.lang.invoke=ALL-UNNAMED --add-opens=java.base/java.util=ALL-UNNAMED --add-opens=java.prefs/java.util.prefs=ALL-UNNAMED --add-exports=jdk.compiler/com.sun.tools.javac.api=ALL-UNNAMED --add-exports=jdk.compiler/com.sun.tools.javac.util=ALL-UNNAMED --add-opens=java.base/java.util=ALL-UNNAMED --add-opens=java.prefs/java.util.prefs=ALL-UNNAMED --add-opens=java.base/java.nio.charset=ALL-UNNAMED --add-opens=java.base/java.net=ALL-UNNAMED --add-opens=java.base/java.util.concurrent.atomic=ALL-UNNAMED --add-opens=java.xml/javax.xml.namespace=ALL-UNNAMED -Xmx2048m -Dfile.encoding=UTF-8 -Duser.country=RU -Duser.language=ru -Duser.variant -javaagent:C:\Users\User\.gradle\wrapper\dists\gradle-8.13-bin\5xuhj0ry160q40clulazy9h7d\gradle-8.13\lib\agents\gradle-instrumentation-agent-8.13.jar 
java_command: org.gradle.launcher.daemon.bootstrap.GradleDaemon 8.13
java_class_path (initial): C:\Users\User\.gradle\wrapper\dists\gradle-8.13-bin\5xuhj0ry160q40clulazy9h7d\gradle-8.13\lib\gradle-daemon-main-8.13.jar
Launcher Type: SUN_STANDARD

[Global flags]
     intx CICompilerCount                          = 4                                         {product} {ergonomic}
     uint ConcGCThreads                            = 3                                         {product} {ergonomic}
     uint G1ConcRefinementThreads                  = 10                                        {product} {ergonomic}
   size_t G1HeapRegionSize                         = 1048576                                   {product} {ergonomic}
    uintx GCDrainStackTargetSize                   = 64                                        {product} {ergonomic}
   size_t InitialHeapSize                          = 197132288                                 {product} {ergonomic}
   size_t MarkStackSize                            = 4194304                                   {product} {ergonomic}
   size_t MaxHeapSize                              = 2147483648                                {product} {command line}
   size_t MaxNewSize                               = 1287651328                                {product} {ergonomic}
   size_t MinHeapDeltaBytes                        = 1048576                                   {product} {ergonomic}
   size_t MinHeapSize                              = 8388608                                   {product} {ergonomic}
    uintx NonNMethodCodeHeapSize                   = 5839372                                {pd product} {ergonomic}
    uintx NonProfiledCodeHeapSize                  = 122909434                              {pd product} {ergonomic}
    uintx ProfiledCodeHeapSize                     = 122909434                              {pd product} {ergonomic}
    uintx ReservedCodeCacheSize                    = 251658240                              {pd product} {ergonomic}
     bool SegmentedCodeCache                       = true                                      {product} {ergonomic}
   size_t SoftMaxHeapSize                          = 2147483648                             {manageable} {ergonomic}
     bool UseCompressedOops                        = true                           {product lp64_product} {ergonomic}
     bool UseG1GC                                  = true                                      {product} {ergonomic}
     bool UseLargePagesIndividualAllocation        = false                                  {pd product} {ergonomic}

Logging:
Log output configuration:
 #0: stdout all=warning uptime,level,tags foldmultilines=false
 #1: stderr all=off uptime,level,tags foldmultilines=false

Release file:
JAVA_VERSION="21.0.9" 
MODULES="java.base java.compiler java.datatransfer java.xml java.prefs java.desktop java.instrument java.logging java.management java.security.sasl java.naming java.rmi java.management.rmi java.net.http java.scripting java.security.jgss java.transaction.xa java.sql java.sql.rowset java.xml.crypto java.se java.smartcardio jdk.accessibility jdk.internal.jvmstat jdk.attach jdk.charsets jdk.internal.opt jdk.zipfs jdk.compiler jdk.crypto.ec jdk.crypto.cryptoki jdk.dynalink jdk.hotspot.agent jdk.httpserver jdk.internal.ed jdk.internal.le jdk.internal.vm.ci jdk.jartool jdk.javadoc jdk.jcmd jdk.jdeps jdk.jdwp.agent jdk.jdi jdk.jfr jdk.jlink jdk.jsobject jdk.localedata jdk.management jdk.management.agent jdk.management.jfr jdk.naming.dns jdk.naming.rmi jdk.net jdk.sctp jdk.security.auth jdk.security.jgss jdk.unsupported jdk.unsupported.desktop jdk.xml.dom" 
IMPLEMENTOR="JetBrains s.r.o." 
JAVA_RUNTIME_VERSION="21.0.9+-14787801-b1163.94" 
LIBC="default" 
OS_ARCH="x86_64" 
OS_NAME="Windows" 
SOURCE=".:git:0c757ddc9f2f" 

Environment Variables:
PATH=C:\Program Files\Common Files\Oracle\Java\javapath;C:\Program Files (x86)\Common Files\Oracle\Java\javapath;C:\WINDOWS\system32;C:\WINDOWS;C:\WINDOWS\System32\Wbem;C:\WINDOWS\System32\WindowsPowerShell\v1.0\;C:\WINDOWS\System32\OpenSSH\;C:\JupyterLab;C:\Program Files\Git\cmd;C:\Program Files\nodejs\;C:\Program Files\dotnet\;C:\Users\User\AppData\Local\Programs\Python\Python313\Scripts\;C:\Users\User\AppData\Local\Programs\Python\Python313\;C:\Users\User\AppData\Local\Programs\Python\Launcher\;C:\Users\User\AppData\Local\Microsoft\WindowsApps;C:\Users\User\AppData\Local\Programs\Microsoft VS Code\bin;C:\Program Files\JetBrains\PyCharm 2025.2.3\bin;C:\Users\User\AppData\Local\Programs\MiKTeX\miktex\bin\x64\;C:\Program Files\JetBrains\WebStorm 2025.1.3\bin;;C:\Users\User\AppData\Roaming\npm;C:\Program Files\JetBrains\IntelliJ IDEA Community Edition 2025.2.1\bin;C:\Users\User\.lmstudio\bin
USERNAME=User
OS=Windows_NT
PROCESSOR_IDENTIFIER=Intel64 Family 6 Model 186 Stepping 3, GenuineIntel
TMP=C:\Users\User\AppData\Local\Temp
TEMP=C:\Users\User\AppData\Local\Temp




Periodic native trim disabled

JNI global refs:
JNI global refs: 32, weak refs: 186

JNI global refs memory usage: 835, weak refs: 2729

Process memory usage:
Resident Set Size: 889336K (7% of 12199064K total physical memory with 1089496K free physical memory)

OOME stack traces (most recent first):
Classloader memory used:
Loader org.gradle.internal.classloader.VisitableURLClassLoader$InstrumentingVisitableURLClassLoader: 45381K
Loader org.gradle.internal.classloader.VisitableURLClassLoader                         : 43945K
Loader bootstrap                                                                       : 28487K
Loader org.gradle.initialization.MixInLegacyTypesClassLoader                           : 12912K
Loader jdk.internal.loader.ClassLoaders$PlatformClassLoader                            : 538K
Loader jdk.internal.reflect.DelegatingClassLoader                                      : 304K
Loader jdk.internal.loader.ClassLoaders$AppClassLoader                                 : 235K
Loader org.gradle.internal.classloader.VisitableURLClassLoader                         : 207K
Loader org.gradle.groovy.scripts.internal.DefaultScriptCompilationHandler$ScriptClassLoader: 135K
Loader org.codehaus.groovy.runtime.callsite.CallSiteClassLoader                        : 27488B

Classes loaded by more than one classloader:
Class Program                                                                         : loaded 5 times (x 72B)
Class Build_gradle                                                                    : loaded 3 times (x 130B)
Class Build_gradle$1                                                                  : loaded 3 times (x 74B)
Class org.gradle.internal.classloader.FilteringClassLoader                            : loaded 2 times (x 105B)
Class com.google.common.base.CharMatcher$IsEither                                     : loaded 2 times (x 111B)
Class org.gradle.internal.classloader.ClassLoaderHierarchy                            : loaded 2 times (x 70B)
Class com.google.common.collect.ImmutableEnumSet                                      : loaded 2 times (x 146B)
Class com.google.common.util.concurrent.ExecutionError                                : loaded 2 times (x 82B)
Class com.google.common.collect.ImmutableList$1                                       : loaded 2 times (x 97B)
Class org.gradle.api.internal.classpath.ManifestUtil                                  : loaded 2 times (x 71B)
Class com.google.common.io.ByteArrayDataOutput                                        : loaded 2 times (x 70B)
Class com.google.common.collect.RegularImmutableMap                                   : loaded 2 times (x 121B)
Class com.google.common.collect.ImmutableMap$MapViewOfValuesAsSingletonSets           : loaded 2 times (x 126B)
Class [Lorg.objectweb.asm.Symbol;                                                     : loaded 2 times (x 69B)
Class org.objectweb.asm.ClassVisitor                                                  : loaded 2 times (x 88B)
Class com.google.common.collect.UnmodifiableListIterator                              : loaded 2 times (x 95B)
Class com.google.common.base.Platform$JdkPatternCompiler                              : loaded 2 times (x 75B)
Class org.objectweb.asm.MethodTooLargeException                                       : loaded 2 times (x 83B)
Class [Lcom.google.common.cache.CacheBuilder$OneWeigher;                              : loaded 2 times (x 69B)
Class com.google.common.base.Suppliers                                                : loaded 2 times (x 71B)
Class org.gradle.internal.classloader.DefaultClassLoaderFactory                       : loaded 2 times (x 82B)
Class org.gradle.internal.classloader.ClassLoaderVisitor                              : loaded 2 times (x 76B)
Class [Lcom.google.common.collect.ImmutableMapEntry;                                  : loaded 2 times (x 69B)
Class org.gradle.api.internal.classpath.EffectiveClassPath                            : loaded 2 times (x 90B)
Class com.google.common.collect.ListMultimap                                          : loaded 2 times (x 70B)
Class com.google.common.collect.ImmutableEnumMap                                      : loaded 2 times (x 126B)
Class com.google.common.collect.Sets$1                                                : loaded 2 times (x 139B)
Class org.objectweb.asm.AnnotationVisitor                                             : loaded 2 times (x 78B)
Class org.gradle.api.internal.DefaultClassPathProvider                                : loaded 2 times (x 76B)
Class com.google.common.collect.Sets$2                                                : loaded 2 times (x 139B)
Class [Lorg.gradle.api.internal.ClassPathProvider;                                    : loaded 2 times (x 69B)
Class org.gradle.api.internal.ClassPathProvider                                       : loaded 2 times (x 70B)
Class com.google.common.collect.Sets$3                                                : loaded 2 times (x 139B)
Class com.google.common.util.concurrent.AbstractFuture$SafeAtomicHelper               : loaded 2 times (x 79B)
Class com.google.common.cache.LocalCache$LocalLoadingCache                            : loaded 2 times (x 134B)
Class org.gradle.internal.service.UnknownServiceException                             : loaded 2 times (x 83B)
Class com.google.common.io.ByteArrayDataInput                                         : loaded 2 times (x 70B)
Class com.google.common.collect.Sets$4                                                : loaded 2 times (x 139B)
Class org.objectweb.asm.ModuleVisitor                                                 : loaded 2 times (x 81B)
Class com.google.common.cache.LocalCache$Strength$1                                   : loaded 2 times (x 81B)
Class com.google.common.util.concurrent.SettableFuture                                : loaded 2 times (x 114B)
Class com.google.common.cache.LocalCache$Strength$2                                   : loaded 2 times (x 81B)
Class com.google.common.io.ByteStreams                                                : loaded 2 times (x 71B)
Class com.google.common.cache.LocalCache$Strength$3                                   : loaded 2 times (x 81B)
Class com.google.common.collect.MapDifference                                         : loaded 2 times (x 70B)
Class org.objectweb.asm.FieldWriter                                                   : loaded 2 times (x 78B)
Class com.google.common.cache.CacheBuilder$NullListener                               : loaded 2 times (x 82B)
Class org.gradle.internal.classpath.TransformedClassPath                              : loaded 2 times (x 96B)
Class org.gradle.internal.classloader.InstrumentingClassLoader                        : loaded 2 times (x 70B)
Class com.google.common.cache.CacheLoader$FunctionToCacheLoader                       : loaded 2 times (x 75B)
Class com.google.common.collect.Iterators$ArrayItr                                    : loaded 2 times (x 97B)
Class com.google.common.collect.ImmutableCollection$Builder                           : loaded 2 times (x 76B)
Class com.google.common.base.Joiner                                                   : loaded 2 times (x 79B)
Class com.google.common.base.MoreObjects                                              : loaded 2 times (x 71B)
Class com.google.common.collect.Platform                                              : loaded 2 times (x 71B)
Class [Lorg.objectweb.asm.Type;                                                       : loaded 2 times (x 69B)
Class com.google.common.collect.UnmodifiableIterator                                  : loaded 2 times (x 80B)
Class org.gradle.internal.service.ServiceLocator                                      : loaded 2 times (x 70B)
Class com.google.common.base.Ascii                                                    : loaded 2 times (x 71B)
Class com.google.common.collect.SingletonImmutableBiMap                               : loaded 2 times (x 143B)
Class com.google.common.cache.LocalCache$1                                            : loaded 2 times (x 89B)
Class com.google.common.collect.AbstractMapEntry                                      : loaded 2 times (x 81B)
Class com.google.common.collect.Sets$ImprovedAbstractSet                              : loaded 2 times (x 135B)
Class com.google.common.collect.ImmutableList$Builder                                 : loaded 2 times (x 77B)
Class com.google.common.collect.AbstractMultimap                                      : loaded 2 times (x 123B)
Class com.google.common.cache.LocalCache$2                                            : loaded 2 times (x 142B)
Class com.google.common.util.concurrent.AbstractFuture$UnsafeAtomicHelper$1           : loaded 2 times (x 76B)
Class com.google.common.collect.RegularImmutableAsList                                : loaded 2 times (x 217B)
Class com.google.common.util.concurrent.AbstractFuture$Trusted                        : loaded 2 times (x 70B)
Class com.google.common.collect.Iterators                                             : loaded 2 times (x 71B)
Class com.google.common.collect.Lists$StringAsImmutableList                           : loaded 2 times (x 207B)
Class com.google.common.util.concurrent.UncheckedExecutionException                   : loaded 2 times (x 82B)
Class org.gradle.kotlin.dsl.VersionCatalogAccessorsKt                                 : loaded 2 times (x 71B)
Class org.gradle.internal.InternalTransformer                                         : loaded 2 times (x 70B)
Class com.google.common.collect.AbstractMapBasedMultimap$KeySet$1                     : loaded 2 times (x 82B)
Class org.objectweb.asm.ClassWriter                                                   : loaded 2 times (x 106B)
Class com.google.common.cache.CacheLoader$UnsupportedLoadingOperationException        : loaded 2 times (x 82B)
Class com.google.common.base.CharMatcher$And                                          : loaded 2 times (x 112B)
Class org.gradle.internal.classloader.ClasspathUtil$1                                 : loaded 2 times (x 76B)
Class org.objectweb.asm.FieldVisitor                                                  : loaded 2 times (x 77B)
Class com.google.common.collect.IndexedImmutableSet                                   : loaded 2 times (x 152B)
Class com.google.common.collect.ImmutableMap$1                                        : loaded 2 times (x 81B)
Class com.google.common.collect.BiMap                                                 : loaded 2 times (x 70B)
Class org.gradle.api.internal.classpath.DefaultModuleRegistry$DefaultModule           : loaded 2 times (x 86B)
Class com.google.common.primitives.Ints                                               : loaded 2 times (x 71B)
Class com.google.common.collect.AbstractIterator                                      : loaded 2 times (x 82B)
Class com.google.common.collect.ObjectArrays                                          : loaded 2 times (x 71B)
Class com.google.common.collect.Multiset                                              : loaded 2 times (x 70B)
Class com.google.common.collect.RegularImmutableMap$KeySet                            : loaded 2 times (x 152B)
Class com.google.common.collect.AbstractIndexedListIterator                           : loaded 2 times (x 96B)
Class com.google.common.math.MathPreconditions                                        : loaded 2 times (x 71B)
Class com.google.common.collect.ImmutableMapEntrySet                                  : loaded 2 times (x 152B)
Class org.gradle.api.internal.classpath.Module                                        : loaded 2 times (x 70B)
Class com.google.common.cache.Weigher                                                 : loaded 2 times (x 70B)
Class org.gradle.api.internal.classpath.UnknownModuleException                        : loaded 2 times (x 82B)
Class com.google.common.base.Stopwatch                                                : loaded 2 times (x 72B)
Class com.google.common.cache.LocalCache$Strength                                     : loaded 2 times (x 81B)
Class com.google.common.cache.Cache                                                   : loaded 2 times (x 70B)
Class com.google.common.base.NullnessCasts                                            : loaded 2 times (x 71B)
Class com.google.common.util.concurrent.AbstractFuture$Cancellation                   : loaded 2 times (x 72B)
Class com.google.common.collect.ImmutableMap$Builder                                  : loaded 2 times (x 82B)
Class com.google.common.cache.RemovalListener                                         : loaded 2 times (x 70B)
Class org.gradle.api.internal.DefaultClassPathRegistry                                : loaded 2 times (x 76B)
Class com.google.common.primitives.IntsMethodsForWeb                                  : loaded 2 times (x 71B)
Class com.google.common.collect.Multimap                                              : loaded 2 times (x 70B)
Class org.gradle.api.internal.ClassPathRegistry                                       : loaded 2 times (x 70B)
Class org.gradle.internal.classpath.DefaultClassPath$ImmutableUniqueList              : loaded 2 times (x 199B)
Class com.google.common.base.Equivalence$Identity                                     : loaded 2 times (x 82B)
Class com.google.common.cache.CacheBuilder                                            : loaded 2 times (x 72B)
Class com.google.common.collect.SingletonImmutableList                                : loaded 2 times (x 207B)
Class Settings_gradle$1                                                               : loaded 2 times (x 74B)
Class org.gradle.internal.classpath.ClassPath                                         : loaded 2 times (x 70B)
Class org.gradle.api.UncheckedIOException                                             : loaded 2 times (x 82B)
Class com.google.common.base.JdkPattern                                               : loaded 2 times (x 75B)
Class com.google.common.collect.ImmutableList$ReverseImmutableList                    : loaded 2 times (x 209B)
Class org.objectweb.asm.SymbolTable$Entry                                             : loaded 2 times (x 74B)
Class com.google.common.util.concurrent.AbstractFuture$AtomicHelper                   : loaded 2 times (x 78B)
Class org.objectweb.asm.Edge                                                          : loaded 2 times (x 72B)
Class com.google.common.base.Suppliers$SupplierOfInstance                             : loaded 2 times (x 79B)
Class com.google.common.collect.Iterators$1                                           : loaded 2 times (x 81B)
Class com.google.common.cache.LocalCache$ComputingValueReference                      : loaded 2 times (x 96B)
Class com.google.common.collect.SingletonImmutableSet                                 : loaded 2 times (x 146B)
Class com.google.common.collect.ImmutableMap$IteratorBasedImmutableMap                : loaded 2 times (x 126B)
Class com.google.common.cache.LocalCache$Segment                                      : loaded 2 times (x 154B)
Class ijKotlinCoroutineJvmDebugInit1_dofq3drr9aihm4earzh7ldbbw                        : loaded 2 times (x 179B)
Class com.google.common.collect.AbstractListMultimap                                  : loaded 2 times (x 172B)
Class [Lorg.objectweb.asm.SymbolTable$Entry;                                          : loaded 2 times (x 69B)
Class com.google.common.cache.CacheLoader                                             : loaded 2 times (x 74B)
Class com.google.common.collect.Iterators$4                                           : loaded 2 times (x 82B)
Class com.google.common.collect.ImmutableBiMap                                        : loaded 2 times (x 143B)
Class org.gradle.internal.installation.GradleInstallation$1                           : loaded 2 times (x 75B)
Class org.gradle.api.internal.classpath.ModuleRegistry                                : loaded 2 times (x 70B)
Class com.google.common.util.concurrent.internal.InternalFutureFailureAccess          : loaded 2 times (x 72B)
Class com.google.common.collect.Iterators$5                                           : loaded 2 times (x 82B)
Class com.google.common.collect.ImmutableSet$JdkBackedSetBuilderImpl                  : loaded 2 times (x 76B)
Class com.google.common.util.concurrent.AbstractFuture$UnsafeAtomicHelper             : loaded 2 times (x 78B)
Class com.google.common.cache.LocalCache$LocalManualCache$1                           : loaded 2 times (x 75B)
Class com.google.common.base.CharMatcher$ForPredicate                                 : loaded 2 times (x 112B)
Class com.google.common.base.CharMatcher$AnyOf                                        : loaded 2 times (x 112B)
Class com.google.common.collect.ImmutableCollection                                   : loaded 2 times (x 125B)
Class org.gradle.api.internal.classpath.DefaultModuleRegistry                         : loaded 2 times (x 86B)
Class com.google.common.collect.Lists                                                 : loaded 2 times (x 71B)
Class com.google.common.util.concurrent.ListenableFuture                              : loaded 2 times (x 70B)
Class com.google.common.cache.ReferenceEntry                                          : loaded 2 times (x 70B)
Class com.google.common.base.Converter                                                : loaded 2 times (x 90B)
Class com.google.common.collect.ImmutableSet$CachingAsList                            : loaded 2 times (x 148B)
Class com.google.common.collect.AbstractMapBasedMultimap                              : loaded 2 times (x 139B)
Class com.google.common.util.concurrent.AbstractFuture                                : loaded 2 times (x 106B)
Class com.google.common.base.FunctionalEquivalence                                    : loaded 2 times (x 83B)
Class com.google.common.collect.Iterators$9                                           : loaded 2 times (x 81B)
Class com.google.common.collect.ImmutableAsList                                       : loaded 2 times (x 209B)
Class org.objectweb.asm.RecordComponentVisitor                                        : loaded 2 times (x 77B)
Class com.google.common.cache.CacheLoader$SupplierToCacheLoader                       : loaded 2 times (x 75B)
Class com.google.common.collect.Maps$EntryTransformer                                 : loaded 2 times (x 70B)
Class org.gradle.internal.service.ServiceLookupException                              : loaded 2 times (x 82B)
Class [Lcom.google.common.cache.LocalCache$EntryFactory;                              : loaded 2 times (x 69B)
Class org.gradle.internal.classloader.ClassLoaderFactory                              : loaded 2 times (x 70B)
Class com.google.common.base.CommonPattern                                            : loaded 2 times (x 74B)
Class com.google.common.cache.LocalCache$LocalManualCache                             : loaded 2 times (x 99B)
Class com.google.common.base.CharMatcher$IsNot                                        : loaded 2 times (x 111B)
Class org.gradle.internal.service.CachingServiceLocator                               : loaded 2 times (x 82B)
Class com.google.common.collect.AbstractMapBasedMultimap$KeySet                       : loaded 2 times (x 137B)
Class com.google.common.math.IntMath                                                  : loaded 2 times (x 71B)
Class com.google.common.collect.ImmutableMapEntry                                     : loaded 2 times (x 85B)
Class com.google.common.base.Equivalence                                              : loaded 2 times (x 82B)
Class com.google.common.base.Function                                                 : loaded 2 times (x 70B)
Class com.google.common.collect.ImmutableMapEntry$NonTerminalImmutableMapEntry        : loaded 2 times (x 85B)
Class com.google.common.cache.CacheBuilder$OneWeigher                                 : loaded 2 times (x 82B)
Class com.google.common.collect.RegularImmutableList                                  : loaded 2 times (x 213B)
Class org.gradle.internal.classloader.ClasspathUtil                                   : loaded 2 times (x 71B)
Class com.google.common.base.Charsets                                                 : loaded 2 times (x 71B)
Class com.google.common.util.concurrent.Uninterruptibles                              : loaded 2 times (x 71B)
Class com.google.common.collect.Maps                                                  : loaded 2 times (x 71B)
Class org.gradle.api.specs.Spec                                                       : loaded 2 times (x 70B)
Class [Lcom.google.common.collect.ImmutableEntry;                                     : loaded 2 times (x 69B)
Class com.google.common.cache.LocalCache$LoadingValueReference                        : loaded 2 times (x 96B)
Class com.google.common.collect.ArrayListMultimapGwtSerializationDependencies         : loaded 2 times (x 172B)
Class com.google.common.base.Platform                                                 : loaded 2 times (x 71B)
Class com.google.common.collect.Maps$8                                                : loaded 2 times (x 82B)
Class com.google.common.collect.Sets$SetView                                          : loaded 2 times (x 138B)
Class com.google.common.cache.LocalCache$StrongValueReference                         : loaded 2 times (x 90B)
Class com.google.common.util.concurrent.AbstractFuture$SynchronizedHelper             : loaded 2 times (x 78B)
Class org.objectweb.asm.Type                                                          : loaded 2 times (x 72B)
Class org.gradle.internal.classloader.VisitableURLClassLoader$InstrumentingVisitableURLClassLoader: loaded 2 times (x 123B)
Class org.objectweb.asm.ByteVector                                                    : loaded 2 times (x 79B)
Class [Lcom.google.common.cache.CacheBuilder$NullListener;                            : loaded 2 times (x 69B)
Class com.google.common.math.IntMath$1                                                : loaded 2 times (x 71B)
Class org.gradle.internal.classloader.VisitableURLClassLoader$Spec                    : loaded 2 times (x 74B)
Class org.gradle.internal.classpath.DefaultClassPath                                  : loaded 2 times (x 90B)
Class org.objectweb.asm.Symbol                                                        : loaded 2 times (x 73B)
Class com.google.common.io.Closer                                                     : loaded 2 times (x 78B)
Class com.google.common.base.CharMatcher$Ascii                                        : loaded 2 times (x 112B)
Class com.google.common.base.CharMatcher$BitSetMatcher                                : loaded 2 times (x 112B)
Class com.google.common.collect.RegularImmutableMap$Values                            : loaded 2 times (x 207B)
Class com.google.common.collect.ImmutableSet                                          : loaded 2 times (x 145B)
Class org.gradle.internal.classloader.ClassLoaderSpec                                 : loaded 2 times (x 71B)
Class org.objectweb.asm.AnnotationWriter                                              : loaded 2 times (x 79B)
Class com.google.common.cache.CacheStats                                              : loaded 2 times (x 71B)
Class com.google.common.io.Closer$Suppressor                                          : loaded 2 times (x 70B)
Class org.objectweb.asm.RecordComponentWriter                                         : loaded 2 times (x 78B)
Class com.google.common.util.concurrent.AbstractFuture$Listener                       : loaded 2 times (x 72B)
Class com.google.common.base.CharMatcher$Or                                           : loaded 2 times (x 112B)
Class Settings_gradle$1$1                                                             : loaded 2 times (x 74B)
Class org.objectweb.asm.Attribute                                                     : loaded 2 times (x 77B)
Class com.google.common.base.Supplier                                                 : loaded 2 times (x 70B)
Class ijKotlinCoroutineJvmDebugInit1_dofq3drr9aihm4earzh7ldbbw$_run_closure1          : loaded 2 times (x 139B)
Class org.gradle.internal.classloader.VisitableURLClassLoader                         : loaded 2 times (x 117B)
Class com.google.common.util.concurrent.AbstractFuture$Waiter                         : loaded 2 times (x 72B)
Class Settings_gradle                                                                 : loaded 2 times (x 128B)
Class org.gradle.internal.Cast                                                        : loaded 2 times (x 71B)
Class org.gradle.api.Action                                                           : loaded 2 times (x 70B)
Class com.google.common.base.Strings                                                  : loaded 2 times (x 71B)
Class com.google.common.collect.Sets                                                  : loaded 2 times (x 71B)
Class org.objectweb.asm.Handler                                                       : loaded 2 times (x 72B)
Class com.google.common.base.Ticker                                                   : loaded 2 times (x 72B)
Class com.google.common.base.CharMatcher$FastMatcher                                  : loaded 2 times (x 111B)
Class [Lcom.google.common.cache.LocalCache$Segment;                                   : loaded 2 times (x 69B)
Class [Lcom.google.common.cache.LocalCache$Strength;                                  : loaded 2 times (x 69B)
Class com.google.common.cache.CacheBuilder$1                                          : loaded 2 times (x 85B)
Class com.google.common.base.Predicate                                                : loaded 2 times (x 70B)
Class com.google.common.collect.ImmutableMap                                          : loaded 2 times (x 120B)
Class org.gradle.internal.classpath.DefaultClassPath$ImmutableUniqueList$Builder      : loaded 2 times (x 75B)
Class com.google.common.cache.LocalCache                                              : loaded 2 times (x 187B)
Class com.google.common.cache.CacheBuilder$2                                          : loaded 2 times (x 79B)
Class com.google.common.base.CharMatcher$NegatedFastMatcher                           : loaded 2 times (x 113B)
Class com.google.common.collect.ArrayListMultimap                                     : loaded 2 times (x 172B)
Class com.google.common.cache.CacheBuilder$3                                          : loaded 2 times (x 72B)
Class [Lcom.google.common.collect.AbstractMapEntry;                                   : loaded 2 times (x 69B)
Class com.google.common.collect.ImmutableEntry                                        : loaded 2 times (x 82B)
Class org.gradle.api.GradleException                                                  : loaded 2 times (x 82B)
Class com.google.common.base.Suppliers$MemoizingSupplier                              : loaded 2 times (x 79B)
Class com.google.common.collect.CollectPreconditions                                  : loaded 2 times (x 71B)
Class com.google.common.collect.SortedMapDifference                                   : loaded 2 times (x 70B)
Class com.google.common.cache.LocalCache$EntryFactory                                 : loaded 2 times (x 83B)
Class com.google.common.cache.LocalCache$AbstractReferenceEntry                       : loaded 2 times (x 107B)
Class ijJvmDebugger1_9x3erf11sbp6hr81ma3cxq5r2$_run_closure1$_closure2                : loaded 2 times (x 140B)
Class org.gradle.internal.IoActions                                                   : loaded 2 times (x 71B)
Class org.objectweb.asm.SymbolTable                                                   : loaded 2 times (x 72B)
Class com.google.common.cache.CacheLoader$InvalidCacheLoadException                   : loaded 2 times (x 82B)
Class com.google.common.collect.ImmutableSet$RegularSetBuilderImpl                    : loaded 2 times (x 77B)
Class ijJvmDebugger1_9x3erf11sbp6hr81ma3cxq5r2                                        : loaded 2 times (x 179B)
Class org.gradle.internal.classloader.SystemClassLoaderSpec                           : loaded 2 times (x 71B)
Class com.google.common.cache.LocalCache$StrongEntry                                  : loaded 2 times (x 108B)
Class com.google.common.util.concurrent.AbstractFuture$TrustedFuture                  : loaded 2 times (x 114B)
Class com.google.common.cache.LoadingCache                                            : loaded 2 times (x 70B)
Class com.google.common.io.ByteStreams$LimitedInputStream                             : loaded 2 times (x 92B)
Class com.google.common.base.Suppliers$NonSerializableMemoizingSupplier               : loaded 2 times (x 79B)
Class org.objectweb.asm.MethodWriter                                                  : loaded 2 times (x 106B)
Class [Lcom.google.common.cache.Weigher;                                              : loaded 2 times (x 69B)
Class com.google.common.collect.RegularImmutableMap$BucketOverflowException           : loaded 2 times (x 82B)
Class com.google.common.collect.RegularImmutableBiMap                                 : loaded 2 times (x 149B)
Class com.google.common.cache.LocalCache$ValueReference                               : loaded 2 times (x 70B)
Class com.google.common.base.CharMatcher$Negated                                      : loaded 2 times (x 113B)
Class com.google.common.base.CharMatcher$Is                                           : loaded 2 times (x 111B)
Class com.google.common.base.PatternCompiler                                          : loaded 2 times (x 70B)
Class com.google.common.util.concurrent.AbstractFuture$Failure                        : loaded 2 times (x 72B)
Class com.google.common.base.Equivalence$Equals                                       : loaded 2 times (x 82B)
Class com.google.common.collect.Hashing                                               : loaded 2 times (x 71B)
Class com.google.common.base.Preconditions                                            : loaded 2 times (x 71B)
Class ijJvmDebugger1_9x3erf11sbp6hr81ma3cxq5r2$_run_closure1                          : loaded 2 times (x 139B)
Class com.google.common.base.Joiner$1                                                 : loaded 2 times (x 80B)
Class org.objectweb.asm.Label                                                         : loaded 2 times (x 73B)
Class org.objectweb.asm.CurrentFrame                                                  : loaded 2 times (x 73B)
Class org.objectweb.asm.ClassTooLargeException                                        : loaded 2 times (x 83B)
Class com.google.common.base.CharMatcher                                              : loaded 2 times (x 111B)
Class com.google.common.collect.PeekingIterator                                       : loaded 2 times (x 70B)
Class com.google.common.base.Joiner$2                                                 : loaded 2 times (x 79B)
Class org.objectweb.asm.Frame                                                         : loaded 2 times (x 73B)
Class org.objectweb.asm.MethodVisitor                                                 : loaded 2 times (x 105B)
Class com.google.common.cache.LocalCache$EntryFactory$1                               : loaded 2 times (x 83B)
Class [Lcom.google.common.cache.RemovalListener;                                      : loaded 2 times (x 69B)
Class com.google.common.base.CharMatcher$NamedFastMatcher                             : loaded 2 times (x 112B)
Class com.google.common.base.CharMatcher$1                                            : loaded 2 times (x 113B)
Class com.google.common.cache.LocalCache$EntryFactory$2                               : loaded 2 times (x 83B)
Class ijKotlinCoroutineJvmDebugInit1_dofq3drr9aihm4earzh7ldbbw$_run_closure1$_closure2: loaded 2 times (x 139B)
Class org.gradle.api.internal.classpath.GlobalCacheRootsProvider                      : loaded 2 times (x 70B)
Class org.objectweb.asm.ModuleWriter                                                  : loaded 2 times (x 82B)
Class com.google.common.cache.LocalCache$EntryFactory$3                               : loaded 2 times (x 83B)
Class com.google.common.base.Ticker$1                                                 : loaded 2 times (x 72B)
Class com.google.common.collect.Maps$BiMapConverter                                   : loaded 2 times (x 90B)
Class com.google.common.collect.ImmutableMapEntrySet$RegularEntrySet                  : loaded 2 times (x 152B)
Class com.google.common.cache.LocalCache$EntryFactory$4                               : loaded 2 times (x 83B)
Class com.google.common.base.CharMatcher$InRange                                      : loaded 2 times (x 111B)
Class com.google.common.collect.ImmutableSet$Builder                                  : loaded 2 times (x 85B)
Class com.google.common.io.ByteStreams$1                                              : loaded 2 times (x 85B)
Class com.google.common.cache.LocalCache$EntryFactory$5                               : loaded 2 times (x 83B)
Class com.google.common.base.PairwiseEquivalence                                      : loaded 2 times (x 83B)
Class com.google.common.cache.LocalCache$EntryFactory$6                               : loaded 2 times (x 83B)
Class org.gradle.internal.installation.CurrentGradleInstallationLocator               : loaded 2 times (x 71B)
Class com.google.common.collect.Maps$KeySet                                           : loaded 2 times (x 137B)
Class com.google.common.cache.LocalCache$EntryFactory$7                               : loaded 2 times (x 83B)
Class com.google.common.collect.ImmutableSet$EmptySetBuilderImpl                      : loaded 2 times (x 76B)
Class com.google.common.collect.ImmutableList                                         : loaded 2 times (x 206B)
Class org.gradle.internal.service.DefaultServiceLocator                               : loaded 2 times (x 83B)
Class com.google.common.cache.LocalCache$EntryFactory$8                               : loaded 2 times (x 83B)
Class com.google.common.collect.ImmutableSet$SetBuilderImpl                           : loaded 2 times (x 76B)
Class org.gradle.internal.installation.CurrentGradleInstallation                      : loaded 2 times (x 73B)
Class com.google.common.cache.CacheLoader$1                                           : loaded 2 times (x 75B)
Class com.google.common.collect.ForwardingObject                                      : loaded 2 times (x 72B)
Class com.google.common.collect.ImmutableList$SubList                                 : loaded 2 times (x 209B)
Class org.gradle.util.internal.GUtil                                                  : loaded 2 times (x 71B)
Class com.google.common.util.concurrent.AbstractFuture$SetFuture                      : loaded 2 times (x 75B)
Class com.google.common.cache.AbstractCache$StatsCounter                              : loaded 2 times (x 70B)
Class com.google.common.collect.Iterators$MergingIterator                             : loaded 2 times (x 81B)
Class com.google.common.collect.RegularImmutableSet                                   : loaded 2 times (x 149B)
Class org.gradle.internal.installation.GradleInstallation                             : loaded 2 times (x 75B)
Class com.google.common.collect.Iterables                                             : loaded 2 times (x 71B)

---------------  S Y S T E M  ---------------

OS:
 Windows 11 , 64 bit Build 26100 (10.0.26100.7705)
OS uptime: 10 days 13:03 hours

CPU: total 12 (initial active 12) (6 cores per cpu, 2 threads per core) family 6 model 186 stepping 3 microcode 0x410e, cx8, cmov, fxsr, ht, mmx, 3dnowpref, sse, sse2, sse3, ssse3, sse4.1, sse4.2, popcnt, lzcnt, tsc, tscinvbit, avx, avx2, aes, erms, clmul, bmi1, bmi2, adx, sha, fma, vzeroupper, clflush, clflushopt, clwb, serialize, rdtscp, rdpid, fsrm, f16c, pku, cet_ibt, cet_ss
Processor Information for processor 0
  Max Mhz: 1300, Current Mhz: 1300, Mhz Limit: 1300
Processor Information for processor 1
  Max Mhz: 1300, Current Mhz: 1300, Mhz Limit: 1300
Processor Information for processor 2
  Max Mhz: 1300, Current Mhz: 1300, Mhz Limit: 1300
Processor Information for processor 3
  Max Mhz: 1300, Current Mhz: 1300, Mhz Limit: 1300
Processor Information for processor 4
  Max Mhz: 1300, Current Mhz: 900, Mhz Limit: 897
Processor Information for processor 5
  Max Mhz: 1300, Current Mhz: 900, Mhz Limit: 897
Processor Information for processor 6
  Max Mhz: 1300, Current Mhz: 900, Mhz Limit: 897
Processor Information for processor 7
  Max Mhz: 1300, Current Mhz: 900, Mhz Limit: 897
Processor Information for processor 8
  Max Mhz: 1300, Current Mhz: 900, Mhz Limit: 897
Processor Information for processor 9
  Max Mhz: 1300, Current Mhz: 900, Mhz Limit: 897
Processor Information for processor 10
  Max Mhz: 1300, Current Mhz: 900, Mhz Limit: 897
Processor Information for processor 11
  Max Mhz: 1300, Current Mhz: 900, Mhz Limit: 897

Memory: 4k page, system-wide physical 11913M (1063M free)
TotalPageFile size 16009M (AvailPageFile size 120M)
current process WorkingSet (physical memory assigned to process): 868M, peak: 868M
current process commit charge ("private bytes"): 908M, peak: 1067M

vm_info: OpenJDK 64-Bit Server VM (21.0.9+-14787801-b1163.94) for windows-amd64 JRE (21.0.9+-14787801-b1163.94), built on 2026-01-27T21:15:44Z by "builder" with MS VC++ 16.10 / 16.11 (VS2019)

END.
