#
# There is insufficient memory for the Java Runtime Environment to continue.
# Native memory allocation (mmap) failed to map 83886080 bytes. Error detail: G1 virtual space
# Possible reasons:
#   The system is out of physical RAM or swap space
#   This process is running with CompressedOops enabled, and the Java Heap may be blocking the growth of the native heap
# Possible solutions:
#   Reduce memory load on the system
#   Increase physical memory or swap space
#   Check if swap backing store is full
#   Decrease Java heap size (-Xmx/-Xms)
#   Decrease number of Java threads
#   Decrease Java thread stack sizes (-Xss)
#   Set larger code cache with -XX:ReservedCodeCacheSize=
#   JVM is running with Unscaled Compressed Oops mode in which the Java heap is
#     placed in the first 4GB address space. The Java Heap base address is the
#     maximum limit for the native heap growth. Please use -XX:HeapBaseMinAddress
#     to set the Java Heap base and to place the Java Heap above 4GB virtual address.
# This output file may be truncated or incomplete.
#
#  Out of Memory Error (os_windows.cpp:3925), pid=22280, tid=24632
#
# JRE version: OpenJDK Runtime Environment (21.0.9) (build 21.0.9+-14787801-b1163.94)
# Java VM: OpenJDK 64-Bit Server VM (21.0.9+-14787801-b1163.94, mixed mode, tiered, compressed oops, compressed class ptrs, g1 gc, windows-amd64)
# No core dump will be written. Minidumps are not enabled by default on client versions of Windows
#

---------------  S U M M A R Y ------------

Command Line: --add-opens=java.base/java.lang=ALL-UNNAMED --add-opens=java.base/java.lang.invoke=ALL-UNNAMED --add-opens=java.base/java.util=ALL-UNNAMED --add-opens=java.prefs/java.util.prefs=ALL-UNNAMED --add-exports=jdk.compiler/com.sun.tools.javac.api=ALL-UNNAMED --add-exports=jdk.compiler/com.sun.tools.javac.util=ALL-UNNAMED --add-opens=java.base/java.util=ALL-UNNAMED --add-opens=java.prefs/java.util.prefs=ALL-UNNAMED --add-opens=java.base/java.nio.charset=ALL-UNNAMED --add-opens=java.base/java.net=ALL-UNNAMED --add-opens=java.base/java.util.concurrent.atomic=ALL-UNNAMED --add-opens=java.xml/javax.xml.namespace=ALL-UNNAMED -Xmx2048m -Dfile.encoding=UTF-8 -Duser.country=RU -Duser.language=ru -Duser.variant -javaagent:C:\Users\User\.gradle\wrapper\dists\gradle-8.13-bin\5xuhj0ry160q40clulazy9h7d\gradle-8.13\lib\agents\gradle-instrumentation-agent-8.13.jar org.gradle.launcher.daemon.bootstrap.GradleDaemon 8.13

Host: 13th Gen Intel(R) Core(TM) i5-1335U, 12 cores, 11G,  Windows 11 , 64 bit Build 26100 (10.0.26100.7920)
Time: Sat Mar 28 10:54:25 2026 elapsed time: 30.381393 seconds (0d 0h 0m 30s)

---------------  T H R E A D  ---------------

Current thread (0x000001ff5fb83910):  VMThread "VM Thread"          [id=24632, stack(0x0000001049000000,0x0000001049100000) (1024K)]

Stack: [0x0000001049000000,0x0000001049100000]
Native frames: (J=compiled Java code, j=interpreted, Vv=VM code, C=native code)
V  [jvm.dll+0x6d6c99]
V  [jvm.dll+0x866b83]
V  [jvm.dll+0x8691ae]
V  [jvm.dll+0x869893]
V  [jvm.dll+0x280776]
V  [jvm.dll+0x6d3555]
V  [jvm.dll+0x6c6bea]
V  [jvm.dll+0x3587fb]
V  [jvm.dll+0x360476]
V  [jvm.dll+0x3b2646]
V  [jvm.dll+0x3b2918]
V  [jvm.dll+0x32af0c]
V  [jvm.dll+0x32d916]
V  [jvm.dll+0x3377ed]
V  [jvm.dll+0x36ef55]
V  [jvm.dll+0x86f618]
V  [jvm.dll+0x870994]
V  [jvm.dll+0x870ed0]
V  [jvm.dll+0x871163]
V  [jvm.dll+0x80f118]
V  [jvm.dll+0x6d54ed]
C  [ucrtbase.dll+0x37b0]
C  [KERNEL32.DLL+0x2e8d7]
C  [ntdll.dll+0x8c48c]

VM_Operation (0x0000001048bff360): G1PauseRemark, mode: safepoint, requested by thread 0x000001ff47f37fd0


---------------  P R O C E S S  ---------------

Threads class SMR info:
_java_thread_list=0x000001ff74c38960, length=199, elements={
0x000001ff47ecd680, 0x000001ff5fc120e0, 0x000001ff5fc434a0, 0x000001ff5fc14fc0,
0x000001ff5fc18020, 0x000001ff5fc15ca0, 0x000001ff5fc2bfe0, 0x000001ff5fc2e660,
0x000001ff5fc6c240, 0x000001ff5fc6d0b0, 0x000001ff6406ee50, 0x000001ff654c4330,
0x000001ff66752970, 0x000001ff663f85d0, 0x000001ff66640a20, 0x000001ff66511970,
0x000001ff662e6440, 0x000001ff6645fa70, 0x000001ff664ed8b0, 0x000001ff664ea430,
0x000001ff664ecb90, 0x000001ff664ed220, 0x000001ff664eaac0, 0x000001ff664eb150,
0x000001ff664ebe70, 0x000001ff664ec500, 0x000001ff68e804d0, 0x000001ff68e811f0,
0x000001ff68e7fe40, 0x000001ff68e81880, 0x000001ff68e7ea90, 0x000001ff68e82c30,
0x000001ff68e832c0, 0x000001ff68e825a0, 0x000001ff68e80b60, 0x000001ff68e84670,
0x000001ff68e83950, 0x000001ff68e83fe0, 0x000001ff68e85390, 0x000001ff68e85a20,
0x000001ff69938fd0, 0x000001ff69936f00, 0x000001ff69937c20, 0x000001ff6993a380,
0x000001ff69937590, 0x000001ff699382b0, 0x000001ff69939660, 0x000001ff6993bdc0,
0x000001ff6993b730, 0x000001ff6993aa10, 0x000001ff69938940, 0x000001ff6993b0a0,
0x000001ff6993c450, 0x000001ff6993cae0, 0x000001ff6993d170, 0x000001ff6993e520,
0x000001ff6993d800, 0x000001ff6993de90, 0x000001ff696ea330, 0x000001ff696e6eb0,
0x000001ff696e88f0, 0x000001ff696e8f80, 0x000001ff696e9610, 0x000001ff696e7bd0,
0x000001ff696e8260, 0x000001ff696e9ca0, 0x000001ff696ea9c0, 0x000001ff696e7540,
0x000001ff696ee4d0, 0x000001ff696ed7b0, 0x000001ff6a998140, 0x000001ff6a99af30,
0x000001ff6a99a8a0, 0x000001ff6a99b5c0, 0x000001ff6a99bc50, 0x000001ff6a9987d0,
0x000001ff6a99d000, 0x000001ff6a99c2e0, 0x000001ff6a99d690, 0x000001ff6a99c970,
0x000001ff6452cb30, 0x000001ff6452e570, 0x000001ff6452d850, 0x000001ff6452c4a0,
0x000001ff6452d1c0, 0x000001ff6452b780, 0x000001ff6452dee0, 0x000001ff6452b0f0,
0x000001ff64530cd0, 0x000001ff64530640, 0x000001ff6452ffb0, 0x000001ff64531360,
0x000001ff6452ec00, 0x000001ff6452f920, 0x000001ff6452f290, 0x000001ff64532710,
0x000001ff6a999b80, 0x000001ff6a9994f0, 0x000001ff6a996d90, 0x000001ff6a996700,
0x000001ff6a997ab0, 0x000001ff65f00bd0, 0x000001ff6a519fa0, 0x000001ff6ae5dd80,
0x000001ff6ae5d060, 0x000001ff64fa8290, 0x000001ff6ae61890, 0x000001ff6ae5f7c0,
0x000001ff6ae5e410, 0x000001ff6ae61f20, 0x000001ff6ae5fe50, 0x000001ff6ae5eaa0,
0x000001ff6ae64d10, 0x000001ff6ae62c40, 0x000001ff6ae653a0, 0x000001ff6ae66750,
0x000001ff6ae63960, 0x000001ff6ae632d0, 0x000001ff6ae63ff0, 0x000001ff6ae67b00,
0x000001ff6ae68190, 0x000001ff6ae68820, 0x000001ff6ae67470, 0x000001ff6ae68eb0,
0x000001ff6ae65a30, 0x000001ff6ae69540, 0x000001ff6ae660c0, 0x000001ff6ae6af80,
0x000001ff6ae6bca0, 0x000001ff6ae69bd0, 0x000001ff6ae60b70, 0x000001ff6ae6b610,
0x000001ff6ae6c330, 0x000001ff6ae6a260, 0x000001ff6ae6a8f0, 0x000001ff67118390,
0x000001ff67114f10, 0x000001ff67118a20, 0x000001ff671155a0, 0x000001ff67119dd0,
0x000001ff6711a460, 0x000001ff6711aaf0, 0x000001ff6711bea0, 0x000001ff6711b180,
0x000001ff6711b810, 0x000001ff6711c530, 0x000001ff671190b0, 0x000001ff6711cbc0,
0x000001ff67119740, 0x000001ff671206d0, 0x000001ff6711ec90, 0x000001ff6711d250,
0x000001ff7463d860, 0x000001ff7463b790, 0x000001ff7463be20, 0x000001ff7463a3e0,
0x000001ff7463def0, 0x000001ff7463aa70, 0x000001ff7463e580, 0x000001ff7463ec10,
0x000001ff7463f2a0, 0x000001ff7b0b3110, 0x000001ff7b0b09b0, 0x000001ff7b0b0320,
0x000001ff7b0b37a0, 0x000001ff7b0b23f0, 0x000001ff7b0b44c0, 0x000001ff7b0b16d0,
0x000001ff7b0b2a80, 0x000001ff7b0b1d60, 0x000001ff7b0b1040, 0x000001ff7b0b7940,
0x000001ff7b0b51e0, 0x000001ff7b0b4b50, 0x000001ff7b0b7fd0, 0x000001ff7b0b6590,
0x000001ff7b0b8660, 0x000001ff7b0b6c20, 0x000001ff7b0b72b0, 0x000001ff7b0badc0,
0x000001ff7b0bc170, 0x000001ff64fac430, 0x000001ff74631a10, 0x000001ff74630cf0,
0x000001ff74631380, 0x000001ff6ae64680, 0x000001ff6ae625b0, 0x000001ff74633450,
0x000001ff74632730, 0x000001ff746320a0, 0x000001ff7462ffd0, 0x000001ff74630660,
0x000001ff746368d0, 0x000001ff74634800, 0x000001ff74634e90, 0x000001ff74636f60,
0x000001ff74636240, 0x000001ff6a501640, 0x000001ff73bd1db0
}

Java Threads: ( => current thread )
  0x000001ff47ecd680 JavaThread "main"                              [_thread_blocked, id=24452, stack(0x0000001048900000,0x0000001048a00000) (1024K)]
  0x000001ff5fc120e0 JavaThread "Common-Cleaner"             daemon [_thread_blocked, id=25488, stack(0x0000001049100000,0x0000001049200000) (1024K)]
  0x000001ff5fc434a0 JavaThread "Reference Handler"          daemon [_thread_blocked, id=25520, stack(0x0000001049200000,0x0000001049300000) (1024K)]
  0x000001ff5fc14fc0 JavaThread "Finalizer"                  daemon [_thread_blocked, id=24964, stack(0x0000001049300000,0x0000001049400000) (1024K)]
  0x000001ff5fc18020 JavaThread "Signal Dispatcher"          daemon [_thread_blocked, id=23904, stack(0x0000001049400000,0x0000001049500000) (1024K)]
  0x000001ff5fc15ca0 JavaThread "Attach Listener"            daemon [_thread_blocked, id=20576, stack(0x0000001049500000,0x0000001049600000) (1024K)]
  0x000001ff5fc2bfe0 JavaThread "Service Thread"             daemon [_thread_blocked, id=24488, stack(0x0000001049600000,0x0000001049700000) (1024K)]
  0x000001ff5fc2e660 JavaThread "Monitor Deflation Thread"   daemon [_thread_blocked, id=25076, stack(0x0000001049700000,0x0000001049800000) (1024K)]
  0x000001ff5fc6c240 JavaThread "C2 CompilerThread0"         daemon [_thread_blocked, id=22204, stack(0x0000001049800000,0x0000001049900000) (1024K)]
  0x000001ff5fc6d0b0 JavaThread "C1 CompilerThread0"         daemon [_thread_blocked, id=5096, stack(0x0000001049900000,0x0000001049a00000) (1024K)]
  0x000001ff6406ee50 JavaThread "Notification Thread"        daemon [_thread_blocked, id=17684, stack(0x0000001049a00000,0x0000001049b00000) (1024K)]
  0x000001ff654c4330 JavaThread "Daemon health stats"               [_thread_blocked, id=14824, stack(0x000000104a100000,0x000000104a200000) (1024K)]
  0x000001ff66752970 JavaThread "Incoming local TCP Connector on port 51144"        [_thread_in_native, id=24440, stack(0x000000104a200000,0x000000104a300000) (1024K)]
  0x000001ff663f85d0 JavaThread "Daemon periodic checks"            [_thread_blocked, id=3308, stack(0x000000104a300000,0x000000104a400000) (1024K)]
  0x000001ff66640a20 JavaThread "Daemon"                            [_thread_blocked, id=24444, stack(0x000000104a400000,0x000000104a500000) (1024K)]
  0x000001ff66511970 JavaThread "Handler for socket connection from /127.0.0.1:51144 to /127.0.0.1:51145"        [_thread_in_native, id=23864, stack(0x000000104a500000,0x000000104a600000) (1024K)]
  0x000001ff662e6440 JavaThread "Cancel handler"                    [_thread_blocked, id=24420, stack(0x000000104a600000,0x000000104a700000) (1024K)]
  0x000001ff6645fa70 JavaThread "Daemon worker"                     [_thread_blocked, id=20708, stack(0x000000104a700000,0x000000104a800000) (1024K)]
  0x000001ff664ed8b0 JavaThread "Asynchronous log dispatcher for DefaultDaemonConnection: socket connection from /127.0.0.1:51144 to /127.0.0.1:51145"        [_thread_blocked, id=21716, stack(0x000000104a800000,0x000000104a900000) (1024K)]
  0x000001ff664ea430 JavaThread "Stdin handler"                     [_thread_blocked, id=21996, stack(0x000000104a900000,0x000000104aa00000) (1024K)]
  0x000001ff664ecb90 JavaThread "Daemon client event forwarder"        [_thread_blocked, id=8688, stack(0x000000104aa00000,0x000000104ab00000) (1024K)]
  0x000001ff664ed220 JavaThread "Cache worker for journal cache (C:\Users\User\.gradle\caches\journal-1)"        [_thread_blocked, id=21616, stack(0x000000104b100000,0x000000104b200000) (1024K)]
  0x000001ff664eaac0 JavaThread "File lock request listener"        [_thread_in_native, id=12708, stack(0x000000104b200000,0x000000104b300000) (1024K)]
  0x000001ff664eb150 JavaThread "Cache worker for file hash cache (C:\Users\User\.gradle\caches\8.13\fileHashes)"        [_thread_blocked, id=24764, stack(0x000000104b300000,0x000000104b400000) (1024K)]
  0x000001ff664ebe70 JavaThread "Cache worker for file hash cache (C:\Users\User\StudioProjects\Android-Project\.gradle\8.13\fileHashes)"        [_thread_blocked, id=23940, stack(0x000000104b400000,0x000000104b500000) (1024K)]
  0x000001ff664ec500 JavaThread "Cache worker for Build Output Cleanup Cache (C:\Users\User\StudioProjects\Android-Project\.gradle\buildOutputCleanup)"        [_thread_blocked, id=3464, stack(0x000000104b500000,0x000000104b600000) (1024K)]
  0x000001ff68e804d0 JavaThread "File watcher server"        daemon [_thread_blocked, id=24992, stack(0x000000104b600000,0x000000104b700000) (1024K)]
  0x000001ff68e811f0 JavaThread "File watcher consumer"      daemon [_thread_blocked, id=25012, stack(0x000000104b700000,0x000000104b800000) (1024K)]
  0x000001ff68e7fe40 JavaThread "jar transforms"                    [_thread_blocked, id=25016, stack(0x000000104b800000,0x000000104b900000) (1024K)]
  0x000001ff68e81880 JavaThread "jar transforms Thread 2"           [_thread_blocked, id=2548, stack(0x000000104b900000,0x000000104ba00000) (1024K)]
  0x000001ff68e7ea90 JavaThread "Cache worker for checksums cache (C:\Users\User\StudioProjects\Android-Project\.gradle\8.13\checksums)"        [_thread_blocked, id=25024, stack(0x000000104bb00000,0x000000104bc00000) (1024K)]
  0x000001ff68e82c30 JavaThread "Cache worker for file content cache (C:\Users\User\.gradle\caches\8.13\fileContent)"        [_thread_blocked, id=25068, stack(0x000000104bc00000,0x000000104bd00000) (1024K)]
  0x000001ff68e832c0 JavaThread "jar transforms Thread 3"           [_thread_blocked, id=13252, stack(0x000000104bd00000,0x000000104be00000) (1024K)]
  0x000001ff68e825a0 JavaThread "Cache worker for cache directory md-supplier (C:\Users\User\.gradle\caches\8.13\md-supplier)"        [_thread_blocked, id=21580, stack(0x000000104be00000,0x000000104bf00000) (1024K)]
  0x000001ff68e80b60 JavaThread "Cache worker for cache directory md-rule (C:\Users\User\.gradle\caches\8.13\md-rule)"        [_thread_blocked, id=24204, stack(0x000000104bf00000,0x000000104c000000) (1024K)]
  0x000001ff68e84670 JavaThread "Unconstrained build operations"        [_thread_blocked, id=24752, stack(0x000000104c000000,0x000000104c100000) (1024K)]
  0x000001ff68e83950 JavaThread "Unconstrained build operations Thread 2"        [_thread_blocked, id=18980, stack(0x000000104c100000,0x000000104c200000) (1024K)]
  0x000001ff68e83fe0 JavaThread "Unconstrained build operations Thread 3"        [_thread_blocked, id=7912, stack(0x000000104c200000,0x000000104c300000) (1024K)]
  0x000001ff68e85390 JavaThread "Unconstrained build operations Thread 4"        [_thread_blocked, id=24640, stack(0x000000104c300000,0x000000104c400000) (1024K)]
  0x000001ff68e85a20 JavaThread "Unconstrained build operations Thread 5"        [_thread_blocked, id=20248, stack(0x000000104c400000,0x000000104c500000) (1024K)]
  0x000001ff69938fd0 JavaThread "Unconstrained build operations Thread 6"        [_thread_blocked, id=23976, stack(0x000000104c500000,0x000000104c600000) (1024K)]
  0x000001ff69936f00 JavaThread "Unconstrained build operations Thread 7"        [_thread_blocked, id=24940, stack(0x000000104c600000,0x000000104c700000) (1024K)]
  0x000001ff69937c20 JavaThread "Unconstrained build operations Thread 8"        [_thread_blocked, id=24932, stack(0x000000104c700000,0x000000104c800000) (1024K)]
  0x000001ff6993a380 JavaThread "Unconstrained build operations Thread 9"        [_thread_blocked, id=24952, stack(0x000000104c800000,0x000000104c900000) (1024K)]
  0x000001ff69937590 JavaThread "Unconstrained build operations Thread 10"        [_thread_blocked, id=21740, stack(0x000000104c900000,0x000000104ca00000) (1024K)]
  0x000001ff699382b0 JavaThread "Unconstrained build operations Thread 11"        [_thread_blocked, id=6364, stack(0x000000104ca00000,0x000000104cb00000) (1024K)]
  0x000001ff69939660 JavaThread "Unconstrained build operations Thread 12"        [_thread_blocked, id=21572, stack(0x000000104cb00000,0x000000104cc00000) (1024K)]
  0x000001ff6993bdc0 JavaThread "Unconstrained build operations Thread 13"        [_thread_blocked, id=24296, stack(0x000000104cc00000,0x000000104cd00000) (1024K)]
  0x000001ff6993b730 JavaThread "Unconstrained build operations Thread 14"        [_thread_blocked, id=21576, stack(0x000000104cd00000,0x000000104ce00000) (1024K)]
  0x000001ff6993aa10 JavaThread "Unconstrained build operations Thread 15"        [_thread_blocked, id=10340, stack(0x000000104ce00000,0x000000104cf00000) (1024K)]
  0x000001ff69938940 JavaThread "Unconstrained build operations Thread 16"        [_thread_blocked, id=25492, stack(0x000000104cf00000,0x000000104d000000) (1024K)]
  0x000001ff6993b0a0 JavaThread "Unconstrained build operations Thread 17"        [_thread_blocked, id=6256, stack(0x000000104d000000,0x000000104d100000) (1024K)]
  0x000001ff6993c450 JavaThread "Unconstrained build operations Thread 18"        [_thread_blocked, id=20812, stack(0x000000104d100000,0x000000104d200000) (1024K)]
  0x000001ff6993cae0 JavaThread "Unconstrained build operations Thread 19"        [_thread_blocked, id=23024, stack(0x000000104d200000,0x000000104d300000) (1024K)]
  0x000001ff6993d170 JavaThread "Unconstrained build operations Thread 20"        [_thread_blocked, id=22288, stack(0x000000104d300000,0x000000104d400000) (1024K)]
  0x000001ff6993e520 JavaThread "jar transforms Thread 4"           [_thread_blocked, id=24424, stack(0x000000104d400000,0x000000104d500000) (1024K)]
  0x000001ff6993d800 JavaThread "jar transforms Thread 5"           [_thread_blocked, id=17920, stack(0x000000104d500000,0x000000104d600000) (1024K)]
  0x000001ff6993de90 JavaThread "Unconstrained build operations Thread 21"        [_thread_blocked, id=8428, stack(0x000000104d600000,0x000000104d700000) (1024K)]
  0x000001ff696ea330 JavaThread "Unconstrained build operations Thread 22"        [_thread_blocked, id=25312, stack(0x000000104d700000,0x000000104d800000) (1024K)]
  0x000001ff696e6eb0 JavaThread "Unconstrained build operations Thread 23"        [_thread_blocked, id=4188, stack(0x000000104d800000,0x000000104d900000) (1024K)]
  0x000001ff696e88f0 JavaThread "Unconstrained build operations Thread 24"        [_thread_blocked, id=23712, stack(0x000000104d900000,0x000000104da00000) (1024K)]
  0x000001ff696e8f80 JavaThread "Unconstrained build operations Thread 25"        [_thread_blocked, id=24512, stack(0x000000104da00000,0x000000104db00000) (1024K)]
  0x000001ff696e9610 JavaThread "Unconstrained build operations Thread 26"        [_thread_blocked, id=14552, stack(0x000000104db00000,0x000000104dc00000) (1024K)]
  0x000001ff696e7bd0 JavaThread "Unconstrained build operations Thread 27"        [_thread_blocked, id=2520, stack(0x000000104dc00000,0x000000104dd00000) (1024K)]
  0x000001ff696e8260 JavaThread "Unconstrained build operations Thread 28"        [_thread_blocked, id=13976, stack(0x000000104dd00000,0x000000104de00000) (1024K)]
  0x000001ff696e9ca0 JavaThread "Unconstrained build operations Thread 29"        [_thread_blocked, id=24116, stack(0x000000104de00000,0x000000104df00000) (1024K)]
  0x000001ff696ea9c0 JavaThread "Unconstrained build operations Thread 30"        [_thread_blocked, id=2472, stack(0x000000104df00000,0x000000104e000000) (1024K)]
  0x000001ff696e7540 JavaThread "jar transforms Thread 6"           [_thread_blocked, id=23756, stack(0x000000104e000000,0x000000104e100000) (1024K)]
  0x000001ff696ee4d0 JavaThread "jar transforms Thread 7"           [_thread_blocked, id=11352, stack(0x000000104e100000,0x000000104e200000) (1024K)]
  0x000001ff696ed7b0 JavaThread "jar transforms Thread 8"           [_thread_blocked, id=24928, stack(0x000000104e200000,0x000000104e300000) (1024K)]
  0x000001ff6a998140 JavaThread "Unconstrained build operations Thread 31"        [_thread_blocked, id=24556, stack(0x000000104ba00000,0x000000104bb00000) (1024K)]
  0x000001ff6a99af30 JavaThread "Unconstrained build operations Thread 32"        [_thread_blocked, id=25372, stack(0x000000104e300000,0x000000104e400000) (1024K)]
  0x000001ff6a99a8a0 JavaThread "Unconstrained build operations Thread 33"        [_thread_blocked, id=25412, stack(0x000000104e400000,0x000000104e500000) (1024K)]
  0x000001ff6a99b5c0 JavaThread "Unconstrained build operations Thread 34"        [_thread_blocked, id=13208, stack(0x000000104e500000,0x000000104e600000) (1024K)]
  0x000001ff6a99bc50 JavaThread "Unconstrained build operations Thread 35"        [_thread_blocked, id=23436, stack(0x000000104e600000,0x000000104e700000) (1024K)]
  0x000001ff6a9987d0 JavaThread "Unconstrained build operations Thread 36"        [_thread_blocked, id=25160, stack(0x000000104e700000,0x000000104e800000) (1024K)]
  0x000001ff6a99d000 JavaThread "Unconstrained build operations Thread 37"        [_thread_blocked, id=20924, stack(0x000000104e800000,0x000000104e900000) (1024K)]
  0x000001ff6a99c2e0 JavaThread "Unconstrained build operations Thread 38"        [_thread_blocked, id=15452, stack(0x000000104e900000,0x000000104ea00000) (1024K)]
  0x000001ff6a99d690 JavaThread "Unconstrained build operations Thread 39"        [_thread_blocked, id=21776, stack(0x000000104ea00000,0x000000104eb00000) (1024K)]
  0x000001ff6a99c970 JavaThread "Unconstrained build operations Thread 40"        [_thread_blocked, id=18788, stack(0x000000104eb00000,0x000000104ec00000) (1024K)]
  0x000001ff6452cb30 JavaThread "Unconstrained build operations Thread 41"        [_thread_blocked, id=21624, stack(0x000000104ec00000,0x000000104ed00000) (1024K)]
  0x000001ff6452e570 JavaThread "Unconstrained build operations Thread 42"        [_thread_blocked, id=18720, stack(0x000000104ed00000,0x000000104ee00000) (1024K)]
  0x000001ff6452d850 JavaThread "Unconstrained build operations Thread 43"        [_thread_blocked, id=19448, stack(0x000000104ee00000,0x000000104ef00000) (1024K)]
  0x000001ff6452c4a0 JavaThread "Unconstrained build operations Thread 44"        [_thread_blocked, id=21324, stack(0x000000104ef00000,0x000000104f000000) (1024K)]
  0x000001ff6452d1c0 JavaThread "Unconstrained build operations Thread 45"        [_thread_blocked, id=18712, stack(0x000000104f000000,0x000000104f100000) (1024K)]
  0x000001ff6452b780 JavaThread "Unconstrained build operations Thread 46"        [_thread_blocked, id=21836, stack(0x000000104f100000,0x000000104f200000) (1024K)]
  0x000001ff6452dee0 JavaThread "Unconstrained build operations Thread 47"        [_thread_blocked, id=18548, stack(0x000000104f200000,0x000000104f300000) (1024K)]
  0x000001ff6452b0f0 JavaThread "Unconstrained build operations Thread 48"        [_thread_blocked, id=23092, stack(0x000000104f300000,0x000000104f400000) (1024K)]
  0x000001ff64530cd0 JavaThread "Unconstrained build operations Thread 49"        [_thread_blocked, id=21860, stack(0x000000104f400000,0x000000104f500000) (1024K)]
  0x000001ff64530640 JavaThread "Unconstrained build operations Thread 50"        [_thread_blocked, id=14664, stack(0x000000104f500000,0x000000104f600000) (1024K)]
  0x000001ff6452ffb0 JavaThread "Unconstrained build operations Thread 51"        [_thread_blocked, id=23144, stack(0x000000104f600000,0x000000104f700000) (1024K)]
  0x000001ff64531360 JavaThread "Unconstrained build operations Thread 52"        [_thread_blocked, id=19616, stack(0x000000104f700000,0x000000104f800000) (1024K)]
  0x000001ff6452ec00 JavaThread "Unconstrained build operations Thread 53"        [_thread_blocked, id=25260, stack(0x000000104f800000,0x000000104f900000) (1024K)]
  0x000001ff6452f920 JavaThread "Unconstrained build operations Thread 54"        [_thread_blocked, id=23100, stack(0x000000104f900000,0x000000104fa00000) (1024K)]
  0x000001ff6452f290 JavaThread "Unconstrained build operations Thread 55"        [_thread_blocked, id=14896, stack(0x000000104fa00000,0x000000104fb00000) (1024K)]
  0x000001ff64532710 JavaThread "Unconstrained build operations Thread 56"        [_thread_blocked, id=14704, stack(0x000000104fb00000,0x000000104fc00000) (1024K)]
  0x000001ff6a999b80 JavaThread "Unconstrained build operations Thread 57"        [_thread_blocked, id=16652, stack(0x000000104fc00000,0x000000104fd00000) (1024K)]
  0x000001ff6a9994f0 JavaThread "Unconstrained build operations Thread 58"        [_thread_blocked, id=23760, stack(0x000000104fd00000,0x000000104fe00000) (1024K)]
  0x000001ff6a996d90 JavaThread "Unconstrained build operations Thread 59"        [_thread_blocked, id=25284, stack(0x000000104fe00000,0x000000104ff00000) (1024K)]
  0x000001ff6a996700 JavaThread "Unconstrained build operations Thread 60"        [_thread_blocked, id=24168, stack(0x000000104ff00000,0x0000001050000000) (1024K)]
  0x000001ff6a997ab0 JavaThread "Unconstrained build operations Thread 61"        [_thread_blocked, id=12104, stack(0x0000001050000000,0x0000001050100000) (1024K)]
  0x000001ff65f00bd0 JavaThread "Unconstrained build operations Thread 62"        [_thread_blocked, id=22144, stack(0x0000001050100000,0x0000001050200000) (1024K)]
  0x000001ff6a519fa0 JavaThread "Unconstrained build operations Thread 63"        [_thread_blocked, id=18400, stack(0x0000001050200000,0x0000001050300000) (1024K)]
  0x000001ff6ae5dd80 JavaThread "build event listener"              [_thread_blocked, id=20800, stack(0x0000001049b00000,0x0000001049c00000) (1024K)]
  0x000001ff6ae5d060 JavaThread "Memory manager"                    [_thread_blocked, id=15492, stack(0x0000001050300000,0x0000001050400000) (1024K)]
  0x000001ff64fa8290 JavaThread "build event listener"              [_thread_blocked, id=24544, stack(0x0000001050600000,0x0000001050700000) (1024K)]
  0x000001ff6ae61890 JavaThread "included builds"                   [_thread_blocked, id=22908, stack(0x0000001050700000,0x0000001050800000) (1024K)]
  0x000001ff6ae5f7c0 JavaThread "Execution worker"                  [_thread_blocked, id=22916, stack(0x0000001050800000,0x0000001050900000) (1024K)]
  0x000001ff6ae5e410 JavaThread "Execution worker Thread 2"         [_thread_blocked, id=22940, stack(0x0000001050900000,0x0000001050a00000) (1024K)]
  0x000001ff6ae61f20 JavaThread "Execution worker Thread 3"         [_thread_blocked, id=22996, stack(0x0000001050a00000,0x0000001050b00000) (1024K)]
  0x000001ff6ae5fe50 JavaThread "Execution worker Thread 4"         [_thread_blocked, id=22924, stack(0x0000001050b00000,0x0000001050c00000) (1024K)]
  0x000001ff6ae5eaa0 JavaThread "Execution worker Thread 5"         [_thread_blocked, id=22904, stack(0x0000001050c00000,0x0000001050d00000) (1024K)]
  0x000001ff6ae64d10 JavaThread "Execution worker Thread 6"         [_thread_blocked, id=22948, stack(0x0000001050d00000,0x0000001050e00000) (1024K)]
  0x000001ff6ae62c40 JavaThread "Execution worker Thread 7"         [_thread_blocked, id=22860, stack(0x0000001050e00000,0x0000001050f00000) (1024K)]
  0x000001ff6ae653a0 JavaThread "Execution worker Thread 8"         [_thread_blocked, id=22856, stack(0x0000001050f00000,0x0000001051000000) (1024K)]
  0x000001ff6ae66750 JavaThread "Execution worker Thread 9"         [_thread_blocked, id=20016, stack(0x0000001051000000,0x0000001051100000) (1024K)]
  0x000001ff6ae63960 JavaThread "Execution worker Thread 10"        [_thread_blocked, id=22848, stack(0x0000001051100000,0x0000001051200000) (1024K)]
  0x000001ff6ae632d0 JavaThread "Execution worker Thread 11"        [_thread_blocked, id=22892, stack(0x0000001051200000,0x0000001051300000) (1024K)]
  0x000001ff6ae63ff0 JavaThread "Cache worker for execution history cache (C:\Users\User\StudioProjects\Android-Project\.gradle\8.13\executionHistory)"        [_thread_blocked, id=21756, stack(0x0000001051300000,0x0000001051400000) (1024K)]
  0x000001ff6ae67b00 JavaThread "Unconstrained build operations Thread 64"        [_thread_blocked, id=22884, stack(0x0000001051400000,0x0000001051500000) (1024K)]
  0x000001ff6ae68190 JavaThread "Unconstrained build operations Thread 65"        [_thread_blocked, id=23016, stack(0x0000001051500000,0x0000001051600000) (1024K)]
  0x000001ff6ae68820 JavaThread "Unconstrained build operations Thread 66"        [_thread_blocked, id=22896, stack(0x0000001051600000,0x0000001051700000) (1024K)]
  0x000001ff6ae67470 JavaThread "Unconstrained build operations Thread 67"        [_thread_blocked, id=11000, stack(0x0000001051700000,0x0000001051800000) (1024K)]
  0x000001ff6ae68eb0 JavaThread "Unconstrained build operations Thread 68"        [_thread_blocked, id=1864, stack(0x0000001051800000,0x0000001051900000) (1024K)]
  0x000001ff6ae65a30 JavaThread "Unconstrained build operations Thread 69"        [_thread_blocked, id=20272, stack(0x0000001051900000,0x0000001051a00000) (1024K)]
  0x000001ff6ae69540 JavaThread "Unconstrained build operations Thread 70"        [_thread_blocked, id=8924, stack(0x0000001051a00000,0x0000001051b00000) (1024K)]
  0x000001ff6ae660c0 JavaThread "Unconstrained build operations Thread 71"        [_thread_blocked, id=18572, stack(0x0000001051b00000,0x0000001051c00000) (1024K)]
  0x000001ff6ae6af80 JavaThread "Unconstrained build operations Thread 72"        [_thread_blocked, id=21712, stack(0x0000001051c00000,0x0000001051d00000) (1024K)]
  0x000001ff6ae6bca0 JavaThread "Unconstrained build operations Thread 73"        [_thread_blocked, id=22012, stack(0x0000001051d00000,0x0000001051e00000) (1024K)]
  0x000001ff6ae69bd0 JavaThread "Unconstrained build operations Thread 74"        [_thread_blocked, id=1028, stack(0x0000001051e00000,0x0000001051f00000) (1024K)]
  0x000001ff6ae60b70 JavaThread "Unconstrained build operations Thread 75"        [_thread_blocked, id=23872, stack(0x0000001051f00000,0x0000001052000000) (1024K)]
  0x000001ff6ae6b610 JavaThread "Unconstrained build operations Thread 76"        [_thread_blocked, id=8584, stack(0x0000001052000000,0x0000001052100000) (1024K)]
  0x000001ff6ae6c330 JavaThread "Unconstrained build operations Thread 77"        [_thread_blocked, id=23672, stack(0x0000001052100000,0x0000001052200000) (1024K)]
  0x000001ff6ae6a260 JavaThread "Unconstrained build operations Thread 78"        [_thread_blocked, id=3776, stack(0x0000001052200000,0x0000001052300000) (1024K)]
  0x000001ff6ae6a8f0 JavaThread "Unconstrained build operations Thread 79"        [_thread_blocked, id=21528, stack(0x0000001052300000,0x0000001052400000) (1024K)]
  0x000001ff67118390 JavaThread "Unconstrained build operations Thread 80"        [_thread_blocked, id=22176, stack(0x0000001052400000,0x0000001052500000) (1024K)]
  0x000001ff67114f10 JavaThread "Unconstrained build operations Thread 81"        [_thread_blocked, id=5848, stack(0x0000001052500000,0x0000001052600000) (1024K)]
  0x000001ff67118a20 JavaThread "Unconstrained build operations Thread 82"        [_thread_blocked, id=17824, stack(0x0000001052600000,0x0000001052700000) (1024K)]
  0x000001ff671155a0 JavaThread "Unconstrained build operations Thread 83"        [_thread_blocked, id=22436, stack(0x0000001052700000,0x0000001052800000) (1024K)]
  0x000001ff67119dd0 JavaThread "Unconstrained build operations Thread 84"        [_thread_blocked, id=11952, stack(0x0000001052800000,0x0000001052900000) (1024K)]
  0x000001ff6711a460 JavaThread "Unconstrained build operations Thread 85"        [_thread_blocked, id=20156, stack(0x0000001052900000,0x0000001052a00000) (1024K)]
  0x000001ff6711aaf0 JavaThread "Unconstrained build operations Thread 86"        [_thread_blocked, id=2732, stack(0x0000001052a00000,0x0000001052b00000) (1024K)]
  0x000001ff6711bea0 JavaThread "Unconstrained build operations Thread 87"        [_thread_blocked, id=7044, stack(0x0000001052b00000,0x0000001052c00000) (1024K)]
  0x000001ff6711b180 JavaThread "Unconstrained build operations Thread 88"        [_thread_blocked, id=12504, stack(0x0000001052c00000,0x0000001052d00000) (1024K)]
  0x000001ff6711b810 JavaThread "Unconstrained build operations Thread 89"        [_thread_blocked, id=17948, stack(0x0000001052d00000,0x0000001052e00000) (1024K)]
  0x000001ff6711c530 JavaThread "Unconstrained build operations Thread 90"        [_thread_blocked, id=14504, stack(0x0000001052e00000,0x0000001052f00000) (1024K)]
  0x000001ff671190b0 JavaThread "Unconstrained build operations Thread 91"        [_thread_blocked, id=22432, stack(0x0000001052f00000,0x0000001053000000) (1024K)]
  0x000001ff6711cbc0 JavaThread "Unconstrained build operations Thread 92"        [_thread_blocked, id=23500, stack(0x0000001053000000,0x0000001053100000) (1024K)]
  0x000001ff67119740 JavaThread "Unconstrained build operations Thread 93"        [_thread_blocked, id=24552, stack(0x0000001053100000,0x0000001053200000) (1024K)]
  0x000001ff671206d0 JavaThread "Unconstrained build operations Thread 94"        [_thread_blocked, id=20848, stack(0x0000001053200000,0x0000001053300000) (1024K)]
  0x000001ff6711ec90 JavaThread "Unconstrained build operations Thread 95"        [_thread_blocked, id=6792, stack(0x0000001053300000,0x0000001053400000) (1024K)]
  0x000001ff6711d250 JavaThread "Unconstrained build operations Thread 96"        [_thread_blocked, id=9920, stack(0x0000001053400000,0x0000001053500000) (1024K)]
  0x000001ff7463d860 JavaThread "Unconstrained build operations Thread 97"        [_thread_blocked, id=17660, stack(0x0000001053500000,0x0000001053600000) (1024K)]
  0x000001ff7463b790 JavaThread "Unconstrained build operations Thread 98"        [_thread_blocked, id=23684, stack(0x0000001053600000,0x0000001053700000) (1024K)]
  0x000001ff7463be20 JavaThread "Unconstrained build operations Thread 99"        [_thread_blocked, id=17228, stack(0x0000001053700000,0x0000001053800000) (1024K)]
  0x000001ff7463a3e0 JavaThread "Unconstrained build operations Thread 100"        [_thread_blocked, id=25344, stack(0x0000001053800000,0x0000001053900000) (1024K)]
  0x000001ff7463def0 JavaThread "Unconstrained build operations Thread 101"        [_thread_blocked, id=11024, stack(0x0000001053900000,0x0000001053a00000) (1024K)]
  0x000001ff7463aa70 JavaThread "Unconstrained build operations Thread 102"        [_thread_blocked, id=25484, stack(0x0000001053a00000,0x0000001053b00000) (1024K)]
  0x000001ff7463e580 JavaThread "Unconstrained build operations Thread 103"        [_thread_blocked, id=25500, stack(0x0000001053b00000,0x0000001053c00000) (1024K)]
  0x000001ff7463ec10 JavaThread "Unconstrained build operations Thread 104"        [_thread_blocked, id=25452, stack(0x0000001053c00000,0x0000001053d00000) (1024K)]
  0x000001ff7463f2a0 JavaThread "Unconstrained build operations Thread 105"        [_thread_blocked, id=25388, stack(0x0000001053d00000,0x0000001053e00000) (1024K)]
  0x000001ff7b0b3110 JavaThread "Unconstrained build operations Thread 106"        [_thread_blocked, id=25468, stack(0x0000001053e00000,0x0000001053f00000) (1024K)]
  0x000001ff7b0b09b0 JavaThread "Unconstrained build operations Thread 107"        [_thread_blocked, id=17964, stack(0x0000001053f00000,0x0000001054000000) (1024K)]
  0x000001ff7b0b0320 JavaThread "Unconstrained build operations Thread 108"        [_thread_blocked, id=25384, stack(0x0000001054000000,0x0000001054100000) (1024K)]
  0x000001ff7b0b37a0 JavaThread "Unconstrained build operations Thread 109"        [_thread_blocked, id=25356, stack(0x0000001054100000,0x0000001054200000) (1024K)]
  0x000001ff7b0b23f0 JavaThread "Unconstrained build operations Thread 110"        [_thread_blocked, id=23280, stack(0x0000001054200000,0x0000001054300000) (1024K)]
  0x000001ff7b0b44c0 JavaThread "Unconstrained build operations Thread 111"        [_thread_blocked, id=25336, stack(0x0000001054300000,0x0000001054400000) (1024K)]
  0x000001ff7b0b16d0 JavaThread "Unconstrained build operations Thread 112"        [_thread_blocked, id=21984, stack(0x0000001054400000,0x0000001054500000) (1024K)]
  0x000001ff7b0b2a80 JavaThread "Unconstrained build operations Thread 113"        [_thread_blocked, id=14920, stack(0x0000001054500000,0x0000001054600000) (1024K)]
  0x000001ff7b0b1d60 JavaThread "Unconstrained build operations Thread 114"        [_thread_blocked, id=17348, stack(0x0000001054600000,0x0000001054700000) (1024K)]
  0x000001ff7b0b1040 JavaThread "Unconstrained build operations Thread 115"        [_thread_blocked, id=7700, stack(0x0000001054700000,0x0000001054800000) (1024K)]
  0x000001ff7b0b7940 JavaThread "Unconstrained build operations Thread 116"        [_thread_blocked, id=23356, stack(0x0000001054800000,0x0000001054900000) (1024K)]
  0x000001ff7b0b51e0 JavaThread "Unconstrained build operations Thread 117"        [_thread_blocked, id=12492, stack(0x0000001054900000,0x0000001054a00000) (1024K)]
  0x000001ff7b0b4b50 JavaThread "Unconstrained build operations Thread 118"        [_thread_blocked, id=3116, stack(0x0000001054a00000,0x0000001054b00000) (1024K)]
  0x000001ff7b0b7fd0 JavaThread "Unconstrained build operations Thread 119"        [_thread_blocked, id=21968, stack(0x0000001054b00000,0x0000001054c00000) (1024K)]
  0x000001ff7b0b6590 JavaThread "Unconstrained build operations Thread 120"        [_thread_blocked, id=14904, stack(0x0000001054c00000,0x0000001054d00000) (1024K)]
  0x000001ff7b0b8660 JavaThread "pool-2-thread-1"                   [_thread_blocked, id=19804, stack(0x0000001050500000,0x0000001050600000) (1024K)]
  0x000001ff7b0b6c20 JavaThread "stderr"                            [_thread_blocked, id=22088, stack(0x0000001054d00000,0x0000001054e00000) (1024K)]
  0x000001ff7b0b72b0 JavaThread "stdout"                            [_thread_in_native, id=21792, stack(0x0000001054e00000,0x0000001054f00000) (1024K)]
  0x000001ff7b0badc0 JavaThread "stderr"                            [_thread_in_native, id=1540, stack(0x0000001050400000,0x0000001050500000) (1024K)]
  0x000001ff7b0bc170 JavaThread "stdout"                            [_thread_in_native, id=18416, stack(0x0000001054f00000,0x0000001055000000) (1024K)]
  0x000001ff64fac430 JavaThread "WorkerExecutor Queue"              [_thread_blocked, id=17828, stack(0x0000001055200000,0x0000001055300000) (1024K)]
  0x000001ff74631a10 JavaThread "WorkerExecutor Queue Thread 2"        [_thread_blocked, id=24124, stack(0x0000001055300000,0x0000001055400000) (1024K)]
  0x000001ff74630cf0 JavaThread "WorkerExecutor Queue Thread 3"        [_thread_blocked, id=23952, stack(0x0000001055400000,0x0000001055500000) (1024K)]
  0x000001ff74631380 JavaThread "WorkerExecutor Queue Thread 4"        [_thread_blocked, id=22624, stack(0x0000001055500000,0x0000001055600000) (1024K)]
  0x000001ff6ae64680 JavaThread "ForkJoinPool-1-worker-1"    daemon [_thread_blocked, id=8024, stack(0x0000001055600000,0x0000001055700000) (1024K)]
  0x000001ff6ae625b0 JavaThread "ForkJoinPool-1-worker-2"    daemon [_thread_blocked, id=22464, stack(0x0000001055700000,0x0000001055800000) (1024K)]
  0x000001ff74633450 JavaThread "ForkJoinPool-1-worker-3"    daemon [_thread_blocked, id=8484, stack(0x0000001055800000,0x0000001055900000) (1024K)]
  0x000001ff74632730 JavaThread "ForkJoinPool-1-worker-4"    daemon [_thread_blocked, id=8112, stack(0x0000001055100000,0x0000001055200000) (1024K)]
  0x000001ff746320a0 JavaThread "ForkJoinPool-1-worker-5"    daemon [_thread_blocked, id=21824, stack(0x0000001055900000,0x0000001055a00000) (1024K)]
  0x000001ff7462ffd0 JavaThread "ForkJoinPool-1-worker-6"    daemon [_thread_blocked, id=18968, stack(0x0000001055a00000,0x0000001055b00000) (1024K)]
  0x000001ff74630660 JavaThread "ForkJoinPool-1-worker-7"    daemon [_thread_blocked, id=18848, stack(0x0000001055b00000,0x0000001055c00000) (1024K)]
  0x000001ff746368d0 JavaThread "ForkJoinPool-1-worker-8"    daemon [_thread_blocked, id=23408, stack(0x0000001055c00000,0x0000001055d00000) (1024K)]
  0x000001ff74634800 JavaThread "ForkJoinPool-1-worker-9"    daemon [_thread_blocked, id=15868, stack(0x0000001055d00000,0x0000001055e00000) (1024K)]
  0x000001ff74634e90 JavaThread "ForkJoinPool-1-worker-10"   daemon [_thread_blocked, id=24920, stack(0x0000001055e00000,0x0000001055f00000) (1024K)]
  0x000001ff74636f60 JavaThread "ForkJoinPool-1-worker-11"   daemon [_thread_blocked, id=22248, stack(0x0000001055f00000,0x0000001056000000) (1024K)]
  0x000001ff74636240 JavaThread "ForkJoinPool-1-worker-12"   daemon [_thread_blocked, id=21832, stack(0x0000001056000000,0x0000001056100000) (1024K)]
  0x000001ff6a501640 JavaThread "C2 CompilerThread1"         daemon [_thread_blocked, id=21268, stack(0x0000001055000000,0x0000001055100000) (1024K)]
  0x000001ff73bd1db0 JavaThread "C2 CompilerThread2"         daemon [_thread_blocked, id=23792, stack(0x0000001056100000,0x0000001056200000) (1024K)]
Total: 199

Other Threads:
=>0x000001ff5fb83910 VMThread "VM Thread"                           [id=24632, stack(0x0000001049000000,0x0000001049100000) (1024K)]
  0x000001ff5f6e77f0 WatcherThread "VM Periodic Task Thread"        [id=21464, stack(0x0000001048f00000,0x0000001049000000) (1024K)]
  0x000001ff47f23200 WorkerThread "GC Thread#0"                     [id=21124, stack(0x0000001048a00000,0x0000001048b00000) (1024K)]
  0x000001ff643f33b0 WorkerThread "GC Thread#1"                     [id=22236, stack(0x0000001049c00000,0x0000001049d00000) (1024K)]
  0x000001ff643f3750 WorkerThread "GC Thread#2"                     [id=24620, stack(0x0000001049d00000,0x0000001049e00000) (1024K)]
  0x000001ff643f3af0 WorkerThread "GC Thread#3"                     [id=7532, stack(0x0000001049e00000,0x0000001049f00000) (1024K)]
  0x000001ff64ad6b60 WorkerThread "GC Thread#4"                     [id=20168, stack(0x000000104a000000,0x000000104a100000) (1024K)]
  0x000001ff659848e0 WorkerThread "GC Thread#5"                     [id=10480, stack(0x0000001049f00000,0x000000104a000000) (1024K)]
  0x000001ff659836c0 WorkerThread "GC Thread#6"                     [id=23720, stack(0x000000104ab00000,0x000000104ac00000) (1024K)]
  0x000001ff65984540 WorkerThread "GC Thread#7"                     [id=24760, stack(0x000000104ac00000,0x000000104ad00000) (1024K)]
  0x000001ff65983a60 WorkerThread "GC Thread#8"                     [id=24416, stack(0x000000104ad00000,0x000000104ae00000) (1024K)]
  0x000001ff65983e00 WorkerThread "GC Thread#9"                     [id=24724, stack(0x000000104ae00000,0x000000104af00000) (1024K)]
  0x000001ff47f37fd0 ConcurrentGCThread "G1 Main Marker"            [id=24492, stack(0x0000001048b00000,0x0000001048c00000) (1024K)]
  0x000001ff47f38880 WorkerThread "G1 Conc#0"                       [id=24484, stack(0x0000001048c00000,0x0000001048d00000) (1024K)]
  0x000001ff66682450 WorkerThread "G1 Conc#1"                       [id=25240, stack(0x000000104af00000,0x000000104b000000) (1024K)]
  0x000001ff66684890 WorkerThread "G1 Conc#2"                       [id=18860, stack(0x000000104b000000,0x000000104b100000) (1024K)]
  0x000001ff5f5bea50 ConcurrentGCThread "G1 Refine#0"               [id=24496, stack(0x0000001048d00000,0x0000001048e00000) (1024K)]
  0x000001ff5f5bf370 ConcurrentGCThread "G1 Service"                [id=23516, stack(0x0000001048e00000,0x0000001048f00000) (1024K)]
Total: 18

Threads with active compile tasks:
C2 CompilerThread0  30416 20351       4       com.android.tools.r8.internal.kc0::a (3327 bytes)
C2 CompilerThread1  30416 20279       4       com.android.tools.r8.dex.a0::<init> (1778 bytes)
C2 CompilerThread2  30416 19970       4       com.android.tools.r8.dex.c0::a (881 bytes)
Total: 3

VM state: at safepoint (normal execution)

VM Mutex/Monitor currently owned by a thread:  ([mutex/lock_event])
[0x00007ffb81898690] Threads_lock - owner thread: 0x000001ff5fb83910
[0x00007ffb81898790] Heap_lock - owner thread: 0x000001ff47f37fd0

Heap address: 0x0000000080000000, size: 2048 MB, Compressed Oops mode: 32-bit

CDS archive(s) not mapped
Compressed class space mapped at: 0x0000000100000000-0x0000000140000000, reserved size: 1073741824
Narrow klass base: 0x0000000000000000, Narrow klass shift: 3, Narrow klass range: 0x140000000

GC Precious Log:
 CardTable entry size: 512
 Card Set container configuration: InlinePtr #cards 5 size 8 Array Of Cards #cards 12 size 40 Howl #buckets 4 coarsen threshold 1843 Howl Bitmap #cards 512 size 80 coarsen threshold 460 Card regions per heap region 1 cards per card region 2048
 CPUs: 12 total, 12 available
 Memory: 11913M
 Large Page Support: Disabled
 NUMA Support: Disabled
 Compressed Oops: Enabled (32-bit)
 Heap Region Size: 1M
 Heap Min Capacity: 8M
 Heap Initial Capacity: 188M
 Heap Max Capacity: 2G
 Pre-touch: Disabled
 Parallel Workers: 10
 Concurrent Workers: 3
 Concurrent Refinement Workers: 10
 Periodic GC: Disabled

Heap:
 garbage-first heap   total 423936K, used 320461K [0x0000000080000000, 0x0000000100000000)
  region size 1024K, 24 young (24576K), 6 survivors (6144K)
 Metaspace       used 189875K, committed 192640K, reserved 1245184K
  class space    used 25724K, committed 27072K, reserved 1048576K

Heap Regions: E=young(eden), S=young(survivor), O=old, HS=humongous(starts), HC=humongous(continues), CS=collection set, F=free, TAMS=top-at-mark-start, PB=parsable bottom
|   0|0x0000000080000000, 0x0000000080100000, 0x0000000080100000|100%|HS|  |TAMS 0x0000000080100000| PB 0x0000000080000000| Complete 
|   1|0x0000000080100000, 0x0000000080200000, 0x0000000080200000|100%|HC|  |TAMS 0x0000000080200000| PB 0x0000000080100000| Complete 
|   2|0x0000000080200000, 0x0000000080300000, 0x0000000080300000|100%|HC|  |TAMS 0x0000000080300000| PB 0x0000000080200000| Complete 
|   3|0x0000000080300000, 0x0000000080400000, 0x0000000080400000|100%| O|  |TAMS 0x0000000080400000| PB 0x0000000080400000| Updating 
|   4|0x0000000080400000, 0x0000000080500000, 0x0000000080500000|100%| O|  |TAMS 0x0000000080500000| PB 0x0000000080500000| Untracked 
|   5|0x0000000080500000, 0x0000000080600000, 0x0000000080600000|100%| O|  |TAMS 0x0000000080600000| PB 0x0000000080600000| Untracked 
|   6|0x0000000080600000, 0x0000000080700000, 0x0000000080700000|100%|HS|  |TAMS 0x0000000080700000| PB 0x0000000080600000| Complete 
|   7|0x0000000080700000, 0x0000000080800000, 0x0000000080800000|100%| O|  |TAMS 0x0000000080800000| PB 0x0000000080800000| Untracked 
|   8|0x0000000080800000, 0x0000000080900000, 0x0000000080900000|100%| O|  |TAMS 0x0000000080900000| PB 0x0000000080900000| Untracked 
|   9|0x0000000080900000, 0x0000000080a00000, 0x0000000080a00000|100%| O|  |TAMS 0x0000000080a00000| PB 0x0000000080a00000| Untracked 
|  10|0x0000000080a00000, 0x0000000080b00000, 0x0000000080b00000|100%| O|  |TAMS 0x0000000080b00000| PB 0x0000000080b00000| Untracked 
|  11|0x0000000080b00000, 0x0000000080c00000, 0x0000000080c00000|100%| O|  |TAMS 0x0000000080c00000| PB 0x0000000080c00000| Untracked 
|  12|0x0000000080c00000, 0x0000000080d00000, 0x0000000080d00000|100%| O|  |TAMS 0x0000000080d00000| PB 0x0000000080d00000| Untracked 
|  13|0x0000000080d00000, 0x0000000080e00000, 0x0000000080e00000|100%| O|  |TAMS 0x0000000080e00000| PB 0x0000000080e00000| Untracked 
|  14|0x0000000080e00000, 0x0000000080f00000, 0x0000000080f00000|100%| O|  |TAMS 0x0000000080f00000| PB 0x0000000080f00000| Untracked 
|  15|0x0000000080f00000, 0x0000000081000000, 0x0000000081000000|100%| O|  |TAMS 0x0000000081000000| PB 0x0000000081000000| Updating 
|  16|0x0000000081000000, 0x0000000081100000, 0x0000000081100000|100%| O|  |TAMS 0x0000000081100000| PB 0x0000000081100000| Updating 
|  17|0x0000000081100000, 0x0000000081200000, 0x0000000081200000|100%| O|  |TAMS 0x0000000081200000| PB 0x0000000081200000| Updating 
|  18|0x0000000081200000, 0x0000000081300000, 0x0000000081300000|100%| O|  |TAMS 0x0000000081300000| PB 0x0000000081300000| Untracked 
|  19|0x0000000081300000, 0x0000000081400000, 0x0000000081400000|100%| O|  |TAMS 0x0000000081400000| PB 0x0000000081400000| Untracked 
|  20|0x0000000081400000, 0x0000000081500000, 0x0000000081500000|100%| O|  |TAMS 0x0000000081500000| PB 0x0000000081500000| Untracked 
|  21|0x0000000081500000, 0x0000000081600000, 0x0000000081600000|100%| O|  |TAMS 0x0000000081600000| PB 0x0000000081600000| Untracked 
|  22|0x0000000081600000, 0x0000000081700000, 0x0000000081700000|100%| O|  |TAMS 0x0000000081700000| PB 0x0000000081700000| Untracked 
|  23|0x0000000081700000, 0x0000000081800000, 0x0000000081800000|100%| O|  |TAMS 0x0000000081800000| PB 0x0000000081800000| Untracked 
|  24|0x0000000081800000, 0x0000000081900000, 0x0000000081900000|100%| O|  |TAMS 0x0000000081900000| PB 0x0000000081900000| Untracked 
|  25|0x0000000081900000, 0x0000000081a00000, 0x0000000081a00000|100%| O|  |TAMS 0x0000000081a00000| PB 0x0000000081a00000| Updating 
|  26|0x0000000081a00000, 0x0000000081b00000, 0x0000000081b00000|100%| O|  |TAMS 0x0000000081b00000| PB 0x0000000081b00000| Updating 
|  27|0x0000000081b00000, 0x0000000081c00000, 0x0000000081c00000|100%|HS|  |TAMS 0x0000000081c00000| PB 0x0000000081b00000| Complete 
|  28|0x0000000081c00000, 0x0000000081d00000, 0x0000000081d00000|100%| O|  |TAMS 0x0000000081d00000| PB 0x0000000081d00000| Untracked 
|  29|0x0000000081d00000, 0x0000000081e00000, 0x0000000081e00000|100%|HS|  |TAMS 0x0000000081e00000| PB 0x0000000081d00000| Complete 
|  30|0x0000000081e00000, 0x0000000081f00000, 0x0000000081f00000|100%|HC|  |TAMS 0x0000000081f00000| PB 0x0000000081e00000| Complete 
|  31|0x0000000081f00000, 0x0000000082000000, 0x0000000082000000|100%| O|  |TAMS 0x0000000082000000| PB 0x0000000082000000| Updating 
|  32|0x0000000082000000, 0x0000000082100000, 0x0000000082100000|100%| O|  |TAMS 0x0000000082100000| PB 0x0000000082100000| Updating 
|  33|0x0000000082100000, 0x0000000082200000, 0x0000000082200000|100%| O|  |TAMS 0x0000000082200000| PB 0x0000000082200000| Untracked 
|  34|0x0000000082200000, 0x0000000082300000, 0x0000000082300000|100%| O|  |TAMS 0x0000000082300000| PB 0x0000000082300000| Updating 
|  35|0x0000000082300000, 0x0000000082400000, 0x0000000082400000|100%| O|  |TAMS 0x0000000082400000| PB 0x0000000082400000| Untracked 
|  36|0x0000000082400000, 0x0000000082500000, 0x0000000082500000|100%|HS|  |TAMS 0x0000000082500000| PB 0x0000000082400000| Complete 
|  37|0x0000000082500000, 0x0000000082600000, 0x0000000082600000|100%| O|  |TAMS 0x0000000082600000| PB 0x0000000082600000| Updating 
|  38|0x0000000082600000, 0x0000000082700000, 0x0000000082700000|100%| O|  |TAMS 0x0000000082700000| PB 0x0000000082700000| Updating 
|  39|0x0000000082700000, 0x0000000082800000, 0x0000000082800000|100%| O|  |TAMS 0x0000000082800000| PB 0x0000000082800000| Untracked 
|  40|0x0000000082800000, 0x0000000082900000, 0x0000000082900000|100%| O|  |TAMS 0x0000000082900000| PB 0x0000000082900000| Updating 
|  41|0x0000000082900000, 0x0000000082a00000, 0x0000000082a00000|100%| O|  |TAMS 0x0000000082a00000| PB 0x0000000082a00000| Updating 
|  42|0x0000000082a00000, 0x0000000082b00000, 0x0000000082b00000|100%| O|  |TAMS 0x0000000082b00000| PB 0x0000000082b00000| Untracked 
|  43|0x0000000082b00000, 0x0000000082c00000, 0x0000000082c00000|100%| O|  |TAMS 0x0000000082c00000| PB 0x0000000082c00000| Updating 
|  44|0x0000000082c00000, 0x0000000082d00000, 0x0000000082d00000|100%| O|  |TAMS 0x0000000082d00000| PB 0x0000000082d00000| Untracked 
|  45|0x0000000082d00000, 0x0000000082e00000, 0x0000000082e00000|100%| O|  |TAMS 0x0000000082e00000| PB 0x0000000082e00000| Untracked 
|  46|0x0000000082e00000, 0x0000000082f00000, 0x0000000082f00000|100%| O|  |TAMS 0x0000000082f00000| PB 0x0000000082f00000| Untracked 
|  47|0x0000000082f00000, 0x0000000083000000, 0x0000000083000000|100%| O|  |TAMS 0x0000000083000000| PB 0x0000000083000000| Untracked 
|  48|0x0000000083000000, 0x0000000083100000, 0x0000000083100000|100%| O|  |TAMS 0x0000000083100000| PB 0x0000000083100000| Updating 
|  49|0x0000000083100000, 0x0000000083200000, 0x0000000083200000|100%| O|  |TAMS 0x0000000083200000| PB 0x0000000083200000| Untracked 
|  50|0x0000000083200000, 0x0000000083300000, 0x0000000083300000|100%| O|  |TAMS 0x0000000083300000| PB 0x0000000083300000| Untracked 
|  51|0x0000000083300000, 0x0000000083400000, 0x0000000083400000|100%| O|  |TAMS 0x0000000083400000| PB 0x0000000083400000| Untracked 
|  52|0x0000000083400000, 0x0000000083500000, 0x0000000083500000|100%| O|  |TAMS 0x0000000083500000| PB 0x0000000083500000| Updating 
|  53|0x0000000083500000, 0x0000000083600000, 0x0000000083600000|100%| O|  |TAMS 0x0000000083600000| PB 0x0000000083600000| Untracked 
|  54|0x0000000083600000, 0x0000000083700000, 0x0000000083700000|100%| O|  |TAMS 0x0000000083700000| PB 0x0000000083700000| Untracked 
|  55|0x0000000083700000, 0x0000000083800000, 0x0000000083800000|100%| O|  |TAMS 0x0000000083800000| PB 0x0000000083800000| Untracked 
|  56|0x0000000083800000, 0x0000000083900000, 0x0000000083900000|100%| O|  |TAMS 0x0000000083900000| PB 0x0000000083900000| Untracked 
|  57|0x0000000083900000, 0x0000000083a00000, 0x0000000083a00000|100%| O|  |TAMS 0x0000000083a00000| PB 0x0000000083a00000| Untracked 
|  58|0x0000000083a00000, 0x0000000083b00000, 0x0000000083b00000|100%| O|  |TAMS 0x0000000083b00000| PB 0x0000000083b00000| Untracked 
|  59|0x0000000083b00000, 0x0000000083c00000, 0x0000000083c00000|100%| O|  |TAMS 0x0000000083c00000| PB 0x0000000083c00000| Updating 
|  60|0x0000000083c00000, 0x0000000083d00000, 0x0000000083d00000|100%| O|  |TAMS 0x0000000083d00000| PB 0x0000000083d00000| Untracked 
|  61|0x0000000083d00000, 0x0000000083e00000, 0x0000000083e00000|100%| O|  |TAMS 0x0000000083e00000| PB 0x0000000083e00000| Untracked 
|  62|0x0000000083e00000, 0x0000000083f00000, 0x0000000083f00000|100%| O|  |TAMS 0x0000000083f00000| PB 0x0000000083f00000| Untracked 
|  63|0x0000000083f00000, 0x0000000084000000, 0x0000000084000000|100%|HS|  |TAMS 0x0000000084000000| PB 0x0000000083f00000| Complete 
|  64|0x0000000084000000, 0x0000000084100000, 0x0000000084100000|100%|HS|  |TAMS 0x0000000084100000| PB 0x0000000084000000| Complete 
|  65|0x0000000084100000, 0x0000000084200000, 0x0000000084200000|100%|HS|  |TAMS 0x0000000084200000| PB 0x0000000084100000| Complete 
|  66|0x0000000084200000, 0x0000000084300000, 0x0000000084300000|100%|HC|  |TAMS 0x0000000084300000| PB 0x0000000084200000| Complete 
|  67|0x0000000084300000, 0x0000000084400000, 0x0000000084400000|100%| O|  |TAMS 0x0000000084400000| PB 0x0000000084400000| Untracked 
|  68|0x0000000084400000, 0x0000000084500000, 0x0000000084500000|100%| O|  |TAMS 0x0000000084500000| PB 0x0000000084500000| Untracked 
|  69|0x0000000084500000, 0x0000000084600000, 0x0000000084600000|100%| O|  |TAMS 0x0000000084600000| PB 0x0000000084600000| Untracked 
|  70|0x0000000084600000, 0x0000000084700000, 0x0000000084700000|100%| O|  |TAMS 0x0000000084700000| PB 0x0000000084700000| Untracked 
|  71|0x0000000084700000, 0x0000000084800000, 0x0000000084800000|100%| O|  |TAMS 0x0000000084800000| PB 0x0000000084800000| Updating 
|  72|0x0000000084800000, 0x0000000084900000, 0x0000000084900000|100%| O|  |TAMS 0x0000000084900000| PB 0x0000000084900000| Untracked 
|  73|0x0000000084900000, 0x0000000084a00000, 0x0000000084a00000|100%|HS|  |TAMS 0x0000000084a00000| PB 0x0000000084900000| Complete 
|  74|0x0000000084a00000, 0x0000000084b00000, 0x0000000084b00000|100%|HS|  |TAMS 0x0000000084b00000| PB 0x0000000084a00000| Complete 
|  75|0x0000000084b00000, 0x0000000084c00000, 0x0000000084c00000|100%| O|  |TAMS 0x0000000084c00000| PB 0x0000000084c00000| Untracked 
|  76|0x0000000084c00000, 0x0000000084d00000, 0x0000000084d00000|100%| O|  |TAMS 0x0000000084d00000| PB 0x0000000084d00000| Updating 
|  77|0x0000000084d00000, 0x0000000084e00000, 0x0000000084e00000|100%| O|  |TAMS 0x0000000084e00000| PB 0x0000000084e00000| Updating 
|  78|0x0000000084e00000, 0x0000000084f00000, 0x0000000084f00000|100%| O|  |TAMS 0x0000000084f00000| PB 0x0000000084f00000| Untracked 
|  79|0x0000000084f00000, 0x0000000085000000, 0x0000000085000000|100%| O|  |TAMS 0x0000000085000000| PB 0x0000000085000000| Untracked 
|  80|0x0000000085000000, 0x0000000085100000, 0x0000000085100000|100%| O|  |TAMS 0x0000000085100000| PB 0x0000000085100000| Untracked 
|  81|0x0000000085100000, 0x0000000085200000, 0x0000000085200000|100%| O|  |TAMS 0x0000000085200000| PB 0x0000000085200000| Untracked 
|  82|0x0000000085200000, 0x0000000085300000, 0x0000000085300000|100%| O|  |TAMS 0x0000000085300000| PB 0x0000000085300000| Untracked 
|  83|0x0000000085300000, 0x0000000085400000, 0x0000000085400000|100%| O|  |TAMS 0x0000000085400000| PB 0x0000000085400000| Untracked 
|  84|0x0000000085400000, 0x0000000085500000, 0x0000000085500000|100%| O|  |TAMS 0x0000000085500000| PB 0x0000000085500000| Updating 
|  85|0x0000000085500000, 0x0000000085600000, 0x0000000085600000|100%|HS|  |TAMS 0x0000000085600000| PB 0x0000000085500000| Complete 
|  86|0x0000000085600000, 0x0000000085700000, 0x0000000085700000|100%|HC|  |TAMS 0x0000000085700000| PB 0x0000000085600000| Complete 
|  87|0x0000000085700000, 0x0000000085800000, 0x0000000085800000|100%|HS|  |TAMS 0x0000000085800000| PB 0x0000000085700000| Complete 
|  88|0x0000000085800000, 0x0000000085900000, 0x0000000085900000|100%|HC|  |TAMS 0x0000000085900000| PB 0x0000000085800000| Complete 
|  89|0x0000000085900000, 0x0000000085a00000, 0x0000000085a00000|100%| O|  |TAMS 0x0000000085a00000| PB 0x0000000085a00000| Untracked 
|  90|0x0000000085a00000, 0x0000000085b00000, 0x0000000085b00000|100%|HS|  |TAMS 0x0000000085b00000| PB 0x0000000085a00000| Complete 
|  91|0x0000000085b00000, 0x0000000085c00000, 0x0000000085c00000|100%|HC|  |TAMS 0x0000000085c00000| PB 0x0000000085b00000| Complete 
|  92|0x0000000085c00000, 0x0000000085d00000, 0x0000000085d00000|100%|HC|  |TAMS 0x0000000085d00000| PB 0x0000000085c00000| Complete 
|  93|0x0000000085d00000, 0x0000000085e00000, 0x0000000085e00000|100%|HC|  |TAMS 0x0000000085e00000| PB 0x0000000085d00000| Complete 
|  94|0x0000000085e00000, 0x0000000085f00000, 0x0000000085f00000|100%|HS|  |TAMS 0x0000000085f00000| PB 0x0000000085e00000| Complete 
|  95|0x0000000085f00000, 0x0000000086000000, 0x0000000086000000|100%|HC|  |TAMS 0x0000000086000000| PB 0x0000000085f00000| Complete 
|  96|0x0000000086000000, 0x0000000086100000, 0x0000000086100000|100%|HC|  |TAMS 0x0000000086100000| PB 0x0000000086000000| Complete 
|  97|0x0000000086100000, 0x0000000086200000, 0x0000000086200000|100%|HC|  |TAMS 0x0000000086200000| PB 0x0000000086100000| Complete 
|  98|0x0000000086200000, 0x0000000086300000, 0x0000000086300000|100%| O|  |TAMS 0x0000000086300000| PB 0x0000000086300000| Updating 
|  99|0x0000000086300000, 0x0000000086400000, 0x0000000086400000|100%| O|  |TAMS 0x0000000086400000| PB 0x0000000086400000| Updating 
| 100|0x0000000086400000, 0x0000000086500000, 0x0000000086500000|100%| O|  |TAMS 0x0000000086500000| PB 0x0000000086500000| Updating 
| 101|0x0000000086500000, 0x0000000086600000, 0x0000000086600000|100%|HS|  |TAMS 0x0000000086600000| PB 0x0000000086500000| Complete 
| 102|0x0000000086600000, 0x0000000086700000, 0x0000000086700000|100%| O|  |TAMS 0x0000000086700000| PB 0x0000000086700000| Updating 
| 103|0x0000000086700000, 0x0000000086800000, 0x0000000086800000|100%|HS|  |TAMS 0x0000000086800000| PB 0x0000000086700000| Complete 
| 104|0x0000000086800000, 0x0000000086900000, 0x0000000086900000|100%|HS|  |TAMS 0x0000000086900000| PB 0x0000000086800000| Complete 
| 105|0x0000000086900000, 0x0000000086a00000, 0x0000000086a00000|100%| O|  |TAMS 0x0000000086a00000| PB 0x0000000086a00000| Untracked 
| 106|0x0000000086a00000, 0x0000000086b00000, 0x0000000086b00000|100%| O|  |TAMS 0x0000000086a00000| PB 0x0000000086a00000| Untracked 
| 107|0x0000000086b00000, 0x0000000086c00000, 0x0000000086c00000|100%| O|  |TAMS 0x0000000086b00000| PB 0x0000000086b00000| Untracked 
| 108|0x0000000086c00000, 0x0000000086d00000, 0x0000000086d00000|100%| O|  |TAMS 0x0000000086d00000| PB 0x0000000086d00000| Updating 
| 109|0x0000000086d00000, 0x0000000086e00000, 0x0000000086e00000|100%| O|  |TAMS 0x0000000086e00000| PB 0x0000000086e00000| Updating 
| 110|0x0000000086e00000, 0x0000000086f00000, 0x0000000086f00000|100%| O|  |TAMS 0x0000000086f00000| PB 0x0000000086f00000| Updating 
| 111|0x0000000086f00000, 0x0000000087000000, 0x0000000087000000|100%| O|  |TAMS 0x0000000086f00000| PB 0x0000000086f00000| Untracked 
| 112|0x0000000087000000, 0x0000000087100000, 0x0000000087100000|100%|HS|  |TAMS 0x0000000087100000| PB 0x0000000087000000| Complete 
| 113|0x0000000087100000, 0x0000000087200000, 0x0000000087200000|100%| O|  |TAMS 0x0000000087200000| PB 0x0000000087200000| Untracked 
| 114|0x0000000087200000, 0x0000000087300000, 0x0000000087300000|100%| O|  |TAMS 0x0000000087300000| PB 0x0000000087300000| Updating 
| 115|0x0000000087300000, 0x0000000087400000, 0x0000000087400000|100%| O|  |TAMS 0x0000000087400000| PB 0x0000000087400000| Untracked 
| 116|0x0000000087400000, 0x0000000087500000, 0x0000000087500000|100%| O|  |TAMS 0x0000000087500000| PB 0x0000000087500000| Untracked 
| 117|0x0000000087500000, 0x0000000087600000, 0x0000000087600000|100%| O|  |TAMS 0x0000000087600000| PB 0x0000000087600000| Untracked 
| 118|0x0000000087600000, 0x0000000087700000, 0x0000000087700000|100%| O|  |TAMS 0x0000000087700000| PB 0x0000000087700000| Untracked 
| 119|0x0000000087700000, 0x0000000087800000, 0x0000000087800000|100%| O|  |TAMS 0x0000000087800000| PB 0x0000000087800000| Untracked 
| 120|0x0000000087800000, 0x0000000087900000, 0x0000000087900000|100%| O|  |TAMS 0x0000000087900000| PB 0x0000000087900000| Updating 
| 121|0x0000000087900000, 0x0000000087a00000, 0x0000000087a00000|100%| O|  |TAMS 0x0000000087a00000| PB 0x0000000087a00000| Untracked 
| 122|0x0000000087a00000, 0x0000000087b00000, 0x0000000087b00000|100%| O|  |TAMS 0x0000000087b00000| PB 0x0000000087b00000| Untracked 
| 123|0x0000000087b00000, 0x0000000087c00000, 0x0000000087c00000|100%| O|  |TAMS 0x0000000087b00000| PB 0x0000000087b00000| Untracked 
| 124|0x0000000087c00000, 0x0000000087d00000, 0x0000000087d00000|100%| O|  |TAMS 0x0000000087d00000| PB 0x0000000087d00000| Untracked 
| 125|0x0000000087d00000, 0x0000000087e00000, 0x0000000087e00000|100%| O|  |TAMS 0x0000000087e00000| PB 0x0000000087e00000| Untracked 
| 126|0x0000000087e00000, 0x0000000087f00000, 0x0000000087f00000|100%| O|  |TAMS 0x0000000087f00000| PB 0x0000000087f00000| Untracked 
| 127|0x0000000087f00000, 0x0000000088000000, 0x0000000088000000|100%| O|  |TAMS 0x0000000088000000| PB 0x0000000088000000| Untracked 
| 128|0x0000000088000000, 0x0000000088100000, 0x0000000088100000|100%| O|  |TAMS 0x0000000088100000| PB 0x0000000088100000| Untracked 
| 129|0x0000000088100000, 0x0000000088200000, 0x0000000088200000|100%| O|  |TAMS 0x0000000088200000| PB 0x0000000088200000| Untracked 
| 130|0x0000000088200000, 0x0000000088300000, 0x0000000088300000|100%| O|  |TAMS 0x0000000088300000| PB 0x0000000088300000| Untracked 
| 131|0x0000000088300000, 0x0000000088400000, 0x0000000088400000|100%| O|  |TAMS 0x0000000088400000| PB 0x0000000088400000| Untracked 
| 132|0x0000000088400000, 0x0000000088500000, 0x0000000088500000|100%| O|  |TAMS 0x0000000088500000| PB 0x0000000088500000| Untracked 
| 133|0x0000000088500000, 0x0000000088600000, 0x0000000088600000|100%| O|  |TAMS 0x0000000088600000| PB 0x0000000088600000| Untracked 
| 134|0x0000000088600000, 0x0000000088700000, 0x0000000088700000|100%|HS|  |TAMS 0x0000000088700000| PB 0x0000000088600000| Complete 
| 135|0x0000000088700000, 0x0000000088800000, 0x0000000088800000|100%| O|  |TAMS 0x0000000088800000| PB 0x0000000088800000| Updating 
| 136|0x0000000088800000, 0x0000000088900000, 0x0000000088900000|100%| O|  |TAMS 0x0000000088900000| PB 0x0000000088900000| Untracked 
| 137|0x0000000088900000, 0x0000000088a00000, 0x0000000088a00000|100%| O|  |TAMS 0x0000000088a00000| PB 0x0000000088a00000| Untracked 
| 138|0x0000000088a00000, 0x0000000088b00000, 0x0000000088b00000|100%| O|  |TAMS 0x0000000088b00000| PB 0x0000000088b00000| Untracked 
| 139|0x0000000088b00000, 0x0000000088c00000, 0x0000000088c00000|100%| O|  |TAMS 0x0000000088c00000| PB 0x0000000088c00000| Untracked 
| 140|0x0000000088c00000, 0x0000000088d00000, 0x0000000088d00000|100%| O|  |TAMS 0x0000000088d00000| PB 0x0000000088d00000| Untracked 
| 141|0x0000000088d00000, 0x0000000088e00000, 0x0000000088e00000|100%| O|  |TAMS 0x0000000088e00000| PB 0x0000000088e00000| Untracked 
| 142|0x0000000088e00000, 0x0000000088f00000, 0x0000000088f00000|100%| O|  |TAMS 0x0000000088f00000| PB 0x0000000088f00000| Untracked 
| 143|0x0000000088f00000, 0x0000000089000000, 0x0000000089000000|100%| O|  |TAMS 0x0000000089000000| PB 0x0000000089000000| Untracked 
| 144|0x0000000089000000, 0x0000000089100000, 0x0000000089100000|100%| O|  |TAMS 0x0000000089100000| PB 0x0000000089100000| Untracked 
| 145|0x0000000089100000, 0x0000000089200000, 0x0000000089200000|100%| O|  |TAMS 0x0000000089200000| PB 0x0000000089200000| Untracked 
| 146|0x0000000089200000, 0x0000000089300000, 0x0000000089300000|100%| O|  |TAMS 0x0000000089300000| PB 0x0000000089300000| Untracked 
| 147|0x0000000089300000, 0x0000000089400000, 0x0000000089400000|100%|HS|  |TAMS 0x0000000089400000| PB 0x0000000089300000| Complete 
| 148|0x0000000089400000, 0x0000000089500000, 0x0000000089500000|100%|HC|  |TAMS 0x0000000089500000| PB 0x0000000089400000| Complete 
| 149|0x0000000089500000, 0x0000000089600000, 0x0000000089600000|100%|HS|  |TAMS 0x0000000089600000| PB 0x0000000089500000| Complete 
| 150|0x0000000089600000, 0x0000000089700000, 0x0000000089700000|100%|HC|  |TAMS 0x0000000089700000| PB 0x0000000089600000| Complete 
| 151|0x0000000089700000, 0x0000000089800000, 0x0000000089800000|100%|HS|  |TAMS 0x0000000089800000| PB 0x0000000089700000| Complete 
| 152|0x0000000089800000, 0x0000000089900000, 0x0000000089900000|100%|HC|  |TAMS 0x0000000089900000| PB 0x0000000089800000| Complete 
| 153|0x0000000089900000, 0x0000000089a00000, 0x0000000089a00000|100%|HS|  |TAMS 0x0000000089a00000| PB 0x0000000089900000| Complete 
| 154|0x0000000089a00000, 0x0000000089b00000, 0x0000000089b00000|100%|HC|  |TAMS 0x0000000089b00000| PB 0x0000000089a00000| Complete 
| 155|0x0000000089b00000, 0x0000000089c00000, 0x0000000089c00000|100%|HC|  |TAMS 0x0000000089c00000| PB 0x0000000089b00000| Complete 
| 156|0x0000000089c00000, 0x0000000089d00000, 0x0000000089d00000|100%| O|  |TAMS 0x0000000089d00000| PB 0x0000000089d00000| Untracked 
| 157|0x0000000089d00000, 0x0000000089e00000, 0x0000000089e00000|100%| O|  |TAMS 0x0000000089e00000| PB 0x0000000089e00000| Updating 
| 158|0x0000000089e00000, 0x0000000089e00000, 0x0000000089f00000|  0%| F|  |TAMS 0x0000000089e00000| PB 0x0000000089e00000| Untracked 
| 159|0x0000000089f00000, 0x0000000089f00000, 0x000000008a000000|  0%| F|  |TAMS 0x0000000089f00000| PB 0x0000000089f00000| Untracked 
| 160|0x000000008a000000, 0x000000008a100000, 0x000000008a100000|100%| O|  |TAMS 0x000000008a100000| PB 0x000000008a100000| Untracked 
| 161|0x000000008a100000, 0x000000008a200000, 0x000000008a200000|100%|HS|  |TAMS 0x000000008a200000| PB 0x000000008a100000| Complete 
| 162|0x000000008a200000, 0x000000008a300000, 0x000000008a300000|100%|HC|  |TAMS 0x000000008a300000| PB 0x000000008a200000| Complete 
| 163|0x000000008a300000, 0x000000008a400000, 0x000000008a400000|100%| O|  |TAMS 0x000000008a400000| PB 0x000000008a400000| Untracked 
| 164|0x000000008a400000, 0x000000008a500000, 0x000000008a500000|100%|HS|  |TAMS 0x000000008a500000| PB 0x000000008a400000| Complete 
| 165|0x000000008a500000, 0x000000008a600000, 0x000000008a600000|100%| O|  |TAMS 0x000000008a600000| PB 0x000000008a600000| Untracked 
| 166|0x000000008a600000, 0x000000008a700000, 0x000000008a700000|100%|HS|  |TAMS 0x000000008a700000| PB 0x000000008a600000| Complete 
| 167|0x000000008a700000, 0x000000008a800000, 0x000000008a800000|100%|HS|  |TAMS 0x000000008a800000| PB 0x000000008a700000| Complete 
| 168|0x000000008a800000, 0x000000008a900000, 0x000000008a900000|100%|HC|  |TAMS 0x000000008a900000| PB 0x000000008a800000| Complete 
| 169|0x000000008a900000, 0x000000008aa00000, 0x000000008aa00000|100%| O|  |TAMS 0x000000008aa00000| PB 0x000000008aa00000| Untracked 
| 170|0x000000008aa00000, 0x000000008ab00000, 0x000000008ab00000|100%|HS|  |TAMS 0x000000008ab00000| PB 0x000000008aa00000| Complete 
| 171|0x000000008ab00000, 0x000000008ac00000, 0x000000008ac00000|100%|HC|  |TAMS 0x000000008ac00000| PB 0x000000008ab00000| Complete 
| 172|0x000000008ac00000, 0x000000008ad00000, 0x000000008ad00000|100%| O|  |TAMS 0x000000008ad00000| PB 0x000000008ad00000| Untracked 
| 173|0x000000008ad00000, 0x000000008ae00000, 0x000000008ae00000|100%|HS|  |TAMS 0x000000008ae00000| PB 0x000000008ad00000| Complete 
| 174|0x000000008ae00000, 0x000000008af00000, 0x000000008af00000|100%|HS|  |TAMS 0x000000008af00000| PB 0x000000008ae00000| Complete 
| 175|0x000000008af00000, 0x000000008b000000, 0x000000008b000000|100%|HC|  |TAMS 0x000000008b000000| PB 0x000000008af00000| Complete 
| 176|0x000000008b000000, 0x000000008b100000, 0x000000008b100000|100%| O|  |TAMS 0x000000008b100000| PB 0x000000008b100000| Untracked 
| 177|0x000000008b100000, 0x000000008b200000, 0x000000008b200000|100%|HS|  |TAMS 0x000000008b200000| PB 0x000000008b100000| Complete 
| 178|0x000000008b200000, 0x000000008b300000, 0x000000008b300000|100%|HC|  |TAMS 0x000000008b300000| PB 0x000000008b200000| Complete 
| 179|0x000000008b300000, 0x000000008b400000, 0x000000008b400000|100%| O|  |TAMS 0x000000008b400000| PB 0x000000008b400000| Untracked 
| 180|0x000000008b400000, 0x000000008b500000, 0x000000008b500000|100%| O|  |TAMS 0x000000008b500000| PB 0x000000008b500000| Untracked 
| 181|0x000000008b500000, 0x000000008b600000, 0x000000008b600000|100%| O|  |TAMS 0x000000008b600000| PB 0x000000008b600000| Untracked 
| 182|0x000000008b600000, 0x000000008b700000, 0x000000008b700000|100%|HS|  |TAMS 0x000000008b700000| PB 0x000000008b600000| Complete 
| 183|0x000000008b700000, 0x000000008b800000, 0x000000008b800000|100%|HC|  |TAMS 0x000000008b800000| PB 0x000000008b700000| Complete 
| 184|0x000000008b800000, 0x000000008b900000, 0x000000008b900000|100%| O|  |TAMS 0x000000008b900000| PB 0x000000008b900000| Untracked 
| 185|0x000000008b900000, 0x000000008ba00000, 0x000000008ba00000|100%|HS|  |TAMS 0x000000008ba00000| PB 0x000000008b900000| Complete 
| 186|0x000000008ba00000, 0x000000008bb00000, 0x000000008bb00000|100%| O|  |TAMS 0x000000008bb00000| PB 0x000000008bb00000| Untracked 
| 187|0x000000008bb00000, 0x000000008bc00000, 0x000000008bc00000|100%| O|  |TAMS 0x000000008bc00000| PB 0x000000008bc00000| Untracked 
| 188|0x000000008bc00000, 0x000000008bd00000, 0x000000008bd00000|100%| O|  |TAMS 0x000000008bd00000| PB 0x000000008bd00000| Untracked 
| 189|0x000000008bd00000, 0x000000008be00000, 0x000000008be00000|100%| O|  |TAMS 0x000000008be00000| PB 0x000000008be00000| Untracked 
| 190|0x000000008be00000, 0x000000008bf00000, 0x000000008bf00000|100%| O|  |TAMS 0x000000008bf00000| PB 0x000000008bf00000| Untracked 
| 191|0x000000008bf00000, 0x000000008c000000, 0x000000008c000000|100%| O|  |TAMS 0x000000008c000000| PB 0x000000008c000000| Untracked 
| 192|0x000000008c000000, 0x000000008c100000, 0x000000008c100000|100%|HS|  |TAMS 0x000000008c100000| PB 0x000000008c000000| Complete 
| 193|0x000000008c100000, 0x000000008c200000, 0x000000008c200000|100%|HC|  |TAMS 0x000000008c200000| PB 0x000000008c100000| Complete 
| 194|0x000000008c200000, 0x000000008c300000, 0x000000008c300000|100%|HC|  |TAMS 0x000000008c300000| PB 0x000000008c200000| Complete 
| 195|0x000000008c300000, 0x000000008c400000, 0x000000008c400000|100%| O|  |TAMS 0x000000008c300000| PB 0x000000008c300000| Untracked 
| 196|0x000000008c400000, 0x000000008c500000, 0x000000008c500000|100%| O|  |TAMS 0x000000008c400000| PB 0x000000008c400000| Untracked 
| 197|0x000000008c500000, 0x000000008c600000, 0x000000008c600000|100%| O|  |TAMS 0x000000008c500000| PB 0x000000008c500000| Untracked 
| 198|0x000000008c600000, 0x000000008c700000, 0x000000008c700000|100%| O|  |TAMS 0x000000008c600000| PB 0x000000008c600000| Untracked 
| 199|0x000000008c700000, 0x000000008c800000, 0x000000008c800000|100%| O|  |TAMS 0x000000008c700000| PB 0x000000008c700000| Untracked 
| 200|0x000000008c800000, 0x000000008c900000, 0x000000008c900000|100%| O|  |TAMS 0x000000008c800000| PB 0x000000008c800000| Untracked 
| 201|0x000000008c900000, 0x000000008ca00000, 0x000000008ca00000|100%| O|  |TAMS 0x000000008c900000| PB 0x000000008c900000| Untracked 
| 202|0x000000008ca00000, 0x000000008cb00000, 0x000000008cb00000|100%| O|  |TAMS 0x000000008ca00000| PB 0x000000008ca00000| Untracked 
| 203|0x000000008cb00000, 0x000000008cc00000, 0x000000008cc00000|100%| O|  |TAMS 0x000000008cb00000| PB 0x000000008cb00000| Untracked 
| 204|0x000000008cc00000, 0x000000008cd00000, 0x000000008cd00000|100%| O|  |TAMS 0x000000008cc00000| PB 0x000000008cc00000| Untracked 
| 205|0x000000008cd00000, 0x000000008ce00000, 0x000000008ce00000|100%| O|  |TAMS 0x000000008cd00000| PB 0x000000008cd00000| Untracked 
| 206|0x000000008ce00000, 0x000000008cf00000, 0x000000008cf00000|100%| O|  |TAMS 0x000000008ce00000| PB 0x000000008ce00000| Untracked 
| 207|0x000000008cf00000, 0x000000008d000000, 0x000000008d000000|100%| O|  |TAMS 0x000000008cf00000| PB 0x000000008cf00000| Untracked 
| 208|0x000000008d000000, 0x000000008d100000, 0x000000008d100000|100%| O|  |TAMS 0x000000008d000000| PB 0x000000008d000000| Untracked 
| 209|0x000000008d100000, 0x000000008d200000, 0x000000008d200000|100%| O|  |TAMS 0x000000008d100000| PB 0x000000008d100000| Untracked 
| 210|0x000000008d200000, 0x000000008d300000, 0x000000008d300000|100%| O|  |TAMS 0x000000008d200000| PB 0x000000008d200000| Untracked 
| 211|0x000000008d300000, 0x000000008d400000, 0x000000008d400000|100%| O|  |TAMS 0x000000008d300000| PB 0x000000008d300000| Untracked 
| 212|0x000000008d400000, 0x000000008d500000, 0x000000008d500000|100%| O|  |TAMS 0x000000008d400000| PB 0x000000008d400000| Untracked 
| 213|0x000000008d500000, 0x000000008d600000, 0x000000008d600000|100%| O|  |TAMS 0x000000008d500000| PB 0x000000008d500000| Untracked 
| 214|0x000000008d600000, 0x000000008d700000, 0x000000008d700000|100%| O|  |TAMS 0x000000008d600000| PB 0x000000008d600000| Untracked 
| 215|0x000000008d700000, 0x000000008d800000, 0x000000008d800000|100%| O|  |TAMS 0x000000008d700000| PB 0x000000008d700000| Untracked 
| 216|0x000000008d800000, 0x000000008d900000, 0x000000008d900000|100%| O|  |TAMS 0x000000008d800000| PB 0x000000008d800000| Untracked 
| 217|0x000000008d900000, 0x000000008da00000, 0x000000008da00000|100%| O|  |TAMS 0x000000008d900000| PB 0x000000008d900000| Untracked 
| 218|0x000000008da00000, 0x000000008db00000, 0x000000008db00000|100%| O|  |TAMS 0x000000008da00000| PB 0x000000008da00000| Untracked 
| 219|0x000000008db00000, 0x000000008dc00000, 0x000000008dc00000|100%| O|  |TAMS 0x000000008db00000| PB 0x000000008db00000| Untracked 
| 220|0x000000008dc00000, 0x000000008dd00000, 0x000000008dd00000|100%| O|  |TAMS 0x000000008dc00000| PB 0x000000008dc00000| Untracked 
| 221|0x000000008dd00000, 0x000000008de00000, 0x000000008de00000|100%| O|  |TAMS 0x000000008dd00000| PB 0x000000008dd00000| Untracked 
| 222|0x000000008de00000, 0x000000008df00000, 0x000000008df00000|100%| O|  |TAMS 0x000000008de00000| PB 0x000000008de00000| Untracked 
| 223|0x000000008df00000, 0x000000008e000000, 0x000000008e000000|100%| O|  |TAMS 0x000000008df00000| PB 0x000000008df00000| Untracked 
| 224|0x000000008e000000, 0x000000008e100000, 0x000000008e100000|100%| O|  |TAMS 0x000000008e000000| PB 0x000000008e000000| Untracked 
| 225|0x000000008e100000, 0x000000008e200000, 0x000000008e200000|100%| O|  |TAMS 0x000000008e100000| PB 0x000000008e100000| Untracked 
| 226|0x000000008e200000, 0x000000008e300000, 0x000000008e300000|100%| O|  |TAMS 0x000000008e200000| PB 0x000000008e200000| Untracked 
| 227|0x000000008e300000, 0x000000008e300000, 0x000000008e400000|  0%| F|  |TAMS 0x000000008e300000| PB 0x000000008e300000| Untracked 
| 228|0x000000008e400000, 0x000000008e400000, 0x000000008e500000|  0%| F|  |TAMS 0x000000008e400000| PB 0x000000008e400000| Untracked 
| 229|0x000000008e500000, 0x000000008e500000, 0x000000008e600000|  0%| F|  |TAMS 0x000000008e500000| PB 0x000000008e500000| Untracked 
| 230|0x000000008e600000, 0x000000008e600000, 0x000000008e700000|  0%| F|  |TAMS 0x000000008e600000| PB 0x000000008e600000| Untracked 
| 231|0x000000008e700000, 0x000000008e700000, 0x000000008e800000|  0%| F|  |TAMS 0x000000008e700000| PB 0x000000008e700000| Untracked 
| 232|0x000000008e800000, 0x000000008e800000, 0x000000008e900000|  0%| F|  |TAMS 0x000000008e800000| PB 0x000000008e800000| Untracked 
| 233|0x000000008e900000, 0x000000008e900000, 0x000000008ea00000|  0%| F|  |TAMS 0x000000008e900000| PB 0x000000008e900000| Untracked 
| 234|0x000000008ea00000, 0x000000008ea00000, 0x000000008eb00000|  0%| F|  |TAMS 0x000000008ea00000| PB 0x000000008ea00000| Untracked 
| 235|0x000000008eb00000, 0x000000008eb00000, 0x000000008ec00000|  0%| F|  |TAMS 0x000000008eb00000| PB 0x000000008eb00000| Untracked 
| 236|0x000000008ec00000, 0x000000008ed00000, 0x000000008ed00000|100%| O|  |TAMS 0x000000008ec00000| PB 0x000000008ec00000| Untracked 
| 237|0x000000008ed00000, 0x000000008ee00000, 0x000000008ee00000|100%| O|  |TAMS 0x000000008ed00000| PB 0x000000008ed00000| Untracked 
| 238|0x000000008ee00000, 0x000000008ef00000, 0x000000008ef00000|100%| O|  |TAMS 0x000000008ee00000| PB 0x000000008ee00000| Untracked 
| 239|0x000000008ef00000, 0x000000008f000000, 0x000000008f000000|100%| O|  |TAMS 0x000000008ef00000| PB 0x000000008ef00000| Untracked 
| 240|0x000000008f000000, 0x000000008f100000, 0x000000008f100000|100%| O|  |TAMS 0x000000008f000000| PB 0x000000008f000000| Untracked 
| 241|0x000000008f100000, 0x000000008f200000, 0x000000008f200000|100%| O|  |TAMS 0x000000008f100000| PB 0x000000008f100000| Untracked 
| 242|0x000000008f200000, 0x000000008f300000, 0x000000008f300000|100%| O|  |TAMS 0x000000008f200000| PB 0x000000008f200000| Untracked 
| 243|0x000000008f300000, 0x000000008f400000, 0x000000008f400000|100%| O|  |TAMS 0x000000008f300000| PB 0x000000008f300000| Untracked 
| 244|0x000000008f400000, 0x000000008f500000, 0x000000008f500000|100%| O|  |TAMS 0x000000008f400000| PB 0x000000008f400000| Untracked 
| 245|0x000000008f500000, 0x000000008f600000, 0x000000008f600000|100%| O|  |TAMS 0x000000008f500000| PB 0x000000008f500000| Untracked 
| 246|0x000000008f600000, 0x000000008f700000, 0x000000008f700000|100%| O|  |TAMS 0x000000008f600000| PB 0x000000008f600000| Untracked 
| 247|0x000000008f700000, 0x000000008f7f3680, 0x000000008f800000| 95%| O|  |TAMS 0x000000008f700000| PB 0x000000008f700000| Untracked 
| 248|0x000000008f800000, 0x000000008f800000, 0x000000008f900000|  0%| F|  |TAMS 0x000000008f800000| PB 0x000000008f800000| Untracked 
| 249|0x000000008f900000, 0x000000008f900000, 0x000000008fa00000|  0%| F|  |TAMS 0x000000008f900000| PB 0x000000008f900000| Untracked 
| 250|0x000000008fa00000, 0x000000008fa00000, 0x000000008fb00000|  0%| F|  |TAMS 0x000000008fa00000| PB 0x000000008fa00000| Untracked 
| 251|0x000000008fb00000, 0x000000008fc00000, 0x000000008fc00000|100%| S|CS|TAMS 0x000000008fb00000| PB 0x000000008fb00000| Complete 
| 252|0x000000008fc00000, 0x000000008fd00000, 0x000000008fd00000|100%| S|CS|TAMS 0x000000008fc00000| PB 0x000000008fc00000| Complete 
| 253|0x000000008fd00000, 0x000000008fe00000, 0x000000008fe00000|100%| S|CS|TAMS 0x000000008fd00000| PB 0x000000008fd00000| Complete 
| 254|0x000000008fe00000, 0x000000008ff00000, 0x000000008ff00000|100%| S|CS|TAMS 0x000000008fe00000| PB 0x000000008fe00000| Complete 
| 255|0x000000008ff00000, 0x0000000090000000, 0x0000000090000000|100%| S|CS|TAMS 0x000000008ff00000| PB 0x000000008ff00000| Complete 
| 256|0x0000000090000000, 0x0000000090100000, 0x0000000090100000|100%| S|CS|TAMS 0x0000000090000000| PB 0x0000000090000000| Complete 
| 257|0x0000000090100000, 0x0000000090100000, 0x0000000090200000|  0%| F|  |TAMS 0x0000000090100000| PB 0x0000000090100000| Untracked 
| 258|0x0000000090200000, 0x0000000090200000, 0x0000000090300000|  0%| F|  |TAMS 0x0000000090200000| PB 0x0000000090200000| Untracked 
| 259|0x0000000090300000, 0x0000000090300000, 0x0000000090400000|  0%| F|  |TAMS 0x0000000090300000| PB 0x0000000090300000| Untracked 
| 260|0x0000000090400000, 0x0000000090400000, 0x0000000090500000|  0%| F|  |TAMS 0x0000000090400000| PB 0x0000000090400000| Untracked 
| 261|0x0000000090500000, 0x0000000090500000, 0x0000000090600000|  0%| F|  |TAMS 0x0000000090500000| PB 0x0000000090500000| Untracked 
| 262|0x0000000090600000, 0x0000000090600000, 0x0000000090700000|  0%| F|  |TAMS 0x0000000090600000| PB 0x0000000090600000| Untracked 
| 263|0x0000000090700000, 0x0000000090700000, 0x0000000090800000|  0%| F|  |TAMS 0x0000000090700000| PB 0x0000000090700000| Untracked 
| 264|0x0000000090800000, 0x0000000090800000, 0x0000000090900000|  0%| F|  |TAMS 0x0000000090800000| PB 0x0000000090800000| Untracked 
| 265|0x0000000090900000, 0x0000000090900000, 0x0000000090a00000|  0%| F|  |TAMS 0x0000000090900000| PB 0x0000000090900000| Untracked 
| 266|0x0000000090a00000, 0x0000000090a00000, 0x0000000090b00000|  0%| F|  |TAMS 0x0000000090a00000| PB 0x0000000090a00000| Untracked 
| 267|0x0000000090b00000, 0x0000000090b00000, 0x0000000090c00000|  0%| F|  |TAMS 0x0000000090b00000| PB 0x0000000090b00000| Untracked 
| 268|0x0000000090c00000, 0x0000000090c00000, 0x0000000090d00000|  0%| F|  |TAMS 0x0000000090c00000| PB 0x0000000090c00000| Untracked 
| 269|0x0000000090d00000, 0x0000000090d00000, 0x0000000090e00000|  0%| F|  |TAMS 0x0000000090d00000| PB 0x0000000090d00000| Untracked 
| 270|0x0000000090e00000, 0x0000000090e00000, 0x0000000090f00000|  0%| F|  |TAMS 0x0000000090e00000| PB 0x0000000090e00000| Untracked 
| 271|0x0000000090f00000, 0x0000000090f00000, 0x0000000091000000|  0%| F|  |TAMS 0x0000000090f00000| PB 0x0000000090f00000| Untracked 
| 272|0x0000000091000000, 0x0000000091000000, 0x0000000091100000|  0%| F|  |TAMS 0x0000000091000000| PB 0x0000000091000000| Untracked 
| 273|0x0000000091100000, 0x0000000091100000, 0x0000000091200000|  0%| F|  |TAMS 0x0000000091100000| PB 0x0000000091100000| Untracked 
| 274|0x0000000091200000, 0x0000000091200000, 0x0000000091300000|  0%| F|  |TAMS 0x0000000091200000| PB 0x0000000091200000| Untracked 
| 275|0x0000000091300000, 0x0000000091300000, 0x0000000091400000|  0%| F|  |TAMS 0x0000000091300000| PB 0x0000000091300000| Untracked 
| 276|0x0000000091400000, 0x0000000091400000, 0x0000000091500000|  0%| F|  |TAMS 0x0000000091400000| PB 0x0000000091400000| Untracked 
| 277|0x0000000091500000, 0x0000000091500000, 0x0000000091600000|  0%| F|  |TAMS 0x0000000091500000| PB 0x0000000091500000| Untracked 
| 278|0x0000000091600000, 0x0000000091600000, 0x0000000091700000|  0%| F|  |TAMS 0x0000000091600000| PB 0x0000000091600000| Untracked 
| 279|0x0000000091700000, 0x0000000091700000, 0x0000000091800000|  0%| F|  |TAMS 0x0000000091700000| PB 0x0000000091700000| Untracked 
| 280|0x0000000091800000, 0x0000000091800000, 0x0000000091900000|  0%| F|  |TAMS 0x0000000091800000| PB 0x0000000091800000| Untracked 
| 281|0x0000000091900000, 0x0000000091900000, 0x0000000091a00000|  0%| F|  |TAMS 0x0000000091900000| PB 0x0000000091900000| Untracked 
| 282|0x0000000091a00000, 0x0000000091a00000, 0x0000000091b00000|  0%| F|  |TAMS 0x0000000091a00000| PB 0x0000000091a00000| Untracked 
| 283|0x0000000091b00000, 0x0000000091b00000, 0x0000000091c00000|  0%| F|  |TAMS 0x0000000091b00000| PB 0x0000000091b00000| Untracked 
| 284|0x0000000091c00000, 0x0000000091c00000, 0x0000000091d00000|  0%| F|  |TAMS 0x0000000091c00000| PB 0x0000000091c00000| Untracked 
| 285|0x0000000091d00000, 0x0000000091d00000, 0x0000000091e00000|  0%| F|  |TAMS 0x0000000091d00000| PB 0x0000000091d00000| Untracked 
| 286|0x0000000091e00000, 0x0000000091e00000, 0x0000000091f00000|  0%| F|  |TAMS 0x0000000091e00000| PB 0x0000000091e00000| Untracked 
| 287|0x0000000091f00000, 0x0000000091f00000, 0x0000000092000000|  0%| F|  |TAMS 0x0000000091f00000| PB 0x0000000091f00000| Untracked 
| 288|0x0000000092000000, 0x0000000092000000, 0x0000000092100000|  0%| F|  |TAMS 0x0000000092000000| PB 0x0000000092000000| Untracked 
| 289|0x0000000092100000, 0x0000000092100000, 0x0000000092200000|  0%| F|  |TAMS 0x0000000092100000| PB 0x0000000092100000| Untracked 
| 290|0x0000000092200000, 0x0000000092200000, 0x0000000092300000|  0%| F|  |TAMS 0x0000000092200000| PB 0x0000000092200000| Untracked 
| 291|0x0000000092300000, 0x0000000092300000, 0x0000000092400000|  0%| F|  |TAMS 0x0000000092300000| PB 0x0000000092300000| Untracked 
| 292|0x0000000092400000, 0x0000000092400000, 0x0000000092500000|  0%| F|  |TAMS 0x0000000092400000| PB 0x0000000092400000| Untracked 
| 293|0x0000000092500000, 0x0000000092500000, 0x0000000092600000|  0%| F|  |TAMS 0x0000000092500000| PB 0x0000000092500000| Untracked 
| 294|0x0000000092600000, 0x0000000092600000, 0x0000000092700000|  0%| F|  |TAMS 0x0000000092600000| PB 0x0000000092600000| Untracked 
| 295|0x0000000092700000, 0x0000000092700000, 0x0000000092800000|  0%| F|  |TAMS 0x0000000092700000| PB 0x0000000092700000| Untracked 
| 296|0x0000000092800000, 0x0000000092800000, 0x0000000092900000|  0%| F|  |TAMS 0x0000000092800000| PB 0x0000000092800000| Untracked 
| 297|0x0000000092900000, 0x0000000092900000, 0x0000000092a00000|  0%| F|  |TAMS 0x0000000092900000| PB 0x0000000092900000| Untracked 
| 298|0x0000000092a00000, 0x0000000092a00000, 0x0000000092b00000|  0%| F|  |TAMS 0x0000000092a00000| PB 0x0000000092a00000| Untracked 
| 299|0x0000000092b00000, 0x0000000092b00000, 0x0000000092c00000|  0%| F|  |TAMS 0x0000000092b00000| PB 0x0000000092b00000| Untracked 
| 300|0x0000000092c00000, 0x0000000092c00000, 0x0000000092d00000|  0%| F|  |TAMS 0x0000000092c00000| PB 0x0000000092c00000| Untracked 
| 301|0x0000000092d00000, 0x0000000092d00000, 0x0000000092e00000|  0%| F|  |TAMS 0x0000000092d00000| PB 0x0000000092d00000| Untracked 
| 302|0x0000000092e00000, 0x0000000092e00000, 0x0000000092f00000|  0%| F|  |TAMS 0x0000000092e00000| PB 0x0000000092e00000| Untracked 
| 303|0x0000000092f00000, 0x0000000092f00000, 0x0000000093000000|  0%| F|  |TAMS 0x0000000092f00000| PB 0x0000000092f00000| Untracked 
| 304|0x0000000093000000, 0x0000000093000000, 0x0000000093100000|  0%| F|  |TAMS 0x0000000093000000| PB 0x0000000093000000| Untracked 
| 305|0x0000000093100000, 0x0000000093100000, 0x0000000093200000|  0%| F|  |TAMS 0x0000000093100000| PB 0x0000000093100000| Untracked 
| 306|0x0000000093200000, 0x0000000093200000, 0x0000000093300000|  0%| F|  |TAMS 0x0000000093200000| PB 0x0000000093200000| Untracked 
| 307|0x0000000093300000, 0x0000000093300000, 0x0000000093400000|  0%| F|  |TAMS 0x0000000093300000| PB 0x0000000093300000| Untracked 
| 308|0x0000000093400000, 0x0000000093400000, 0x0000000093500000|  0%| F|  |TAMS 0x0000000093400000| PB 0x0000000093400000| Untracked 
| 309|0x0000000093500000, 0x0000000093500000, 0x0000000093600000|  0%| F|  |TAMS 0x0000000093500000| PB 0x0000000093500000| Untracked 
| 310|0x0000000093600000, 0x0000000093600000, 0x0000000093700000|  0%| F|  |TAMS 0x0000000093600000| PB 0x0000000093600000| Untracked 
| 311|0x0000000093700000, 0x0000000093700000, 0x0000000093800000|  0%| F|  |TAMS 0x0000000093700000| PB 0x0000000093700000| Untracked 
| 312|0x0000000093800000, 0x0000000093800000, 0x0000000093900000|  0%| F|  |TAMS 0x0000000093800000| PB 0x0000000093800000| Untracked 
| 313|0x0000000093900000, 0x0000000093900000, 0x0000000093a00000|  0%| F|  |TAMS 0x0000000093900000| PB 0x0000000093900000| Untracked 
| 314|0x0000000093a00000, 0x0000000093a00000, 0x0000000093b00000|  0%| F|  |TAMS 0x0000000093a00000| PB 0x0000000093a00000| Untracked 
| 315|0x0000000093b00000, 0x0000000093b00000, 0x0000000093c00000|  0%| F|  |TAMS 0x0000000093b00000| PB 0x0000000093b00000| Untracked 
| 316|0x0000000093c00000, 0x0000000093c00000, 0x0000000093d00000|  0%| F|  |TAMS 0x0000000093c00000| PB 0x0000000093c00000| Untracked 
| 317|0x0000000093d00000, 0x0000000093d00000, 0x0000000093e00000|  0%| F|  |TAMS 0x0000000093d00000| PB 0x0000000093d00000| Untracked 
| 318|0x0000000093e00000, 0x0000000093e00000, 0x0000000093f00000|  0%| F|  |TAMS 0x0000000093e00000| PB 0x0000000093e00000| Untracked 
| 319|0x0000000093f00000, 0x0000000093f00000, 0x0000000094000000|  0%| F|  |TAMS 0x0000000093f00000| PB 0x0000000093f00000| Untracked 
| 320|0x0000000094000000, 0x0000000094000000, 0x0000000094100000|  0%| F|  |TAMS 0x0000000094000000| PB 0x0000000094000000| Untracked 
| 321|0x0000000094100000, 0x0000000094100000, 0x0000000094200000|  0%| F|  |TAMS 0x0000000094100000| PB 0x0000000094100000| Untracked 
| 322|0x0000000094200000, 0x0000000094200000, 0x0000000094300000|  0%| F|  |TAMS 0x0000000094200000| PB 0x0000000094200000| Untracked 
| 323|0x0000000094300000, 0x0000000094300000, 0x0000000094400000|  0%| F|  |TAMS 0x0000000094300000| PB 0x0000000094300000| Untracked 
| 324|0x0000000094400000, 0x0000000094400000, 0x0000000094500000|  0%| F|  |TAMS 0x0000000094400000| PB 0x0000000094400000| Untracked 
| 325|0x0000000094500000, 0x0000000094500000, 0x0000000094600000|  0%| F|  |TAMS 0x0000000094500000| PB 0x0000000094500000| Untracked 
| 326|0x0000000094600000, 0x0000000094600000, 0x0000000094700000|  0%| F|  |TAMS 0x0000000094600000| PB 0x0000000094600000| Untracked 
| 327|0x0000000094700000, 0x0000000094700000, 0x0000000094800000|  0%| F|  |TAMS 0x0000000094700000| PB 0x0000000094700000| Untracked 
| 328|0x0000000094800000, 0x0000000094800000, 0x0000000094900000|  0%| F|  |TAMS 0x0000000094800000| PB 0x0000000094800000| Untracked 
| 329|0x0000000094900000, 0x0000000094900000, 0x0000000094a00000|  0%| F|  |TAMS 0x0000000094900000| PB 0x0000000094900000| Untracked 
| 330|0x0000000094a00000, 0x0000000094a00000, 0x0000000094b00000|  0%| F|  |TAMS 0x0000000094a00000| PB 0x0000000094a00000| Untracked 
| 331|0x0000000094b00000, 0x0000000094b00000, 0x0000000094c00000|  0%| F|  |TAMS 0x0000000094b00000| PB 0x0000000094b00000| Untracked 
| 332|0x0000000094c00000, 0x0000000094c00000, 0x0000000094d00000|  0%| F|  |TAMS 0x0000000094c00000| PB 0x0000000094c00000| Untracked 
| 333|0x0000000094d00000, 0x0000000094d00000, 0x0000000094e00000|  0%| F|  |TAMS 0x0000000094d00000| PB 0x0000000094d00000| Untracked 
| 334|0x0000000094e00000, 0x0000000094e00000, 0x0000000094f00000|  0%| F|  |TAMS 0x0000000094e00000| PB 0x0000000094e00000| Untracked 
| 335|0x0000000094f00000, 0x0000000094f00000, 0x0000000095000000|  0%| F|  |TAMS 0x0000000094f00000| PB 0x0000000094f00000| Untracked 
| 336|0x0000000095000000, 0x0000000095000000, 0x0000000095100000|  0%| F|  |TAMS 0x0000000095000000| PB 0x0000000095000000| Untracked 
| 337|0x0000000095100000, 0x0000000095100000, 0x0000000095200000|  0%| F|  |TAMS 0x0000000095100000| PB 0x0000000095100000| Untracked 
| 338|0x0000000095200000, 0x0000000095200000, 0x0000000095300000|  0%| F|  |TAMS 0x0000000095200000| PB 0x0000000095200000| Untracked 
| 339|0x0000000095300000, 0x0000000095300000, 0x0000000095400000|  0%| F|  |TAMS 0x0000000095300000| PB 0x0000000095300000| Untracked 
| 340|0x0000000095400000, 0x0000000095400000, 0x0000000095500000|  0%| F|  |TAMS 0x0000000095400000| PB 0x0000000095400000| Untracked 
| 341|0x0000000095500000, 0x0000000095500000, 0x0000000095600000|  0%| F|  |TAMS 0x0000000095500000| PB 0x0000000095500000| Untracked 
| 342|0x0000000095600000, 0x0000000095600000, 0x0000000095700000|  0%| F|  |TAMS 0x0000000095600000| PB 0x0000000095600000| Untracked 
| 343|0x0000000095700000, 0x00000000957748d0, 0x0000000095800000| 45%| E|  |TAMS 0x0000000095700000| PB 0x0000000095700000| Complete 
| 344|0x0000000095800000, 0x0000000095900000, 0x0000000095900000|100%| E|CS|TAMS 0x0000000095800000| PB 0x0000000095800000| Complete 
| 345|0x0000000095900000, 0x0000000095a00000, 0x0000000095a00000|100%| E|CS|TAMS 0x0000000095900000| PB 0x0000000095900000| Complete 
| 346|0x0000000095a00000, 0x0000000095b00000, 0x0000000095b00000|100%| E|CS|TAMS 0x0000000095a00000| PB 0x0000000095a00000| Complete 
| 347|0x0000000095b00000, 0x0000000095c00000, 0x0000000095c00000|100%| E|CS|TAMS 0x0000000095b00000| PB 0x0000000095b00000| Complete 
| 348|0x0000000095c00000, 0x0000000095d00000, 0x0000000095d00000|100%| E|CS|TAMS 0x0000000095c00000| PB 0x0000000095c00000| Complete 
| 349|0x0000000095d00000, 0x0000000095e00000, 0x0000000095e00000|100%| E|CS|TAMS 0x0000000095d00000| PB 0x0000000095d00000| Complete 
| 350|0x0000000095e00000, 0x0000000095f00000, 0x0000000095f00000|100%| E|CS|TAMS 0x0000000095e00000| PB 0x0000000095e00000| Complete 
|1985|0x00000000fc100000, 0x00000000fc200000, 0x00000000fc200000|100%| O|  |TAMS 0x00000000fc100000| PB 0x00000000fc100000| Untracked 
|1986|0x00000000fc200000, 0x00000000fc300000, 0x00000000fc300000|100%| O|  |TAMS 0x00000000fc200000| PB 0x00000000fc200000| Untracked 
|1987|0x00000000fc300000, 0x00000000fc400000, 0x00000000fc400000|100%| O|  |TAMS 0x00000000fc328080| PB 0x00000000fc328080| Untracked 
|1988|0x00000000fc400000, 0x00000000fc500000, 0x00000000fc500000|100%| O|  |TAMS 0x00000000fc500000| PB 0x00000000fc500000| Updating 
|1989|0x00000000fc500000, 0x00000000fc600000, 0x00000000fc600000|100%| O|  |TAMS 0x00000000fc600000| PB 0x00000000fc600000| Updating 
|1990|0x00000000fc600000, 0x00000000fc700000, 0x00000000fc700000|100%| O|  |TAMS 0x00000000fc700000| PB 0x00000000fc700000| Untracked 
|1991|0x00000000fc700000, 0x00000000fc800000, 0x00000000fc800000|100%| O|  |TAMS 0x00000000fc800000| PB 0x00000000fc800000| Untracked 
|1992|0x00000000fc800000, 0x00000000fc900000, 0x00000000fc900000|100%| O|  |TAMS 0x00000000fc900000| PB 0x00000000fc900000| Untracked 
|1993|0x00000000fc900000, 0x00000000fca00000, 0x00000000fca00000|100%| O|  |TAMS 0x00000000fca00000| PB 0x00000000fca00000| Untracked 
|1994|0x00000000fca00000, 0x00000000fcb00000, 0x00000000fcb00000|100%| O|  |TAMS 0x00000000fcb00000| PB 0x00000000fcb00000| Untracked 
|1995|0x00000000fcb00000, 0x00000000fcc00000, 0x00000000fcc00000|100%| O|  |TAMS 0x00000000fcc00000| PB 0x00000000fcc00000| Untracked 
|1996|0x00000000fcc00000, 0x00000000fcd00000, 0x00000000fcd00000|100%| O|  |TAMS 0x00000000fcd00000| PB 0x00000000fcd00000| Untracked 
|1997|0x00000000fcd00000, 0x00000000fce00000, 0x00000000fce00000|100%| O|  |TAMS 0x00000000fce00000| PB 0x00000000fce00000| Untracked 
|1998|0x00000000fce00000, 0x00000000fcf00000, 0x00000000fcf00000|100%| O|  |TAMS 0x00000000fcf00000| PB 0x00000000fcf00000| Untracked 
|1999|0x00000000fcf00000, 0x00000000fd000000, 0x00000000fd000000|100%| O|  |TAMS 0x00000000fd000000| PB 0x00000000fd000000| Untracked 
|2000|0x00000000fd000000, 0x00000000fd100000, 0x00000000fd100000|100%| O|  |TAMS 0x00000000fd100000| PB 0x00000000fd100000| Untracked 
|2001|0x00000000fd100000, 0x00000000fd200000, 0x00000000fd200000|100%| O|  |TAMS 0x00000000fd200000| PB 0x00000000fd200000| Updating 
|2002|0x00000000fd200000, 0x00000000fd300000, 0x00000000fd300000|100%| O|  |TAMS 0x00000000fd300000| PB 0x00000000fd300000| Untracked 
|2003|0x00000000fd300000, 0x00000000fd400000, 0x00000000fd400000|100%| O|  |TAMS 0x00000000fd400000| PB 0x00000000fd400000| Untracked 
|2004|0x00000000fd400000, 0x00000000fd500000, 0x00000000fd500000|100%| O|  |TAMS 0x00000000fd500000| PB 0x00000000fd500000| Updating 
|2005|0x00000000fd500000, 0x00000000fd600000, 0x00000000fd600000|100%| O|  |TAMS 0x00000000fd600000| PB 0x00000000fd600000| Updating 
|2006|0x00000000fd600000, 0x00000000fd700000, 0x00000000fd700000|100%| O|  |TAMS 0x00000000fd700000| PB 0x00000000fd700000| Updating 
|2007|0x00000000fd700000, 0x00000000fd800000, 0x00000000fd800000|100%| O|  |TAMS 0x00000000fd800000| PB 0x00000000fd800000| Updating 
|2008|0x00000000fd800000, 0x00000000fd900000, 0x00000000fd900000|100%| O|  |TAMS 0x00000000fd900000| PB 0x00000000fd900000| Untracked 
|2009|0x00000000fd900000, 0x00000000fda00000, 0x00000000fda00000|100%| O|  |TAMS 0x00000000fda00000| PB 0x00000000fda00000| Updating 
|2010|0x00000000fda00000, 0x00000000fdb00000, 0x00000000fdb00000|100%| O|  |TAMS 0x00000000fdb00000| PB 0x00000000fdb00000| Updating 
|2011|0x00000000fdb00000, 0x00000000fdc00000, 0x00000000fdc00000|100%| O|  |TAMS 0x00000000fdc00000| PB 0x00000000fdc00000| Updating 
|2012|0x00000000fdc00000, 0x00000000fdd00000, 0x00000000fdd00000|100%| O|  |TAMS 0x00000000fdd00000| PB 0x00000000fdd00000| Updating 
|2013|0x00000000fdd00000, 0x00000000fde00000, 0x00000000fde00000|100%| O|  |TAMS 0x00000000fde00000| PB 0x00000000fde00000| Updating 
|2014|0x00000000fde00000, 0x00000000fdf00000, 0x00000000fdf00000|100%| O|  |TAMS 0x00000000fdf00000| PB 0x00000000fdf00000| Updating 
|2015|0x00000000fdf00000, 0x00000000fe000000, 0x00000000fe000000|100%| O|  |TAMS 0x00000000fe000000| PB 0x00000000fe000000| Updating 
|2016|0x00000000fe000000, 0x00000000fe100000, 0x00000000fe100000|100%| O|  |TAMS 0x00000000fe100000| PB 0x00000000fe100000| Untracked 
|2017|0x00000000fe100000, 0x00000000fe200000, 0x00000000fe200000|100%| O|  |TAMS 0x00000000fe200000| PB 0x00000000fe200000| Updating 
|2018|0x00000000fe200000, 0x00000000fe300000, 0x00000000fe300000|100%| O|  |TAMS 0x00000000fe300000| PB 0x00000000fe300000| Updating 
|2019|0x00000000fe300000, 0x00000000fe400000, 0x00000000fe400000|100%| O|  |TAMS 0x00000000fe400000| PB 0x00000000fe400000| Updating 
|2020|0x00000000fe400000, 0x00000000fe500000, 0x00000000fe500000|100%| O|  |TAMS 0x00000000fe500000| PB 0x00000000fe500000| Updating 
|2021|0x00000000fe500000, 0x00000000fe600000, 0x00000000fe600000|100%| E|CS|TAMS 0x00000000fe500000| PB 0x00000000fe500000| Complete 
|2022|0x00000000fe600000, 0x00000000fe700000, 0x00000000fe700000|100%| E|CS|TAMS 0x00000000fe600000| PB 0x00000000fe600000| Complete 
|2023|0x00000000fe700000, 0x00000000fe800000, 0x00000000fe800000|100%| O|  |TAMS 0x00000000fe800000| PB 0x00000000fe800000| Untracked 
|2024|0x00000000fe800000, 0x00000000fe900000, 0x00000000fe900000|100%| O|  |TAMS 0x00000000fe900000| PB 0x00000000fe900000| Untracked 
|2025|0x00000000fe900000, 0x00000000fea00000, 0x00000000fea00000|100%| E|CS|TAMS 0x00000000fe900000| PB 0x00000000fe900000| Complete 
|2026|0x00000000fea00000, 0x00000000feb00000, 0x00000000feb00000|100%| O|  |TAMS 0x00000000feb00000| PB 0x00000000feb00000| Untracked 
|2027|0x00000000feb00000, 0x00000000fec00000, 0x00000000fec00000|100%| O|  |TAMS 0x00000000fec00000| PB 0x00000000fec00000| Untracked 
|2028|0x00000000fec00000, 0x00000000fed00000, 0x00000000fed00000|100%| O|  |TAMS 0x00000000fed00000| PB 0x00000000fed00000| Updating 
|2029|0x00000000fed00000, 0x00000000fee00000, 0x00000000fee00000|100%| E|CS|TAMS 0x00000000fed00000| PB 0x00000000fed00000| Complete 
|2030|0x00000000fee00000, 0x00000000fef00000, 0x00000000fef00000|100%| E|CS|TAMS 0x00000000fee00000| PB 0x00000000fee00000| Complete 
|2031|0x00000000fef00000, 0x00000000ff000000, 0x00000000ff000000|100%| E|CS|TAMS 0x00000000fef00000| PB 0x00000000fef00000| Complete 
|2032|0x00000000ff000000, 0x00000000ff100000, 0x00000000ff100000|100%| O|  |TAMS 0x00000000ff100000| PB 0x00000000ff100000| Updating 
|2033|0x00000000ff100000, 0x00000000ff200000, 0x00000000ff200000|100%| O|  |TAMS 0x00000000ff200000| PB 0x00000000ff200000| Untracked 
|2034|0x00000000ff200000, 0x00000000ff300000, 0x00000000ff300000|100%| O|  |TAMS 0x00000000ff300000| PB 0x00000000ff300000| Untracked 
|2035|0x00000000ff300000, 0x00000000ff400000, 0x00000000ff400000|100%| O|  |TAMS 0x00000000ff400000| PB 0x00000000ff400000| Updating 
|2036|0x00000000ff400000, 0x00000000ff500000, 0x00000000ff500000|100%| E|CS|TAMS 0x00000000ff400000| PB 0x00000000ff400000| Complete 
|2037|0x00000000ff500000, 0x00000000ff600000, 0x00000000ff600000|100%| E|CS|TAMS 0x00000000ff500000| PB 0x00000000ff500000| Complete 
|2038|0x00000000ff600000, 0x00000000ff700000, 0x00000000ff700000|100%| E|CS|TAMS 0x00000000ff600000| PB 0x00000000ff600000| Complete 
|2039|0x00000000ff700000, 0x00000000ff800000, 0x00000000ff800000|100%| O|  |TAMS 0x00000000ff800000| PB 0x00000000ff800000| Untracked 
|2040|0x00000000ff800000, 0x00000000ff900000, 0x00000000ff900000|100%| O|  |TAMS 0x00000000ff900000| PB 0x00000000ff900000| Untracked 
|2041|0x00000000ff900000, 0x00000000ffa00000, 0x00000000ffa00000|100%| O|  |TAMS 0x00000000ffa00000| PB 0x00000000ffa00000| Untracked 
|2042|0x00000000ffa00000, 0x00000000ffb00000, 0x00000000ffb00000|100%| O|  |TAMS 0x00000000ffb00000| PB 0x00000000ffb00000| Untracked 
|2043|0x00000000ffb00000, 0x00000000ffc00000, 0x00000000ffc00000|100%| O|  |TAMS 0x00000000ffc00000| PB 0x00000000ffc00000| Untracked 
|2044|0x00000000ffc00000, 0x00000000ffd00000, 0x00000000ffd00000|100%| O|  |TAMS 0x00000000ffd00000| PB 0x00000000ffd00000| Untracked 
|2045|0x00000000ffd00000, 0x00000000ffe00000, 0x00000000ffe00000|100%| E|CS|TAMS 0x00000000ffd00000| PB 0x00000000ffd00000| Complete 
|2046|0x00000000ffe00000, 0x00000000fff00000, 0x00000000fff00000|100%| O|  |TAMS 0x00000000fff00000| PB 0x00000000fff00000| Untracked 
|2047|0x00000000fff00000, 0x0000000100000000, 0x0000000100000000|100%| O|  |TAMS 0x0000000100000000| PB 0x0000000100000000| Untracked 

Card table byte_map: [0x000001ff5a960000,0x000001ff5ad60000] _byte_map_base: 0x000001ff5a560000

Marking Bits: (CMBitMap*) 0x000001ff47f246c0
 Bits: [0x000001ff5ad60000, 0x000001ff5cd60000)

Polling page: 0x000001ff45ca0000

Metaspace:

Usage:
  Non-class:    160.30 MB used.
      Class:     25.12 MB used.
       Both:    185.42 MB used.

Virtual space:
  Non-class space:      192.00 MB reserved,     161.69 MB ( 84%) committed,  3 nodes.
      Class space:        1.00 GB reserved,      26.44 MB (  3%) committed,  1 nodes.
             Both:        1.19 GB reserved,     188.12 MB ( 15%) committed. 

Chunk freelists:
   Non-Class:  14.19 MB
       Class:  5.53 MB
        Both:  19.72 MB

MaxMetaspaceSize: unlimited
CompressedClassSpaceSize: 1.00 GB
Initial GC threshold: 21.00 MB
Current GC threshold: 302.44 MB
CDS: off
 - commit_granule_bytes: 65536.
 - commit_granule_words: 8192.
 - virtual_space_node_default_size: 8388608.
 - enlarge_chunks_in_place: 1.
 - use_allocation_guard: 0.


Internal statistics:

num_allocs_failed_limit: 9.
num_arena_births: 5404.
num_arena_deaths: 0.
num_vsnodes_births: 4.
num_vsnodes_deaths: 0.
num_space_committed: 3006.
num_space_uncommitted: 0.
num_chunks_returned_to_freelist: 9.
num_chunks_taken_from_freelist: 13189.
num_chunk_merges: 9.
num_chunk_splits: 9100.
num_chunks_enlarged: 6238.
num_inconsistent_stats: 0.

CodeHeap 'non-profiled nmethods': size=120000Kb used=11484Kb max_used=11795Kb free=108515Kb
 bounds [0x000001ff52ad0000, 0x000001ff53660000, 0x000001ff5a000000]
CodeHeap 'profiled nmethods': size=120000Kb used=30538Kb max_used=31280Kb free=89461Kb
 bounds [0x000001ff4b000000, 0x000001ff4cec0000, 0x000001ff52530000]
CodeHeap 'non-nmethods': size=5760Kb used=2981Kb max_used=3054Kb free=2778Kb
 bounds [0x000001ff52530000, 0x000001ff52840000, 0x000001ff52ad0000]
CodeCache: size=245760Kb, used=45003Kb, max_used=46129Kb, free=200754Kb
 total_blobs=17439, nmethods=16202, adapters=1140, full_count=0
Compilation: enabled, stopped_count=0, restarted_count=0

Compilation events (20 events):
Event: 29.155 Thread 0x000001ff5fc6d0b0 20344       3       com.android.tools.r8.internal.ai0::<init> (13 bytes)
Event: 29.156 Thread 0x000001ff5fc6d0b0 nmethod 20344 0x000001ff4cbf7990 code [0x000001ff4cbf7b40, 0x000001ff4cbf7d50]
Event: 29.156 Thread 0x000001ff5fc6d0b0 20330       3       com.android.tools.r8.internal.bj0::<init> (7 bytes)
Event: 29.156 Thread 0x000001ff5fc6d0b0 nmethod 20330 0x000001ff4cbf7390 code [0x000001ff4cbf7540, 0x000001ff4cbf77e0]
Event: 29.156 Thread 0x000001ff5fc6d0b0 20347       3       com.android.tools.r8.internal.el0::<init> (13 bytes)
Event: 29.156 Thread 0x000001ff5fc6d0b0 nmethod 20347 0x000001ff4cbf6e90 code [0x000001ff4cbf7040, 0x000001ff4cbf7250]
Event: 29.156 Thread 0x000001ff5fc6d0b0 20335       3       com.android.tools.r8.internal.fb0::<init> (7 bytes)
Event: 29.156 Thread 0x000001ff5fc6d0b0 nmethod 20335 0x000001ff4cbf6b10 code [0x000001ff4cbf6cc0, 0x000001ff4cbf6df8]
Event: 29.164 Thread 0x000001ff5fc6d0b0 20355       2       com.android.tools.r8.graph.na::a (174 bytes)
Event: 29.165 Thread 0x000001ff5fc6d0b0 nmethod 20355 0x000001ff4b2f8990 code [0x000001ff4b2f8be0, 0x000001ff4b2f9390]
Event: 29.165 Thread 0x000001ff5fc6d0b0 20356       2       com.android.tools.r8.graph.na::b (64 bytes)
Event: 29.166 Thread 0x000001ff5fc6d0b0 nmethod 20356 0x000001ff4b2f8210 code [0x000001ff4b2f8420, 0x000001ff4b2f8760]
Event: 29.179 Thread 0x000001ff5fc6c240 nmethod 20306 0x000001ff53652c90 code [0x000001ff53653020, 0x000001ff53654268]
Event: 29.179 Thread 0x000001ff5fc6c240 20351       4       com.android.tools.r8.internal.kc0::a (3327 bytes)
Event: 29.186 Thread 0x000001ff5fc6d0b0 20357       3       java.lang.Math::abs (11 bytes)
Event: 29.186 Thread 0x000001ff5fc6d0b0 nmethod 20357 0x000001ff4b2f7e90 code [0x000001ff4b2f8040, 0x000001ff4b2f81a0]
Event: 29.200 Thread 0x000001ff5fc6d0b0 20358       2       jdk.internal.util.ArraysSupport::hashCode (33 bytes)
Event: 29.200 Thread 0x000001ff5fc6d0b0 nmethod 20358 0x000001ff4b2f7a10 code [0x000001ff4b2f7bc0, 0x000001ff4b2f7d40]
Event: 29.201 Thread 0x000001ff5fc6d0b0 20360   !   2       java.util.Map::forEach (81 bytes)
Event: 29.201 Thread 0x000001ff5fc6d0b0 nmethod 20360 0x000001ff4b2f7010 code [0x000001ff4b2f7260, 0x000001ff4b2f7720]

GC Heap History (20 events):
Event: 22.705 GC heap before
{Heap before GC invocations=48 (full 0):
 garbage-first heap   total 273408K, used 231391K [0x0000000080000000, 0x0000000100000000)
  region size 1024K, 74 young (75776K), 6 survivors (6144K)
 Metaspace       used 177180K, committed 179840K, reserved 1245184K
  class space    used 24080K, committed 25344K, reserved 1048576K
}
Event: 22.712 GC heap after
{Heap after GC invocations=49 (full 0):
 garbage-first heap   total 273408K, used 165474K [0x0000000080000000, 0x0000000100000000)
  region size 1024K, 9 young (9216K), 9 survivors (9216K)
 Metaspace       used 177180K, committed 179840K, reserved 1245184K
  class space    used 24080K, committed 25344K, reserved 1048576K
}
Event: 24.343 GC heap before
{Heap before GC invocations=49 (full 0):
 garbage-first heap   total 273408K, used 250466K [0x0000000080000000, 0x0000000100000000)
  region size 1024K, 93 young (95232K), 9 survivors (9216K)
 Metaspace       used 180071K, committed 182848K, reserved 1245184K
  class space    used 24314K, committed 25664K, reserved 1048576K
}
Event: 24.353 GC heap after
{Heap after GC invocations=50 (full 0):
 garbage-first heap   total 273408K, used 163905K [0x0000000080000000, 0x0000000100000000)
  region size 1024K, 8 young (8192K), 8 survivors (8192K)
 Metaspace       used 180071K, committed 182848K, reserved 1245184K
  class space    used 24314K, committed 25664K, reserved 1048576K
}
Event: 25.522 GC heap before
{Heap before GC invocations=50 (full 0):
 garbage-first heap   total 273408K, used 251969K [0x0000000080000000, 0x0000000100000000)
  region size 1024K, 95 young (97280K), 8 survivors (8192K)
 Metaspace       used 180352K, committed 183104K, reserved 1245184K
  class space    used 24329K, committed 25664K, reserved 1048576K
}
Event: 25.529 GC heap after
{Heap after GC invocations=51 (full 0):
 garbage-first heap   total 273408K, used 165056K [0x0000000080000000, 0x0000000100000000)
  region size 1024K, 6 young (6144K), 6 survivors (6144K)
 Metaspace       used 180352K, committed 183104K, reserved 1245184K
  class space    used 24329K, committed 25664K, reserved 1048576K
}
Event: 26.600 GC heap before
{Heap before GC invocations=52 (full 0):
 garbage-first heap   total 276480K, used 259264K [0x0000000080000000, 0x0000000100000000)
  region size 1024K, 94 young (96256K), 6 survivors (6144K)
 Metaspace       used 182588K, committed 185408K, reserved 1245184K
  class space    used 24501K, committed 25856K, reserved 1048576K
}
Event: 26.608 GC heap after
{Heap after GC invocations=53 (full 0):
 garbage-first heap   total 276480K, used 169974K [0x0000000080000000, 0x0000000100000000)
  region size 1024K, 11 young (11264K), 11 survivors (11264K)
 Metaspace       used 182588K, committed 185408K, reserved 1245184K
  class space    used 24501K, committed 25856K, reserved 1048576K
}
Event: 26.915 GC heap before
{Heap before GC invocations=53 (full 0):
 garbage-first heap   total 276480K, used 254966K [0x0000000080000000, 0x0000000100000000)
  region size 1024K, 95 young (97280K), 11 survivors (11264K)
 Metaspace       used 182743K, committed 185536K, reserved 1245184K
  class space    used 24523K, committed 25856K, reserved 1048576K
}
Event: 26.926 GC heap after
{Heap after GC invocations=54 (full 0):
 garbage-first heap   total 276480K, used 169731K [0x0000000080000000, 0x0000000100000000)
  region size 1024K, 6 young (6144K), 6 survivors (6144K)
 Metaspace       used 182743K, committed 185536K, reserved 1245184K
  class space    used 24523K, committed 25856K, reserved 1048576K
}
Event: 27.032 GC heap before
{Heap before GC invocations=54 (full 0):
 garbage-first heap   total 276480K, used 193283K [0x0000000080000000, 0x0000000100000000)
  region size 1024K, 31 young (31744K), 6 survivors (6144K)
 Metaspace       used 183005K, committed 185728K, reserved 1245184K
  class space    used 24550K, committed 25856K, reserved 1048576K
}
Event: 27.036 GC heap after
{Heap after GC invocations=55 (full 0):
 garbage-first heap   total 276480K, used 170078K [0x0000000080000000, 0x0000000100000000)
  region size 1024K, 6 young (6144K), 6 survivors (6144K)
 Metaspace       used 183005K, committed 185728K, reserved 1245184K
  class space    used 24550K, committed 25856K, reserved 1048576K
}
Event: 27.920 GC heap before
{Heap before GC invocations=56 (full 0):
 garbage-first heap   total 304128K, used 302174K [0x0000000080000000, 0x0000000100000000)
  region size 1024K, 84 young (86016K), 6 survivors (6144K)
 Metaspace       used 186799K, committed 189504K, reserved 1245184K
  class space    used 25107K, committed 26432K, reserved 1048576K
}
Event: 27.938 GC heap after
{Heap after GC invocations=57 (full 0):
 garbage-first heap   total 338944K, used 230014K [0x0000000080000000, 0x0000000100000000)
  region size 1024K, 12 young (12288K), 12 survivors (12288K)
 Metaspace       used 186799K, committed 189504K, reserved 1245184K
  class space    used 25107K, committed 26432K, reserved 1048576K
}
Event: 28.657 GC heap before
{Heap before GC invocations=57 (full 0):
 garbage-first heap   total 338944K, used 309886K [0x0000000080000000, 0x0000000100000000)
  region size 1024K, 85 young (87040K), 12 survivors (12288K)
 Metaspace       used 188398K, committed 191168K, reserved 1245184K
  class space    used 25482K, committed 26816K, reserved 1048576K
}
Event: 28.685 GC heap after
{Heap after GC invocations=58 (full 0):
 garbage-first heap   total 351232K, used 258208K [0x0000000080000000, 0x0000000100000000)
  region size 1024K, 11 young (11264K), 11 survivors (11264K)
 Metaspace       used 188398K, committed 191168K, reserved 1245184K
  class space    used 25482K, committed 26816K, reserved 1048576K
}
Event: 28.931 GC heap before
{Heap before GC invocations=58 (full 0):
 garbage-first heap   total 351232K, used 314528K [0x0000000080000000, 0x0000000100000000)
  region size 1024K, 67 young (68608K), 11 survivors (11264K)
 Metaspace       used 189810K, committed 192576K, reserved 1245184K
  class space    used 25723K, committed 27072K, reserved 1048576K
}
Event: 28.968 GC heap after
{Heap after GC invocations=59 (full 0):
 garbage-first heap   total 353280K, used 284672K [0x0000000080000000, 0x0000000100000000)
  region size 1024K, 9 young (9216K), 9 survivors (9216K)
 Metaspace       used 189810K, committed 192576K, reserved 1245184K
  class space    used 25723K, committed 27072K, reserved 1048576K
}
Event: 29.107 GC heap before
{Heap before GC invocations=59 (full 0):
 garbage-first heap   total 353280K, used 320512K [0x0000000080000000, 0x0000000100000000)
  region size 1024K, 44 young (45056K), 9 survivors (9216K)
 Metaspace       used 189850K, committed 192640K, reserved 1245184K
  class space    used 25724K, committed 27072K, reserved 1048576K
}
Event: 29.132 GC heap after
{Heap after GC invocations=60 (full 0):
 garbage-first heap   total 423936K, used 305101K [0x0000000080000000, 0x0000000100000000)
  region size 1024K, 6 young (6144K), 6 survivors (6144K)
 Metaspace       used 189850K, committed 192640K, reserved 1245184K
  class space    used 25724K, committed 27072K, reserved 1048576K
}

Dll operation events (3 events):
Event: 0.018 Loaded shared library C:\Program Files\Android\Android Studio\jbr\bin\java.dll
Event: 0.026 Loaded shared library C:\Program Files\Android\Android Studio\jbr\bin\zip.dll
Event: 0.664 Loaded shared library C:\Program Files\Android\Android Studio\jbr\bin\verify.dll

Deoptimization events (20 events):
Event: 29.102 Thread 0x000001ff746320a0 DEOPT PACKING pc=0x000001ff5364d1a0 sp=0x00000010559fe8f0
Event: 29.102 Thread 0x000001ff6ae64680 DEOPT PACKING pc=0x000001ff5364c8fc sp=0x00000010556fe760
Event: 29.102 Thread 0x000001ff746320a0 DEOPT UNPACKING pc=0x000001ff525843a2 sp=0x00000010559fe8d0 mode 2
Event: 29.102 Thread 0x000001ff6ae64680 DEOPT UNPACKING pc=0x000001ff525843a2 sp=0x00000010556fe740 mode 2
Event: 29.106 Thread 0x000001ff74636f60 DEOPT PACKING pc=0x000001ff4cbe9238 sp=0x0000001055ffe790
Event: 29.106 Thread 0x000001ff74636f60 DEOPT UNPACKING pc=0x000001ff52584b42 sp=0x0000001055ffdcd8 mode 0
Event: 29.142 Thread 0x000001ff74633450 DEOPT PACKING pc=0x000001ff4cbe9238 sp=0x00000010558fe990
Event: 29.142 Thread 0x000001ff74633450 DEOPT UNPACKING pc=0x000001ff52584b42 sp=0x00000010558fded8 mode 0
Event: 29.153 Thread 0x000001ff7462ffd0 DEOPT PACKING pc=0x000001ff4cbe9238 sp=0x0000001055afec20
Event: 29.153 Thread 0x000001ff7462ffd0 DEOPT UNPACKING pc=0x000001ff52584b42 sp=0x0000001055afe168 mode 0
Event: 29.163 Thread 0x000001ff6ae64680 DEOPT PACKING pc=0x000001ff4cbe9238 sp=0x00000010556fe7f0
Event: 29.163 Thread 0x000001ff6ae64680 DEOPT UNPACKING pc=0x000001ff52584b42 sp=0x00000010556fdd38 mode 0
Event: 29.172 Thread 0x000001ff74632730 DEOPT PACKING pc=0x000001ff4cbe9238 sp=0x00000010551fecc0
Event: 29.172 Thread 0x000001ff74632730 DEOPT UNPACKING pc=0x000001ff52584b42 sp=0x00000010551fe208 mode 0
Event: 29.183 Thread 0x000001ff74634800 DEOPT PACKING pc=0x000001ff4cbe9238 sp=0x0000001055dfea90
Event: 29.183 Thread 0x000001ff74634800 DEOPT UNPACKING pc=0x000001ff52584b42 sp=0x0000001055dfdfd8 mode 0
Event: 29.193 Thread 0x000001ff6ae625b0 DEOPT PACKING pc=0x000001ff4cbe9238 sp=0x00000010557fecc0
Event: 29.193 Thread 0x000001ff6ae625b0 DEOPT UNPACKING pc=0x000001ff52584b42 sp=0x00000010557fe208 mode 0
Event: 29.203 Thread 0x000001ff74636240 DEOPT PACKING pc=0x000001ff4cbe9238 sp=0x00000010560fe850
Event: 29.203 Thread 0x000001ff74636240 DEOPT UNPACKING pc=0x000001ff52584b42 sp=0x00000010560fdd98 mode 0

Classes loaded (20 events):
Event: 27.699 Loading class java/nio/BufferUnderflowException
Event: 27.699 Loading class java/nio/BufferUnderflowException done
Event: 27.939 Loading class java/util/concurrent/ConcurrentHashMap$TreeNode
Event: 27.940 Loading class java/util/concurrent/ConcurrentHashMap$TreeNode done
Event: 27.940 Loading class java/util/concurrent/ConcurrentHashMap$TreeBin
Event: 27.940 Loading class java/util/concurrent/ConcurrentHashMap$TreeBin done
Event: 28.430 Loading class java/util/concurrent/ForkJoinTask$AdaptedInterruptibleCallable
Event: 28.431 Loading class java/util/concurrent/ForkJoinTask$InterruptibleTask
Event: 28.431 Loading class java/util/concurrent/ForkJoinTask$InterruptibleTask done
Event: 28.431 Loading class java/util/concurrent/ForkJoinTask$AdaptedInterruptibleCallable done
Event: 28.431 Loading class java/util/concurrent/ForkJoinTask$Aux
Event: 28.431 Loading class java/util/concurrent/ForkJoinTask$Aux done
Event: 28.432 Loading class java/util/concurrent/ForkJoinPool$DefaultForkJoinWorkerThreadFactory$1
Event: 28.432 Loading class java/util/concurrent/ForkJoinPool$DefaultForkJoinWorkerThreadFactory$1 done
Event: 28.433 Loading class java/util/concurrent/CountedCompleter
Event: 28.434 Loading class java/util/concurrent/CountedCompleter done
Event: 28.742 Loading class java/nio/ShortBuffer
Event: 28.743 Loading class java/nio/ShortBuffer done
Event: 28.743 Loading class java/nio/HeapShortBuffer
Event: 28.744 Loading class java/nio/HeapShortBuffer done

Classes unloaded (0 events):
No events

Classes redefined (0 events):
No events

Internal exceptions (20 events):
Event: 28.764 Thread 0x000001ff746320a0 Exception <a 'sun/nio/fs/WindowsException'{0x00000000fee89ab0}> (0x00000000fee89ab0) 
thrown [s\src\hotspot\share\prims\jni.cpp, line 537]
Event: 28.764 Thread 0x000001ff74633450 Exception <a 'sun/nio/fs/WindowsException'{0x00000000feed1b60}> (0x00000000feed1b60) 
thrown [s\src\hotspot\share\prims\jni.cpp, line 537]
Event: 28.765 Thread 0x000001ff74634e90 Exception <a 'sun/nio/fs/WindowsException'{0x00000000feed8128}> (0x00000000feed8128) 
thrown [s\src\hotspot\share\prims\jni.cpp, line 537]
Event: 28.765 Thread 0x000001ff74633450 Exception <a 'sun/nio/fs/WindowsException'{0x00000000fed0e958}> (0x00000000fed0e958) 
thrown [s\src\hotspot\share\prims\jni.cpp, line 537]
Event: 28.766 Thread 0x000001ff74634800 Exception <a 'sun/nio/fs/WindowsException'{0x00000000feef7738}> (0x00000000feef7738) 
thrown [s\src\hotspot\share\prims\jni.cpp, line 537]
Event: 28.766 Thread 0x000001ff74632730 Exception <a 'sun/nio/fs/WindowsException'{0x00000000fed26fd8}> (0x00000000fed26fd8) 
thrown [s\src\hotspot\share\prims\jni.cpp, line 537]
Event: 28.768 Thread 0x000001ff74634800 Exception <a 'sun/nio/fs/WindowsException'{0x00000000fed8eb68}> (0x00000000fed8eb68) 
thrown [s\src\hotspot\share\prims\jni.cpp, line 537]
Event: 28.768 Thread 0x000001ff74634800 Exception <a 'sun/nio/fs/WindowsException'{0x00000000feda1938}> (0x00000000feda1938) 
thrown [s\src\hotspot\share\prims\jni.cpp, line 537]
Event: 28.769 Thread 0x000001ff74634800 Exception <a 'sun/nio/fs/WindowsException'{0x00000000fedb1f38}> (0x00000000fedb1f38) 
thrown [s\src\hotspot\share\prims\jni.cpp, line 537]
Event: 28.773 Thread 0x000001ff7462ffd0 Exception <a 'sun/nio/fs/WindowsException'{0x00000000fe929068}> (0x00000000fe929068) 
thrown [s\src\hotspot\share\prims\jni.cpp, line 537]
Event: 28.773 Thread 0x000001ff74634800 Exception <a 'sun/nio/fs/WindowsException'{0x00000000fe924e10}> (0x00000000fe924e10) 
thrown [s\src\hotspot\share\prims\jni.cpp, line 537]
Event: 28.774 Thread 0x000001ff74634800 Exception <a 'sun/nio/fs/WindowsException'{0x00000000fe963f40}> (0x00000000fe963f40) 
thrown [s\src\hotspot\share\prims\jni.cpp, line 537]
Event: 28.775 Thread 0x000001ff7462ffd0 Exception <a 'sun/nio/fs/WindowsException'{0x00000000fe94fa60}> (0x00000000fe94fa60) 
thrown [s\src\hotspot\share\prims\jni.cpp, line 537]
Event: 28.775 Thread 0x000001ff74634800 Exception <a 'sun/nio/fs/WindowsException'{0x00000000fe990608}> (0x00000000fe990608) 
thrown [s\src\hotspot\share\prims\jni.cpp, line 537]
Event: 28.776 Thread 0x000001ff7462ffd0 Exception <a 'sun/nio/fs/WindowsException'{0x00000000fe98dc38}> (0x00000000fe98dc38) 
thrown [s\src\hotspot\share\prims\jni.cpp, line 537]
Event: 28.787 Thread 0x000001ff6ae625b0 Exception <a 'sun/nio/fs/WindowsException'{0x00000000fe556d08}> (0x00000000fe556d08) 
thrown [s\src\hotspot\share\prims\jni.cpp, line 537]
Event: 28.840 Thread 0x000001ff6ae64680 Exception <a 'sun/nio/fs/WindowsException'{0x0000000090a621b0}> (0x0000000090a621b0) 
thrown [s\src\hotspot\share\prims\jni.cpp, line 537]
Event: 28.872 Thread 0x000001ff74636f60 Exception <a 'sun/nio/fs/WindowsException'{0x000000008ffbf450}> (0x000000008ffbf450) 
thrown [s\src\hotspot\share\prims\jni.cpp, line 537]
Event: 28.894 Thread 0x000001ff74636240 Exception <a 'sun/nio/fs/WindowsException'{0x000000008f864e68}> (0x000000008f864e68) 
thrown [s\src\hotspot\share\prims\jni.cpp, line 537]
Event: 28.993 Thread 0x000001ff74636240 Exception <a 'sun/nio/fs/WindowsException'{0x00000000feee8348}> (0x00000000feee8348) 
thrown [s\src\hotspot\share\prims\jni.cpp, line 537]

ZGC Phase Switch (0 events):
No events

VM Operations (20 events):
Event: 27.154 Executing VM operation: G1PauseRemark done
Event: 27.225 Executing VM operation: G1PauseCleanup
Event: 27.225 Executing VM operation: G1PauseCleanup done
Event: 27.319 Executing VM operation: HandshakeAllThreads (Deoptimize)
Event: 27.319 Executing VM operation: HandshakeAllThreads (Deoptimize) done
Event: 27.411 Executing VM operation: HandshakeAllThreads (Deoptimize)
Event: 27.411 Executing VM operation: HandshakeAllThreads (Deoptimize) done
Event: 27.605 Executing VM operation: HandshakeAllThreads (Deoptimize)
Event: 27.605 Executing VM operation: HandshakeAllThreads (Deoptimize) done
Event: 27.920 Executing VM operation: G1CollectForAllocation (G1 Evacuation Pause)
Event: 27.938 Executing VM operation: G1CollectForAllocation (G1 Evacuation Pause) done
Event: 28.657 Executing VM operation: G1CollectForAllocation (G1 Evacuation Pause)
Event: 28.685 Executing VM operation: G1CollectForAllocation (G1 Evacuation Pause) done
Event: 28.931 Executing VM operation: G1CollectForAllocation (G1 Evacuation Pause)
Event: 28.968 Executing VM operation: G1CollectForAllocation (G1 Evacuation Pause) done
Event: 28.997 Executing VM operation: HandshakeAllThreads (Deoptimize)
Event: 28.997 Executing VM operation: HandshakeAllThreads (Deoptimize) done
Event: 29.107 Executing VM operation: G1CollectForAllocation (G1 Evacuation Pause)
Event: 29.133 Executing VM operation: G1CollectForAllocation (G1 Evacuation Pause) done
Event: 29.205 Executing VM operation: G1PauseRemark

Memory protections (0 events):
No events

Nmethod flushes (20 events):
Event: 29.213 Thread 0x000001ff5fb83910 flushing  nmethod 0x000001ff4cbf1410
Event: 29.213 Thread 0x000001ff5fb83910 flushing  nmethod 0x000001ff4cbf4f90
Event: 29.213 Thread 0x000001ff5fb83910 flushing  nmethod 0x000001ff4cc67910
Event: 29.213 Thread 0x000001ff5fb83910 flushing  nmethod 0x000001ff4cc67c10
Event: 29.213 Thread 0x000001ff5fb83910 flushing  nmethod 0x000001ff52b89c90
Event: 29.213 Thread 0x000001ff5fb83910 flushing osr nmethod 0x000001ff52e1a890
Event: 29.213 Thread 0x000001ff5fb83910 flushing osr nmethod 0x000001ff5329e910
Event: 29.213 Thread 0x000001ff5fb83910 flushing  nmethod 0x000001ff4b21bb90
Event: 29.213 Thread 0x000001ff5fb83910 flushing  nmethod 0x000001ff4b8d1110
Event: 29.213 Thread 0x000001ff5fb83910 flushing  nmethod 0x000001ff4b98a790
Event: 29.213 Thread 0x000001ff5fb83910 flushing  nmethod 0x000001ff4ba6d290
Event: 29.213 Thread 0x000001ff5fb83910 flushing  nmethod 0x000001ff4badef10
Event: 29.213 Thread 0x000001ff5fb83910 flushing  nmethod 0x000001ff4bb3cb10
Event: 29.213 Thread 0x000001ff5fb83910 flushing  nmethod 0x000001ff4c132310
Event: 29.213 Thread 0x000001ff5fb83910 flushing  nmethod 0x000001ff4c132e10
Event: 29.213 Thread 0x000001ff5fb83910 flushing  nmethod 0x000001ff4c1e5910
Event: 29.213 Thread 0x000001ff5fb83910 flushing  nmethod 0x000001ff4c1e5f90
Event: 29.213 Thread 0x000001ff5fb83910 flushing  nmethod 0x000001ff4c1e6510
Event: 29.213 Thread 0x000001ff5fb83910 flushing  nmethod 0x000001ff4c672d10
Event: 29.213 Thread 0x000001ff5fb83910 flushing  nmethod 0x000001ff4ca42610

Events (20 events):
Event: 26.341 Thread 0x000001ff6ae5eaa0 Thread added: 0x000001ff64fac430
Event: 26.934 Thread 0x000001ff6ae62c40 Thread added: 0x000001ff74631a10
Event: 27.019 Thread 0x000001ff74631a10 Thread added: 0x000001ff74630cf0
Event: 27.019 Thread 0x000001ff74631a10 Thread added: 0x000001ff74631380
Event: 28.432 Thread 0x000001ff74630cf0 Thread added: 0x000001ff6ae64680
Event: 28.433 Thread 0x000001ff74630cf0 Thread added: 0x000001ff6ae625b0
Event: 28.433 Thread 0x000001ff73bd1db0 Thread exited: 0x000001ff73bd1db0
Event: 28.433 Thread 0x000001ff6ae64680 Thread added: 0x000001ff74633450
Event: 28.433 Thread 0x000001ff6ae625b0 Thread added: 0x000001ff74632730
Event: 28.433 Thread 0x000001ff74633450 Thread added: 0x000001ff746320a0
Event: 28.434 Thread 0x000001ff746320a0 Thread added: 0x000001ff7462ffd0
Event: 28.434 Thread 0x000001ff74632730 Thread added: 0x000001ff74630660
Event: 28.434 Thread 0x000001ff7462ffd0 Thread added: 0x000001ff746368d0
Event: 28.434 Thread 0x000001ff74630660 Thread added: 0x000001ff74634800
Event: 28.435 Thread 0x000001ff746368d0 Thread added: 0x000001ff74634e90
Event: 28.435 Thread 0x000001ff74634800 Thread added: 0x000001ff74636f60
Event: 28.435 Thread 0x000001ff74634e90 Thread added: 0x000001ff74636240
Event: 28.748 Thread 0x000001ff73bd5430 Thread exited: 0x000001ff73bd5430
Event: 28.769 Thread 0x000001ff5fc6d0b0 Thread added: 0x000001ff6a501640
Event: 28.790 Thread 0x000001ff5fc6d0b0 Thread added: 0x000001ff73bd1db0


Dynamic libraries:
0x00007ff6287b0000 - 0x00007ff6287ba000 	C:\Program Files\Android\Android Studio\jbr\bin\java.exe
0x00007ffbea820000 - 0x00007ffbeaa87000 	C:\WINDOWS\SYSTEM32\ntdll.dll
0x00007ffbe9a80000 - 0x00007ffbe9b49000 	C:\WINDOWS\System32\KERNEL32.DLL
0x00007ffbe8100000 - 0x00007ffbe84f1000 	C:\WINDOWS\System32\KERNELBASE.dll
0x00007ffbe7fb0000 - 0x00007ffbe80fb000 	C:\WINDOWS\System32\ucrtbase.dll
0x00007ffbbcc10000 - 0x00007ffbbcc28000 	C:\Program Files\Android\Android Studio\jbr\bin\jli.dll
0x00007ffbe4110000 - 0x00007ffbe412b000 	C:\Program Files\Android\Android Studio\jbr\bin\VCRUNTIME140.dll
0x00007ffbea610000 - 0x00007ffbea7d5000 	C:\WINDOWS\System32\USER32.dll
0x00007ffbe7240000 - 0x00007ffbe7267000 	C:\WINDOWS\System32\win32u.dll
0x00007ffbe8d40000 - 0x00007ffbe8d6b000 	C:\WINDOWS\System32\GDI32.dll
0x00007ffbe7270000 - 0x00007ffbe739b000 	C:\WINDOWS\System32\gdi32full.dll
0x00007ffbe73a0000 - 0x00007ffbe7443000 	C:\WINDOWS\System32\msvcp_win.dll
0x00007ffbd1320000 - 0x00007ffbd15b3000 	C:\WINDOWS\WinSxS\amd64_microsoft.windows.common-controls_6595b64144ccf1df_6.0.26100.8037_none_3e092faae333b53b\COMCTL32.dll
0x00007ffbe85c0000 - 0x00007ffbe8669000 	C:\WINDOWS\System32\msvcrt.dll
0x00007ffbe9740000 - 0x00007ffbe9771000 	C:\WINDOWS\System32\IMM32.DLL
0x0000000065060000 - 0x000000006506d000 	C:\Program Files (x86)\360\Total Security\safemon\SafeWrapper.dll
0x00007ffbe9680000 - 0x00007ffbe973b000 	C:\WINDOWS\System32\ADVAPI32.dll
0x00007ffbe99d0000 - 0x00007ffbe9a77000 	C:\WINDOWS\System32\sechost.dll
0x00007ffbe9fa0000 - 0x00007ffbea0b8000 	C:\WINDOWS\System32\RPCRT4.dll
0x00007ffbde140000 - 0x00007ffbde245000 	C:\Program Files (x86)\360\Total Security\safemon\libzdtp64.dll
0x00007ffbe8d80000 - 0x00007ffbe94df000 	C:\WINDOWS\System32\SHELL32.dll
0x00007ffbe7e40000 - 0x00007ffbe7faa000 	C:\WINDOWS\System32\wintypes.dll
0x00007ffbe8670000 - 0x00007ffbe89f2000 	C:\WINDOWS\System32\combase.dll
0x00007ffbe8ab0000 - 0x00007ffbe8b17000 	C:\WINDOWS\System32\SHLWAPI.dll
0x00007ffbe7450000 - 0x00007ffbe7cb4000 	C:\WINDOWS\System32\Windows.Storage.dll
0x00007ffbe69e0000 - 0x00007ffbe69eb000 	C:\WINDOWS\SYSTEM32\VERSION.dll
0x00007ffbe4100000 - 0x00007ffbe410c000 	C:\Program Files\Android\Android Studio\jbr\bin\vcruntime140_1.dll
0x00007ffb2ef50000 - 0x00007ffb2efdd000 	C:\Program Files\Android\Android Studio\jbr\bin\msvcp140.dll
0x00007ffb80ce0000 - 0x00007ffb81976000 	C:\Program Files\Android\Android Studio\jbr\bin\server\jvm.dll
0x00007ffbe94f0000 - 0x00007ffbe9564000 	C:\WINDOWS\System32\WS2_32.dll
0x00007ffbe6f80000 - 0x00007ffbe6fde000 	C:\WINDOWS\SYSTEM32\POWRPROF.dll
0x00007ffbda7b0000 - 0x00007ffbda7e5000 	C:\WINDOWS\SYSTEM32\WINMM.dll
0x00007ffbe6f60000 - 0x00007ffbe6f74000 	C:\WINDOWS\SYSTEM32\UMPDC.dll
0x00007ffbe5e20000 - 0x00007ffbe5e3b000 	C:\WINDOWS\SYSTEM32\kernel.appcore.dll
0x00007ffbdd870000 - 0x00007ffbdd87a000 	C:\Program Files\Android\Android Studio\jbr\bin\jimage.dll
0x00007ffbe4ed0000 - 0x00007ffbe5112000 	C:\WINDOWS\SYSTEM32\DBGHELP.DLL
0x00007ffbe8c60000 - 0x00007ffbe8d37000 	C:\WINDOWS\System32\OLEAUT32.dll
0x00007ffbbe0c0000 - 0x00007ffbbe0fb000 	C:\WINDOWS\SYSTEM32\dbgcore.DLL
0x00007ffbe7190000 - 0x00007ffbe7235000 	C:\WINDOWS\System32\bcryptPrimitives.dll
0x00007ffbe3fb0000 - 0x00007ffbe3fbe000 	C:\Program Files\Android\Android Studio\jbr\bin\instrument.dll
0x00007ffbdd7e0000 - 0x00007ffbdd800000 	C:\Program Files\Android\Android Studio\jbr\bin\java.dll
0x00007ffbdd7c0000 - 0x00007ffbdd7d8000 	C:\Program Files\Android\Android Studio\jbr\bin\zip.dll
0x00007ffbe8b40000 - 0x00007ffbe8c37000 	C:\WINDOWS\System32\SHCORE.dll
0x00007ffbe6ff0000 - 0x00007ffbe7019000 	C:\WINDOWS\SYSTEM32\profapi.dll
0x00007ffbdd7b0000 - 0x00007ffbdd7c0000 	C:\Program Files\Android\Android Studio\jbr\bin\net.dll
0x00007ffbde410000 - 0x00007ffbde537000 	C:\WINDOWS\SYSTEM32\WINHTTP.dll
0x00007ffbe6390000 - 0x00007ffbe63fb000 	C:\WINDOWS\system32\mswsock.dll
0x00007ffbdd790000 - 0x00007ffbdd7a6000 	C:\Program Files\Android\Android Studio\jbr\bin\nio.dll
0x00007ffbd3a30000 - 0x00007ffbd3a40000 	C:\Program Files\Android\Android Studio\jbr\bin\verify.dll
0x00007ffbb3090000 - 0x00007ffbb30b7000 	C:\Users\User\.gradle\native\1def1411415f61bf3af743bc5b6707747c0891f09f0c88961ee8f79bc544acac\windows-amd64\native-platform.dll
0x00007ffb7b850000 - 0x00007ffb7b8c8000 	C:\Users\User\.gradle\native\0.2.7\x86_64-windows-gnu\gradle-fileevents.dll
0x00007ffbda4e0000 - 0x00007ffbda4e9000 	C:\Program Files\Android\Android Studio\jbr\bin\management.dll
0x00007ffbd3de0000 - 0x00007ffbd3deb000 	C:\Program Files\Android\Android Studio\jbr\bin\management_ext.dll
0x00007ffbe8d70000 - 0x00007ffbe8d78000 	C:\WINDOWS\System32\PSAPI.DLL
0x00007ffbe57a0000 - 0x00007ffbe57d3000 	C:\WINDOWS\SYSTEM32\IPHLPAPI.DLL
0x00007ffbe9f90000 - 0x00007ffbe9f9a000 	C:\WINDOWS\System32\NSI.dll
0x00007ffbdd6a0000 - 0x00007ffbdd6a9000 	C:\Program Files\Android\Android Studio\jbr\bin\extnet.dll
0x00007ffbe6670000 - 0x00007ffbe668b000 	C:\WINDOWS\SYSTEM32\CRYPTSP.dll
0x00007ffbe5d80000 - 0x00007ffbe5db9000 	C:\WINDOWS\system32\rsaenh.dll
0x00007ffbe6440000 - 0x00007ffbe6472000 	C:\WINDOWS\SYSTEM32\USERENV.dll
0x00007ffbe7020000 - 0x00007ffbe704a000 	C:\WINDOWS\SYSTEM32\bcrypt.dll
0x00007ffbe6690000 - 0x00007ffbe669c000 	C:\WINDOWS\SYSTEM32\CRYPTBASE.dll
0x00007ffbcdcf0000 - 0x00007ffbcdcf8000 	C:\WINDOWS\system32\wshunix.dll
0x00007ffb1de10000 - 0x00007ffb1de28000 	C:\WINDOWS\system32\napinsp.dll
0x00007ffbe5920000 - 0x00007ffbe5a4a000 	C:\WINDOWS\SYSTEM32\DNSAPI.dll
0x00007ffb1dbc0000 - 0x00007ffb1dbd2000 	C:\WINDOWS\System32\winrnr.dll
0x00007ffbcfd20000 - 0x00007ffbcfd42000 	C:\WINDOWS\system32\nlansp_c.dll
0x00007ffbbb4e0000 - 0x00007ffbbb4f6000 	C:\WINDOWS\system32\wshbth.dll
0x00007ffbde300000 - 0x00007ffbde30b000 	C:\Windows\System32\rasadhlp.dll
0x00007ffbe0f70000 - 0x00007ffbe0ff6000 	C:\WINDOWS\System32\fwpuclnt.dll

JVMTI agents:
C:\Users\User\.gradle\wrapper\dists\gradle-8.13-bin\5xuhj0ry160q40clulazy9h7d\gradle-8.13\lib\agents\gradle-instrumentation-agent-8.13.jar path:C:\Program Files\Android\Android Studio\jbr\bin\instrument.dll, loaded, initialized, instrumentlib options:none

dbghelp: loaded successfully - version: 4.0.5 - missing functions: none
symbol engine: initialized successfully - sym options: 0x614 - pdb path: .;C:\Program Files\Android\Android Studio\jbr\bin;C:\WINDOWS\SYSTEM32;C:\WINDOWS\WinSxS\amd64_microsoft.windows.common-controls_6595b64144ccf1df_6.0.26100.8037_none_3e092faae333b53b;C:\Program Files (x86)\360\Total Security\safemon;C:\Program Files\Android\Android Studio\jbr\bin\server;C:\Users\User\.gradle\native\1def1411415f61bf3af743bc5b6707747c0891f09f0c88961ee8f79bc544acac\windows-amd64;C:\Users\User\.gradle\native\0.2.7\x86_64-windows-gnu

VM Arguments:
jvm_args: --add-opens=java.base/java.lang=ALL-UNNAMED --add-opens=java.base/java.lang.invoke=ALL-UNNAMED --add-opens=java.base/java.util=ALL-UNNAMED --add-opens=java.prefs/java.util.prefs=ALL-UNNAMED --add-exports=jdk.compiler/com.sun.tools.javac.api=ALL-UNNAMED --add-exports=jdk.compiler/com.sun.tools.javac.util=ALL-UNNAMED --add-opens=java.base/java.util=ALL-UNNAMED --add-opens=java.prefs/java.util.prefs=ALL-UNNAMED --add-opens=java.base/java.nio.charset=ALL-UNNAMED --add-opens=java.base/java.net=ALL-UNNAMED --add-opens=java.base/java.util.concurrent.atomic=ALL-UNNAMED --add-opens=java.xml/javax.xml.namespace=ALL-UNNAMED -Xmx2048m -Dfile.encoding=UTF-8 -Duser.country=RU -Duser.language=ru -Duser.variant -javaagent:C:\Users\User\.gradle\wrapper\dists\gradle-8.13-bin\5xuhj0ry160q40clulazy9h7d\gradle-8.13\lib\agents\gradle-instrumentation-agent-8.13.jar 
java_command: org.gradle.launcher.daemon.bootstrap.GradleDaemon 8.13
java_class_path (initial): C:\Users\User\.gradle\wrapper\dists\gradle-8.13-bin\5xuhj0ry160q40clulazy9h7d\gradle-8.13\lib\gradle-daemon-main-8.13.jar
Launcher Type: SUN_STANDARD

[Global flags]
     intx CICompilerCount                          = 4                                         {product} {ergonomic}
     uint ConcGCThreads                            = 3                                         {product} {ergonomic}
     uint G1ConcRefinementThreads                  = 10                                        {product} {ergonomic}
   size_t G1HeapRegionSize                         = 1048576                                   {product} {ergonomic}
    uintx GCDrainStackTargetSize                   = 64                                        {product} {ergonomic}
   size_t InitialHeapSize                          = 197132288                                 {product} {ergonomic}
   size_t MarkStackSize                            = 4194304                                   {product} {ergonomic}
   size_t MaxHeapSize                              = 2147483648                                {product} {command line}
   size_t MaxNewSize                               = 1287651328                                {product} {ergonomic}
   size_t MinHeapDeltaBytes                        = 1048576                                   {product} {ergonomic}
   size_t MinHeapSize                              = 8388608                                   {product} {ergonomic}
    uintx NonNMethodCodeHeapSize                   = 5839372                                {pd product} {ergonomic}
    uintx NonProfiledCodeHeapSize                  = 122909434                              {pd product} {ergonomic}
    uintx ProfiledCodeHeapSize                     = 122909434                              {pd product} {ergonomic}
    uintx ReservedCodeCacheSize                    = 251658240                              {pd product} {ergonomic}
     bool SegmentedCodeCache                       = true                                      {product} {ergonomic}
   size_t SoftMaxHeapSize                          = 2147483648                             {manageable} {ergonomic}
     bool UseCompressedOops                        = true                           {product lp64_product} {ergonomic}
     bool UseG1GC                                  = true                                      {product} {ergonomic}
     bool UseLargePagesIndividualAllocation        = false                                  {pd product} {ergonomic}

Logging:
Log output configuration:
 #0: stdout all=warning uptime,level,tags foldmultilines=false
 #1: stderr all=off uptime,level,tags foldmultilines=false

Release file:
JAVA_VERSION="21.0.9" 
MODULES="java.base java.compiler java.datatransfer java.xml java.prefs java.desktop java.instrument java.logging java.management java.security.sasl java.naming java.rmi java.management.rmi java.net.http java.scripting java.security.jgss java.transaction.xa java.sql java.sql.rowset java.xml.crypto java.se java.smartcardio jdk.accessibility jdk.internal.jvmstat jdk.attach jdk.charsets jdk.internal.opt jdk.zipfs jdk.compiler jdk.crypto.ec jdk.crypto.cryptoki jdk.dynalink jdk.hotspot.agent jdk.httpserver jdk.internal.ed jdk.internal.le jdk.internal.vm.ci jdk.jartool jdk.javadoc jdk.jcmd jdk.jdeps jdk.jdwp.agent jdk.jdi jdk.jfr jdk.jlink jdk.jsobject jdk.localedata jdk.management jdk.management.agent jdk.management.jfr jdk.naming.dns jdk.naming.rmi jdk.net jdk.sctp jdk.security.auth jdk.security.jgss jdk.unsupported jdk.unsupported.desktop jdk.xml.dom" 
IMPLEMENTOR="JetBrains s.r.o." 
JAVA_RUNTIME_VERSION="21.0.9+-14787801-b1163.94" 
LIBC="default" 
OS_ARCH="x86_64" 
OS_NAME="Windows" 
SOURCE=".:git:0c757ddc9f2f" 

Environment Variables:
PATH=C:\Program Files\Common Files\Oracle\Java\javapath;C:\Program Files (x86)\Common Files\Oracle\Java\javapath;C:\WINDOWS\system32;C:\WINDOWS;C:\WINDOWS\System32\Wbem;C:\WINDOWS\System32\WindowsPowerShell\v1.0\;C:\WINDOWS\System32\OpenSSH\;C:\JupyterLab;C:\Program Files\nodejs\;C:\Program Files\dotnet\;C:\Program Files\Git\cmd;C:\Users\User\AppData\Local\Programs\Python\Python313\Scripts\;C:\Users\User\AppData\Local\Programs\Python\Python313\;C:\Users\User\AppData\Local\Programs\Python\Launcher\;C:\Users\User\AppData\Local\Microsoft\WindowsApps;C:\Users\User\AppData\Local\Programs\Microsoft VS Code\bin;C:\Program Files\JetBrains\PyCharm 2025.2.3\bin;C:\Users\User\AppData\Local\Programs\MiKTeX\miktex\bin\x64\;C:\Program Files\JetBrains\WebStorm 2025.1.3\bin;;C:\Users\User\AppData\Roaming\npm;C:\Program Files\JetBrains\IntelliJ IDEA Community Edition 2025.2.1\bin;C:\Users\User\.lmstudio\bin
USERNAME=User
OS=Windows_NT
PROCESSOR_IDENTIFIER=Intel64 Family 6 Model 186 Stepping 3, GenuineIntel
TMP=C:\Users\User\AppData\Local\Temp
TEMP=C:\Users\User\AppData\Local\Temp




Periodic native trim disabled

JNI global refs:
JNI global refs: 31, weak refs: 49

JNI global refs memory usage: 835, weak refs: 1465

Process memory usage:
Resident Set Size: 852256K (6% of 12199064K total physical memory with 1151640K free physical memory)

OOME stack traces (most recent first):
Classloader memory used:
Loader org.gradle.internal.classloader.VisitableURLClassLoader                         : 100M
Loader org.gradle.internal.classloader.VisitableURLClassLoader$InstrumentingVisitableURLClassLoader: 39555K
Loader bootstrap                                                                       : 31935K
Loader org.gradle.initialization.MixInLegacyTypesClassLoader                           : 13279K
Loader jdk.internal.loader.ClassLoaders$PlatformClassLoader                            : 539K
Loader jdk.internal.reflect.DelegatingClassLoader                                      : 449K
Loader jdk.internal.jrtfs.JrtFileSystemProvider$JrtFsLoader                            : 332K
Loader jdk.internal.loader.ClassLoaders$AppClassLoader                                 : 235K
Loader org.gradle.internal.classloader.VisitableURLClassLoader                         : 222K
Loader org.gradle.groovy.scripts.internal.DefaultScriptCompilationHandler$ScriptClassLoader: 136K
Loader org.codehaus.groovy.runtime.callsite.CallSiteClassLoader                        : 27488B
Loader sun.reflect.misc.MethodUtil                                                     : 2984B

Classes loaded by more than one classloader:
Class Program                                                                         : loaded 5 times (x 72B)
Class Build_gradle                                                                    : loaded 3 times (x 130B)
Class Build_gradle$1                                                                  : loaded 3 times (x 74B)
Class org.gradle.internal.classloader.FilteringClassLoader                            : loaded 2 times (x 105B)
Class [Lcom.google.common.base.AbstractIterator$State;                                : loaded 2 times (x 69B)
Class com.google.common.base.CharMatcher$IsEither                                     : loaded 2 times (x 111B)
Class jdk.internal.jimage.BasicImageReader                                            : loaded 2 times (x 95B)
Class org.gradle.internal.classloader.ClassLoaderHierarchy                            : loaded 2 times (x 70B)
Class com.google.common.collect.ImmutableEnumSet                                      : loaded 2 times (x 146B)
Class com.google.common.util.concurrent.ExecutionError                                : loaded 2 times (x 82B)
Class com.google.common.collect.ImmutableList$1                                       : loaded 2 times (x 97B)
Class org.gradle.api.internal.classpath.ManifestUtil                                  : loaded 2 times (x 71B)
Class com.google.common.collect.RegularImmutableMap                                   : loaded 2 times (x 121B)
Class com.google.common.collect.ImmutableMap$MapViewOfValuesAsSingletonSets           : loaded 2 times (x 126B)
Class [Lorg.objectweb.asm.Symbol;                                                     : loaded 2 times (x 69B)
Class org.objectweb.asm.ClassVisitor                                                  : loaded 2 times (x 88B)
Class com.google.common.collect.UnmodifiableListIterator                              : loaded 2 times (x 95B)
Class jdk.internal.jimage.decompressor.StringSharingDecompressorFactory               : loaded 2 times (x 74B)
Class com.google.common.base.Platform$JdkPatternCompiler                              : loaded 2 times (x 75B)
Class org.objectweb.asm.MethodTooLargeException                                       : loaded 2 times (x 83B)
Class [Lcom.google.common.cache.CacheBuilder$OneWeigher;                              : loaded 2 times (x 69B)
Class com.google.common.base.Suppliers                                                : loaded 2 times (x 71B)
Class org.gradle.internal.classloader.DefaultClassLoaderFactory                       : loaded 2 times (x 82B)
Class [Lcom.google.common.collect.AbstractIterator$State;                             : loaded 2 times (x 69B)
Class com.google.common.base.CharMatcher$None                                         : loaded 2 times (x 112B)
Class org.jetbrains.kotlin.config.LanguageVersionSettings                             : loaded 2 times (x 70B)
Class org.gradle.internal.classloader.ClassLoaderVisitor                              : loaded 2 times (x 76B)
Class [Lcom.google.common.collect.ImmutableMapEntry;                                  : loaded 2 times (x 69B)
Class org.gradle.api.internal.classpath.EffectiveClassPath                            : loaded 2 times (x 90B)
Class com.google.common.collect.ImmutableRangeSet                                     : loaded 2 times (x 115B)
Class com.google.common.collect.ListMultimap                                          : loaded 2 times (x 70B)
Class com.google.common.collect.ImmutableEnumMap                                      : loaded 2 times (x 126B)
Class com.google.common.base.Splitter                                                 : loaded 2 times (x 72B)
Class com.google.common.collect.Sets$1                                                : loaded 2 times (x 139B)
Class org.objectweb.asm.AnnotationVisitor                                             : loaded 2 times (x 78B)
Class org.gradle.api.internal.DefaultClassPathProvider                                : loaded 2 times (x 76B)
Class com.google.common.collect.Sets$2                                                : loaded 2 times (x 139B)
Class [Lorg.gradle.api.internal.ClassPathProvider;                                    : loaded 2 times (x 69B)
Class org.gradle.api.internal.ClassPathProvider                                       : loaded 2 times (x 70B)
Class com.google.common.base.AbstractIterator$State                                   : loaded 2 times (x 79B)
Class org.jetbrains.kotlin.cli.common.CompilerSystemProperties                        : loaded 2 times (x 80B)
Class [Lorg.objectweb.asm.AnnotationVisitor;                                          : loaded 2 times (x 69B)
Class com.google.common.collect.Sets$3                                                : loaded 2 times (x 139B)
Class com.google.common.util.concurrent.AbstractFuture$SafeAtomicHelper               : loaded 2 times (x 79B)
Class com.google.common.cache.LocalCache$LocalLoadingCache                            : loaded 2 times (x 134B)
Class jdk.internal.jrtfs.SystemImage                                                  : loaded 2 times (x 74B)
Class org.gradle.internal.service.UnknownServiceException                             : loaded 2 times (x 83B)
Class com.google.common.collect.Sets$4                                                : loaded 2 times (x 139B)
Class org.objectweb.asm.ModuleVisitor                                                 : loaded 2 times (x 81B)
Class com.google.common.cache.LocalCache$Strength$1                                   : loaded 2 times (x 81B)
Class com.google.common.util.concurrent.SettableFuture                                : loaded 2 times (x 114B)
Class com.google.common.cache.LocalCache$Strength$2                                   : loaded 2 times (x 81B)
Class com.google.common.collect.Interner                                              : loaded 2 times (x 70B)
Class com.google.common.base.Splitter$1                                               : loaded 2 times (x 77B)
Class com.google.common.cache.LocalCache$Strength$3                                   : loaded 2 times (x 81B)
Class com.google.common.collect.MapDifference                                         : loaded 2 times (x 70B)
Class org.objectweb.asm.FieldWriter                                                   : loaded 2 times (x 78B)
Class com.google.common.cache.CacheBuilder$NullListener                               : loaded 2 times (x 82B)
Class org.gradle.internal.classpath.TransformedClassPath                              : loaded 2 times (x 96B)
Class org.gradle.internal.classloader.InstrumentingClassLoader                        : loaded 2 times (x 70B)
Class com.google.common.collect.ImmutableRangeSet$AsSet                               : loaded 2 times (x 300B)
Class com.google.common.cache.CacheLoader$FunctionToCacheLoader                       : loaded 2 times (x 75B)
Class com.google.common.collect.Iterators$ArrayItr                                    : loaded 2 times (x 97B)
Class com.google.common.collect.ImmutableCollection$Builder                           : loaded 2 times (x 76B)
Class jdk.internal.jrtfs.SystemImage$1                                                : loaded 2 times (x 78B)
Class com.google.common.base.Joiner                                                   : loaded 2 times (x 79B)
Class com.google.common.base.MoreObjects                                              : loaded 2 times (x 71B)
Class jdk.internal.jrtfs.SystemImage$2                                                : loaded 2 times (x 76B)
Class org.jetbrains.kotlin.config.LanguageOrApiVersion                                : loaded 2 times (x 70B)
Class com.google.common.collect.Platform                                              : loaded 2 times (x 71B)
Class [Lorg.objectweb.asm.Type;                                                       : loaded 2 times (x 69B)
Class com.google.common.collect.UnmodifiableIterator                                  : loaded 2 times (x 80B)
Class org.gradle.internal.service.ServiceLocator                                      : loaded 2 times (x 70B)
Class com.google.common.base.Ascii                                                    : loaded 2 times (x 71B)
Class com.google.common.collect.SingletonImmutableBiMap                               : loaded 2 times (x 143B)
Class com.google.common.cache.LocalCache$1                                            : loaded 2 times (x 89B)
Class com.google.common.collect.AbstractMapEntry                                      : loaded 2 times (x 81B)
Class jdk.internal.jrtfs.JrtFileSystemProvider                                        : loaded 2 times (x 101B)
Class com.google.common.collect.Sets$ImprovedAbstractSet                              : loaded 2 times (x 135B)
Class com.google.common.collect.ImmutableList$Builder                                 : loaded 2 times (x 77B)
Class com.google.common.collect.AbstractMultimap                                      : loaded 2 times (x 123B)
Class com.google.common.cache.LocalCache$2                                            : loaded 2 times (x 142B)
Class com.google.common.collect.ImmutableRangeSet$1                                   : loaded 2 times (x 210B)
Class com.google.common.util.concurrent.AbstractFuture$UnsafeAtomicHelper$1           : loaded 2 times (x 76B)
Class com.google.common.collect.RegularImmutableAsList                                : loaded 2 times (x 217B)
Class com.google.common.base.Optional                                                 : loaded 2 times (x 80B)
Class com.google.common.collect.Range                                                 : loaded 2 times (x 87B)
Class com.google.common.util.concurrent.AbstractFuture$Trusted                        : loaded 2 times (x 70B)
Class com.google.common.collect.Iterators                                             : loaded 2 times (x 71B)
Class com.google.common.collect.Lists$StringAsImmutableList                           : loaded 2 times (x 207B)
Class com.google.common.util.concurrent.UncheckedExecutionException                   : loaded 2 times (x 82B)
Class org.gradle.kotlin.dsl.VersionCatalogAccessorsKt                                 : loaded 2 times (x 71B)
Class jdk.internal.jimage.ImageLocation                                               : loaded 2 times (x 90B)
Class jdk.internal.jrtfs.JrtDirectoryStream$1                                         : loaded 2 times (x 83B)
Class org.gradle.internal.InternalTransformer                                         : loaded 2 times (x 70B)
Class com.google.common.collect.AbstractMapBasedMultimap$KeySet$1                     : loaded 2 times (x 82B)
Class org.objectweb.asm.ClassWriter                                                   : loaded 2 times (x 106B)
Class com.google.common.cache.CacheLoader$UnsupportedLoadingOperationException        : loaded 2 times (x 82B)
Class com.google.common.base.CharMatcher$And                                          : loaded 2 times (x 112B)
Class jdk.internal.jimage.ImageBufferCache$1                                          : loaded 2 times (x 83B)
Class org.gradle.internal.classloader.ClasspathUtil$1                                 : loaded 2 times (x 76B)
Class com.google.common.collect.FluentIterable$1                                      : loaded 2 times (x 81B)
Class org.objectweb.asm.FieldVisitor                                                  : loaded 2 times (x 77B)
Class com.google.common.collect.IndexedImmutableSet                                   : loaded 2 times (x 152B)
Class com.google.common.collect.ImmutableMap$1                                        : loaded 2 times (x 81B)
Class com.google.common.collect.BiMap                                                 : loaded 2 times (x 70B)
Class jdk.internal.jimage.ImageBufferCache$2                                          : loaded 2 times (x 91B)
Class org.gradle.api.internal.classpath.DefaultModuleRegistry$DefaultModule           : loaded 2 times (x 86B)
Class com.google.common.base.Absent                                                   : loaded 2 times (x 80B)
Class com.google.common.collect.FluentIterable$2                                      : loaded 2 times (x 81B)
Class com.google.common.primitives.Ints                                               : loaded 2 times (x 71B)
Class com.google.common.collect.AbstractIterator                                      : loaded 2 times (x 82B)
Class com.google.common.collect.FluentIterable$3                                      : loaded 2 times (x 81B)
Class com.google.common.collect.ObjectArrays                                          : loaded 2 times (x 71B)
Class com.google.common.collect.RegularImmutableMap$KeySet                            : loaded 2 times (x 152B)
Class com.google.common.collect.ArrayListMultimapGwtSerializationDependencies         : loaded 2 times (x 172B)
Class com.google.common.collect.AbstractIndexedListIterator                           : loaded 2 times (x 96B)
Class com.google.common.math.MathPreconditions                                        : loaded 2 times (x 71B)
Class com.google.common.collect.ImmutableMapEntrySet                                  : loaded 2 times (x 152B)
Class org.gradle.api.internal.classpath.Module                                        : loaded 2 times (x 70B)
Class com.google.common.cache.Weigher                                                 : loaded 2 times (x 70B)
Class org.gradle.api.internal.classpath.UnknownModuleException                        : loaded 2 times (x 82B)
Class org.jetbrains.kotlin.config.ApiVersion                                          : loaded 2 times (x 86B)
Class com.google.common.base.Stopwatch                                                : loaded 2 times (x 72B)
Class com.google.common.cache.LocalCache$Strength                                     : loaded 2 times (x 81B)
Class com.google.common.cache.Cache                                                   : loaded 2 times (x 70B)
Class jdk.internal.jimage.ImageHeader                                                 : loaded 2 times (x 71B)
Class com.google.common.base.NullnessCasts                                            : loaded 2 times (x 71B)
Class com.google.common.util.concurrent.AbstractFuture$Cancellation                   : loaded 2 times (x 72B)
Class com.google.common.collect.ImmutableMap$Builder                                  : loaded 2 times (x 82B)
Class com.google.common.base.Present                                                  : loaded 2 times (x 81B)
Class com.google.common.cache.RemovalListener                                         : loaded 2 times (x 70B)
Class org.gradle.api.internal.DefaultClassPathRegistry                                : loaded 2 times (x 76B)
Class org.jetbrains.kotlin.cli.common.messages.MessageCollector                       : loaded 2 times (x 70B)
Class com.google.common.primitives.IntsMethodsForWeb                                  : loaded 2 times (x 71B)
Class com.google.common.collect.Multimap                                              : loaded 2 times (x 70B)
Class org.gradle.api.internal.ClassPathRegistry                                       : loaded 2 times (x 70B)
Class org.gradle.internal.classpath.DefaultClassPath$ImmutableUniqueList              : loaded 2 times (x 199B)
Class jdk.internal.jimage.decompressor.ResourceDecompressor                           : loaded 2 times (x 70B)
Class com.google.common.base.Equivalence$Identity                                     : loaded 2 times (x 82B)
Class com.google.common.cache.CacheBuilder                                            : loaded 2 times (x 72B)
Class com.google.common.collect.SingletonImmutableList                                : loaded 2 times (x 207B)
Class Settings_gradle$1                                                               : loaded 2 times (x 74B)
Class org.gradle.internal.classpath.ClassPath                                         : loaded 2 times (x 70B)
Class org.gradle.api.UncheckedIOException                                             : loaded 2 times (x 82B)
Class com.google.common.base.JdkPattern                                               : loaded 2 times (x 75B)
Class com.google.common.collect.ImmutableList$ReverseImmutableList                    : loaded 2 times (x 209B)
Class org.jetbrains.kotlin.cli.common.arguments.Freezable                             : loaded 2 times (x 72B)
Class org.objectweb.asm.SymbolTable$Entry                                             : loaded 2 times (x 74B)
Class com.google.common.util.concurrent.AbstractFuture$AtomicHelper                   : loaded 2 times (x 78B)
Class org.objectweb.asm.Edge                                                          : loaded 2 times (x 72B)
Class com.google.common.base.Suppliers$SupplierOfInstance                             : loaded 2 times (x 79B)
Class com.google.common.collect.Iterators$1                                           : loaded 2 times (x 81B)
Class jdk.internal.jimage.ImageStringsReader                                          : loaded 2 times (x 80B)
Class com.google.common.cache.LocalCache$ComputingValueReference                      : loaded 2 times (x 96B)
Class com.google.common.collect.SingletonImmutableSet                                 : loaded 2 times (x 146B)
Class com.google.common.collect.ImmutableMap$IteratorBasedImmutableMap                : loaded 2 times (x 126B)
Class com.google.common.cache.LocalCache$Segment                                      : loaded 2 times (x 154B)
Class jdk.internal.jimage.ImageReader                                                 : loaded 2 times (x 75B)
Class ijKotlinCoroutineJvmDebugInit1_dofq3drr9aihm4earzh7ldbbw                        : loaded 2 times (x 179B)
Class com.google.common.collect.SortedIterable                                        : loaded 2 times (x 70B)
Class org.jetbrains.kotlin.utils.DescriptionAware                                     : loaded 2 times (x 70B)
Class com.google.common.collect.AbstractListMultimap                                  : loaded 2 times (x 172B)
Class [Lorg.objectweb.asm.SymbolTable$Entry;                                          : loaded 2 times (x 69B)
Class com.google.common.cache.CacheLoader                                             : loaded 2 times (x 74B)
Class com.google.common.collect.Iterators$4                                           : loaded 2 times (x 82B)
Class com.google.common.collect.ImmutableBiMap                                        : loaded 2 times (x 143B)
Class jdk.internal.jimage.ImageReader$SharedImageReader                               : loaded 2 times (x 95B)
Class org.gradle.internal.installation.GradleInstallation$1                           : loaded 2 times (x 75B)
Class org.gradle.api.internal.classpath.ModuleRegistry                                : loaded 2 times (x 70B)
Class com.google.common.base.Splitter$SplittingIterator                               : loaded 2 times (x 84B)
Class com.google.common.util.concurrent.internal.InternalFutureFailureAccess          : loaded 2 times (x 72B)
Class com.google.common.collect.Iterators$5                                           : loaded 2 times (x 82B)
Class com.google.common.collect.ImmutableSet$JdkBackedSetBuilderImpl                  : loaded 2 times (x 76B)
Class jdk.internal.jimage.decompressor.ResourceDecompressorFactory                    : loaded 2 times (x 74B)
Class com.google.common.util.concurrent.AbstractFuture$UnsafeAtomicHelper             : loaded 2 times (x 78B)
Class com.google.common.cache.LocalCache$LocalManualCache$1                           : loaded 2 times (x 75B)
Class com.google.common.base.CharMatcher$ForPredicate                                 : loaded 2 times (x 112B)
Class com.google.common.base.CharMatcher$AnyOf                                        : loaded 2 times (x 112B)
Class com.google.common.collect.ImmutableCollection                                   : loaded 2 times (x 125B)
Class jdk.internal.jimage.ImageReader$Node                                            : loaded 2 times (x 84B)
Class org.gradle.api.internal.classpath.DefaultModuleRegistry                         : loaded 2 times (x 86B)
Class com.google.common.collect.Lists                                                 : loaded 2 times (x 71B)
Class com.google.common.util.concurrent.ListenableFuture                              : loaded 2 times (x 70B)
Class com.google.common.cache.ReferenceEntry                                          : loaded 2 times (x 70B)
Class com.google.common.base.Converter                                                : loaded 2 times (x 90B)
Class com.google.common.collect.ImmutableSet$CachingAsList                            : loaded 2 times (x 148B)
Class jdk.internal.jimage.BasicImageReader$1                                          : loaded 2 times (x 77B)
Class com.google.common.collect.AbstractMapBasedMultimap                              : loaded 2 times (x 139B)
Class com.google.common.util.concurrent.AbstractFuture                                : loaded 2 times (x 106B)
Class com.google.common.base.FunctionalEquivalence                                    : loaded 2 times (x 83B)
Class com.google.common.collect.Iterators$9                                           : loaded 2 times (x 81B)
Class com.google.common.collect.ImmutableAsList                                       : loaded 2 times (x 209B)
Class org.objectweb.asm.RecordComponentVisitor                                        : loaded 2 times (x 77B)
Class com.google.common.cache.CacheLoader$SupplierToCacheLoader                       : loaded 2 times (x 75B)
Class org.jetbrains.kotlin.cli.common.CompilerSystemProperties$value$1                : loaded 2 times (x 125B)
Class com.google.common.collect.Maps$EntryTransformer                                 : loaded 2 times (x 70B)
Class jdk.internal.jimage.decompressor.Decompressor                                   : loaded 2 times (x 72B)
Class jdk.internal.jimage.ImageReader$Resource                                        : loaded 2 times (x 84B)
Class org.gradle.internal.service.ServiceLookupException                              : loaded 2 times (x 82B)
Class com.google.common.collect.ImmutableSortedSet                                    : loaded 2 times (x 300B)
Class [Lcom.google.common.cache.LocalCache$EntryFactory;                              : loaded 2 times (x 69B)
Class jdk.internal.jrtfs.JrtFileAttributes                                            : loaded 2 times (x 83B)
Class org.gradle.internal.classloader.ClassLoaderFactory                              : loaded 2 times (x 70B)
Class com.google.common.base.CommonPattern                                            : loaded 2 times (x 74B)
Class com.google.common.cache.LocalCache$LocalManualCache                             : loaded 2 times (x 99B)
Class com.google.common.base.CharMatcher$IsNot                                        : loaded 2 times (x 111B)
Class org.gradle.internal.service.CachingServiceLocator                               : loaded 2 times (x 82B)
Class com.google.common.collect.RegularImmutableSortedSet                             : loaded 2 times (x 300B)
Class com.google.common.collect.AbstractMapBasedMultimap$KeySet                       : loaded 2 times (x 137B)
Class com.google.common.math.IntMath                                                  : loaded 2 times (x 71B)
Class com.google.common.collect.ImmutableMapEntry                                     : loaded 2 times (x 85B)
Class com.google.common.base.Equivalence                                              : loaded 2 times (x 82B)
Class com.google.common.base.Function                                                 : loaded 2 times (x 70B)
Class com.google.common.collect.ImmutableMapEntry$NonTerminalImmutableMapEntry        : loaded 2 times (x 85B)
Class [Lorg.jetbrains.kotlin.cli.common.CompilerSystemProperties;                     : loaded 2 times (x 69B)
Class com.google.common.cache.CacheBuilder$OneWeigher                                 : loaded 2 times (x 82B)
Class com.google.common.collect.RegularImmutableList                                  : loaded 2 times (x 213B)
Class jdk.internal.jimage.ImageBufferCache                                            : loaded 2 times (x 71B)
Class jdk.internal.jrtfs.JrtPath                                                      : loaded 2 times (x 118B)
Class org.gradle.internal.classloader.ClasspathUtil                                   : loaded 2 times (x 71B)
Class com.google.common.base.Charsets                                                 : loaded 2 times (x 71B)
Class com.google.common.util.concurrent.Uninterruptibles                              : loaded 2 times (x 71B)
Class com.google.common.collect.Maps                                                  : loaded 2 times (x 71B)
Class org.gradle.api.specs.Spec                                                       : loaded 2 times (x 70B)
Class [Lcom.google.common.collect.ImmutableEntry;                                     : loaded 2 times (x 69B)
Class jdk.internal.jimage.ImageReader$SharedImageReader$LocationVisitor               : loaded 2 times (x 70B)
Class com.google.common.cache.LocalCache$LoadingValueReference                        : loaded 2 times (x 96B)
Class com.google.common.collect.Multiset                                              : loaded 2 times (x 70B)
Class com.google.common.base.Platform                                                 : loaded 2 times (x 71B)
Class jdk.internal.jimage.decompressor.ResourceDecompressorRepository                 : loaded 2 times (x 71B)
Class [Lorg.objectweb.asm.AnnotationWriter;                                           : loaded 2 times (x 69B)
Class com.google.common.collect.Maps$8                                                : loaded 2 times (x 82B)
Class jdk.internal.jimage.ImageReader$Directory                                       : loaded 2 times (x 84B)
Class com.google.common.collect.ImmutableRangeSet$Builder                             : loaded 2 times (x 77B)
Class com.google.common.collect.Sets$SetView                                          : loaded 2 times (x 138B)
Class com.google.common.cache.LocalCache$StrongValueReference                         : loaded 2 times (x 90B)
Class com.google.common.util.concurrent.AbstractFuture$SynchronizedHelper             : loaded 2 times (x 78B)
Class org.objectweb.asm.Type                                                          : loaded 2 times (x 72B)
Class org.gradle.internal.classloader.VisitableURLClassLoader$InstrumentingVisitableURLClassLoader: loaded 2 times (x 123B)
Class org.objectweb.asm.ByteVector                                                    : loaded 2 times (x 79B)
Class [Lcom.google.common.cache.CacheBuilder$NullListener;                            : loaded 2 times (x 69B)
Class com.google.common.math.IntMath$1                                                : loaded 2 times (x 71B)
Class org.gradle.internal.classloader.VisitableURLClassLoader$Spec                    : loaded 2 times (x 74B)
Class org.gradle.internal.classpath.DefaultClassPath                                  : loaded 2 times (x 90B)
Class com.google.common.base.AbstractIterator                                         : loaded 2 times (x 80B)
Class org.objectweb.asm.Symbol                                                        : loaded 2 times (x 73B)
Class jdk.internal.jimage.decompressor.ZipDecompressorFactory                         : loaded 2 times (x 74B)
Class com.google.common.io.Closer                                                     : loaded 2 times (x 78B)
Class com.google.common.base.CharMatcher$Ascii                                        : loaded 2 times (x 112B)
Class com.google.common.base.CharMatcher$BitSetMatcher                                : loaded 2 times (x 112B)
Class com.google.common.collect.RegularImmutableMap$Values                            : loaded 2 times (x 207B)
Class com.google.common.collect.ImmutableSet                                          : loaded 2 times (x 145B)
Class org.gradle.internal.classloader.ClassLoaderSpec                                 : loaded 2 times (x 71B)
Class org.objectweb.asm.AnnotationWriter                                              : loaded 2 times (x 79B)
Class com.google.common.cache.CacheStats                                              : loaded 2 times (x 71B)
Class com.google.common.io.Closer$Suppressor                                          : loaded 2 times (x 70B)
Class org.objectweb.asm.RecordComponentWriter                                         : loaded 2 times (x 78B)
Class com.google.common.util.concurrent.AbstractFuture$Listener                       : loaded 2 times (x 72B)
Class com.google.common.base.CharMatcher$Or                                           : loaded 2 times (x 112B)
Class Settings_gradle$1$1                                                             : loaded 2 times (x 74B)
Class org.objectweb.asm.Attribute                                                     : loaded 2 times (x 77B)
Class com.google.common.base.Supplier                                                 : loaded 2 times (x 70B)
Class ijKotlinCoroutineJvmDebugInit1_dofq3drr9aihm4earzh7ldbbw$_run_closure1          : loaded 2 times (x 139B)
Class org.gradle.internal.classloader.VisitableURLClassLoader                         : loaded 2 times (x 117B)
Class com.google.common.collect.ImmutableList$SerializedForm                          : loaded 2 times (x 73B)
Class com.google.common.util.concurrent.AbstractFuture$Waiter                         : loaded 2 times (x 72B)
Class Settings_gradle                                                                 : loaded 2 times (x 128B)
Class org.gradle.internal.Cast                                                        : loaded 2 times (x 71B)
Class org.gradle.api.Action                                                           : loaded 2 times (x 70B)
Class com.google.common.base.Strings                                                  : loaded 2 times (x 71B)
Class com.google.common.collect.Sets                                                  : loaded 2 times (x 71B)
Class org.objectweb.asm.Handler                                                       : loaded 2 times (x 72B)
Class com.google.common.base.Ticker                                                   : loaded 2 times (x 72B)
Class com.google.common.base.CharMatcher$FastMatcher                                  : loaded 2 times (x 111B)
Class jdk.internal.jimage.decompressor.ZipDecompressor                                : loaded 2 times (x 75B)
Class [Lcom.google.common.cache.LocalCache$Segment;                                   : loaded 2 times (x 69B)
Class [Lcom.google.common.cache.LocalCache$Strength;                                  : loaded 2 times (x 69B)
Class com.google.common.cache.CacheBuilder$1                                          : loaded 2 times (x 85B)
Class com.google.common.base.Predicate                                                : loaded 2 times (x 70B)
Class com.google.common.collect.ImmutableMap                                          : loaded 2 times (x 120B)
Class org.gradle.internal.classpath.DefaultClassPath$ImmutableUniqueList$Builder      : loaded 2 times (x 75B)
Class com.google.common.collect.AbstractRangeSet                                      : loaded 2 times (x 114B)
Class com.google.common.cache.LocalCache                                              : loaded 2 times (x 187B)
Class com.google.common.cache.CacheBuilder$2                                          : loaded 2 times (x 79B)
Class com.google.common.base.CharMatcher$NegatedFastMatcher                           : loaded 2 times (x 113B)
Class org.jetbrains.kotlin.config.LanguageVersion                                     : loaded 2 times (x 91B)
Class org.jetbrains.kotlin.cli.common.arguments.K2JVMCompilerArguments                : loaded 2 times (x 81B)
Class com.google.common.collect.ArrayListMultimap                                     : loaded 2 times (x 172B)
Class com.google.common.cache.CacheBuilder$3                                          : loaded 2 times (x 72B)
Class [Lcom.google.common.collect.AbstractMapEntry;                                   : loaded 2 times (x 69B)
Class com.google.common.collect.ImmutableEntry                                        : loaded 2 times (x 82B)
Class org.gradle.api.GradleException                                                  : loaded 2 times (x 82B)
Class com.google.common.collect.CollectPreconditions                                  : loaded 2 times (x 71B)
Class jdk.internal.jimage.ImageStrings                                                : loaded 2 times (x 70B)
Class com.google.common.collect.SortedMapDifference                                   : loaded 2 times (x 70B)
Class com.google.common.collect.Iterables$4                                           : loaded 2 times (x 81B)
Class org.jetbrains.kotlin.cli.common.arguments.CommonCompilerArguments               : loaded 2 times (x 80B)
Class com.google.common.cache.LocalCache$EntryFactory                                 : loaded 2 times (x 83B)
Class com.google.common.base.CharMatcher$Whitespace                                   : loaded 2 times (x 112B)
Class com.google.common.base.Splitter$1$1                                             : loaded 2 times (x 86B)
Class com.google.common.cache.LocalCache$AbstractReferenceEntry                       : loaded 2 times (x 107B)
Class ijJvmDebugger1_9x3erf11sbp6hr81ma3cxq5r2$_run_closure1$_closure2                : loaded 2 times (x 140B)
Class org.gradle.internal.IoActions                                                   : loaded 2 times (x 71B)
Class com.google.common.collect.ImmutableRangeSet$ComplementRanges                    : loaded 2 times (x 207B)
Class org.objectweb.asm.SymbolTable                                                   : loaded 2 times (x 72B)
Class com.google.common.cache.CacheLoader$InvalidCacheLoadException                   : loaded 2 times (x 82B)
Class com.google.common.collect.ImmutableSet$RegularSetBuilderImpl                    : loaded 2 times (x 77B)
Class ijJvmDebugger1_9x3erf11sbp6hr81ma3cxq5r2                                        : loaded 2 times (x 179B)
Class org.gradle.internal.classloader.SystemClassLoaderSpec                           : loaded 2 times (x 71B)
Class com.google.common.collect.FluentIterable                                        : loaded 2 times (x 81B)
Class com.google.common.cache.LocalCache$StrongEntry                                  : loaded 2 times (x 108B)
Class com.google.common.util.concurrent.AbstractFuture$TrustedFuture                  : loaded 2 times (x 114B)
Class com.google.common.cache.LoadingCache                                            : loaded 2 times (x 70B)
Class org.objectweb.asm.MethodWriter                                                  : loaded 2 times (x 106B)
Class [Lcom.google.common.cache.Weigher;                                              : loaded 2 times (x 69B)
Class com.google.common.collect.RegularImmutableMap$BucketOverflowException           : loaded 2 times (x 82B)
Class jdk.internal.jrtfs.JrtFileSystem                                                : loaded 2 times (x 102B)
Class org.jetbrains.kotlin.cli.common.CompilerSystemProperties$Companion              : loaded 2 times (x 71B)
Class jdk.internal.jimage.decompressor.CompressedResourceHeader                       : loaded 2 times (x 71B)
Class com.google.common.collect.AbstractIterator$State                                : loaded 2 times (x 79B)
Class com.google.common.collect.RegularImmutableBiMap                                 : loaded 2 times (x 149B)
Class com.google.common.cache.LocalCache$ValueReference                               : loaded 2 times (x 70B)
Class com.google.common.base.CharMatcher$Negated                                      : loaded 2 times (x 113B)
Class com.google.common.base.CharMatcher$Is                                           : loaded 2 times (x 111B)
Class org.jetbrains.kotlin.cli.common.arguments.CommonToolArguments                   : loaded 2 times (x 73B)
Class com.google.common.base.PatternCompiler                                          : loaded 2 times (x 70B)
Class com.google.common.util.concurrent.AbstractFuture$Failure                        : loaded 2 times (x 72B)
Class com.google.common.base.Equivalence$Equals                                       : loaded 2 times (x 82B)
Class com.google.common.collect.Hashing                                               : loaded 2 times (x 71B)
Class com.google.common.base.Preconditions                                            : loaded 2 times (x 71B)
Class ijJvmDebugger1_9x3erf11sbp6hr81ma3cxq5r2$_run_closure1                          : loaded 2 times (x 139B)
Class com.google.common.base.Joiner$1                                                 : loaded 2 times (x 80B)
Class org.objectweb.asm.Label                                                         : loaded 2 times (x 73B)
Class org.objectweb.asm.CurrentFrame                                                  : loaded 2 times (x 73B)
Class org.objectweb.asm.ClassTooLargeException                                        : loaded 2 times (x 83B)
Class com.google.common.base.CharMatcher                                              : loaded 2 times (x 111B)
Class com.google.common.collect.PeekingIterator                                       : loaded 2 times (x 70B)
Class com.google.common.collect.RangeGwtSerializationDependencies                     : loaded 2 times (x 71B)
Class com.google.common.base.Joiner$2                                                 : loaded 2 times (x 79B)
Class org.objectweb.asm.Frame                                                         : loaded 2 times (x 73B)
Class org.objectweb.asm.MethodVisitor                                                 : loaded 2 times (x 105B)
Class com.google.common.cache.LocalCache$EntryFactory$1                               : loaded 2 times (x 83B)
Class [Lcom.google.common.cache.RemovalListener;                                      : loaded 2 times (x 69B)
Class com.google.common.base.CharMatcher$1                                            : loaded 2 times (x 113B)
Class com.google.common.base.CharMatcher$NamedFastMatcher                             : loaded 2 times (x 112B)
Class com.google.common.collect.RangeSet                                              : loaded 2 times (x 70B)
Class com.google.common.cache.LocalCache$EntryFactory$2                               : loaded 2 times (x 83B)
Class ijKotlinCoroutineJvmDebugInit1_dofq3drr9aihm4earzh7ldbbw$_run_closure1$_closure2: loaded 2 times (x 139B)
Class org.gradle.api.internal.classpath.GlobalCacheRootsProvider                      : loaded 2 times (x 70B)
Class com.google.common.collect.CollectCollectors                                     : loaded 2 times (x 71B)
Class org.objectweb.asm.ModuleWriter                                                  : loaded 2 times (x 82B)
Class com.google.common.cache.LocalCache$EntryFactory$3                               : loaded 2 times (x 83B)
Class com.google.common.base.Ticker$1                                                 : loaded 2 times (x 72B)
Class com.google.common.collect.Maps$BiMapConverter                                   : loaded 2 times (x 90B)
Class com.google.common.collect.ImmutableMapEntrySet$RegularEntrySet                  : loaded 2 times (x 152B)
Class com.google.common.cache.LocalCache$EntryFactory$4                               : loaded 2 times (x 83B)
Class com.google.common.base.CharMatcher$InRange                                      : loaded 2 times (x 111B)
Class com.google.common.collect.ImmutableSet$Builder                                  : loaded 2 times (x 85B)
Class com.google.common.cache.LocalCache$EntryFactory$5                               : loaded 2 times (x 83B)
Class com.google.common.base.PairwiseEquivalence                                      : loaded 2 times (x 83B)
Class com.google.common.cache.LocalCache$EntryFactory$6                               : loaded 2 times (x 83B)
Class org.gradle.internal.installation.CurrentGradleInstallationLocator               : loaded 2 times (x 71B)
Class com.google.common.collect.Maps$KeySet                                           : loaded 2 times (x 137B)
Class com.google.common.cache.LocalCache$EntryFactory$7                               : loaded 2 times (x 83B)
Class com.google.common.collect.ImmutableSet$EmptySetBuilderImpl                      : loaded 2 times (x 76B)
Class com.google.common.collect.ImmutableList                                         : loaded 2 times (x 206B)
Class org.gradle.internal.service.DefaultServiceLocator                               : loaded 2 times (x 83B)
Class org.jetbrains.kotlin.util.capitalizeDecapitalize.CapitalizeDecapitalizeKt       : loaded 2 times (x 71B)
Class com.google.common.cache.LocalCache$EntryFactory$8                               : loaded 2 times (x 83B)
Class com.google.common.collect.ImmutableSet$SetBuilderImpl                           : loaded 2 times (x 76B)
Class jdk.internal.jrtfs.JrtDirectoryStream                                           : loaded 2 times (x 89B)
Class org.gradle.internal.installation.CurrentGradleInstallation                      : loaded 2 times (x 73B)
Class com.google.common.cache.CacheLoader$1                                           : loaded 2 times (x 75B)
Class com.google.common.collect.ForwardingObject                                      : loaded 2 times (x 72B)
Class com.google.common.collect.ImmutableList$SubList                                 : loaded 2 times (x 209B)
Class org.gradle.util.internal.GUtil                                                  : loaded 2 times (x 71B)
Class com.google.common.util.concurrent.AbstractFuture$SetFuture                      : loaded 2 times (x 75B)
Class com.google.common.cache.AbstractCache$StatsCounter                              : loaded 2 times (x 70B)
Class com.google.common.collect.Iterators$MergingIterator                             : loaded 2 times (x 81B)
Class com.google.common.collect.RegularImmutableSet                                   : loaded 2 times (x 149B)
Class org.gradle.internal.installation.GradleInstallation                             : loaded 2 times (x 75B)
Class com.google.common.base.Splitter$Strategy                                        : loaded 2 times (x 70B)
Class com.google.common.collect.Iterables                                             : loaded 2 times (x 71B)
Class jdk.internal.jimage.decompressor.ResourceDecompressor$StringsProvider           : loaded 2 times (x 70B)

---------------  S Y S T E M  ---------------

OS:
 Windows 11 , 64 bit Build 26100 (10.0.26100.7920)
OS uptime: 0 days 1:38 hours

CPU: total 12 (initial active 12) (6 cores per cpu, 2 threads per core) family 6 model 186 stepping 3 microcode 0x410e, cx8, cmov, fxsr, ht, mmx, 3dnowpref, sse, sse2, sse3, ssse3, sse4.1, sse4.2, popcnt, lzcnt, tsc, tscinvbit, avx, avx2, aes, erms, clmul, bmi1, bmi2, adx, sha, fma, vzeroupper, clflush, clflushopt, clwb, serialize, rdtscp, rdpid, fsrm, f16c, pku, cet_ibt, cet_ss
Processor Information for processor 0
  Max Mhz: 1300, Current Mhz: 1300, Mhz Limit: 1300
Processor Information for processor 1
  Max Mhz: 1300, Current Mhz: 1300, Mhz Limit: 1300
Processor Information for processor 2
  Max Mhz: 1300, Current Mhz: 1300, Mhz Limit: 1300
Processor Information for processor 3
  Max Mhz: 1300, Current Mhz: 1300, Mhz Limit: 1300
Processor Information for processor 4
  Max Mhz: 1300, Current Mhz: 900, Mhz Limit: 897
Processor Information for processor 5
  Max Mhz: 1300, Current Mhz: 900, Mhz Limit: 897
Processor Information for processor 6
  Max Mhz: 1300, Current Mhz: 900, Mhz Limit: 897
Processor Information for processor 7
  Max Mhz: 1300, Current Mhz: 900, Mhz Limit: 897
Processor Information for processor 8
  Max Mhz: 1300, Current Mhz: 900, Mhz Limit: 897
Processor Information for processor 9
  Max Mhz: 1300, Current Mhz: 900, Mhz Limit: 897
Processor Information for processor 10
  Max Mhz: 1300, Current Mhz: 900, Mhz Limit: 897
Processor Information for processor 11
  Max Mhz: 1300, Current Mhz: 900, Mhz Limit: 897

Memory: 4k page, system-wide physical 11913M (1124M free)
TotalPageFile size 16009M (AvailPageFile size 87M)
current process WorkingSet (physical memory assigned to process): 832M, peak: 832M
current process commit charge ("private bytes"): 936M, peak: 1017M

vm_info: OpenJDK 64-Bit Server VM (21.0.9+-14787801-b1163.94) for windows-amd64 JRE (21.0.9+-14787801-b1163.94), built on 2026-01-27T21:15:44Z by "builder" with MS VC++ 16.10 / 16.11 (VS2019)

END.
