#
# There is insufficient memory for the Java Runtime Environment to continue.
# Native memory allocation (malloc) failed to allocate 2389296 bytes. Error detail: Chunk::new
# Possible reasons:
#   The system is out of physical RAM or swap space
#   This process is running with CompressedOops enabled, and the Java Heap may be blocking the growth of the native heap
# Possible solutions:
#   Reduce memory load on the system
#   Increase physical memory or swap space
#   Check if swap backing store is full
#   Decrease Java heap size (-Xmx/-Xms)
#   Decrease number of Java threads
#   Decrease Java thread stack sizes (-Xss)
#   Set larger code cache with -XX:ReservedCodeCacheSize=
#   JVM is running with Unscaled Compressed Oops mode in which the Java heap is
#     placed in the first 4GB address space. The Java Heap base address is the
#     maximum limit for the native heap growth. Please use -XX:HeapBaseMinAddress
#     to set the Java Heap base and to place the Java Heap above 4GB virtual address.
# This output file may be truncated or incomplete.
#
#  Out of Memory Error (arena.cpp:168), pid=24472, tid=24616
#
# JRE version: OpenJDK Runtime Environment (21.0.9) (build 21.0.9+-14787801-b1163.94)
# Java VM: OpenJDK 64-Bit Server VM (21.0.9+-14787801-b1163.94, mixed mode, tiered, compressed oops, compressed class ptrs, g1 gc, windows-amd64)
# No core dump will be written. Minidumps are not enabled by default on client versions of Windows
#

---------------  S U M M A R Y ------------

Command Line: --add-opens=java.base/java.lang=ALL-UNNAMED --add-opens=java.base/java.lang.invoke=ALL-UNNAMED --add-opens=java.base/java.util=ALL-UNNAMED --add-opens=java.prefs/java.util.prefs=ALL-UNNAMED --add-exports=jdk.compiler/com.sun.tools.javac.api=ALL-UNNAMED --add-exports=jdk.compiler/com.sun.tools.javac.util=ALL-UNNAMED --add-opens=java.base/java.util=ALL-UNNAMED --add-opens=java.prefs/java.util.prefs=ALL-UNNAMED --add-opens=java.base/java.nio.charset=ALL-UNNAMED --add-opens=java.base/java.net=ALL-UNNAMED --add-opens=java.base/java.util.concurrent.atomic=ALL-UNNAMED --add-opens=java.xml/javax.xml.namespace=ALL-UNNAMED -XX:MaxMetaspaceSize=256m -Xmx1536m -Dfile.encoding=UTF-8 -Duser.country=RU -Duser.language=ru -Duser.variant -javaagent:C:\Users\User\.gradle\wrapper\dists\gradle-8.13-bin\5xuhj0ry160q40clulazy9h7d\gradle-8.13\lib\agents\gradle-instrumentation-agent-8.13.jar org.gradle.launcher.daemon.bootstrap.GradleDaemon 8.13

Host: 13th Gen Intel(R) Core(TM) i5-1335U, 12 cores, 11G,  Windows 11 , 64 bit Build 26100 (10.0.26100.8328)
Time: Fri May 22 15:25:54 2026 elapsed time: 15.203409 seconds (0d 0h 0m 15s)

---------------  T H R E A D  ---------------

Current thread (0x00000218a612df80):  JavaThread "C2 CompilerThread0" daemon [_thread_in_native, id=24616, stack(0x000000bf57400000,0x000000bf57500000) (1024K)]


Current CompileTask:
C2:15203 13414       4       org.gradle.internal.instantiation.generator.AbstractClassGenerator::inspectType (602 bytes)

Stack: [0x000000bf57400000,0x000000bf57500000]
Native frames: (J=compiled Java code, j=interpreted, Vv=VM code, C=native code)
V  [jvm.dll+0x6d6c99]
V  [jvm.dll+0x866b83]
V  [jvm.dll+0x8691ae]
V  [jvm.dll+0x869893]
V  [jvm.dll+0x280776]
V  [jvm.dll+0xc07cd]
V  [jvm.dll+0xc0d03]
V  [jvm.dll+0x3b9831]
V  [jvm.dll+0x3856a7]
V  [jvm.dll+0x384b1a]
V  [jvm.dll+0x249462]
V  [jvm.dll+0x248a31]
V  [jvm.dll+0x1c7344]
V  [jvm.dll+0x2581ae]
V  [jvm.dll+0x2566f6]
V  [jvm.dll+0x3f48a6]
V  [jvm.dll+0x80f118]
V  [jvm.dll+0x6d54ed]
C  [ucrtbase.dll+0x37b0]
C  [KERNEL32.DLL+0x2e957]
C  [ntdll.dll+0x427c]


---------------  P R O C E S S  ---------------

Threads class SMR info:
_java_thread_list=0x00000218ac79e220, length=120, elements={
0x000002188aa9a7f0, 0x00000218a60e03e0, 0x00000218a60f3380, 0x00000218a60f3de0,
0x00000218a60f66a0, 0x00000218a60f8190, 0x00000218a6114dd0, 0x00000218a60f5c40,
0x00000218a612df80, 0x00000218a612e630, 0x00000218a63f6d80, 0x00000218a8aab120,
0x00000218a68b66c0, 0x00000218a77f4360, 0x00000218a77f37e0, 0x00000218a8553000,
0x00000218a75c8680, 0x00000218a85527c0, 0x00000218a8d8e190, 0x00000218a8d8e820,
0x00000218a8d8cde0, 0x00000218a8d8eeb0, 0x00000218a8d8d470, 0x00000218a8d8c750,
0x00000218a8d8db00, 0x00000218a8d8c0c0, 0x00000218a9a2f780, 0x00000218a9a2f0f0,
0x00000218a9a2d020, 0x00000218a9a2dd40, 0x00000218a9a2d6b0, 0x00000218a9a311c0,
0x00000218a9a2fe10, 0x00000218a9a30b30, 0x00000218a9a31850, 0x00000218a9a2ea60,
0x00000218a9a32570, 0x00000218a9a33920, 0x00000218a9a32c00, 0x00000218a9a33290,
0x00000218a9a33fb0, 0x00000218a9a34640, 0x00000218aaf1a7f0, 0x00000218aaf1b510,
0x00000218aaf18720, 0x00000218aaf1a160, 0x00000218aaf19440, 0x00000218aaf19ad0,
0x00000218aaf1ae80, 0x00000218aaf18090, 0x00000218aaf1bba0, 0x00000218aaf1c230,
0x00000218aaf18db0, 0x00000218aaf1cf50, 0x00000218aaf1d5e0, 0x00000218aaf1c8c0,
0x00000218aaf1f6b0, 0x00000218aaf1dc70, 0x00000218aaf1e300, 0x00000218aaf1f020,
0x00000218aaf6f120, 0x00000218aaf70b60, 0x00000218aaf6d6e0, 0x00000218aaf6e400,
0x00000218aaf6f7b0, 0x00000218aaf6fe40, 0x00000218aaf704d0, 0x00000218aaf6ea90,
0x00000218aaf711f0, 0x00000218aaf6dd70, 0x00000218aaf732c0, 0x00000218aaf73950,
0x00000218aaf73fe0, 0x00000218ab84d4a0, 0x00000218ab84fc00, 0x00000218ab84e850,
0x00000218ab84eee0, 0x00000218ab84db30, 0x00000218ab84c780, 0x00000218ab84e1c0,
0x00000218ab84f570, 0x00000218ab850290, 0x00000218ab84ce10, 0x00000218ab850920,
0x00000218ab850fb0, 0x00000218ab851640, 0x00000218ab851cd0, 0x00000218ab853080,
0x00000218ab852360, 0x00000218ab853710, 0x00000218ab853da0, 0x00000218ab8529f0,
0x00000218aa52d710, 0x00000218aa52f7e0, 0x00000218aa531220, 0x00000218aa52fe70,
0x00000218aa5318b0, 0x00000218aa52e430, 0x00000218aa531f40, 0x00000218aa534010,
0x00000218aa533980, 0x00000218aa5325d0, 0x00000218aa5346a0, 0x00000218ab4b7480,
0x00000218ab5e2170, 0x00000218ab4b4000, 0x00000218aa52d080, 0x00000218ab4b8ec0,
0x00000218ab4b9550, 0x00000218ab4b7b10, 0x00000218ab4b8830, 0x00000218ab4b60d0,
0x00000218ab4ba900, 0x00000218ab4b9be0, 0x00000218ab4baf90, 0x00000218ab4bb620,
0x00000218ac296e70, 0x00000218ac296150, 0x00000218ac294080, 0x00000218ac2939f0
}

Java Threads: ( => current thread )
  0x000002188aa9a7f0 JavaThread "main"                              [_thread_blocked, id=22656, stack(0x000000bf56500000,0x000000bf56600000) (1024K)]
  0x00000218a60e03e0 JavaThread "Common-Cleaner"             daemon [_thread_blocked, id=21688, stack(0x000000bf56d00000,0x000000bf56e00000) (1024K)]
  0x00000218a60f3380 JavaThread "Reference Handler"          daemon [_thread_blocked, id=24672, stack(0x000000bf56e00000,0x000000bf56f00000) (1024K)]
  0x00000218a60f3de0 JavaThread "Finalizer"                  daemon [_thread_blocked, id=2204, stack(0x000000bf56f00000,0x000000bf57000000) (1024K)]
  0x00000218a60f66a0 JavaThread "Signal Dispatcher"          daemon [_thread_blocked, id=16900, stack(0x000000bf57000000,0x000000bf57100000) (1024K)]
  0x00000218a60f8190 JavaThread "Attach Listener"            daemon [_thread_blocked, id=21280, stack(0x000000bf57100000,0x000000bf57200000) (1024K)]
  0x00000218a6114dd0 JavaThread "Service Thread"             daemon [_thread_blocked, id=23256, stack(0x000000bf57200000,0x000000bf57300000) (1024K)]
  0x00000218a60f5c40 JavaThread "Monitor Deflation Thread"   daemon [_thread_blocked, id=21516, stack(0x000000bf57300000,0x000000bf57400000) (1024K)]
=>0x00000218a612df80 JavaThread "C2 CompilerThread0"         daemon [_thread_in_native, id=24616, stack(0x000000bf57400000,0x000000bf57500000) (1024K)]
  0x00000218a612e630 JavaThread "C1 CompilerThread0"         daemon [_thread_blocked, id=14296, stack(0x000000bf57500000,0x000000bf57600000) (1024K)]
  0x00000218a63f6d80 JavaThread "Notification Thread"        daemon [_thread_blocked, id=14928, stack(0x000000bf57600000,0x000000bf57700000) (1024K)]
  0x00000218a8aab120 JavaThread "Daemon health stats"               [_thread_blocked, id=23136, stack(0x000000bf57e00000,0x000000bf57f00000) (1024K)]
  0x00000218a68b66c0 JavaThread "Incoming local TCP Connector on port 58655"        [_thread_in_native, id=21548, stack(0x000000bf57800000,0x000000bf57900000) (1024K)]
  0x00000218a77f4360 JavaThread "Daemon periodic checks"            [_thread_blocked, id=21400, stack(0x000000bf57f00000,0x000000bf58000000) (1024K)]
  0x00000218a77f37e0 JavaThread "Daemon"                            [_thread_blocked, id=22676, stack(0x000000bf58000000,0x000000bf58100000) (1024K)]
  0x00000218a8553000 JavaThread "Handler for socket connection from /127.0.0.1:58655 to /127.0.0.1:58656"        [_thread_in_native, id=25268, stack(0x000000bf58100000,0x000000bf58200000) (1024K)]
  0x00000218a75c8680 JavaThread "Cancel handler"                    [_thread_blocked, id=21048, stack(0x000000bf58200000,0x000000bf58300000) (1024K)]
  0x00000218a85527c0 JavaThread "Daemon worker"                     [_thread_blocked, id=19732, stack(0x000000bf58300000,0x000000bf58400000) (1024K)]
  0x00000218a8d8e190 JavaThread "Asynchronous log dispatcher for DefaultDaemonConnection: socket connection from /127.0.0.1:58655 to /127.0.0.1:58656"        [_thread_blocked, id=19724, stack(0x000000bf58400000,0x000000bf58500000) (1024K)]
  0x00000218a8d8e820 JavaThread "Stdin handler"                     [_thread_blocked, id=25764, stack(0x000000bf58500000,0x000000bf58600000) (1024K)]
  0x00000218a8d8cde0 JavaThread "Daemon client event forwarder"        [_thread_blocked, id=25808, stack(0x000000bf58600000,0x000000bf58700000) (1024K)]
  0x00000218a8d8eeb0 JavaThread "Cache worker for journal cache (C:\Users\User\.gradle\caches\journal-1)"        [_thread_blocked, id=16428, stack(0x000000bf58d00000,0x000000bf58e00000) (1024K)]
  0x00000218a8d8d470 JavaThread "File lock request listener"        [_thread_in_native, id=8372, stack(0x000000bf58e00000,0x000000bf58f00000) (1024K)]
  0x00000218a8d8c750 JavaThread "Cache worker for file hash cache (C:\Users\User\.gradle\caches\8.13\fileHashes)"        [_thread_blocked, id=24816, stack(0x000000bf58f00000,0x000000bf59000000) (1024K)]
  0x00000218a8d8db00 JavaThread "Cache worker for file hash cache (C:\Users\User\StudioProjects\Android-Project\.gradle\8.13\fileHashes)"        [_thread_blocked, id=24544, stack(0x000000bf59000000,0x000000bf59100000) (1024K)]
  0x00000218a8d8c0c0 JavaThread "Cache worker for Build Output Cleanup Cache (C:\Users\User\StudioProjects\Android-Project\.gradle\buildOutputCleanup)"        [_thread_blocked, id=16420, stack(0x000000bf59100000,0x000000bf59200000) (1024K)]
  0x00000218a9a2f780 JavaThread "File watcher server"        daemon [_thread_in_native, id=22048, stack(0x000000bf59200000,0x000000bf59300000) (1024K)]
  0x00000218a9a2f0f0 JavaThread "File watcher consumer"      daemon [_thread_blocked, id=25952, stack(0x000000bf59300000,0x000000bf59400000) (1024K)]
  0x00000218a9a2d020 JavaThread "jar transforms"                    [_thread_blocked, id=24152, stack(0x000000bf59400000,0x000000bf59500000) (1024K)]
  0x00000218a9a2dd40 JavaThread "jar transforms Thread 2"           [_thread_blocked, id=24968, stack(0x000000bf59500000,0x000000bf59600000) (1024K)]
  0x00000218a9a2d6b0 JavaThread "Cache worker for checksums cache (C:\Users\User\StudioProjects\Android-Project\.gradle\8.13\checksums)"        [_thread_blocked, id=15652, stack(0x000000bf59600000,0x000000bf59700000) (1024K)]
  0x00000218a9a311c0 JavaThread "Cache worker for file content cache (C:\Users\User\.gradle\caches\8.13\fileContent)"        [_thread_blocked, id=24820, stack(0x000000bf59700000,0x000000bf59800000) (1024K)]
  0x00000218a9a2fe10 JavaThread "jar transforms Thread 3"           [_thread_blocked, id=24640, stack(0x000000bf59800000,0x000000bf59900000) (1024K)]
  0x00000218a9a30b30 JavaThread "Cache worker for cache directory md-supplier (C:\Users\User\.gradle\caches\8.13\md-supplier)"        [_thread_blocked, id=25692, stack(0x000000bf59900000,0x000000bf59a00000) (1024K)]
  0x00000218a9a31850 JavaThread "Cache worker for cache directory md-rule (C:\Users\User\.gradle\caches\8.13\md-rule)"        [_thread_blocked, id=19176, stack(0x000000bf59a00000,0x000000bf59b00000) (1024K)]
  0x00000218a9a2ea60 JavaThread "Unconstrained build operations"        [_thread_blocked, id=8864, stack(0x000000bf59b00000,0x000000bf59c00000) (1024K)]
  0x00000218a9a32570 JavaThread "Unconstrained build operations Thread 2"        [_thread_blocked, id=5800, stack(0x000000bf59c00000,0x000000bf59d00000) (1024K)]
  0x00000218a9a33920 JavaThread "Unconstrained build operations Thread 3"        [_thread_blocked, id=22436, stack(0x000000bf59d00000,0x000000bf59e00000) (1024K)]
  0x00000218a9a32c00 JavaThread "Unconstrained build operations Thread 4"        [_thread_blocked, id=10172, stack(0x000000bf59e00000,0x000000bf59f00000) (1024K)]
  0x00000218a9a33290 JavaThread "Unconstrained build operations Thread 5"        [_thread_blocked, id=18376, stack(0x000000bf59f00000,0x000000bf5a000000) (1024K)]
  0x00000218a9a33fb0 JavaThread "Unconstrained build operations Thread 6"        [_thread_blocked, id=15816, stack(0x000000bf5a000000,0x000000bf5a100000) (1024K)]
  0x00000218a9a34640 JavaThread "Unconstrained build operations Thread 7"        [_thread_blocked, id=17496, stack(0x000000bf5a100000,0x000000bf5a200000) (1024K)]
  0x00000218aaf1a7f0 JavaThread "Unconstrained build operations Thread 8"        [_thread_blocked, id=1840, stack(0x000000bf5a200000,0x000000bf5a300000) (1024K)]
  0x00000218aaf1b510 JavaThread "Unconstrained build operations Thread 9"        [_thread_blocked, id=25124, stack(0x000000bf5a300000,0x000000bf5a400000) (1024K)]
  0x00000218aaf18720 JavaThread "Unconstrained build operations Thread 10"        [_thread_blocked, id=23440, stack(0x000000bf5a400000,0x000000bf5a500000) (1024K)]
  0x00000218aaf1a160 JavaThread "Unconstrained build operations Thread 11"        [_thread_blocked, id=26040, stack(0x000000bf5a500000,0x000000bf5a600000) (1024K)]
  0x00000218aaf19440 JavaThread "Unconstrained build operations Thread 12"        [_thread_blocked, id=23836, stack(0x000000bf5a600000,0x000000bf5a700000) (1024K)]
  0x00000218aaf19ad0 JavaThread "Unconstrained build operations Thread 13"        [_thread_blocked, id=13656, stack(0x000000bf5a700000,0x000000bf5a800000) (1024K)]
  0x00000218aaf1ae80 JavaThread "Unconstrained build operations Thread 14"        [_thread_blocked, id=5376, stack(0x000000bf5a800000,0x000000bf5a900000) (1024K)]
  0x00000218aaf18090 JavaThread "Unconstrained build operations Thread 15"        [_thread_blocked, id=16744, stack(0x000000bf5a900000,0x000000bf5aa00000) (1024K)]
  0x00000218aaf1bba0 JavaThread "Unconstrained build operations Thread 16"        [_thread_blocked, id=10888, stack(0x000000bf5aa00000,0x000000bf5ab00000) (1024K)]
  0x00000218aaf1c230 JavaThread "Unconstrained build operations Thread 17"        [_thread_blocked, id=19144, stack(0x000000bf5ab00000,0x000000bf5ac00000) (1024K)]
  0x00000218aaf18db0 JavaThread "Unconstrained build operations Thread 18"        [_thread_blocked, id=12592, stack(0x000000bf5ac00000,0x000000bf5ad00000) (1024K)]
  0x00000218aaf1cf50 JavaThread "Unconstrained build operations Thread 19"        [_thread_blocked, id=19280, stack(0x000000bf5ad00000,0x000000bf5ae00000) (1024K)]
  0x00000218aaf1d5e0 JavaThread "Unconstrained build operations Thread 20"        [_thread_blocked, id=25044, stack(0x000000bf5ae00000,0x000000bf5af00000) (1024K)]
  0x00000218aaf1c8c0 JavaThread "jar transforms Thread 4"           [_thread_blocked, id=5852, stack(0x000000bf5af00000,0x000000bf5b000000) (1024K)]
  0x00000218aaf1f6b0 JavaThread "jar transforms Thread 5"           [_thread_blocked, id=24792, stack(0x000000bf5b000000,0x000000bf5b100000) (1024K)]
  0x00000218aaf1dc70 JavaThread "Unconstrained build operations Thread 21"        [_thread_blocked, id=4596, stack(0x000000bf5b100000,0x000000bf5b200000) (1024K)]
  0x00000218aaf1e300 JavaThread "Unconstrained build operations Thread 22"        [_thread_blocked, id=4548, stack(0x000000bf5b200000,0x000000bf5b300000) (1024K)]
  0x00000218aaf1f020 JavaThread "Unconstrained build operations Thread 23"        [_thread_blocked, id=25148, stack(0x000000bf5b300000,0x000000bf5b400000) (1024K)]
  0x00000218aaf6f120 JavaThread "Unconstrained build operations Thread 24"        [_thread_blocked, id=18576, stack(0x000000bf5b400000,0x000000bf5b500000) (1024K)]
  0x00000218aaf70b60 JavaThread "Unconstrained build operations Thread 25"        [_thread_blocked, id=4836, stack(0x000000bf5b500000,0x000000bf5b600000) (1024K)]
  0x00000218aaf6d6e0 JavaThread "Unconstrained build operations Thread 26"        [_thread_blocked, id=13108, stack(0x000000bf5b600000,0x000000bf5b700000) (1024K)]
  0x00000218aaf6e400 JavaThread "Unconstrained build operations Thread 27"        [_thread_blocked, id=26184, stack(0x000000bf5b700000,0x000000bf5b800000) (1024K)]
  0x00000218aaf6f7b0 JavaThread "Unconstrained build operations Thread 28"        [_thread_blocked, id=7140, stack(0x000000bf5b800000,0x000000bf5b900000) (1024K)]
  0x00000218aaf6fe40 JavaThread "Unconstrained build operations Thread 29"        [_thread_blocked, id=17028, stack(0x000000bf5b900000,0x000000bf5ba00000) (1024K)]
  0x00000218aaf704d0 JavaThread "Unconstrained build operations Thread 30"        [_thread_blocked, id=12296, stack(0x000000bf5ba00000,0x000000bf5bb00000) (1024K)]
  0x00000218aaf6ea90 JavaThread "jar transforms Thread 6"           [_thread_blocked, id=5720, stack(0x000000bf5bb00000,0x000000bf5bc00000) (1024K)]
  0x00000218aaf711f0 JavaThread "jar transforms Thread 7"           [_thread_blocked, id=22456, stack(0x000000bf5bc00000,0x000000bf5bd00000) (1024K)]
  0x00000218aaf6dd70 JavaThread "jar transforms Thread 8"           [_thread_blocked, id=7380, stack(0x000000bf5bd00000,0x000000bf5be00000) (1024K)]
  0x00000218aaf732c0 JavaThread "Unconstrained build operations Thread 31"        [_thread_blocked, id=18760, stack(0x000000bf57700000,0x000000bf57800000) (1024K)]
  0x00000218aaf73950 JavaThread "Unconstrained build operations Thread 32"        [_thread_blocked, id=24056, stack(0x000000bf5bf00000,0x000000bf5c000000) (1024K)]
  0x00000218aaf73fe0 JavaThread "Unconstrained build operations Thread 33"        [_thread_blocked, id=18780, stack(0x000000bf5c000000,0x000000bf5c100000) (1024K)]
  0x00000218ab84d4a0 JavaThread "Unconstrained build operations Thread 34"        [_thread_blocked, id=13932, stack(0x000000bf5c100000,0x000000bf5c200000) (1024K)]
  0x00000218ab84fc00 JavaThread "Unconstrained build operations Thread 35"        [_thread_blocked, id=3956, stack(0x000000bf5c200000,0x000000bf5c300000) (1024K)]
  0x00000218ab84e850 JavaThread "Unconstrained build operations Thread 36"        [_thread_blocked, id=3504, stack(0x000000bf5c300000,0x000000bf5c400000) (1024K)]
  0x00000218ab84eee0 JavaThread "Unconstrained build operations Thread 37"        [_thread_blocked, id=3076, stack(0x000000bf5c400000,0x000000bf5c500000) (1024K)]
  0x00000218ab84db30 JavaThread "Unconstrained build operations Thread 38"        [_thread_blocked, id=14496, stack(0x000000bf5c500000,0x000000bf5c600000) (1024K)]
  0x00000218ab84c780 JavaThread "Unconstrained build operations Thread 39"        [_thread_blocked, id=22812, stack(0x000000bf5c600000,0x000000bf5c700000) (1024K)]
  0x00000218ab84e1c0 JavaThread "Unconstrained build operations Thread 40"        [_thread_blocked, id=21372, stack(0x000000bf5c700000,0x000000bf5c800000) (1024K)]
  0x00000218ab84f570 JavaThread "Unconstrained build operations Thread 41"        [_thread_blocked, id=6136, stack(0x000000bf5c800000,0x000000bf5c900000) (1024K)]
  0x00000218ab850290 JavaThread "Unconstrained build operations Thread 42"        [_thread_blocked, id=11680, stack(0x000000bf5c900000,0x000000bf5ca00000) (1024K)]
  0x00000218ab84ce10 JavaThread "Unconstrained build operations Thread 43"        [_thread_blocked, id=18968, stack(0x000000bf5ca00000,0x000000bf5cb00000) (1024K)]
  0x00000218ab850920 JavaThread "Unconstrained build operations Thread 44"        [_thread_blocked, id=19152, stack(0x000000bf5cb00000,0x000000bf5cc00000) (1024K)]
  0x00000218ab850fb0 JavaThread "Unconstrained build operations Thread 45"        [_thread_blocked, id=23748, stack(0x000000bf5cc00000,0x000000bf5cd00000) (1024K)]
  0x00000218ab851640 JavaThread "Unconstrained build operations Thread 46"        [_thread_blocked, id=24176, stack(0x000000bf5cd00000,0x000000bf5ce00000) (1024K)]
  0x00000218ab851cd0 JavaThread "Unconstrained build operations Thread 47"        [_thread_blocked, id=18140, stack(0x000000bf5ce00000,0x000000bf5cf00000) (1024K)]
  0x00000218ab853080 JavaThread "Unconstrained build operations Thread 48"        [_thread_blocked, id=20644, stack(0x000000bf5cf00000,0x000000bf5d000000) (1024K)]
  0x00000218ab852360 JavaThread "Unconstrained build operations Thread 49"        [_thread_blocked, id=6700, stack(0x000000bf5d000000,0x000000bf5d100000) (1024K)]
  0x00000218ab853710 JavaThread "Unconstrained build operations Thread 50"        [_thread_blocked, id=23488, stack(0x000000bf5d100000,0x000000bf5d200000) (1024K)]
  0x00000218ab853da0 JavaThread "Unconstrained build operations Thread 51"        [_thread_blocked, id=23616, stack(0x000000bf5d200000,0x000000bf5d300000) (1024K)]
  0x00000218ab8529f0 JavaThread "Unconstrained build operations Thread 52"        [_thread_blocked, id=14152, stack(0x000000bf5d300000,0x000000bf5d400000) (1024K)]
  0x00000218aa52d710 JavaThread "Unconstrained build operations Thread 53"        [_thread_blocked, id=25572, stack(0x000000bf5d400000,0x000000bf5d500000) (1024K)]
  0x00000218aa52f7e0 JavaThread "Unconstrained build operations Thread 54"        [_thread_blocked, id=19308, stack(0x000000bf5d500000,0x000000bf5d600000) (1024K)]
  0x00000218aa531220 JavaThread "Unconstrained build operations Thread 55"        [_thread_blocked, id=24812, stack(0x000000bf5d600000,0x000000bf5d700000) (1024K)]
  0x00000218aa52fe70 JavaThread "Unconstrained build operations Thread 56"        [_thread_blocked, id=20372, stack(0x000000bf5d700000,0x000000bf5d800000) (1024K)]
  0x00000218aa5318b0 JavaThread "Unconstrained build operations Thread 57"        [_thread_blocked, id=5328, stack(0x000000bf5d800000,0x000000bf5d900000) (1024K)]
  0x00000218aa52e430 JavaThread "Unconstrained build operations Thread 58"        [_thread_blocked, id=21556, stack(0x000000bf5d900000,0x000000bf5da00000) (1024K)]
  0x00000218aa531f40 JavaThread "Unconstrained build operations Thread 59"        [_thread_blocked, id=4864, stack(0x000000bf5da00000,0x000000bf5db00000) (1024K)]
  0x00000218aa534010 JavaThread "Unconstrained build operations Thread 60"        [_thread_blocked, id=5012, stack(0x000000bf5db00000,0x000000bf5dc00000) (1024K)]
  0x00000218aa533980 JavaThread "Unconstrained build operations Thread 61"        [_thread_blocked, id=26384, stack(0x000000bf5dc00000,0x000000bf5dd00000) (1024K)]
  0x00000218aa5325d0 JavaThread "Unconstrained build operations Thread 62"        [_thread_blocked, id=3068, stack(0x000000bf5dd00000,0x000000bf5de00000) (1024K)]
  0x00000218aa5346a0 JavaThread "Unconstrained build operations Thread 63"        [_thread_blocked, id=26220, stack(0x000000bf5de00000,0x000000bf5df00000) (1024K)]
  0x00000218ab4b7480 JavaThread "build event listener"              [_thread_blocked, id=23464, stack(0x000000bf5df00000,0x000000bf5e000000) (1024K)]
  0x00000218ab5e2170 JavaThread "C2 CompilerThread1"         daemon [_thread_blocked, id=23116, stack(0x000000bf5e000000,0x000000bf5e100000) (1024K)]
  0x00000218ab4b4000 JavaThread "Memory manager"                    [_thread_blocked, id=11908, stack(0x000000bf5e100000,0x000000bf5e200000) (1024K)]
  0x00000218aa52d080 JavaThread "build event listener"              [_thread_blocked, id=7408, stack(0x000000bf5e200000,0x000000bf5e300000) (1024K)]
  0x00000218ab4b8ec0 JavaThread "included builds"                   [_thread_blocked, id=16436, stack(0x000000bf5e300000,0x000000bf5e400000) (1024K)]
  0x00000218ab4b9550 JavaThread "Execution worker"                  [_thread_blocked, id=9336, stack(0x000000bf5e400000,0x000000bf5e500000) (1024K)]
  0x00000218ab4b7b10 JavaThread "Execution worker Thread 2"         [_thread_blocked, id=18712, stack(0x000000bf5e500000,0x000000bf5e600000) (1024K)]
  0x00000218ab4b8830 JavaThread "Execution worker Thread 3"         [_thread_blocked, id=18332, stack(0x000000bf5e600000,0x000000bf5e700000) (1024K)]
  0x00000218ab4b60d0 JavaThread "Execution worker Thread 4"         [_thread_blocked, id=7884, stack(0x000000bf5e700000,0x000000bf5e800000) (1024K)]
  0x00000218ab4ba900 JavaThread "Execution worker Thread 5"         [_thread_blocked, id=26236, stack(0x000000bf5e800000,0x000000bf5e900000) (1024K)]
  0x00000218ab4b9be0 JavaThread "Execution worker Thread 6"         [_thread_blocked, id=24500, stack(0x000000bf5e900000,0x000000bf5ea00000) (1024K)]
  0x00000218ab4baf90 JavaThread "Execution worker Thread 7"         [_thread_blocked, id=2032, stack(0x000000bf5ea00000,0x000000bf5eb00000) (1024K)]
  0x00000218ab4bb620 JavaThread "Execution worker Thread 8"         [_thread_in_vm, id=4488, stack(0x000000bf5eb00000,0x000000bf5ec00000) (1024K)]
  0x00000218ac296e70 JavaThread "Execution worker Thread 9"         [_thread_blocked, id=20136, stack(0x000000bf5ec00000,0x000000bf5ed00000) (1024K)]
  0x00000218ac296150 JavaThread "Execution worker Thread 10"        [_thread_blocked, id=3764, stack(0x000000bf5ed00000,0x000000bf5ee00000) (1024K)]
  0x00000218ac294080 JavaThread "Execution worker Thread 11"        [_thread_blocked, id=7300, stack(0x000000bf5ee00000,0x000000bf5ef00000) (1024K)]
  0x00000218ac2939f0 JavaThread "Cache worker for execution history cache (C:\Users\User\StudioProjects\Android-Project\.gradle\8.13\executionHistory)"        [_thread_blocked, id=20976, stack(0x000000bf5ef00000,0x000000bf5f000000) (1024K)]
Total: 120

Other Threads:
  0x00000218a60453d0 VMThread "VM Thread"                           [id=5004, stack(0x000000bf56c00000,0x000000bf56d00000) (1024K)]
  0x00000218a133c200 WatcherThread "VM Periodic Task Thread"        [id=22384, stack(0x000000bf56b00000,0x000000bf56c00000) (1024K)]
  0x000002188aae3080 WorkerThread "GC Thread#0"                     [id=9000, stack(0x000000bf56600000,0x000000bf56700000) (1024K)]
  0x00000218a68adf60 WorkerThread "GC Thread#1"                     [id=7672, stack(0x000000bf57900000,0x000000bf57a00000) (1024K)]
  0x00000218a68ae300 WorkerThread "GC Thread#2"                     [id=25972, stack(0x000000bf57a00000,0x000000bf57b00000) (1024K)]
  0x00000218a66a6be0 WorkerThread "GC Thread#3"                     [id=9988, stack(0x000000bf57b00000,0x000000bf57c00000) (1024K)]
  0x00000218a69e8bc0 WorkerThread "GC Thread#4"                     [id=16452, stack(0x000000bf57c00000,0x000000bf57d00000) (1024K)]
  0x00000218a7525860 WorkerThread "GC Thread#5"                     [id=23164, stack(0x000000bf57d00000,0x000000bf57e00000) (1024K)]
  0x00000218a7517060 WorkerThread "GC Thread#6"                     [id=5760, stack(0x000000bf58700000,0x000000bf58800000) (1024K)]
  0x00000218a7515aa0 WorkerThread "GC Thread#7"                     [id=25316, stack(0x000000bf58800000,0x000000bf58900000) (1024K)]
  0x00000218a7515e40 WorkerThread "GC Thread#8"                     [id=20152, stack(0x000000bf58900000,0x000000bf58a00000) (1024K)]
  0x00000218a7516920 WorkerThread "GC Thread#9"                     [id=25060, stack(0x000000bf58a00000,0x000000bf58b00000) (1024K)]
  0x000002188aaedcd0 ConcurrentGCThread "G1 Main Marker"            [id=21104, stack(0x000000bf56700000,0x000000bf56800000) (1024K)]
  0x000002188aaee580 WorkerThread "G1 Conc#0"                       [id=25544, stack(0x000000bf56800000,0x000000bf56900000) (1024K)]
  0x00000218a7516cc0 WorkerThread "G1 Conc#1"                       [id=24704, stack(0x000000bf58b00000,0x000000bf58c00000) (1024K)]
  0x00000218a75161e0 WorkerThread "G1 Conc#2"                       [id=19528, stack(0x000000bf58c00000,0x000000bf58d00000) (1024K)]
  0x000002188ab2e7e0 ConcurrentGCThread "G1 Refine#0"               [id=10900, stack(0x000000bf56900000,0x000000bf56a00000) (1024K)]
  0x00000218a1211510 ConcurrentGCThread "G1 Service"                [id=24572, stack(0x000000bf56a00000,0x000000bf56b00000) (1024K)]
Total: 18

Threads with active compile tasks:
C2 CompilerThread0  15248 13414       4       org.gradle.internal.instantiation.generator.AbstractClassGenerator::inspectType (602 bytes)
Total: 1

VM state: not at safepoint (normal execution)

VM Mutex/Monitor currently owned by a thread: None

Heap address: 0x00000000a0000000, size: 1536 MB, Compressed Oops mode: 32-bit

CDS archive(s) not mapped
Compressed class space mapped at: 0x0000000100000000-0x000000010d000000, reserved size: 218103808
Narrow klass base: 0x0000000000000000, Narrow klass shift: 3, Narrow klass range: 0x10d000000

GC Precious Log:
 CardTable entry size: 512
 Card Set container configuration: InlinePtr #cards 5 size 8 Array Of Cards #cards 12 size 40 Howl #buckets 4 coarsen threshold 1843 Howl Bitmap #cards 512 size 80 coarsen threshold 460 Card regions per heap region 1 cards per card region 2048
 CPUs: 12 total, 12 available
 Memory: 11913M
 Large Page Support: Disabled
 NUMA Support: Disabled
 Compressed Oops: Enabled (32-bit)
 Heap Region Size: 1M
 Heap Min Capacity: 8M
 Heap Initial Capacity: 188M
 Heap Max Capacity: 1536M
 Pre-touch: Disabled
 Parallel Workers: 10
 Concurrent Workers: 3
 Concurrent Refinement Workers: 10
 Periodic GC: Disabled

Heap:
 garbage-first heap   total 209920K, used 134461K [0x00000000a0000000, 0x0000000100000000)
  region size 1024K, 19 young (19456K), 9 survivors (9216K)
 Metaspace       used 121753K, committed 123968K, reserved 344064K
  class space    used 17227K, committed 18304K, reserved 212992K

Heap Regions: E=young(eden), S=young(survivor), O=old, HS=humongous(starts), HC=humongous(continues), CS=collection set, F=free, TAMS=top-at-mark-start, PB=parsable bottom
|   0|0x00000000a0000000, 0x00000000a0100000, 0x00000000a0100000|100%|HS|  |TAMS 0x00000000a0000000| PB 0x00000000a0000000| Complete 
|   1|0x00000000a0100000, 0x00000000a0200000, 0x00000000a0200000|100%|HC|  |TAMS 0x00000000a0100000| PB 0x00000000a0100000| Complete 
|   2|0x00000000a0200000, 0x00000000a0300000, 0x00000000a0300000|100%|HC|  |TAMS 0x00000000a0200000| PB 0x00000000a0200000| Complete 
|   3|0x00000000a0300000, 0x00000000a0400000, 0x00000000a0400000|100%| O|  |TAMS 0x00000000a0300000| PB 0x00000000a0300000| Untracked 
|   4|0x00000000a0400000, 0x00000000a0500000, 0x00000000a0500000|100%| O|  |TAMS 0x00000000a0400000| PB 0x00000000a0400000| Untracked 
|   5|0x00000000a0500000, 0x00000000a0600000, 0x00000000a0600000|100%| O|  |TAMS 0x00000000a0500000| PB 0x00000000a0500000| Untracked 
|   6|0x00000000a0600000, 0x00000000a0700000, 0x00000000a0700000|100%|HS|  |TAMS 0x00000000a0600000| PB 0x00000000a0600000| Complete 
|   7|0x00000000a0700000, 0x00000000a0800000, 0x00000000a0800000|100%| O|  |TAMS 0x00000000a0700000| PB 0x00000000a0700000| Untracked 
|   8|0x00000000a0800000, 0x00000000a0900000, 0x00000000a0900000|100%| O|  |TAMS 0x00000000a0800000| PB 0x00000000a0800000| Untracked 
|   9|0x00000000a0900000, 0x00000000a0a00000, 0x00000000a0a00000|100%| O|  |TAMS 0x00000000a0900000| PB 0x00000000a0900000| Untracked 
|  10|0x00000000a0a00000, 0x00000000a0b00000, 0x00000000a0b00000|100%| O|  |TAMS 0x00000000a0a00000| PB 0x00000000a0a00000| Untracked 
|  11|0x00000000a0b00000, 0x00000000a0c00000, 0x00000000a0c00000|100%| O|  |TAMS 0x00000000a0b00000| PB 0x00000000a0b00000| Untracked 
|  12|0x00000000a0c00000, 0x00000000a0d00000, 0x00000000a0d00000|100%| O|  |TAMS 0x00000000a0c00000| PB 0x00000000a0c00000| Untracked 
|  13|0x00000000a0d00000, 0x00000000a0e00000, 0x00000000a0e00000|100%| O|  |TAMS 0x00000000a0d00000| PB 0x00000000a0d00000| Untracked 
|  14|0x00000000a0e00000, 0x00000000a0f00000, 0x00000000a0f00000|100%| O|  |TAMS 0x00000000a0e00000| PB 0x00000000a0e00000| Untracked 
|  15|0x00000000a0f00000, 0x00000000a1000000, 0x00000000a1000000|100%| O|  |TAMS 0x00000000a0f00000| PB 0x00000000a0f00000| Untracked 
|  16|0x00000000a1000000, 0x00000000a1100000, 0x00000000a1100000|100%| O|  |TAMS 0x00000000a1000000| PB 0x00000000a1000000| Untracked 
|  17|0x00000000a1100000, 0x00000000a1200000, 0x00000000a1200000|100%| O|  |TAMS 0x00000000a1100000| PB 0x00000000a1100000| Untracked 
|  18|0x00000000a1200000, 0x00000000a1300000, 0x00000000a1300000|100%| O|  |TAMS 0x00000000a1200000| PB 0x00000000a1200000| Untracked 
|  19|0x00000000a1300000, 0x00000000a1400000, 0x00000000a1400000|100%| O|  |TAMS 0x00000000a1300000| PB 0x00000000a1300000| Untracked 
|  20|0x00000000a1400000, 0x00000000a1500000, 0x00000000a1500000|100%| O|  |TAMS 0x00000000a1400000| PB 0x00000000a1400000| Untracked 
|  21|0x00000000a1500000, 0x00000000a1600000, 0x00000000a1600000|100%| O|  |TAMS 0x00000000a1500000| PB 0x00000000a1500000| Untracked 
|  22|0x00000000a1600000, 0x00000000a1700000, 0x00000000a1700000|100%| O|  |TAMS 0x00000000a1600000| PB 0x00000000a1600000| Untracked 
|  23|0x00000000a1700000, 0x00000000a1800000, 0x00000000a1800000|100%| O|  |TAMS 0x00000000a1700000| PB 0x00000000a1700000| Untracked 
|  24|0x00000000a1800000, 0x00000000a1900000, 0x00000000a1900000|100%| O|  |TAMS 0x00000000a1800000| PB 0x00000000a1800000| Untracked 
|  25|0x00000000a1900000, 0x00000000a1a00000, 0x00000000a1a00000|100%|HS|  |TAMS 0x00000000a1900000| PB 0x00000000a1900000| Complete 
|  26|0x00000000a1a00000, 0x00000000a1b00000, 0x00000000a1b00000|100%|HC|  |TAMS 0x00000000a1a00000| PB 0x00000000a1a00000| Complete 
|  27|0x00000000a1b00000, 0x00000000a1c00000, 0x00000000a1c00000|100%| O|  |TAMS 0x00000000a1b00000| PB 0x00000000a1b00000| Untracked 
|  28|0x00000000a1c00000, 0x00000000a1d00000, 0x00000000a1d00000|100%| O|  |TAMS 0x00000000a1c00000| PB 0x00000000a1c00000| Untracked 
|  29|0x00000000a1d00000, 0x00000000a1e00000, 0x00000000a1e00000|100%| O|  |TAMS 0x00000000a1d00000| PB 0x00000000a1d00000| Untracked 
|  30|0x00000000a1e00000, 0x00000000a1f00000, 0x00000000a1f00000|100%| O|  |TAMS 0x00000000a1e00000| PB 0x00000000a1e00000| Untracked 
|  31|0x00000000a1f00000, 0x00000000a2000000, 0x00000000a2000000|100%| O|  |TAMS 0x00000000a1f00000| PB 0x00000000a1f00000| Untracked 
|  32|0x00000000a2000000, 0x00000000a2100000, 0x00000000a2100000|100%| O|  |TAMS 0x00000000a2000000| PB 0x00000000a2000000| Untracked 
|  33|0x00000000a2100000, 0x00000000a2200000, 0x00000000a2200000|100%| O|  |TAMS 0x00000000a2100000| PB 0x00000000a2100000| Untracked 
|  34|0x00000000a2200000, 0x00000000a2300000, 0x00000000a2300000|100%|HS|  |TAMS 0x00000000a2200000| PB 0x00000000a2200000| Complete 
|  35|0x00000000a2300000, 0x00000000a2400000, 0x00000000a2400000|100%|HS|  |TAMS 0x00000000a2300000| PB 0x00000000a2300000| Complete 
|  36|0x00000000a2400000, 0x00000000a2500000, 0x00000000a2500000|100%| O|  |TAMS 0x00000000a2400000| PB 0x00000000a2400000| Untracked 
|  37|0x00000000a2500000, 0x00000000a2600000, 0x00000000a2600000|100%| O|  |TAMS 0x00000000a2500000| PB 0x00000000a2500000| Untracked 
|  38|0x00000000a2600000, 0x00000000a2700000, 0x00000000a2700000|100%| O|  |TAMS 0x00000000a2600000| PB 0x00000000a2600000| Untracked 
|  39|0x00000000a2700000, 0x00000000a2800000, 0x00000000a2800000|100%| O|  |TAMS 0x00000000a2700000| PB 0x00000000a2700000| Untracked 
|  40|0x00000000a2800000, 0x00000000a2900000, 0x00000000a2900000|100%| O|  |TAMS 0x00000000a2800000| PB 0x00000000a2800000| Untracked 
|  41|0x00000000a2900000, 0x00000000a2a00000, 0x00000000a2a00000|100%| O|  |TAMS 0x00000000a2900000| PB 0x00000000a2900000| Untracked 
|  42|0x00000000a2a00000, 0x00000000a2b00000, 0x00000000a2b00000|100%| O|  |TAMS 0x00000000a2a00000| PB 0x00000000a2a00000| Untracked 
|  43|0x00000000a2b00000, 0x00000000a2c00000, 0x00000000a2c00000|100%| O|  |TAMS 0x00000000a2b00000| PB 0x00000000a2b00000| Untracked 
|  44|0x00000000a2c00000, 0x00000000a2d00000, 0x00000000a2d00000|100%| O|  |TAMS 0x00000000a2c00000| PB 0x00000000a2c00000| Untracked 
|  45|0x00000000a2d00000, 0x00000000a2e00000, 0x00000000a2e00000|100%| O|  |TAMS 0x00000000a2d00000| PB 0x00000000a2d00000| Untracked 
|  46|0x00000000a2e00000, 0x00000000a2f00000, 0x00000000a2f00000|100%|HS|  |TAMS 0x00000000a2e00000| PB 0x00000000a2e00000| Complete 
|  47|0x00000000a2f00000, 0x00000000a3000000, 0x00000000a3000000|100%|HC|  |TAMS 0x00000000a2f00000| PB 0x00000000a2f00000| Complete 
|  48|0x00000000a3000000, 0x00000000a3100000, 0x00000000a3100000|100%|HS|  |TAMS 0x00000000a3000000| PB 0x00000000a3000000| Complete 
|  49|0x00000000a3100000, 0x00000000a3200000, 0x00000000a3200000|100%| O|  |TAMS 0x00000000a3100000| PB 0x00000000a3100000| Untracked 
|  50|0x00000000a3200000, 0x00000000a3300000, 0x00000000a3300000|100%| O|  |TAMS 0x00000000a3200000| PB 0x00000000a3200000| Untracked 
|  51|0x00000000a3300000, 0x00000000a3400000, 0x00000000a3400000|100%| O|  |TAMS 0x00000000a3300000| PB 0x00000000a3300000| Untracked 
|  52|0x00000000a3400000, 0x00000000a3500000, 0x00000000a3500000|100%| O|  |TAMS 0x00000000a3400000| PB 0x00000000a3400000| Untracked 
|  53|0x00000000a3500000, 0x00000000a3600000, 0x00000000a3600000|100%| O|Cm|TAMS 0x00000000a3500000| PB 0x00000000a3500000| Complete 
|  54|0x00000000a3600000, 0x00000000a3700000, 0x00000000a3700000|100%| O|  |TAMS 0x00000000a3600000| PB 0x00000000a3600000| Untracked 
|  55|0x00000000a3700000, 0x00000000a3800000, 0x00000000a3800000|100%|HS|  |TAMS 0x00000000a3700000| PB 0x00000000a3700000| Complete 
|  56|0x00000000a3800000, 0x00000000a3900000, 0x00000000a3900000|100%|HC|  |TAMS 0x00000000a3800000| PB 0x00000000a3800000| Complete 
|  57|0x00000000a3900000, 0x00000000a3a00000, 0x00000000a3a00000|100%| O|  |TAMS 0x00000000a3900000| PB 0x00000000a3900000| Untracked 
|  58|0x00000000a3a00000, 0x00000000a3b00000, 0x00000000a3b00000|100%| O|  |TAMS 0x00000000a3a00000| PB 0x00000000a3a00000| Untracked 
|  59|0x00000000a3b00000, 0x00000000a3c00000, 0x00000000a3c00000|100%|HS|  |TAMS 0x00000000a3b00000| PB 0x00000000a3b00000| Complete 
|  60|0x00000000a3c00000, 0x00000000a3d00000, 0x00000000a3d00000|100%| O|  |TAMS 0x00000000a3c00000| PB 0x00000000a3c00000| Untracked 
|  61|0x00000000a3d00000, 0x00000000a3e00000, 0x00000000a3e00000|100%| O|  |TAMS 0x00000000a3d00000| PB 0x00000000a3d00000| Untracked 
|  62|0x00000000a3e00000, 0x00000000a3f00000, 0x00000000a3f00000|100%|HS|  |TAMS 0x00000000a3e00000| PB 0x00000000a3e00000| Complete 
|  63|0x00000000a3f00000, 0x00000000a4000000, 0x00000000a4000000|100%| O|  |TAMS 0x00000000a3f00000| PB 0x00000000a3f00000| Untracked 
|  64|0x00000000a4000000, 0x00000000a4100000, 0x00000000a4100000|100%|HS|  |TAMS 0x00000000a4000000| PB 0x00000000a4000000| Complete 
|  65|0x00000000a4100000, 0x00000000a4200000, 0x00000000a4200000|100%|HC|  |TAMS 0x00000000a4100000| PB 0x00000000a4100000| Complete 
|  66|0x00000000a4200000, 0x00000000a4300000, 0x00000000a4300000|100%|HC|  |TAMS 0x00000000a4200000| PB 0x00000000a4200000| Complete 
|  67|0x00000000a4300000, 0x00000000a4400000, 0x00000000a4400000|100%|HC|  |TAMS 0x00000000a4300000| PB 0x00000000a4300000| Complete 
|  68|0x00000000a4400000, 0x00000000a4500000, 0x00000000a4500000|100%|HS|  |TAMS 0x00000000a4400000| PB 0x00000000a4400000| Complete 
|  69|0x00000000a4500000, 0x00000000a4600000, 0x00000000a4600000|100%| O|  |TAMS 0x00000000a4500000| PB 0x00000000a4500000| Untracked 
|  70|0x00000000a4600000, 0x00000000a4700000, 0x00000000a4700000|100%| O|  |TAMS 0x00000000a4600000| PB 0x00000000a4600000| Untracked 
|  71|0x00000000a4700000, 0x00000000a4800000, 0x00000000a4800000|100%| O|  |TAMS 0x00000000a4700000| PB 0x00000000a4700000| Untracked 
|  72|0x00000000a4800000, 0x00000000a4900000, 0x00000000a4900000|100%|HS|  |TAMS 0x00000000a4800000| PB 0x00000000a4800000| Complete 
|  73|0x00000000a4900000, 0x00000000a4a00000, 0x00000000a4a00000|100%| O|  |TAMS 0x00000000a4900000| PB 0x00000000a4900000| Untracked 
|  74|0x00000000a4a00000, 0x00000000a4b00000, 0x00000000a4b00000|100%| O|  |TAMS 0x00000000a4a00000| PB 0x00000000a4a00000| Untracked 
|  75|0x00000000a4b00000, 0x00000000a4c00000, 0x00000000a4c00000|100%| O|  |TAMS 0x00000000a4b00000| PB 0x00000000a4b00000| Untracked 
|  76|0x00000000a4c00000, 0x00000000a4d00000, 0x00000000a4d00000|100%| O|  |TAMS 0x00000000a4c00000| PB 0x00000000a4c00000| Untracked 
|  77|0x00000000a4d00000, 0x00000000a4e00000, 0x00000000a4e00000|100%| O|  |TAMS 0x00000000a4d00000| PB 0x00000000a4d00000| Untracked 
|  78|0x00000000a4e00000, 0x00000000a4f00000, 0x00000000a4f00000|100%|HS|  |TAMS 0x00000000a4e00000| PB 0x00000000a4e00000| Complete 
|  79|0x00000000a4f00000, 0x00000000a5000000, 0x00000000a5000000|100%|HC|  |TAMS 0x00000000a4f00000| PB 0x00000000a4f00000| Complete 
|  80|0x00000000a5000000, 0x00000000a5100000, 0x00000000a5100000|100%|HC|  |TAMS 0x00000000a5000000| PB 0x00000000a5000000| Complete 
|  81|0x00000000a5100000, 0x00000000a5200000, 0x00000000a5200000|100%|HC|  |TAMS 0x00000000a5100000| PB 0x00000000a5100000| Complete 
|  82|0x00000000a5200000, 0x00000000a5300000, 0x00000000a5300000|100%| O|  |TAMS 0x00000000a5200000| PB 0x00000000a5200000| Untracked 
|  83|0x00000000a5300000, 0x00000000a5400000, 0x00000000a5400000|100%| O|  |TAMS 0x00000000a5300000| PB 0x00000000a5300000| Untracked 
|  84|0x00000000a5400000, 0x00000000a5500000, 0x00000000a5500000|100%| O|  |TAMS 0x00000000a5400000| PB 0x00000000a5400000| Untracked 
|  85|0x00000000a5500000, 0x00000000a5600000, 0x00000000a5600000|100%| O|  |TAMS 0x00000000a5500000| PB 0x00000000a5500000| Untracked 
|  86|0x00000000a5600000, 0x00000000a5700000, 0x00000000a5700000|100%| O|  |TAMS 0x00000000a5600000| PB 0x00000000a5600000| Untracked 
|  87|0x00000000a5700000, 0x00000000a5800000, 0x00000000a5800000|100%| S|CS|TAMS 0x00000000a5700000| PB 0x00000000a5700000| Complete 
|  88|0x00000000a5800000, 0x00000000a5900000, 0x00000000a5900000|100%| O|  |TAMS 0x00000000a5800000| PB 0x00000000a5800000| Untracked 
|  89|0x00000000a5900000, 0x00000000a5a00000, 0x00000000a5a00000|100%| O|  |TAMS 0x00000000a5900000| PB 0x00000000a5900000| Untracked 
|  90|0x00000000a5a00000, 0x00000000a5b00000, 0x00000000a5b00000|100%| O|  |TAMS 0x00000000a5a00000| PB 0x00000000a5a00000| Untracked 
|  91|0x00000000a5b00000, 0x00000000a5c00000, 0x00000000a5c00000|100%| O|  |TAMS 0x00000000a5b00000| PB 0x00000000a5b00000| Untracked 
|  92|0x00000000a5c00000, 0x00000000a5d00000, 0x00000000a5d00000|100%| O|  |TAMS 0x00000000a5c00000| PB 0x00000000a5c00000| Untracked 
|  93|0x00000000a5d00000, 0x00000000a5e00000, 0x00000000a5e00000|100%| O|  |TAMS 0x00000000a5d00000| PB 0x00000000a5d00000| Untracked 
|  94|0x00000000a5e00000, 0x00000000a5f00000, 0x00000000a5f00000|100%| O|  |TAMS 0x00000000a5e00000| PB 0x00000000a5e00000| Untracked 
|  95|0x00000000a5f00000, 0x00000000a6000000, 0x00000000a6000000|100%| O|  |TAMS 0x00000000a5f00000| PB 0x00000000a5f00000| Untracked 
|  96|0x00000000a6000000, 0x00000000a6100000, 0x00000000a6100000|100%| O|  |TAMS 0x00000000a6000000| PB 0x00000000a6000000| Untracked 
|  97|0x00000000a6100000, 0x00000000a6200000, 0x00000000a6200000|100%| O|  |TAMS 0x00000000a6100000| PB 0x00000000a6100000| Untracked 
|  98|0x00000000a6200000, 0x00000000a6300000, 0x00000000a6300000|100%| O|  |TAMS 0x00000000a6200000| PB 0x00000000a6200000| Untracked 
|  99|0x00000000a6300000, 0x00000000a6400000, 0x00000000a6400000|100%| O|  |TAMS 0x00000000a6300000| PB 0x00000000a6300000| Untracked 
| 100|0x00000000a6400000, 0x00000000a6500000, 0x00000000a6500000|100%| O|  |TAMS 0x00000000a6400000| PB 0x00000000a6400000| Untracked 
| 101|0x00000000a6500000, 0x00000000a6500000, 0x00000000a6600000|  0%| F|  |TAMS 0x00000000a6500000| PB 0x00000000a6500000| Untracked 
| 102|0x00000000a6600000, 0x00000000a6600000, 0x00000000a6700000|  0%| F|  |TAMS 0x00000000a6600000| PB 0x00000000a6600000| Untracked 
| 103|0x00000000a6700000, 0x00000000a6700000, 0x00000000a6800000|  0%| F|  |TAMS 0x00000000a6700000| PB 0x00000000a6700000| Untracked 
| 104|0x00000000a6800000, 0x00000000a6800000, 0x00000000a6900000|  0%| F|  |TAMS 0x00000000a6800000| PB 0x00000000a6800000| Untracked 
| 105|0x00000000a6900000, 0x00000000a6900000, 0x00000000a6a00000|  0%| F|  |TAMS 0x00000000a6900000| PB 0x00000000a6900000| Untracked 
| 106|0x00000000a6a00000, 0x00000000a6a00000, 0x00000000a6b00000|  0%| F|  |TAMS 0x00000000a6a00000| PB 0x00000000a6a00000| Untracked 
| 107|0x00000000a6b00000, 0x00000000a6b00000, 0x00000000a6c00000|  0%| F|  |TAMS 0x00000000a6b00000| PB 0x00000000a6b00000| Untracked 
| 108|0x00000000a6c00000, 0x00000000a6d00000, 0x00000000a6d00000|100%| S|CS|TAMS 0x00000000a6c00000| PB 0x00000000a6c00000| Complete 
| 109|0x00000000a6d00000, 0x00000000a6e00000, 0x00000000a6e00000|100%| S|CS|TAMS 0x00000000a6d00000| PB 0x00000000a6d00000| Complete 
| 110|0x00000000a6e00000, 0x00000000a6f00000, 0x00000000a6f00000|100%| S|CS|TAMS 0x00000000a6e00000| PB 0x00000000a6e00000| Complete 
| 111|0x00000000a6f00000, 0x00000000a7000000, 0x00000000a7000000|100%| S|CS|TAMS 0x00000000a6f00000| PB 0x00000000a6f00000| Complete 
| 112|0x00000000a7000000, 0x00000000a7100000, 0x00000000a7100000|100%| S|CS|TAMS 0x00000000a7000000| PB 0x00000000a7000000| Complete 
| 113|0x00000000a7100000, 0x00000000a7200000, 0x00000000a7200000|100%| S|CS|TAMS 0x00000000a7100000| PB 0x00000000a7100000| Complete 
| 114|0x00000000a7200000, 0x00000000a7300000, 0x00000000a7300000|100%| S|CS|TAMS 0x00000000a7200000| PB 0x00000000a7200000| Complete 
| 115|0x00000000a7300000, 0x00000000a7400000, 0x00000000a7400000|100%| S|CS|TAMS 0x00000000a7300000| PB 0x00000000a7300000| Complete 
| 116|0x00000000a7400000, 0x00000000a7400000, 0x00000000a7500000|  0%| F|  |TAMS 0x00000000a7400000| PB 0x00000000a7400000| Untracked 
| 117|0x00000000a7500000, 0x00000000a7500000, 0x00000000a7600000|  0%| F|  |TAMS 0x00000000a7500000| PB 0x00000000a7500000| Untracked 
| 118|0x00000000a7600000, 0x00000000a7600000, 0x00000000a7700000|  0%| F|  |TAMS 0x00000000a7600000| PB 0x00000000a7600000| Untracked 
| 119|0x00000000a7700000, 0x00000000a7700000, 0x00000000a7800000|  0%| F|  |TAMS 0x00000000a7700000| PB 0x00000000a7700000| Untracked 
| 120|0x00000000a7800000, 0x00000000a7800000, 0x00000000a7900000|  0%| F|  |TAMS 0x00000000a7800000| PB 0x00000000a7800000| Untracked 
| 121|0x00000000a7900000, 0x00000000a7900000, 0x00000000a7a00000|  0%| F|  |TAMS 0x00000000a7900000| PB 0x00000000a7900000| Untracked 
| 122|0x00000000a7a00000, 0x00000000a7a00000, 0x00000000a7b00000|  0%| F|  |TAMS 0x00000000a7a00000| PB 0x00000000a7a00000| Untracked 
| 123|0x00000000a7b00000, 0x00000000a7b00000, 0x00000000a7c00000|  0%| F|  |TAMS 0x00000000a7b00000| PB 0x00000000a7b00000| Untracked 
| 124|0x00000000a7c00000, 0x00000000a7c00000, 0x00000000a7d00000|  0%| F|  |TAMS 0x00000000a7c00000| PB 0x00000000a7c00000| Untracked 
| 125|0x00000000a7d00000, 0x00000000a7d00000, 0x00000000a7e00000|  0%| F|  |TAMS 0x00000000a7d00000| PB 0x00000000a7d00000| Untracked 
| 126|0x00000000a7e00000, 0x00000000a7e00000, 0x00000000a7f00000|  0%| F|  |TAMS 0x00000000a7e00000| PB 0x00000000a7e00000| Untracked 
| 127|0x00000000a7f00000, 0x00000000a7f00000, 0x00000000a8000000|  0%| F|  |TAMS 0x00000000a7f00000| PB 0x00000000a7f00000| Untracked 
| 128|0x00000000a8000000, 0x00000000a8000000, 0x00000000a8100000|  0%| F|  |TAMS 0x00000000a8000000| PB 0x00000000a8000000| Untracked 
| 129|0x00000000a8100000, 0x00000000a8100000, 0x00000000a8200000|  0%| F|  |TAMS 0x00000000a8100000| PB 0x00000000a8100000| Untracked 
| 130|0x00000000a8200000, 0x00000000a8200000, 0x00000000a8300000|  0%| F|  |TAMS 0x00000000a8200000| PB 0x00000000a8200000| Untracked 
| 131|0x00000000a8300000, 0x00000000a8300000, 0x00000000a8400000|  0%| F|  |TAMS 0x00000000a8300000| PB 0x00000000a8300000| Untracked 
| 132|0x00000000a8400000, 0x00000000a8400000, 0x00000000a8500000|  0%| F|  |TAMS 0x00000000a8400000| PB 0x00000000a8400000| Untracked 
| 133|0x00000000a8500000, 0x00000000a8500000, 0x00000000a8600000|  0%| F|  |TAMS 0x00000000a8500000| PB 0x00000000a8500000| Untracked 
| 134|0x00000000a8600000, 0x00000000a8600000, 0x00000000a8700000|  0%| F|  |TAMS 0x00000000a8600000| PB 0x00000000a8600000| Untracked 
| 135|0x00000000a8700000, 0x00000000a8700000, 0x00000000a8800000|  0%| F|  |TAMS 0x00000000a8700000| PB 0x00000000a8700000| Untracked 
| 136|0x00000000a8800000, 0x00000000a8800000, 0x00000000a8900000|  0%| F|  |TAMS 0x00000000a8800000| PB 0x00000000a8800000| Untracked 
| 137|0x00000000a8900000, 0x00000000a8900000, 0x00000000a8a00000|  0%| F|  |TAMS 0x00000000a8900000| PB 0x00000000a8900000| Untracked 
| 138|0x00000000a8a00000, 0x00000000a8a00000, 0x00000000a8b00000|  0%| F|  |TAMS 0x00000000a8a00000| PB 0x00000000a8a00000| Untracked 
| 139|0x00000000a8b00000, 0x00000000a8b00000, 0x00000000a8c00000|  0%| F|  |TAMS 0x00000000a8b00000| PB 0x00000000a8b00000| Untracked 
| 140|0x00000000a8c00000, 0x00000000a8c00000, 0x00000000a8d00000|  0%| F|  |TAMS 0x00000000a8c00000| PB 0x00000000a8c00000| Untracked 
| 141|0x00000000a8d00000, 0x00000000a8d00000, 0x00000000a8e00000|  0%| F|  |TAMS 0x00000000a8d00000| PB 0x00000000a8d00000| Untracked 
| 142|0x00000000a8e00000, 0x00000000a8e00000, 0x00000000a8f00000|  0%| F|  |TAMS 0x00000000a8e00000| PB 0x00000000a8e00000| Untracked 
| 143|0x00000000a8f00000, 0x00000000a8f00000, 0x00000000a9000000|  0%| F|  |TAMS 0x00000000a8f00000| PB 0x00000000a8f00000| Untracked 
| 144|0x00000000a9000000, 0x00000000a9000000, 0x00000000a9100000|  0%| F|  |TAMS 0x00000000a9000000| PB 0x00000000a9000000| Untracked 
| 145|0x00000000a9100000, 0x00000000a9100000, 0x00000000a9200000|  0%| F|  |TAMS 0x00000000a9100000| PB 0x00000000a9100000| Untracked 
| 146|0x00000000a9200000, 0x00000000a9200000, 0x00000000a9300000|  0%| F|  |TAMS 0x00000000a9200000| PB 0x00000000a9200000| Untracked 
| 147|0x00000000a9300000, 0x00000000a9300000, 0x00000000a9400000|  0%| F|  |TAMS 0x00000000a9300000| PB 0x00000000a9300000| Untracked 
| 148|0x00000000a9400000, 0x00000000a9400000, 0x00000000a9500000|  0%| F|  |TAMS 0x00000000a9400000| PB 0x00000000a9400000| Untracked 
| 149|0x00000000a9500000, 0x00000000a9500000, 0x00000000a9600000|  0%| F|  |TAMS 0x00000000a9500000| PB 0x00000000a9500000| Untracked 
| 150|0x00000000a9600000, 0x00000000a9600000, 0x00000000a9700000|  0%| F|  |TAMS 0x00000000a9600000| PB 0x00000000a9600000| Untracked 
| 151|0x00000000a9700000, 0x00000000a9700000, 0x00000000a9800000|  0%| F|  |TAMS 0x00000000a9700000| PB 0x00000000a9700000| Untracked 
| 152|0x00000000a9800000, 0x00000000a9800000, 0x00000000a9900000|  0%| F|  |TAMS 0x00000000a9800000| PB 0x00000000a9800000| Untracked 
| 153|0x00000000a9900000, 0x00000000a9900000, 0x00000000a9a00000|  0%| F|  |TAMS 0x00000000a9900000| PB 0x00000000a9900000| Untracked 
| 154|0x00000000a9a00000, 0x00000000a9a00000, 0x00000000a9b00000|  0%| F|  |TAMS 0x00000000a9a00000| PB 0x00000000a9a00000| Untracked 
| 155|0x00000000a9b00000, 0x00000000a9b00000, 0x00000000a9c00000|  0%| F|  |TAMS 0x00000000a9b00000| PB 0x00000000a9b00000| Untracked 
| 156|0x00000000a9c00000, 0x00000000a9c00000, 0x00000000a9d00000|  0%| F|  |TAMS 0x00000000a9c00000| PB 0x00000000a9c00000| Untracked 
| 157|0x00000000a9d00000, 0x00000000a9d00000, 0x00000000a9e00000|  0%| F|  |TAMS 0x00000000a9d00000| PB 0x00000000a9d00000| Untracked 
| 158|0x00000000a9e00000, 0x00000000a9e00000, 0x00000000a9f00000|  0%| F|  |TAMS 0x00000000a9e00000| PB 0x00000000a9e00000| Untracked 
| 159|0x00000000a9f00000, 0x00000000a9f00000, 0x00000000aa000000|  0%| F|  |TAMS 0x00000000a9f00000| PB 0x00000000a9f00000| Untracked 
| 160|0x00000000aa000000, 0x00000000aa000000, 0x00000000aa100000|  0%| F|  |TAMS 0x00000000aa000000| PB 0x00000000aa000000| Untracked 
| 161|0x00000000aa100000, 0x00000000aa100000, 0x00000000aa200000|  0%| F|  |TAMS 0x00000000aa100000| PB 0x00000000aa100000| Untracked 
| 162|0x00000000aa200000, 0x00000000aa200000, 0x00000000aa300000|  0%| F|  |TAMS 0x00000000aa200000| PB 0x00000000aa200000| Untracked 
| 163|0x00000000aa300000, 0x00000000aa300000, 0x00000000aa400000|  0%| F|  |TAMS 0x00000000aa300000| PB 0x00000000aa300000| Untracked 
| 164|0x00000000aa400000, 0x00000000aa400000, 0x00000000aa500000|  0%| F|  |TAMS 0x00000000aa400000| PB 0x00000000aa400000| Untracked 
| 165|0x00000000aa500000, 0x00000000aa500000, 0x00000000aa600000|  0%| F|  |TAMS 0x00000000aa500000| PB 0x00000000aa500000| Untracked 
| 166|0x00000000aa600000, 0x00000000aa600000, 0x00000000aa700000|  0%| F|  |TAMS 0x00000000aa600000| PB 0x00000000aa600000| Untracked 
| 167|0x00000000aa700000, 0x00000000aa700000, 0x00000000aa800000|  0%| F|  |TAMS 0x00000000aa700000| PB 0x00000000aa700000| Untracked 
| 168|0x00000000aa800000, 0x00000000aa800000, 0x00000000aa900000|  0%| F|  |TAMS 0x00000000aa800000| PB 0x00000000aa800000| Untracked 
| 169|0x00000000aa900000, 0x00000000aa900000, 0x00000000aaa00000|  0%| F|  |TAMS 0x00000000aa900000| PB 0x00000000aa900000| Untracked 
| 170|0x00000000aaa00000, 0x00000000aaa00000, 0x00000000aab00000|  0%| F|  |TAMS 0x00000000aaa00000| PB 0x00000000aaa00000| Untracked 
| 171|0x00000000aab00000, 0x00000000aab00000, 0x00000000aac00000|  0%| F|  |TAMS 0x00000000aab00000| PB 0x00000000aab00000| Untracked 
| 172|0x00000000aac00000, 0x00000000aac00000, 0x00000000aad00000|  0%| F|  |TAMS 0x00000000aac00000| PB 0x00000000aac00000| Untracked 
| 173|0x00000000aad00000, 0x00000000aad00000, 0x00000000aae00000|  0%| F|  |TAMS 0x00000000aad00000| PB 0x00000000aad00000| Untracked 
| 174|0x00000000aae00000, 0x00000000aae00000, 0x00000000aaf00000|  0%| F|  |TAMS 0x00000000aae00000| PB 0x00000000aae00000| Untracked 
| 175|0x00000000aaf00000, 0x00000000aaf00000, 0x00000000ab000000|  0%| F|  |TAMS 0x00000000aaf00000| PB 0x00000000aaf00000| Untracked 
| 176|0x00000000ab000000, 0x00000000ab000000, 0x00000000ab100000|  0%| F|  |TAMS 0x00000000ab000000| PB 0x00000000ab000000| Untracked 
| 177|0x00000000ab100000, 0x00000000ab100000, 0x00000000ab200000|  0%| F|  |TAMS 0x00000000ab100000| PB 0x00000000ab100000| Untracked 
| 178|0x00000000ab200000, 0x00000000ab200000, 0x00000000ab300000|  0%| F|  |TAMS 0x00000000ab200000| PB 0x00000000ab200000| Untracked 
| 179|0x00000000ab300000, 0x00000000ab300000, 0x00000000ab400000|  0%| F|  |TAMS 0x00000000ab300000| PB 0x00000000ab300000| Untracked 
| 180|0x00000000ab400000, 0x00000000ab400000, 0x00000000ab500000|  0%| F|  |TAMS 0x00000000ab400000| PB 0x00000000ab400000| Untracked 
| 181|0x00000000ab500000, 0x00000000ab5db128, 0x00000000ab600000| 85%| E|  |TAMS 0x00000000ab500000| PB 0x00000000ab500000| Complete 
| 186|0x00000000aba00000, 0x00000000abb00000, 0x00000000abb00000|100%| E|CS|TAMS 0x00000000aba00000| PB 0x00000000aba00000| Complete 
| 187|0x00000000abb00000, 0x00000000abc00000, 0x00000000abc00000|100%| E|CS|TAMS 0x00000000abb00000| PB 0x00000000abb00000| Complete 
|1515|0x00000000feb00000, 0x00000000feb4f480, 0x00000000fec00000| 30%| O|  |TAMS 0x00000000feb00000| PB 0x00000000feb00000| Untracked 
|1516|0x00000000fec00000, 0x00000000fed00000, 0x00000000fed00000|100%| O|  |TAMS 0x00000000fec00000| PB 0x00000000fec00000| Untracked 
|1517|0x00000000fed00000, 0x00000000fee00000, 0x00000000fee00000|100%| O|  |TAMS 0x00000000fed00000| PB 0x00000000fed00000| Untracked 
|1518|0x00000000fee00000, 0x00000000fef00000, 0x00000000fef00000|100%| O|  |TAMS 0x00000000fee00000| PB 0x00000000fee00000| Untracked 
|1519|0x00000000fef00000, 0x00000000ff000000, 0x00000000ff000000|100%| O|  |TAMS 0x00000000fef00000| PB 0x00000000fef00000| Untracked 
|1520|0x00000000ff000000, 0x00000000ff100000, 0x00000000ff100000|100%| E|CS|TAMS 0x00000000ff000000| PB 0x00000000ff000000| Complete 
|1521|0x00000000ff100000, 0x00000000ff200000, 0x00000000ff200000|100%| E|CS|TAMS 0x00000000ff100000| PB 0x00000000ff100000| Complete 
|1522|0x00000000ff200000, 0x00000000ff300000, 0x00000000ff300000|100%| E|CS|TAMS 0x00000000ff200000| PB 0x00000000ff200000| Complete 
|1523|0x00000000ff300000, 0x00000000ff400000, 0x00000000ff400000|100%| E|CS|TAMS 0x00000000ff300000| PB 0x00000000ff300000| Complete 
|1524|0x00000000ff400000, 0x00000000ff500000, 0x00000000ff500000|100%| O|Cm|TAMS 0x00000000ff400000| PB 0x00000000ff400000| Complete 
|1525|0x00000000ff500000, 0x00000000ff600000, 0x00000000ff600000|100%| O|  |TAMS 0x00000000ff500000| PB 0x00000000ff500000| Untracked 
|1526|0x00000000ff600000, 0x00000000ff700000, 0x00000000ff700000|100%| O|  |TAMS 0x00000000ff600000| PB 0x00000000ff600000| Untracked 
|1527|0x00000000ff700000, 0x00000000ff800000, 0x00000000ff800000|100%| O|Cm|TAMS 0x00000000ff700000| PB 0x00000000ff700000| Complete 
|1528|0x00000000ff800000, 0x00000000ff900000, 0x00000000ff900000|100%| E|CS|TAMS 0x00000000ff800000| PB 0x00000000ff800000| Complete 
|1529|0x00000000ff900000, 0x00000000ffa00000, 0x00000000ffa00000|100%| E|CS|TAMS 0x00000000ff900000| PB 0x00000000ff900000| Complete 
|1530|0x00000000ffa00000, 0x00000000ffb00000, 0x00000000ffb00000|100%| O|  |TAMS 0x00000000ffa00000| PB 0x00000000ffa00000| Untracked 
|1531|0x00000000ffb00000, 0x00000000ffc00000, 0x00000000ffc00000|100%| E|CS|TAMS 0x00000000ffb00000| PB 0x00000000ffb00000| Complete 
|1532|0x00000000ffc00000, 0x00000000ffd00000, 0x00000000ffd00000|100%| O|  |TAMS 0x00000000ffc00000| PB 0x00000000ffc00000| Untracked 
|1533|0x00000000ffd00000, 0x00000000ffe00000, 0x00000000ffe00000|100%| O|  |TAMS 0x00000000ffd00000| PB 0x00000000ffd00000| Untracked 
|1534|0x00000000ffe00000, 0x00000000fff00000, 0x00000000fff00000|100%| O|  |TAMS 0x00000000ffe00000| PB 0x00000000ffe00000| Untracked 
|1535|0x00000000fff00000, 0x0000000100000000, 0x0000000100000000|100%| O|  |TAMS 0x00000000fff00000| PB 0x00000000fff00000| Untracked 

Card table byte_map: [0x000002189d420000,0x000002189d720000] _byte_map_base: 0x000002189cf20000

Marking Bits: (CMBitMap*) 0x000002188aae3690
 Bits: [0x000002189d720000, 0x000002189ef20000)

Polling page: 0x00000218888f0000

Metaspace:

Usage:
  Non-class:    102.14 MB used.
      Class:     16.83 MB used.
       Both:    118.97 MB used.

Virtual space:
  Non-class space:      128.00 MB reserved,     103.25 MB ( 81%) committed,  2 nodes.
      Class space:      208.00 MB reserved,      17.88 MB (  9%) committed,  1 nodes.
             Both:      336.00 MB reserved,     121.12 MB ( 36%) committed. 

Chunk freelists:
   Non-Class:  8.77 MB
       Class:  14.08 MB
        Both:  22.84 MB

MaxMetaspaceSize: 256.00 MB
CompressedClassSpaceSize: 208.00 MB
Initial GC threshold: 21.00 MB
Current GC threshold: 200.88 MB
CDS: off
 - commit_granule_bytes: 65536.
 - commit_granule_words: 8192.
 - virtual_space_node_default_size: 8388608.
 - enlarge_chunks_in_place: 1.
 - use_allocation_guard: 0.


Internal statistics:

num_allocs_failed_limit: 9.
num_arena_births: 4330.
num_arena_deaths: 0.
num_vsnodes_births: 3.
num_vsnodes_deaths: 0.
num_space_committed: 1938.
num_space_uncommitted: 0.
num_chunks_returned_to_freelist: 9.
num_chunks_taken_from_freelist: 9346.
num_chunk_merges: 9.
num_chunk_splits: 6126.
num_chunks_enlarged: 3856.
num_inconsistent_stats: 0.

CodeHeap 'non-profiled nmethods': size=120000Kb used=7102Kb max_used=7281Kb free=112897Kb
 bounds [0x00000218956a0000, 0x0000021895dc0000, 0x000002189cbd0000]
CodeHeap 'profiled nmethods': size=120000Kb used=20916Kb max_used=21544Kb free=99083Kb
 bounds [0x000002188dbd0000, 0x000002188f0e0000, 0x0000021895100000]
CodeHeap 'non-nmethods': size=5760Kb used=2766Kb max_used=2842Kb free=2993Kb
 bounds [0x0000021895100000, 0x00000218953d0000, 0x00000218956a0000]
CodeCache: size=245760Kb, used=30784Kb, max_used=31667Kb, free=214973Kb
 total_blobs=12264, nmethods=11221, adapters=947, full_count=0
Compilation: enabled, stopped_count=0, restarted_count=0

Compilation events (20 events):
Event: 15.128 Thread 0x00000218ab5e2170 13490       4       sun.reflect.misc.ReflectUtil::checkPackageAccess (14 bytes)
Event: 15.128 Thread 0x00000218ab5e2170 nmethod 13490 0x0000021895755690 code [0x0000021895755800, 0x0000021895755868]
Event: 15.128 Thread 0x00000218ab5e2170 13498       4       java.util.stream.ReferencePipeline$Head::<init> (8 bytes)
Event: 15.130 Thread 0x00000218ab5e2170 nmethod 13498 0x00000218956c0e10 code [0x00000218956c0fa0, 0x00000218956c1200]
Event: 15.134 Thread 0x00000218ab5e2170 13506       4       org.gradle.tooling.internal.provider.runner.ClientBuildEventGenerator::started (168 bytes)
Event: 15.142 Thread 0x00000218a612e630 13507       3       java.security.ProtectionDomain::<init> (98 bytes)
Event: 15.143 Thread 0x00000218a612e630 nmethod 13507 0x000002188dc11c90 code [0x000002188dc11ea0, 0x000002188dc128d8]
Event: 15.143 Thread 0x00000218a612e630 13508       3       org.gradle.api.internal.file.DefaultFileCollectionFactory::resolving (33 bytes)
Event: 15.143 Thread 0x00000218a612e630 nmethod 13508 0x000002188df6ac10 code [0x000002188df6ae20, 0x000002188df6b418]
Event: 15.143 Thread 0x00000218a612e630 13509   !   3       org.gradle.internal.resources.DefaultResourceLockCoordinationService::assertHasStateLock (33 bytes)
Event: 15.143 Thread 0x00000218a612e630 nmethod 13509 0x000002188e230510 code [0x000002188e230700, 0x000002188e230c20]
Event: 15.148 Thread 0x00000218ab5e2170 nmethod 13506 0x0000021895be2d10 code [0x0000021895be2fc0, 0x0000021895be3e98]
Event: 15.148 Thread 0x00000218ab5e2170 13511       4       org.gradle.tooling.internal.provider.runner.ClientBuildEventGenerator$Enabled::accept (58 bytes)
Event: 15.149 Thread 0x00000218a612e630 13512   !   3       com.google.common.collect.MapMakerInternalMap$Segment::reclaimKey (137 bytes)
Event: 15.151 Thread 0x00000218a612e630 nmethod 13512 0x000002188df6c310 code [0x000002188df6c800, 0x000002188df6eeb0]
Event: 15.151 Thread 0x00000218a612e630 13513       3       com.google.common.collect.MapMakerInternalMap$Segment::removeFromChain (67 bytes)
Event: 15.151 Thread 0x00000218a612e630 nmethod 13513 0x000002188dce0210 code [0x000002188dce0420, 0x000002188dce0a78]
Event: 15.151 Thread 0x00000218ab5e2170 nmethod 13511 0x000002189593c890 code [0x000002189593ca60, 0x000002189593cd48]
Event: 15.151 Thread 0x00000218ab5e2170 13510       4       java.util.stream.Sink$ChainedReference::cancellationRequested (10 bytes)
Event: 15.152 Thread 0x00000218ab5e2170 nmethod 13510 0x0000021895c66b10 code [0x0000021895c66ca0, 0x0000021895c66d50]

GC Heap History (20 events):
Event: 10.815 GC heap before
{Heap before GC invocations=31 (full 0):
 garbage-first heap   total 160768K, used 141390K [0x00000000a0000000, 0x0000000100000000)
  region size 1024K, 56 young (57344K), 7 survivors (7168K)
 Metaspace       used 92792K, committed 94720K, reserved 344064K
  class space    used 12859K, committed 13760K, reserved 212992K
}
Event: 10.820 GC heap after
{Heap after GC invocations=32 (full 0):
 garbage-first heap   total 160768K, used 94886K [0x00000000a0000000, 0x0000000100000000)
  region size 1024K, 3 young (3072K), 3 survivors (3072K)
 Metaspace       used 92792K, committed 94720K, reserved 344064K
  class space    used 12859K, committed 13760K, reserved 212992K
}
Event: 11.403 GC heap before
{Heap before GC invocations=33 (full 0):
 garbage-first heap   total 160768K, used 149158K [0x00000000a0000000, 0x0000000100000000)
  region size 1024K, 52 young (53248K), 3 survivors (3072K)
 Metaspace       used 97657K, committed 99648K, reserved 344064K
  class space    used 13520K, committed 14464K, reserved 212992K
}
Event: 11.408 GC heap after
{Heap after GC invocations=34 (full 0):
 garbage-first heap   total 160768K, used 102412K [0x00000000a0000000, 0x0000000100000000)
  region size 1024K, 6 young (6144K), 6 survivors (6144K)
 Metaspace       used 97657K, committed 99648K, reserved 344064K
  class space    used 13520K, committed 14464K, reserved 212992K
}
Event: 11.787 GC heap before
{Heap before GC invocations=34 (full 0):
 garbage-first heap   total 160768K, used 146444K [0x00000000a0000000, 0x0000000100000000)
  region size 1024K, 49 young (50176K), 6 survivors (6144K)
 Metaspace       used 99949K, committed 101888K, reserved 344064K
  class space    used 13839K, committed 14784K, reserved 212992K
}
Event: 11.794 GC heap after
{Heap after GC invocations=35 (full 0):
 garbage-first heap   total 160768K, used 105435K [0x00000000a0000000, 0x0000000100000000)
  region size 1024K, 7 young (7168K), 7 survivors (7168K)
 Metaspace       used 99949K, committed 101888K, reserved 344064K
  class space    used 13839K, committed 14784K, reserved 212992K
}
Event: 12.083 GC heap before
{Heap before GC invocations=35 (full 0):
 garbage-first heap   total 160768K, used 146395K [0x00000000a0000000, 0x0000000100000000)
  region size 1024K, 48 young (49152K), 7 survivors (7168K)
 Metaspace       used 101112K, committed 103104K, reserved 344064K
  class space    used 13991K, committed 14976K, reserved 212992K
}
Event: 12.091 GC heap after
{Heap after GC invocations=36 (full 0):
 garbage-first heap   total 160768K, used 106831K [0x00000000a0000000, 0x0000000100000000)
  region size 1024K, 4 young (4096K), 4 survivors (4096K)
 Metaspace       used 101112K, committed 103104K, reserved 344064K
  class space    used 13991K, committed 14976K, reserved 212992K
}
Event: 12.431 GC heap before
{Heap before GC invocations=37 (full 0):
 garbage-first heap   total 179200K, used 147791K [0x00000000a0000000, 0x0000000100000000)
  region size 1024K, 43 young (44032K), 4 survivors (4096K)
 Metaspace       used 103736K, committed 105792K, reserved 344064K
  class space    used 14375K, committed 15360K, reserved 212992K
}
Event: 12.435 GC heap after
{Heap after GC invocations=38 (full 0):
 garbage-first heap   total 179200K, used 108380K [0x00000000a0000000, 0x0000000100000000)
  region size 1024K, 2 young (2048K), 2 survivors (2048K)
 Metaspace       used 103736K, committed 105792K, reserved 344064K
  class space    used 14375K, committed 15360K, reserved 212992K
}
Event: 12.976 GC heap before
{Heap before GC invocations=38 (full 0):
 garbage-first heap   total 179200K, used 163676K [0x00000000a0000000, 0x0000000100000000)
  region size 1024K, 56 young (57344K), 2 survivors (2048K)
 Metaspace       used 107933K, committed 110016K, reserved 344064K
  class space    used 15119K, committed 16128K, reserved 212992K
}
Event: 12.980 GC heap after
{Heap after GC invocations=39 (full 0):
 garbage-first heap   total 179200K, used 108183K [0x00000000a0000000, 0x0000000100000000)
  region size 1024K, 4 young (4096K), 4 survivors (4096K)
 Metaspace       used 107933K, committed 110016K, reserved 344064K
  class space    used 15119K, committed 16128K, reserved 212992K
}
Event: 13.537 GC heap before
{Heap before GC invocations=39 (full 0):
 garbage-first heap   total 179200K, used 164503K [0x00000000a0000000, 0x0000000100000000)
  region size 1024K, 59 young (60416K), 4 survivors (4096K)
 Metaspace       used 111850K, committed 113920K, reserved 344064K
  class space    used 15705K, committed 16704K, reserved 212992K
}
Event: 13.542 GC heap after
{Heap after GC invocations=40 (full 0):
 garbage-first heap   total 179200K, used 111587K [0x00000000a0000000, 0x0000000100000000)
  region size 1024K, 7 young (7168K), 7 survivors (7168K)
 Metaspace       used 111850K, committed 113920K, reserved 344064K
  class space    used 15705K, committed 16704K, reserved 212992K
}
Event: 14.049 GC heap before
{Heap before GC invocations=41 (full 0):
 garbage-first heap   total 188416K, used 166883K [0x00000000a0000000, 0x0000000100000000)
  region size 1024K, 61 young (62464K), 7 survivors (7168K)
 Metaspace       used 115386K, committed 117504K, reserved 344064K
  class space    used 16316K, committed 17344K, reserved 212992K
}
Event: 14.055 GC heap after
{Heap after GC invocations=42 (full 0):
 garbage-first heap   total 188416K, used 113568K [0x00000000a0000000, 0x0000000100000000)
  region size 1024K, 6 young (6144K), 6 survivors (6144K)
 Metaspace       used 115386K, committed 117504K, reserved 344064K
  class space    used 16316K, committed 17344K, reserved 212992K
}
Event: 14.603 GC heap before
{Heap before GC invocations=42 (full 0):
 garbage-first heap   total 188416K, used 175008K [0x00000000a0000000, 0x0000000100000000)
  region size 1024K, 66 young (67584K), 6 survivors (6144K)
 Metaspace       used 119640K, committed 121856K, reserved 344064K
  class space    used 16871K, committed 17920K, reserved 212992K
}
Event: 14.611 GC heap after
{Heap after GC invocations=43 (full 0):
 garbage-first heap   total 189440K, used 117207K [0x00000000a0000000, 0x0000000100000000)
  region size 1024K, 8 young (8192K), 8 survivors (8192K)
 Metaspace       used 119640K, committed 121856K, reserved 344064K
  class space    used 16871K, committed 17920K, reserved 212992K
}
Event: 15.037 GC heap before
{Heap before GC invocations=43 (full 0):
 garbage-first heap   total 189440K, used 175575K [0x00000000a0000000, 0x0000000100000000)
  region size 1024K, 66 young (67584K), 8 survivors (8192K)
 Metaspace       used 120608K, committed 122880K, reserved 344064K
  class space    used 17011K, committed 18112K, reserved 212992K
}
Event: 15.047 GC heap after
{Heap after GC invocations=44 (full 0):
 garbage-first heap   total 193536K, used 125245K [0x00000000a0000000, 0x0000000100000000)
  region size 1024K, 9 young (9216K), 9 survivors (9216K)
 Metaspace       used 120608K, committed 122880K, reserved 344064K
  class space    used 17011K, committed 18112K, reserved 212992K
}

Dll operation events (3 events):
Event: 0.016 Loaded shared library C:\Program Files\Android\Android Studio\jbr\bin\java.dll
Event: 0.021 Loaded shared library C:\Program Files\Android\Android Studio\jbr\bin\zip.dll
Event: 0.475 Loaded shared library C:\Program Files\Android\Android Studio\jbr\bin\verify.dll

Deoptimization events (20 events):
Event: 15.143 Thread 0x00000218ab4bb620 Uncommon trap: trap_request=0xffffffde fr.pc=0x0000021895bb35ac relative=0x0000000000001a2c
Event: 15.143 Thread 0x00000218ab4bb620 Uncommon trap: reason=class_check action=maybe_recompile pc=0x0000021895bb35ac method=org.gradle.internal.snapshot.ChildMap$Entry.handleAncestorDescendantOrExactMatch(Lorg/gradle/internal/snapshot/VfsRelativePath;Lorg/gradle/internal/snapshot/CaseSensitiv
Event: 15.143 Thread 0x00000218ab4bb620 DEOPT PACKING pc=0x0000021895bb35ac sp=0x000000bf5ebfea00
Event: 15.143 Thread 0x00000218ab4bb620 DEOPT UNPACKING pc=0x00000218951543a2 sp=0x000000bf5ebfe9f8 mode 2
Event: 15.145 Thread 0x00000218ac2939f0 Uncommon trap: trap_request=0xffffff45 fr.pc=0x000002189592e0f0 relative=0x0000000000000230
Event: 15.145 Thread 0x00000218ac2939f0 Uncommon trap: reason=unstable_if action=reinterpret pc=0x000002189592e0f0 method=org.gradle.internal.io.StreamByteBuffer.prepareRead()I @ 20 c2
Event: 15.145 Thread 0x00000218ac2939f0 DEOPT PACKING pc=0x000002189592e0f0 sp=0x000000bf5effe610
Event: 15.145 Thread 0x00000218ac2939f0 DEOPT UNPACKING pc=0x00000218951543a2 sp=0x000000bf5effe550 mode 2
Event: 15.148 Thread 0x00000218ac2939f0 Uncommon trap: trap_request=0xffffff45 fr.pc=0x0000021895a074e8 relative=0x0000000000001da8
Event: 15.148 Thread 0x00000218ac2939f0 Uncommon trap: reason=unstable_if action=reinterpret pc=0x0000021895a074e8 method=com.google.common.collect.MapMakerInternalMap$Segment.drainKeyReferenceQueue(Ljava/lang/ref/ReferenceQueue;)V @ 32 c2
Event: 15.148 Thread 0x00000218ac2939f0 DEOPT PACKING pc=0x0000021895a074e8 sp=0x000000bf5effe510
Event: 15.148 Thread 0x00000218ac2939f0 DEOPT UNPACKING pc=0x00000218951543a2 sp=0x000000bf5effe2a8 mode 2
Event: 15.149 Thread 0x00000218ac2939f0 Uncommon trap: trap_request=0xffffff45 fr.pc=0x00000218959ebf44 relative=0x0000000000000064
Event: 15.149 Thread 0x00000218ac2939f0 Uncommon trap: reason=unstable_if action=reinterpret pc=0x00000218959ebf44 method=org.gradle.internal.io.StreamByteBuffer.prepareRead()I @ 20 c2
Event: 15.149 Thread 0x00000218ac2939f0 DEOPT PACKING pc=0x00000218959ebf44 sp=0x000000bf5effe370
Event: 15.149 Thread 0x00000218ac2939f0 DEOPT UNPACKING pc=0x00000218951543a2 sp=0x000000bf5effe328 mode 2
Event: 15.156 Thread 0x00000218ab4bb620 Uncommon trap: trap_request=0xffffff45 fr.pc=0x0000021895bb32bc relative=0x000000000000173c
Event: 15.156 Thread 0x00000218ab4bb620 Uncommon trap: reason=unstable_if action=reinterpret pc=0x0000021895bb32bc method=org.gradle.internal.snapshot.ChildMap$Entry.handleAncestorDescendantOrExactMatch(Lorg/gradle/internal/snapshot/VfsRelativePath;Lorg/gradle/internal/snapshot/CaseSensitivity;
Event: 15.156 Thread 0x00000218ab4bb620 DEOPT PACKING pc=0x0000021895bb32bc sp=0x000000bf5ebfb0f0
Event: 15.156 Thread 0x00000218ab4bb620 DEOPT UNPACKING pc=0x00000218951543a2 sp=0x000000bf5ebfb0f0 mode 2

Classes loaded (20 events):
Event: 14.136 Loading class java/util/regex/Pattern$Behind
Event: 14.136 Loading class java/util/regex/Pattern$Behind done
Event: 14.136 Loading class java/util/regex/Pattern$Neg
Event: 14.136 Loading class java/util/regex/Pattern$Neg done
Event: 14.142 Loading class javax/xml/datatype/DatatypeConfigurationException
Event: 14.142 Loading class javax/xml/datatype/DatatypeConfigurationException done
Event: 14.145 Loading class com/sun/org/apache/xerces/internal/impl/io/MalformedByteSequenceException
Event: 14.145 Loading class java/io/CharConversionException
Event: 14.145 Loading class java/io/CharConversionException done
Event: 14.145 Loading class com/sun/org/apache/xerces/internal/impl/io/MalformedByteSequenceException done
Event: 14.201 Loading class java/net/InetAddress$CachedLocalHost
Event: 14.201 Loading class java/net/InetAddress$CachedLocalHost done
Event: 14.551 Loading class java/util/IdentityHashMap$KeyIterator
Event: 14.551 Loading class java/util/IdentityHashMap$KeyIterator done
Event: 14.554 Loading class java/util/TreeMap$KeySpliterator
Event: 14.554 Loading class java/util/TreeMap$TreeMapSpliterator
Event: 14.554 Loading class java/util/TreeMap$TreeMapSpliterator done
Event: 14.554 Loading class java/util/TreeMap$KeySpliterator done
Event: 14.811 Loading class java/io/FilterReader
Event: 14.811 Loading class java/io/FilterReader done

Classes unloaded (0 events):
No events

Classes redefined (0 events):
No events

Internal exceptions (20 events):
Event: 14.968 Thread 0x00000218a85527c0 Implicit null exception at 0x0000021895d469a4 to 0x0000021895d4d908
Event: 14.979 Thread 0x00000218ab4b8ec0 Exception <a 'java/lang/NoSuchMethodError'{0x00000000a7a2f460}: 'java.lang.Object java.lang.invoke.DirectMethodHandle$Holder.newInvokeSpecial(java.lang.Object, java.lang.Object, int, java.lang.Object, java.lang.Object)'> (0x00000000a7a2f460) 
thrown [s\src\hotspot\share\interpreter\linkResolver.cpp, line 784]
Event: 15.008 Thread 0x00000218ab4b8ec0 Exception <a 'sun/nio/fs/WindowsException'{0x00000000a7797318}> (0x00000000a7797318) 
thrown [s\src\hotspot\share\prims\jni.cpp, line 537]
Event: 15.024 Thread 0x00000218ab4b8ec0 Exception <a 'java/lang/NoSuchMethodError'{0x00000000a76d9168}: 'java.lang.Object java.lang.invoke.DirectMethodHandle$Holder.invokeVirtual(java.lang.Object, java.lang.Object, java.lang.Object, java.lang.Object, java.lang.Object, java.lang.Object, java.lang.Object, java.lang.Object, java.lang.Object, java.lang.Object, java.lang.Object, java.lang.Object, java.lang.Object, java.lang.Object, java.lang.Object, java.lang.Object, java.lang.Object, java.lang.Object, java.lang.Object)'> (0x00000000a76d9168) 
thrown
Event: 15.036 Thread 0x00000218a8d8cde0 Exception <a 'java/lang/NoSuchMethodError'{0x00000000a75b8508}: static Lorg/gradle/internal/build/event/types/DefaultTaskStartedProgressEvent;.<clinit>()V> (0x00000000a75b8508) 
thrown [s\src\hotspot\share\prims\jni.cpp, line 1144]
Event: 15.037 Thread 0x00000218a8d8cde0 Exception <a 'java/lang/NoSuchMethodError'{0x00000000a75fe580}: static Lorg/gradle/internal/build/event/types/DefaultTaskDescriptor;.<clinit>()V> (0x00000000a75fe580) 
thrown [s\src\hotspot\share\prims\jni.cpp, line 1144]
Event: 15.052 Thread 0x00000218a8d8cde0 Exception <a 'java/lang/NoSuchMethodError'{0x00000000ffb881b0}: static Lorg/gradle/internal/build/event/types/DefaultTaskFinishedProgressEvent;.<clinit>()V> (0x00000000ffb881b0) 
thrown [s\src\hotspot\share\prims\jni.cpp, line 1144]
Event: 15.054 Thread 0x00000218a8d8cde0 Exception <a 'java/lang/NoSuchMethodError'{0x00000000ff996990}: static Lorg/gradle/internal/build/event/types/DefaultTaskSuccessResult;.<clinit>()V> (0x00000000ff996990) 
thrown [s\src\hotspot\share\prims\jni.cpp, line 1144]
Event: 15.055 Thread 0x00000218a8d8cde0 Exception <a 'java/lang/NoSuchMethodError'{0x00000000ff9980c8}: static Lorg/gradle/internal/build/event/types/AbstractTaskResult;.<clinit>()V> (0x00000000ff9980c8) 
thrown [s\src\hotspot\share\prims\jni.cpp, line 1144]
Event: 15.068 Thread 0x00000218aa52d080 Exception <a 'sun/nio/fs/WindowsException'{0x00000000ff31d478}> (0x00000000ff31d478) 
thrown [s\src\hotspot\share\prims\jni.cpp, line 537]
Event: 15.069 Thread 0x00000218ab4b7480 Exception <a 'java/lang/NoSuchMethodError'{0x00000000ffb84590}: static Lcom/android/buildanalyzer/common/AndroidGradlePluginAttributionData$BuildInfo;.<clinit>()V> (0x00000000ffb84590) 
thrown [s\src\hotspot\share\prims\jni.cpp, line 1144]
Event: 15.070 Thread 0x00000218ab4b7480 Exception <a 'java/lang/NoSuchMethodError'{0x00000000ff374eb8}: static Lcom/android/buildanalyzer/common/AndroidGradlePluginAttributionData$JavaInfo;.<clinit>()V> (0x00000000ff374eb8) 
thrown [s\src\hotspot\share\prims\jni.cpp, line 1144]
Event: 15.072 Thread 0x00000218ab4b7480 Exception <a 'java/lang/NoSuchMethodError'{0x00000000ff39b800}: static [Ljava/lang/String;.<clinit>()V> (0x00000000ff39b800) 
thrown [s\src\hotspot\share\prims\jni.cpp, line 1144]
Event: 15.072 Thread 0x00000218ab4b7480 Exception <a 'java/lang/NoSuchMethodError'{0x00000000ff3a7d00}: static Lcom/android/buildanalyzer/common/AndroidGradlePluginAttributionData$TaskInfo;.<clinit>()V> (0x00000000ff3a7d00) 
thrown [s\src\hotspot\share\prims\jni.cpp, line 1144]
Event: 15.074 Thread 0x00000218ab4b7480 Exception <a 'java/lang/NoSuchMethodError'{0x00000000ff3b5058}: static Lcom/android/buildanalyzer/common/AndroidGradlePluginAttributionData$TaskCategoryInfo;.<clinit>()V> (0x00000000ff3b5058) 
thrown [s\src\hotspot\share\prims\jni.cpp, line 1144]
Event: 15.085 Thread 0x00000218ab4b8ec0 Exception <a 'sun/nio/fs/WindowsException'{0x00000000ff244d48}> (0x00000000ff244d48) 
thrown [s\src\hotspot\share\prims\jni.cpp, line 537]
Event: 15.086 Thread 0x00000218ab4b8ec0 Exception <a 'sun/nio/fs/WindowsException'{0x00000000ff245bf8}> (0x00000000ff245bf8) 
thrown [s\src\hotspot\share\prims\jni.cpp, line 537]
Event: 15.093 Thread 0x00000218ab4b7480 Exception <a 'sun/nio/fs/WindowsException'{0x00000000ff1353f8}> (0x00000000ff1353f8) 
thrown [s\src\hotspot\share\prims\jni.cpp, line 537]
Event: 15.118 Thread 0x00000218a8d8cde0 Exception <a 'java/lang/NoSuchMethodError'{0x00000000ff000468}: static Lorg/gradle/internal/build/event/types/DefaultTaskSkippedResult;.<clinit>()V> (0x00000000ff000468) 
thrown [s\src\hotspot\share\prims\jni.cpp, line 1144]
Event: 15.120 Thread 0x00000218ab4bb620 Exception <a 'sun/nio/fs/WindowsException'{0x00000000ff9a90a0}> (0x00000000ff9a90a0) 
thrown [s\src\hotspot\share\prims\jni.cpp, line 537]

ZGC Phase Switch (0 events):
No events

VM Operations (20 events):
Event: 15.037 Executing VM operation: G1CollectForAllocation (GCLocker Initiated GC)
Event: 15.047 Executing VM operation: G1CollectForAllocation (GCLocker Initiated GC) done
Event: 15.062 Executing VM operation: HandshakeAllThreads (Deoptimize)
Event: 15.062 Executing VM operation: HandshakeAllThreads (Deoptimize) done
Event: 15.076 Executing VM operation: HandshakeAllThreads (Deoptimize)
Event: 15.076 Executing VM operation: HandshakeAllThreads (Deoptimize) done
Event: 15.092 Executing VM operation: HandshakeAllThreads (Deoptimize)
Event: 15.092 Executing VM operation: HandshakeAllThreads (Deoptimize) done
Event: 15.095 Executing VM operation: HandshakeAllThreads (Deoptimize)
Event: 15.095 Executing VM operation: HandshakeAllThreads (Deoptimize) done
Event: 15.098 Executing VM operation: HandshakeAllThreads (Deoptimize)
Event: 15.099 Executing VM operation: HandshakeAllThreads (Deoptimize) done
Event: 15.101 Executing VM operation: G1PauseRemark
Event: 15.106 Executing VM operation: G1PauseRemark done
Event: 15.113 Executing VM operation: HandshakeAllThreads (Deoptimize)
Event: 15.113 Executing VM operation: HandshakeAllThreads (Deoptimize) done
Event: 15.138 Executing VM operation: HandshakeAllThreads (Deoptimize)
Event: 15.138 Executing VM operation: HandshakeAllThreads (Deoptimize) done
Event: 15.140 Executing VM operation: G1PauseCleanup
Event: 15.140 Executing VM operation: G1PauseCleanup done

Memory protections (0 events):
No events

Nmethod flushes (20 events):
Event: 15.105 Thread 0x00000218a60453d0 flushing  nmethod 0x0000021895bfef90
Event: 15.105 Thread 0x00000218a60453d0 flushing  nmethod 0x000002188dc42090
Event: 15.105 Thread 0x00000218a60453d0 flushing  nmethod 0x000002188dca5190
Event: 15.105 Thread 0x00000218a60453d0 flushing  nmethod 0x000002188dd97210
Event: 15.105 Thread 0x00000218a60453d0 flushing  nmethod 0x000002188ddf5510
Event: 15.105 Thread 0x00000218a60453d0 flushing  nmethod 0x000002188df6ac10
Event: 15.105 Thread 0x00000218a60453d0 flushing  nmethod 0x000002188df6c310
Event: 15.105 Thread 0x00000218a60453d0 flushing  nmethod 0x000002188df74510
Event: 15.105 Thread 0x00000218a60453d0 flushing  nmethod 0x000002188e066910
Event: 15.105 Thread 0x00000218a60453d0 flushing  nmethod 0x000002188e198e90
Event: 15.105 Thread 0x00000218a60453d0 flushing  nmethod 0x000002188e39c790
Event: 15.105 Thread 0x00000218a60453d0 flushing  nmethod 0x000002188e40bf10
Event: 15.105 Thread 0x00000218a60453d0 flushing  nmethod 0x000002188e40f790
Event: 15.105 Thread 0x00000218a60453d0 flushing  nmethod 0x000002188e45d410
Event: 15.105 Thread 0x00000218a60453d0 flushing  nmethod 0x000002188e49ae90
Event: 15.105 Thread 0x00000218a60453d0 flushing  nmethod 0x000002188e8bf110
Event: 15.105 Thread 0x00000218a60453d0 flushing  nmethod 0x000002188e9a3110
Event: 15.105 Thread 0x00000218a60453d0 flushing  nmethod 0x000002188ea57590
Event: 15.105 Thread 0x00000218a60453d0 flushing  nmethod 0x000002188eac5190
Event: 15.105 Thread 0x00000218a60453d0 flushing  nmethod 0x000002188eac7b10

Events (20 events):
Event: 8.379 Thread 0x00000218a85527c0 Thread added: 0x00000218aa5346a0
Event: 8.829 Thread 0x00000218a612e630 Thread added: 0x00000218ab5e4a50
Event: 9.084 Thread 0x00000218ab5e4a50 Thread exited: 0x00000218ab5e4a50
Event: 9.820 Thread 0x00000218a85527c0 Thread added: 0x00000218ab4b7480
Event: 9.826 Thread 0x00000218a612e630 Thread added: 0x00000218ab5e2170
Event: 10.168 Thread 0x00000218a85527c0 Thread added: 0x00000218ab4b4000
Event: 11.184 Thread 0x00000218a85527c0 Thread added: 0x00000218aa52d080
Event: 14.975 Thread 0x00000218a85527c0 Thread added: 0x00000218ab4b8ec0
Event: 14.981 Thread 0x00000218ab4b8ec0 Thread added: 0x00000218ab4b9550
Event: 14.981 Thread 0x00000218ab4b8ec0 Thread added: 0x00000218ab4b7b10
Event: 14.981 Thread 0x00000218ab4b8ec0 Thread added: 0x00000218ab4b8830
Event: 14.981 Thread 0x00000218ab4b8ec0 Thread added: 0x00000218ab4b60d0
Event: 14.981 Thread 0x00000218ab4b8ec0 Thread added: 0x00000218ab4ba900
Event: 14.982 Thread 0x00000218ab4b8ec0 Thread added: 0x00000218ab4b9be0
Event: 14.982 Thread 0x00000218ab4b8ec0 Thread added: 0x00000218ab4baf90
Event: 14.982 Thread 0x00000218ab4b8ec0 Thread added: 0x00000218ab4bb620
Event: 14.982 Thread 0x00000218ab4b8ec0 Thread added: 0x00000218ac296e70
Event: 14.982 Thread 0x00000218ab4b8ec0 Thread added: 0x00000218ac296150
Event: 14.982 Thread 0x00000218ab4b8ec0 Thread added: 0x00000218ac294080
Event: 15.006 Thread 0x00000218ab4b8ec0 Thread added: 0x00000218ac2939f0


Dynamic libraries:
0x00007ff6ab8a0000 - 0x00007ff6ab8aa000 	C:\Program Files\Android\Android Studio\jbr\bin\java.exe
0x00007ffdc0a00000 - 0x00007ffdc0c67000 	C:\WINDOWS\SYSTEM32\ntdll.dll
0x00007ffdbead0000 - 0x00007ffdbeb99000 	C:\WINDOWS\System32\KERNEL32.DLL
0x00007ffdbdea0000 - 0x00007ffdbe297000 	C:\WINDOWS\System32\KERNELBASE.dll
0x00007ffdbd4e0000 - 0x00007ffdbd62b000 	C:\WINDOWS\System32\ucrtbase.dll
0x00007ffdb8600000 - 0x00007ffdb861b000 	C:\Program Files\Android\Android Studio\jbr\bin\VCRUNTIME140.dll
0x00007ffdb33b0000 - 0x00007ffdb33c8000 	C:\Program Files\Android\Android Studio\jbr\bin\jli.dll
0x00007ffdbfeb0000 - 0x00007ffdc0076000 	C:\WINDOWS\System32\USER32.dll
0x00007ffdbe620000 - 0x00007ffdbe647000 	C:\WINDOWS\System32\win32u.dll
0x00007ffdc05c0000 - 0x00007ffdc05eb000 	C:\WINDOWS\System32\GDI32.dll
0x00007ffda6cf0000 - 0x00007ffda6f82000 	C:\WINDOWS\WinSxS\amd64_microsoft.windows.common-controls_6595b64144ccf1df_6.0.26100.8328_none_3e08182ce334b678\COMCTL32.dll
0x00007ffdbe650000 - 0x00007ffdbe77c000 	C:\WINDOWS\System32\gdi32full.dll
0x00007ffdc0510000 - 0x00007ffdc05b9000 	C:\WINDOWS\System32\msvcrt.dll
0x00007ffdbd430000 - 0x00007ffdbd4d3000 	C:\WINDOWS\System32\msvcp_win.dll
0x00007ffdbea10000 - 0x00007ffdbea42000 	C:\WINDOWS\System32\IMM32.DLL
0x0000000058a20000 - 0x0000000058a2d000 	C:\Program Files (x86)\360\Total Security\safemon\SafeWrapper.dll
0x00007ffdbed40000 - 0x00007ffdbedf6000 	C:\WINDOWS\System32\ADVAPI32.dll
0x00007ffdc05f0000 - 0x00007ffdc0697000 	C:\WINDOWS\System32\sechost.dll
0x00007ffdbe8f0000 - 0x00007ffdbea08000 	C:\WINDOWS\System32\RPCRT4.dll
0x00007ffdb4560000 - 0x00007ffdb4665000 	C:\Program Files (x86)\360\Total Security\safemon\libzdtp64.dll
0x00007ffdbf0d0000 - 0x00007ffdbf83e000 	C:\WINDOWS\System32\SHELL32.dll
0x00007ffdc0950000 - 0x00007ffdc09b6000 	C:\WINDOWS\System32\SHLWAPI.dll
0x00007ffdbd630000 - 0x00007ffdbde9c000 	C:\WINDOWS\System32\Windows.Storage.dll
0x00007ffdbf850000 - 0x00007ffdbfbd3000 	C:\WINDOWS\System32\combase.dll
0x00007ffdbcd50000 - 0x00007ffdbcd5b000 	C:\WINDOWS\SYSTEM32\VERSION.dll
0x00007ffdba3b0000 - 0x00007ffdba3bc000 	C:\Program Files\Android\Android Studio\jbr\bin\vcruntime140_1.dll
0x00007ffd5da80000 - 0x00007ffd5db0d000 	C:\Program Files\Android\Android Studio\jbr\bin\msvcp140.dll
0x00007ffd428d0000 - 0x00007ffd43566000 	C:\Program Files\Android\Android Studio\jbr\bin\server\jvm.dll
0x00007ffdbef80000 - 0x00007ffdbf000000 	C:\WINDOWS\System32\WS2_32.dll
0x00007ffdbd2b0000 - 0x00007ffdbd30e000 	C:\WINDOWS\SYSTEM32\POWRPROF.dll
0x00007ffdb0b20000 - 0x00007ffdb0b56000 	C:\WINDOWS\SYSTEM32\WINMM.dll
0x00007ffdbd290000 - 0x00007ffdbd2a4000 	C:\WINDOWS\SYSTEM32\UMPDC.dll
0x00007ffdbc110000 - 0x00007ffdbc12b000 	C:\WINDOWS\SYSTEM32\kernel.appcore.dll
0x00007ffdba390000 - 0x00007ffdba39a000 	C:\Program Files\Android\Android Studio\jbr\bin\jimage.dll
0x00007ffdbb200000 - 0x00007ffdbb442000 	C:\WINDOWS\SYSTEM32\DBGHELP.DLL
0x00007ffdbee20000 - 0x00007ffdbeef9000 	C:\WINDOWS\System32\OLEAUT32.dll
0x00007ffd95120000 - 0x00007ffd9515b000 	C:\WINDOWS\SYSTEM32\dbgcore.DLL
0x00007ffdbe360000 - 0x00007ffdbe408000 	C:\WINDOWS\System32\bcryptPrimitives.dll
0x00007ffdb3310000 - 0x00007ffdb331e000 	C:\Program Files\Android\Android Studio\jbr\bin\instrument.dll
0x00007ffdb3a10000 - 0x00007ffdb3a30000 	C:\Program Files\Android\Android Studio\jbr\bin\java.dll
0x00007ffdb3700000 - 0x00007ffdb3718000 	C:\Program Files\Android\Android Studio\jbr\bin\zip.dll
0x00007ffdbfbe0000 - 0x00007ffdbfcd6000 	C:\WINDOWS\System32\SHCORE.dll
0x00007ffdbd350000 - 0x00007ffdbd379000 	C:\WINDOWS\SYSTEM32\profapi.dll
0x00007ffdb8530000 - 0x00007ffdb8540000 	C:\Program Files\Android\Android Studio\jbr\bin\net.dll
0x00007ffdb3ce0000 - 0x00007ffdb3e09000 	C:\WINDOWS\SYSTEM32\WINHTTP.dll
0x00007ffdbc660000 - 0x00007ffdbc6cc000 	C:\WINDOWS\system32\mswsock.dll
0x00007ffdb3400000 - 0x00007ffdb3416000 	C:\Program Files\Android\Android Studio\jbr\bin\nio.dll
0x00007ffda8950000 - 0x00007ffda8960000 	C:\Program Files\Android\Android Studio\jbr\bin\verify.dll
0x00007ffd9c5f0000 - 0x00007ffd9c617000 	C:\Users\User\.gradle\native\1def1411415f61bf3af743bc5b6707747c0891f09f0c88961ee8f79bc544acac\windows-amd64\native-platform.dll
0x00007ffd95500000 - 0x00007ffd95578000 	C:\Users\User\.gradle\native\0.2.7\x86_64-windows-gnu\gradle-fileevents.dll
0x00007ffdb3300000 - 0x00007ffdb3309000 	C:\Program Files\Android\Android Studio\jbr\bin\management.dll
0x00007ffda8960000 - 0x00007ffda896b000 	C:\Program Files\Android\Android Studio\jbr\bin\management_ext.dll
0x00007ffdc0890000 - 0x00007ffdc0898000 	C:\WINDOWS\System32\PSAPI.DLL
0x00007ffdbbb00000 - 0x00007ffdbbb32000 	C:\WINDOWS\SYSTEM32\IPHLPAPI.DLL
0x00007ffdbe8e0000 - 0x00007ffdbe8ea000 	C:\WINDOWS\System32\NSI.dll
0x00007ffdb3a00000 - 0x00007ffdb3a09000 	C:\Program Files\Android\Android Studio\jbr\bin\extnet.dll
0x00007ffdbca60000 - 0x00007ffdbca7b000 	C:\WINDOWS\SYSTEM32\CRYPTSP.dll
0x00007ffdbc070000 - 0x00007ffdbc0a9000 	C:\WINDOWS\system32\rsaenh.dll
0x00007ffdbc710000 - 0x00007ffdbc743000 	C:\WINDOWS\SYSTEM32\USERENV.dll
0x00007ffdbd320000 - 0x00007ffdbd34a000 	C:\WINDOWS\SYSTEM32\bcrypt.dll
0x00007ffdbc8c0000 - 0x00007ffdbc8cc000 	C:\WINDOWS\SYSTEM32\CRYPTBASE.dll
0x00007ffd97b70000 - 0x00007ffd97b78000 	C:\WINDOWS\system32\wshunix.dll
0x00007ffdbbbf0000 - 0x00007ffdbbd22000 	C:\WINDOWS\SYSTEM32\DNSAPI.dll
0x00007ffdb7430000 - 0x00007ffdb743b000 	C:\Windows\System32\rasadhlp.dll
0x00007ffdb7870000 - 0x00007ffdb78f6000 	C:\WINDOWS\System32\fwpuclnt.dll
0x00007ffd5cff0000 - 0x00007ffd5d008000 	C:\WINDOWS\system32\napinsp.dll
0x00007ffd61230000 - 0x00007ffd61243000 	C:\WINDOWS\System32\winrnr.dll
0x00007ffd3f960000 - 0x00007ffd3f982000 	C:\WINDOWS\system32\nlansp_c.dll
0x00007ffd88f50000 - 0x00007ffd88f66000 	C:\WINDOWS\system32\wshbth.dll

JVMTI agents:
C:\Users\User\.gradle\wrapper\dists\gradle-8.13-bin\5xuhj0ry160q40clulazy9h7d\gradle-8.13\lib\agents\gradle-instrumentation-agent-8.13.jar path:C:\Program Files\Android\Android Studio\jbr\bin\instrument.dll, loaded, initialized, instrumentlib options:none

dbghelp: loaded successfully - version: 4.0.5 - missing functions: none
symbol engine: initialized successfully - sym options: 0x614 - pdb path: .;C:\Program Files\Android\Android Studio\jbr\bin;C:\WINDOWS\SYSTEM32;C:\WINDOWS\WinSxS\amd64_microsoft.windows.common-controls_6595b64144ccf1df_6.0.26100.8328_none_3e08182ce334b678;C:\Program Files (x86)\360\Total Security\safemon;C:\Program Files\Android\Android Studio\jbr\bin\server;C:\Users\User\.gradle\native\1def1411415f61bf3af743bc5b6707747c0891f09f0c88961ee8f79bc544acac\windows-amd64;C:\Users\User\.gradle\native\0.2.7\x86_64-windows-gnu

VM Arguments:
jvm_args: --add-opens=java.base/java.lang=ALL-UNNAMED --add-opens=java.base/java.lang.invoke=ALL-UNNAMED --add-opens=java.base/java.util=ALL-UNNAMED --add-opens=java.prefs/java.util.prefs=ALL-UNNAMED --add-exports=jdk.compiler/com.sun.tools.javac.api=ALL-UNNAMED --add-exports=jdk.compiler/com.sun.tools.javac.util=ALL-UNNAMED --add-opens=java.base/java.util=ALL-UNNAMED --add-opens=java.prefs/java.util.prefs=ALL-UNNAMED --add-opens=java.base/java.nio.charset=ALL-UNNAMED --add-opens=java.base/java.net=ALL-UNNAMED --add-opens=java.base/java.util.concurrent.atomic=ALL-UNNAMED --add-opens=java.xml/javax.xml.namespace=ALL-UNNAMED -XX:MaxMetaspaceSize=256m -Xmx1536m -Dfile.encoding=UTF-8 -Duser.country=RU -Duser.language=ru -Duser.variant -javaagent:C:\Users\User\.gradle\wrapper\dists\gradle-8.13-bin\5xuhj0ry160q40clulazy9h7d\gradle-8.13\lib\agents\gradle-instrumentation-agent-8.13.jar 
java_command: org.gradle.launcher.daemon.bootstrap.GradleDaemon 8.13
java_class_path (initial): C:\Users\User\.gradle\wrapper\dists\gradle-8.13-bin\5xuhj0ry160q40clulazy9h7d\gradle-8.13\lib\gradle-daemon-main-8.13.jar
Launcher Type: SUN_STANDARD

[Global flags]
     intx CICompilerCount                          = 4                                         {product} {ergonomic}
   size_t CompressedClassSpaceSize                 = 218103808                                 {product} {ergonomic}
     uint ConcGCThreads                            = 3                                         {product} {ergonomic}
     uint G1ConcRefinementThreads                  = 10                                        {product} {ergonomic}
   size_t G1HeapRegionSize                         = 1048576                                   {product} {ergonomic}
    uintx GCDrainStackTargetSize                   = 64                                        {product} {ergonomic}
   size_t InitialHeapSize                          = 197132288                                 {product} {ergonomic}
   size_t MarkStackSize                            = 4194304                                   {product} {ergonomic}
   size_t MaxHeapSize                              = 1610612736                                {product} {command line}
   size_t MaxMetaspaceSize                         = 268435456                                 {product} {command line}
   size_t MaxNewSize                               = 965738496                                 {product} {ergonomic}
   size_t MinHeapDeltaBytes                        = 1048576                                   {product} {ergonomic}
   size_t MinHeapSize                              = 8388608                                   {product} {ergonomic}
    uintx NonNMethodCodeHeapSize                   = 5839372                                {pd product} {ergonomic}
    uintx NonProfiledCodeHeapSize                  = 122909434                              {pd product} {ergonomic}
    uintx ProfiledCodeHeapSize                     = 122909434                              {pd product} {ergonomic}
    uintx ReservedCodeCacheSize                    = 251658240                              {pd product} {ergonomic}
     bool SegmentedCodeCache                       = true                                      {product} {ergonomic}
   size_t SoftMaxHeapSize                          = 1610612736                             {manageable} {ergonomic}
     bool UseCompressedOops                        = true                           {product lp64_product} {ergonomic}
     bool UseG1GC                                  = true                                      {product} {ergonomic}
     bool UseLargePagesIndividualAllocation        = false                                  {pd product} {ergonomic}

Logging:
Log output configuration:
 #0: stdout all=warning uptime,level,tags foldmultilines=false
 #1: stderr all=off uptime,level,tags foldmultilines=false

Release file:
JAVA_VERSION="21.0.9" 
MODULES="java.base java.compiler java.datatransfer java.xml java.prefs java.desktop java.instrument java.logging java.management java.security.sasl java.naming java.rmi java.management.rmi java.net.http java.scripting java.security.jgss java.transaction.xa java.sql java.sql.rowset java.xml.crypto java.se java.smartcardio jdk.accessibility jdk.internal.jvmstat jdk.attach jdk.charsets jdk.internal.opt jdk.zipfs jdk.compiler jdk.crypto.ec jdk.crypto.cryptoki jdk.dynalink jdk.hotspot.agent jdk.httpserver jdk.internal.ed jdk.internal.le jdk.internal.vm.ci jdk.jartool jdk.javadoc jdk.jcmd jdk.jdeps jdk.jdwp.agent jdk.jdi jdk.jfr jdk.jlink jdk.jsobject jdk.localedata jdk.management jdk.management.agent jdk.management.jfr jdk.naming.dns jdk.naming.rmi jdk.net jdk.sctp jdk.security.auth jdk.security.jgss jdk.unsupported jdk.unsupported.desktop jdk.xml.dom" 
IMPLEMENTOR="JetBrains s.r.o." 
JAVA_RUNTIME_VERSION="21.0.9+-14787801-b1163.94" 
LIBC="default" 
OS_ARCH="x86_64" 
OS_NAME="Windows" 
SOURCE=".:git:0c757ddc9f2f" 

Environment Variables:
PATH=C:\Program Files\Common Files\Oracle\Java\javapath;C:\Program Files (x86)\Common Files\Oracle\Java\javapath;C:\WINDOWS\system32;C:\WINDOWS;C:\WINDOWS\System32\Wbem;C:\WINDOWS\System32\WindowsPowerShell\v1.0\;C:\WINDOWS\System32\OpenSSH\;C:\JupyterLab;C:\Program Files\nodejs\;C:\Program Files\dotnet\;C:\Program Files\WireGuard\;C:\Program Files\Git\cmd;C:\Users\User\AppData\Local\Programs\Python\Python313\Scripts\;C:\Users\User\AppData\Local\Programs\Python\Python313\;C:\Users\User\AppData\Local\Programs\Python\Launcher\;C:\Users\User\AppData\Local\Microsoft\WindowsApps;C:\Users\User\AppData\Local\Programs\Microsoft VS Code\bin;C:\Program Files\JetBrains\PyCharm 2025.2.3\bin;C:\Users\User\AppData\Local\Programs\MiKTeX\miktex\bin\x64\;C:\Program Files\JetBrains\WebStorm 2025.1.3\bin;;C:\Users\User\AppData\Roaming\npm;C:\Program Files\JetBrains\IntelliJ IDEA Community Edition 2025.2.1\bin;C:\Users\User\.lmstudio\bin;C:\Users\User\AppData\Local\Programs\Antigravity\bin
USERNAME=User
OS=Windows_NT
PROCESSOR_IDENTIFIER=Intel64 Family 6 Model 186 Stepping 3, GenuineIntel
TMP=C:\Users\User\AppData\Local\Temp
TEMP=C:\Users\User\AppData\Local\Temp




Periodic native trim disabled

JNI global refs:
JNI global refs: 30, weak refs: 0

JNI global refs memory usage: 835, weak refs: 833

Process memory usage:
Resident Set Size: 519176K (4% of 12199064K total physical memory with 470468K free physical memory)

OOME stack traces (most recent first):
Classloader memory used:
Loader org.gradle.internal.classloader.VisitableURLClassLoader                         : 45593K
Loader bootstrap                                                                       : 33326K
Loader org.gradle.internal.classloader.VisitableURLClassLoader$InstrumentingVisitableURLClassLoader: 28423K
Loader org.gradle.initialization.MixInLegacyTypesClassLoader                           : 12750K
Loader jdk.internal.loader.ClassLoaders$PlatformClassLoader                            : 830K
Loader jdk.internal.reflect.DelegatingClassLoader                                      : 339K
Loader jdk.internal.loader.ClassLoaders$AppClassLoader                                 : 235K
Loader org.gradle.internal.classloader.VisitableURLClassLoader                         : 222K
Loader org.gradle.groovy.scripts.internal.DefaultScriptCompilationHandler$ScriptClassLoader: 137K
Loader org.codehaus.groovy.runtime.callsite.CallSiteClassLoader                        : 27488B
Loader sun.reflect.misc.MethodUtil                                                     : 2984B

Classes loaded by more than one classloader:
Class Program                                                                         : loaded 5 times (x 72B)
Class Build_gradle                                                                    : loaded 3 times (x 130B)
Class Build_gradle$1                                                                  : loaded 3 times (x 74B)
Class org.gradle.internal.classloader.FilteringClassLoader                            : loaded 2 times (x 105B)
Class com.google.common.base.CharMatcher$IsEither                                     : loaded 2 times (x 111B)
Class org.gradle.internal.classloader.ClassLoaderHierarchy                            : loaded 2 times (x 70B)
Class com.google.common.collect.ImmutableEnumSet                                      : loaded 2 times (x 146B)
Class com.google.common.util.concurrent.ExecutionError                                : loaded 2 times (x 82B)
Class com.google.common.collect.ImmutableList$1                                       : loaded 2 times (x 97B)
Class org.gradle.api.internal.classpath.ManifestUtil                                  : loaded 2 times (x 71B)
Class com.google.common.collect.RegularImmutableMap                                   : loaded 2 times (x 121B)
Class com.google.common.collect.ImmutableMap$MapViewOfValuesAsSingletonSets           : loaded 2 times (x 126B)
Class [Lorg.objectweb.asm.Symbol;                                                     : loaded 2 times (x 69B)
Class org.objectweb.asm.ClassVisitor                                                  : loaded 2 times (x 88B)
Class com.google.common.collect.UnmodifiableListIterator                              : loaded 2 times (x 95B)
Class com.google.common.base.Platform$JdkPatternCompiler                              : loaded 2 times (x 75B)
Class org.objectweb.asm.MethodTooLargeException                                       : loaded 2 times (x 83B)
Class [Lcom.google.common.cache.CacheBuilder$OneWeigher;                              : loaded 2 times (x 69B)
Class com.google.common.base.Suppliers                                                : loaded 2 times (x 71B)
Class org.gradle.internal.classloader.DefaultClassLoaderFactory                       : loaded 2 times (x 82B)
Class org.gradle.internal.classloader.ClassLoaderVisitor                              : loaded 2 times (x 76B)
Class [Lcom.google.common.collect.ImmutableMapEntry;                                  : loaded 2 times (x 69B)
Class org.gradle.api.internal.classpath.EffectiveClassPath                            : loaded 2 times (x 90B)
Class com.google.common.collect.ListMultimap                                          : loaded 2 times (x 70B)
Class com.google.common.collect.ImmutableEnumMap                                      : loaded 2 times (x 126B)
Class com.google.common.collect.Sets$1                                                : loaded 2 times (x 139B)
Class org.objectweb.asm.AnnotationVisitor                                             : loaded 2 times (x 78B)
Class org.gradle.api.internal.DefaultClassPathProvider                                : loaded 2 times (x 76B)
Class com.google.common.collect.Sets$2                                                : loaded 2 times (x 139B)
Class [Lorg.gradle.api.internal.ClassPathProvider;                                    : loaded 2 times (x 69B)
Class org.gradle.api.internal.ClassPathProvider                                       : loaded 2 times (x 70B)
Class [Lorg.objectweb.asm.AnnotationVisitor;                                          : loaded 2 times (x 69B)
Class com.google.common.collect.Sets$3                                                : loaded 2 times (x 139B)
Class com.google.common.util.concurrent.AbstractFuture$SafeAtomicHelper               : loaded 2 times (x 79B)
Class com.google.common.cache.LocalCache$LocalLoadingCache                            : loaded 2 times (x 134B)
Class org.gradle.internal.service.UnknownServiceException                             : loaded 2 times (x 83B)
Class com.google.common.collect.Sets$4                                                : loaded 2 times (x 139B)
Class org.objectweb.asm.ModuleVisitor                                                 : loaded 2 times (x 81B)
Class com.google.common.cache.LocalCache$Strength$1                                   : loaded 2 times (x 81B)
Class com.google.common.util.concurrent.SettableFuture                                : loaded 2 times (x 114B)
Class com.google.common.cache.LocalCache$Strength$2                                   : loaded 2 times (x 81B)
Class com.google.common.cache.LocalCache$Strength$3                                   : loaded 2 times (x 81B)
Class com.google.common.collect.MapDifference                                         : loaded 2 times (x 70B)
Class org.objectweb.asm.FieldWriter                                                   : loaded 2 times (x 78B)
Class com.google.common.cache.CacheBuilder$NullListener                               : loaded 2 times (x 82B)
Class org.gradle.internal.classpath.TransformedClassPath                              : loaded 2 times (x 96B)
Class org.gradle.internal.classloader.InstrumentingClassLoader                        : loaded 2 times (x 70B)
Class com.google.common.cache.CacheLoader$FunctionToCacheLoader                       : loaded 2 times (x 75B)
Class com.google.common.collect.Iterators$ArrayItr                                    : loaded 2 times (x 97B)
Class com.google.common.collect.ImmutableCollection$Builder                           : loaded 2 times (x 76B)
Class com.google.common.base.Joiner                                                   : loaded 2 times (x 79B)
Class com.google.common.base.MoreObjects                                              : loaded 2 times (x 71B)
Class com.google.common.collect.Platform                                              : loaded 2 times (x 71B)
Class [Lorg.objectweb.asm.Type;                                                       : loaded 2 times (x 69B)
Class com.google.common.collect.UnmodifiableIterator                                  : loaded 2 times (x 80B)
Class org.gradle.internal.service.ServiceLocator                                      : loaded 2 times (x 70B)
Class com.google.common.base.Ascii                                                    : loaded 2 times (x 71B)
Class com.google.common.collect.SingletonImmutableBiMap                               : loaded 2 times (x 143B)
Class com.google.common.cache.LocalCache$1                                            : loaded 2 times (x 89B)
Class com.google.common.collect.AbstractMapEntry                                      : loaded 2 times (x 81B)
Class com.google.common.collect.Sets$ImprovedAbstractSet                              : loaded 2 times (x 135B)
Class com.google.common.collect.ImmutableList$Builder                                 : loaded 2 times (x 77B)
Class com.google.common.collect.AbstractMultimap                                      : loaded 2 times (x 123B)
Class com.google.common.cache.LocalCache$2                                            : loaded 2 times (x 142B)
Class com.google.common.util.concurrent.AbstractFuture$UnsafeAtomicHelper$1           : loaded 2 times (x 76B)
Class com.google.common.collect.RegularImmutableAsList                                : loaded 2 times (x 217B)
Class com.google.common.util.concurrent.AbstractFuture$Trusted                        : loaded 2 times (x 70B)
Class com.google.common.collect.Iterators                                             : loaded 2 times (x 71B)
Class com.google.common.collect.Lists$StringAsImmutableList                           : loaded 2 times (x 207B)
Class com.google.common.util.concurrent.UncheckedExecutionException                   : loaded 2 times (x 82B)
Class org.gradle.kotlin.dsl.VersionCatalogAccessorsKt                                 : loaded 2 times (x 71B)
Class org.gradle.internal.InternalTransformer                                         : loaded 2 times (x 70B)
Class com.google.common.collect.AbstractMapBasedMultimap$KeySet$1                     : loaded 2 times (x 82B)
Class org.objectweb.asm.ClassWriter                                                   : loaded 2 times (x 106B)
Class com.google.common.cache.CacheLoader$UnsupportedLoadingOperationException        : loaded 2 times (x 82B)
Class com.google.common.base.CharMatcher$And                                          : loaded 2 times (x 112B)
Class org.gradle.internal.classloader.ClasspathUtil$1                                 : loaded 2 times (x 76B)
Class org.objectweb.asm.FieldVisitor                                                  : loaded 2 times (x 77B)
Class com.google.common.collect.IndexedImmutableSet                                   : loaded 2 times (x 152B)
Class com.google.common.collect.ImmutableMap$1                                        : loaded 2 times (x 81B)
Class com.google.common.collect.BiMap                                                 : loaded 2 times (x 70B)
Class org.gradle.api.internal.classpath.DefaultModuleRegistry$DefaultModule           : loaded 2 times (x 86B)
Class com.google.common.primitives.Ints                                               : loaded 2 times (x 71B)
Class com.google.common.collect.AbstractIterator                                      : loaded 2 times (x 82B)
Class com.google.common.collect.ObjectArrays                                          : loaded 2 times (x 71B)
Class com.google.common.collect.Multiset                                              : loaded 2 times (x 70B)
Class com.google.common.collect.ArrayListMultimapGwtSerializationDependencies         : loaded 2 times (x 172B)
Class com.google.common.collect.RegularImmutableMap$KeySet                            : loaded 2 times (x 152B)
Class com.google.common.math.MathPreconditions                                        : loaded 2 times (x 71B)
Class com.google.common.collect.ImmutableMapEntrySet                                  : loaded 2 times (x 152B)
Class org.gradle.api.internal.classpath.Module                                        : loaded 2 times (x 70B)
Class com.google.common.cache.Weigher                                                 : loaded 2 times (x 70B)
Class org.gradle.api.internal.classpath.UnknownModuleException                        : loaded 2 times (x 82B)
Class com.google.common.base.Stopwatch                                                : loaded 2 times (x 72B)
Class com.google.common.cache.LocalCache$Strength                                     : loaded 2 times (x 81B)
Class com.google.common.cache.Cache                                                   : loaded 2 times (x 70B)
Class com.google.common.util.concurrent.AbstractFuture$Cancellation                   : loaded 2 times (x 72B)
Class com.google.common.collect.ImmutableMap$Builder                                  : loaded 2 times (x 82B)
Class com.google.common.cache.RemovalListener                                         : loaded 2 times (x 70B)
Class org.gradle.api.internal.DefaultClassPathRegistry                                : loaded 2 times (x 76B)
Class com.google.common.primitives.IntsMethodsForWeb                                  : loaded 2 times (x 71B)
Class com.google.common.collect.Multimap                                              : loaded 2 times (x 70B)
Class org.gradle.api.internal.ClassPathRegistry                                       : loaded 2 times (x 70B)
Class org.gradle.internal.classpath.DefaultClassPath$ImmutableUniqueList              : loaded 2 times (x 199B)
Class com.google.common.base.Equivalence$Identity                                     : loaded 2 times (x 82B)
Class com.google.common.cache.CacheBuilder                                            : loaded 2 times (x 72B)
Class com.google.common.collect.SingletonImmutableList                                : loaded 2 times (x 207B)
Class Settings_gradle$1                                                               : loaded 2 times (x 74B)
Class org.gradle.internal.classpath.ClassPath                                         : loaded 2 times (x 70B)
Class org.gradle.api.UncheckedIOException                                             : loaded 2 times (x 82B)
Class com.google.common.base.JdkPattern                                               : loaded 2 times (x 75B)
Class com.google.common.collect.ImmutableList$ReverseImmutableList                    : loaded 2 times (x 209B)
Class org.objectweb.asm.SymbolTable$Entry                                             : loaded 2 times (x 74B)
Class com.google.common.util.concurrent.AbstractFuture$AtomicHelper                   : loaded 2 times (x 78B)
Class org.objectweb.asm.Edge                                                          : loaded 2 times (x 72B)
Class com.google.common.base.Suppliers$SupplierOfInstance                             : loaded 2 times (x 79B)
Class com.google.common.collect.Iterators$1                                           : loaded 2 times (x 81B)
Class com.google.common.cache.LocalCache$ComputingValueReference                      : loaded 2 times (x 96B)
Class com.google.common.collect.SingletonImmutableSet                                 : loaded 2 times (x 146B)
Class com.google.common.collect.ImmutableMap$IteratorBasedImmutableMap                : loaded 2 times (x 126B)
Class com.google.common.cache.LocalCache$Segment                                      : loaded 2 times (x 154B)
Class ijKotlinCoroutineJvmDebugInit1_dofq3drr9aihm4earzh7ldbbw                        : loaded 2 times (x 179B)
Class com.google.common.collect.AbstractListMultimap                                  : loaded 2 times (x 172B)
Class [Lorg.objectweb.asm.SymbolTable$Entry;                                          : loaded 2 times (x 69B)
Class com.google.common.cache.CacheLoader                                             : loaded 2 times (x 74B)
Class com.google.common.collect.Iterators$4                                           : loaded 2 times (x 82B)
Class com.google.common.collect.ImmutableBiMap                                        : loaded 2 times (x 143B)
Class org.gradle.internal.installation.GradleInstallation$1                           : loaded 2 times (x 75B)
Class org.gradle.api.internal.classpath.ModuleRegistry                                : loaded 2 times (x 70B)
Class com.google.common.util.concurrent.internal.InternalFutureFailureAccess          : loaded 2 times (x 72B)
Class com.google.common.collect.Iterators$5                                           : loaded 2 times (x 82B)
Class com.google.common.collect.ImmutableSet$JdkBackedSetBuilderImpl                  : loaded 2 times (x 76B)
Class com.google.common.util.concurrent.AbstractFuture$UnsafeAtomicHelper             : loaded 2 times (x 78B)
Class com.google.common.cache.LocalCache$LocalManualCache$1                           : loaded 2 times (x 75B)
Class com.google.common.base.CharMatcher$ForPredicate                                 : loaded 2 times (x 112B)
Class com.google.common.base.CharMatcher$AnyOf                                        : loaded 2 times (x 112B)
Class com.google.common.collect.ImmutableCollection                                   : loaded 2 times (x 125B)
Class org.gradle.api.internal.classpath.DefaultModuleRegistry                         : loaded 2 times (x 86B)
Class com.google.common.collect.Lists                                                 : loaded 2 times (x 71B)
Class com.google.common.util.concurrent.ListenableFuture                              : loaded 2 times (x 70B)
Class com.google.common.cache.ReferenceEntry                                          : loaded 2 times (x 70B)
Class com.google.common.base.Converter                                                : loaded 2 times (x 90B)
Class com.google.common.collect.ImmutableSet$CachingAsList                            : loaded 2 times (x 148B)
Class com.google.common.collect.AbstractMapBasedMultimap                              : loaded 2 times (x 139B)
Class com.google.common.util.concurrent.AbstractFuture                                : loaded 2 times (x 106B)
Class com.google.common.base.FunctionalEquivalence                                    : loaded 2 times (x 83B)
Class com.google.common.collect.Iterators$9                                           : loaded 2 times (x 81B)
Class com.google.common.collect.ImmutableAsList                                       : loaded 2 times (x 209B)
Class org.objectweb.asm.RecordComponentVisitor                                        : loaded 2 times (x 77B)
Class com.google.common.cache.CacheLoader$SupplierToCacheLoader                       : loaded 2 times (x 75B)
Class com.google.common.collect.Maps$EntryTransformer                                 : loaded 2 times (x 70B)
Class org.gradle.internal.service.ServiceLookupException                              : loaded 2 times (x 82B)
Class [Lcom.google.common.cache.LocalCache$EntryFactory;                              : loaded 2 times (x 69B)
Class org.gradle.internal.classloader.ClassLoaderFactory                              : loaded 2 times (x 70B)
Class com.google.common.base.CommonPattern                                            : loaded 2 times (x 74B)
Class com.google.common.cache.LocalCache$LocalManualCache                             : loaded 2 times (x 99B)
Class com.google.common.base.CharMatcher$IsNot                                        : loaded 2 times (x 111B)
Class org.gradle.internal.service.CachingServiceLocator                               : loaded 2 times (x 82B)
Class com.google.common.collect.AbstractMapBasedMultimap$KeySet                       : loaded 2 times (x 137B)
Class com.google.common.math.IntMath                                                  : loaded 2 times (x 71B)
Class com.google.common.collect.ImmutableMapEntry                                     : loaded 2 times (x 85B)
Class com.google.common.base.Equivalence                                              : loaded 2 times (x 82B)
Class com.google.common.base.Function                                                 : loaded 2 times (x 70B)
Class com.google.common.collect.ImmutableMapEntry$NonTerminalImmutableMapEntry        : loaded 2 times (x 85B)
Class com.google.common.cache.CacheBuilder$OneWeigher                                 : loaded 2 times (x 82B)
Class com.google.common.collect.RegularImmutableList                                  : loaded 2 times (x 213B)
Class org.gradle.internal.classloader.ClasspathUtil                                   : loaded 2 times (x 71B)
Class com.google.common.base.Charsets                                                 : loaded 2 times (x 71B)
Class com.google.common.util.concurrent.Uninterruptibles                              : loaded 2 times (x 71B)
Class com.google.common.collect.Maps                                                  : loaded 2 times (x 71B)
Class org.gradle.api.specs.Spec                                                       : loaded 2 times (x 70B)
Class [Lcom.google.common.collect.ImmutableEntry;                                     : loaded 2 times (x 69B)
Class com.google.common.cache.LocalCache$LoadingValueReference                        : loaded 2 times (x 96B)
Class com.google.common.collect.AbstractIndexedListIterator                           : loaded 2 times (x 96B)
Class com.google.common.base.Platform                                                 : loaded 2 times (x 71B)
Class [Lorg.objectweb.asm.AnnotationWriter;                                           : loaded 2 times (x 69B)
Class com.google.common.collect.Maps$8                                                : loaded 2 times (x 82B)
Class com.google.common.collect.Sets$SetView                                          : loaded 2 times (x 138B)
Class com.google.common.cache.LocalCache$StrongValueReference                         : loaded 2 times (x 90B)
Class com.google.common.util.concurrent.AbstractFuture$SynchronizedHelper             : loaded 2 times (x 78B)
Class org.objectweb.asm.Type                                                          : loaded 2 times (x 72B)
Class org.gradle.internal.classloader.VisitableURLClassLoader$InstrumentingVisitableURLClassLoader: loaded 2 times (x 123B)
Class org.objectweb.asm.ByteVector                                                    : loaded 2 times (x 79B)
Class [Lcom.google.common.cache.CacheBuilder$NullListener;                            : loaded 2 times (x 69B)
Class com.google.common.math.IntMath$1                                                : loaded 2 times (x 71B)
Class org.gradle.internal.classloader.VisitableURLClassLoader$Spec                    : loaded 2 times (x 74B)
Class org.gradle.internal.classpath.DefaultClassPath                                  : loaded 2 times (x 90B)
Class org.objectweb.asm.Symbol                                                        : loaded 2 times (x 73B)
Class com.google.common.base.CharMatcher$Ascii                                        : loaded 2 times (x 112B)
Class com.google.common.base.CharMatcher$BitSetMatcher                                : loaded 2 times (x 112B)
Class com.google.common.collect.ImmutableSet                                          : loaded 2 times (x 145B)
Class com.google.common.collect.RegularImmutableMap$Values                            : loaded 2 times (x 207B)
Class org.gradle.internal.classloader.ClassLoaderSpec                                 : loaded 2 times (x 71B)
Class org.objectweb.asm.AnnotationWriter                                              : loaded 2 times (x 79B)
Class com.google.common.cache.CacheStats                                              : loaded 2 times (x 71B)
Class org.objectweb.asm.RecordComponentWriter                                         : loaded 2 times (x 78B)
Class com.google.common.util.concurrent.AbstractFuture$Listener                       : loaded 2 times (x 72B)
Class com.google.common.base.CharMatcher$Or                                           : loaded 2 times (x 112B)
Class Settings_gradle$1$1                                                             : loaded 2 times (x 74B)
Class org.objectweb.asm.Attribute                                                     : loaded 2 times (x 77B)
Class com.google.common.base.Supplier                                                 : loaded 2 times (x 70B)
Class ijKotlinCoroutineJvmDebugInit1_dofq3drr9aihm4earzh7ldbbw$_run_closure1          : loaded 2 times (x 139B)
Class org.gradle.internal.classloader.VisitableURLClassLoader                         : loaded 2 times (x 117B)
Class com.google.common.util.concurrent.AbstractFuture$Waiter                         : loaded 2 times (x 72B)
Class Settings_gradle                                                                 : loaded 2 times (x 128B)
Class org.gradle.internal.Cast                                                        : loaded 2 times (x 71B)
Class org.gradle.api.Action                                                           : loaded 2 times (x 70B)
Class com.google.common.base.Strings                                                  : loaded 2 times (x 71B)
Class com.google.common.collect.Sets                                                  : loaded 2 times (x 71B)
Class org.objectweb.asm.Handler                                                       : loaded 2 times (x 72B)
Class com.google.common.base.Ticker                                                   : loaded 2 times (x 72B)
Class com.google.common.base.CharMatcher$FastMatcher                                  : loaded 2 times (x 111B)
Class [Lcom.google.common.cache.LocalCache$Segment;                                   : loaded 2 times (x 69B)
Class [Lcom.google.common.cache.LocalCache$Strength;                                  : loaded 2 times (x 69B)
Class com.google.common.cache.CacheBuilder$1                                          : loaded 2 times (x 85B)
Class com.google.common.base.Predicate                                                : loaded 2 times (x 70B)
Class com.google.common.collect.ImmutableMap                                          : loaded 2 times (x 120B)
Class org.gradle.internal.classpath.DefaultClassPath$ImmutableUniqueList$Builder      : loaded 2 times (x 75B)
Class com.google.common.cache.LocalCache                                              : loaded 2 times (x 187B)
Class com.google.common.cache.CacheBuilder$2                                          : loaded 2 times (x 79B)
Class com.google.common.base.CharMatcher$NegatedFastMatcher                           : loaded 2 times (x 113B)
Class com.google.common.collect.ArrayListMultimap                                     : loaded 2 times (x 172B)
Class com.google.common.cache.CacheBuilder$3                                          : loaded 2 times (x 72B)
Class [Lcom.google.common.collect.AbstractMapEntry;                                   : loaded 2 times (x 69B)
Class com.google.common.collect.ImmutableEntry                                        : loaded 2 times (x 82B)
Class org.gradle.api.GradleException                                                  : loaded 2 times (x 82B)
Class com.google.common.collect.CollectPreconditions                                  : loaded 2 times (x 71B)
Class com.google.common.collect.SortedMapDifference                                   : loaded 2 times (x 70B)
Class com.google.common.cache.LocalCache$EntryFactory                                 : loaded 2 times (x 83B)
Class com.google.common.cache.LocalCache$AbstractReferenceEntry                       : loaded 2 times (x 107B)
Class ijJvmDebugger1_9x3erf11sbp6hr81ma3cxq5r2$_run_closure1$_closure2                : loaded 2 times (x 140B)
Class org.gradle.internal.IoActions                                                   : loaded 2 times (x 71B)
Class org.objectweb.asm.SymbolTable                                                   : loaded 2 times (x 72B)
Class com.google.common.cache.CacheLoader$InvalidCacheLoadException                   : loaded 2 times (x 82B)
Class com.google.common.collect.ImmutableSet$RegularSetBuilderImpl                    : loaded 2 times (x 77B)
Class ijJvmDebugger1_9x3erf11sbp6hr81ma3cxq5r2                                        : loaded 2 times (x 179B)
Class org.gradle.internal.classloader.SystemClassLoaderSpec                           : loaded 2 times (x 71B)
Class com.google.common.cache.LocalCache$StrongEntry                                  : loaded 2 times (x 108B)
Class com.google.common.util.concurrent.AbstractFuture$TrustedFuture                  : loaded 2 times (x 114B)
Class com.google.common.cache.LoadingCache                                            : loaded 2 times (x 70B)
Class org.objectweb.asm.MethodWriter                                                  : loaded 2 times (x 106B)
Class [Lcom.google.common.cache.Weigher;                                              : loaded 2 times (x 69B)
Class com.google.common.collect.RegularImmutableMap$BucketOverflowException           : loaded 2 times (x 82B)
Class com.google.common.collect.RegularImmutableBiMap                                 : loaded 2 times (x 149B)
Class com.google.common.cache.LocalCache$ValueReference                               : loaded 2 times (x 70B)
Class com.google.common.base.CharMatcher$Negated                                      : loaded 2 times (x 113B)
Class com.google.common.base.CharMatcher$Is                                           : loaded 2 times (x 111B)
Class com.google.common.base.PatternCompiler                                          : loaded 2 times (x 70B)
Class com.google.common.util.concurrent.AbstractFuture$Failure                        : loaded 2 times (x 72B)
Class com.google.common.base.Equivalence$Equals                                       : loaded 2 times (x 82B)
Class com.google.common.collect.Hashing                                               : loaded 2 times (x 71B)
Class com.google.common.base.Preconditions                                            : loaded 2 times (x 71B)
Class ijJvmDebugger1_9x3erf11sbp6hr81ma3cxq5r2$_run_closure1                          : loaded 2 times (x 139B)
Class com.google.common.base.Joiner$1                                                 : loaded 2 times (x 80B)
Class org.objectweb.asm.Label                                                         : loaded 2 times (x 73B)
Class org.objectweb.asm.CurrentFrame                                                  : loaded 2 times (x 73B)
Class org.objectweb.asm.ClassTooLargeException                                        : loaded 2 times (x 83B)
Class com.google.common.base.CharMatcher                                              : loaded 2 times (x 111B)
Class com.google.common.collect.PeekingIterator                                       : loaded 2 times (x 70B)
Class com.google.common.base.Joiner$2                                                 : loaded 2 times (x 79B)
Class org.objectweb.asm.Frame                                                         : loaded 2 times (x 73B)
Class org.objectweb.asm.MethodVisitor                                                 : loaded 2 times (x 105B)
Class com.google.common.cache.LocalCache$EntryFactory$1                               : loaded 2 times (x 83B)
Class [Lcom.google.common.cache.RemovalListener;                                      : loaded 2 times (x 69B)
Class com.google.common.base.CharMatcher$1                                            : loaded 2 times (x 113B)
Class com.google.common.base.CharMatcher$NamedFastMatcher                             : loaded 2 times (x 112B)
Class com.google.common.cache.LocalCache$EntryFactory$2                               : loaded 2 times (x 83B)
Class ijKotlinCoroutineJvmDebugInit1_dofq3drr9aihm4earzh7ldbbw$_run_closure1$_closure2: loaded 2 times (x 139B)
Class org.gradle.api.internal.classpath.GlobalCacheRootsProvider                      : loaded 2 times (x 70B)
Class org.objectweb.asm.ModuleWriter                                                  : loaded 2 times (x 82B)
Class com.google.common.cache.LocalCache$EntryFactory$3                               : loaded 2 times (x 83B)
Class com.google.common.base.Ticker$1                                                 : loaded 2 times (x 72B)
Class com.google.common.collect.Maps$BiMapConverter                                   : loaded 2 times (x 90B)
Class com.google.common.collect.ImmutableMapEntrySet$RegularEntrySet                  : loaded 2 times (x 152B)
Class com.google.common.cache.LocalCache$EntryFactory$4                               : loaded 2 times (x 83B)
Class com.google.common.base.CharMatcher$InRange                                      : loaded 2 times (x 111B)
Class com.google.common.collect.ImmutableSet$Builder                                  : loaded 2 times (x 85B)
Class com.google.common.cache.LocalCache$EntryFactory$5                               : loaded 2 times (x 83B)
Class com.google.common.base.PairwiseEquivalence                                      : loaded 2 times (x 83B)
Class com.google.common.cache.LocalCache$EntryFactory$6                               : loaded 2 times (x 83B)
Class org.gradle.internal.installation.CurrentGradleInstallationLocator               : loaded 2 times (x 71B)
Class com.google.common.collect.Maps$KeySet                                           : loaded 2 times (x 137B)
Class com.google.common.cache.LocalCache$EntryFactory$7                               : loaded 2 times (x 83B)
Class com.google.common.collect.ImmutableSet$EmptySetBuilderImpl                      : loaded 2 times (x 76B)
Class com.google.common.collect.ImmutableList                                         : loaded 2 times (x 206B)
Class org.gradle.internal.service.DefaultServiceLocator                               : loaded 2 times (x 83B)
Class com.google.common.cache.LocalCache$EntryFactory$8                               : loaded 2 times (x 83B)
Class com.google.common.collect.ImmutableSet$SetBuilderImpl                           : loaded 2 times (x 76B)
Class org.gradle.internal.installation.CurrentGradleInstallation                      : loaded 2 times (x 73B)
Class com.google.common.cache.CacheLoader$1                                           : loaded 2 times (x 75B)
Class com.google.common.collect.ImmutableList$SubList                                 : loaded 2 times (x 209B)
Class org.gradle.util.internal.GUtil                                                  : loaded 2 times (x 71B)
Class com.google.common.util.concurrent.AbstractFuture$SetFuture                      : loaded 2 times (x 75B)
Class com.google.common.cache.AbstractCache$StatsCounter                              : loaded 2 times (x 70B)
Class com.google.common.collect.Iterators$MergingIterator                             : loaded 2 times (x 81B)
Class com.google.common.collect.RegularImmutableSet                                   : loaded 2 times (x 149B)
Class org.gradle.internal.installation.GradleInstallation                             : loaded 2 times (x 75B)
Class com.google.common.collect.Iterables                                             : loaded 2 times (x 71B)

---------------  S Y S T E M  ---------------

OS:
 Windows 11 , 64 bit Build 26100 (10.0.26100.8328)
OS uptime: 4 days 17:28 hours
Hyper-V role detected

CPU: total 12 (initial active 12) (6 cores per cpu, 2 threads per core) family 6 model 186 stepping 3 microcode 0x410e, cx8, cmov, fxsr, ht, mmx, 3dnowpref, sse, sse2, sse3, ssse3, sse4.1, sse4.2, popcnt, lzcnt, tsc, tscinvbit, avx, avx2, aes, erms, clmul, bmi1, bmi2, adx, sha, fma, vzeroupper, clflush, clflushopt, clwb, hv, serialize, rdtscp, rdpid, fsrm, f16c, cet_ibt, cet_ss
Processor Information for processor 0
  Max Mhz: 1300, Current Mhz: 1300, Mhz Limit: 1300
Processor Information for processor 1
  Max Mhz: 1300, Current Mhz: 1300, Mhz Limit: 1300
Processor Information for processor 2
  Max Mhz: 1300, Current Mhz: 1300, Mhz Limit: 1300
Processor Information for processor 3
  Max Mhz: 1300, Current Mhz: 1300, Mhz Limit: 1300
Processor Information for processor 4
  Max Mhz: 1300, Current Mhz: 900, Mhz Limit: 897
Processor Information for processor 5
  Max Mhz: 1300, Current Mhz: 900, Mhz Limit: 897
Processor Information for processor 6
  Max Mhz: 1300, Current Mhz: 900, Mhz Limit: 897
Processor Information for processor 7
  Max Mhz: 1300, Current Mhz: 900, Mhz Limit: 897
Processor Information for processor 8
  Max Mhz: 1300, Current Mhz: 900, Mhz Limit: 897
Processor Information for processor 9
  Max Mhz: 1300, Current Mhz: 900, Mhz Limit: 897
Processor Information for processor 10
  Max Mhz: 1300, Current Mhz: 900, Mhz Limit: 897
Processor Information for processor 11
  Max Mhz: 1300, Current Mhz: 900, Mhz Limit: 897

Memory: 4k page, system-wide physical 11913M (459M free)
TotalPageFile size 16009M (AvailPageFile size 8M)
current process WorkingSet (physical memory assigned to process): 507M, peak: 507M
current process commit charge ("private bytes"): 558M, peak: 561M

vm_info: OpenJDK 64-Bit Server VM (21.0.9+-14787801-b1163.94) for windows-amd64 JRE (21.0.9+-14787801-b1163.94), built on 2026-01-27T21:15:44Z by "builder" with MS VC++ 16.10 / 16.11 (VS2019)

END.
