#
# There is insufficient memory for the Java Runtime Environment to continue.
# Native memory allocation (mmap) failed to map 17825792 bytes. Error detail: G1 virtual space
# Possible reasons:
#   The system is out of physical RAM or swap space
#   This process is running with CompressedOops enabled, and the Java Heap may be blocking the growth of the native heap
# Possible solutions:
#   Reduce memory load on the system
#   Increase physical memory or swap space
#   Check if swap backing store is full
#   Decrease Java heap size (-Xmx/-Xms)
#   Decrease number of Java threads
#   Decrease Java thread stack sizes (-Xss)
#   Set larger code cache with -XX:ReservedCodeCacheSize=
#   JVM is running with Unscaled Compressed Oops mode in which the Java heap is
#     placed in the first 4GB address space. The Java Heap base address is the
#     maximum limit for the native heap growth. Please use -XX:HeapBaseMinAddress
#     to set the Java Heap base and to place the Java Heap above 4GB virtual address.
# This output file may be truncated or incomplete.
#
#  Out of Memory Error (os_windows.cpp:3925), pid=26656, tid=11336
#
# JRE version: OpenJDK Runtime Environment (21.0.9) (build 21.0.9+-14787801-b1163.94)
# Java VM: OpenJDK 64-Bit Server VM (21.0.9+-14787801-b1163.94, mixed mode, tiered, compressed oops, compressed class ptrs, g1 gc, windows-amd64)
# No core dump will be written. Minidumps are not enabled by default on client versions of Windows
#

---------------  S U M M A R Y ------------

Command Line: --add-opens=java.base/java.lang=ALL-UNNAMED --add-opens=java.base/java.lang.invoke=ALL-UNNAMED --add-opens=java.base/java.util=ALL-UNNAMED --add-opens=java.prefs/java.util.prefs=ALL-UNNAMED --add-exports=jdk.compiler/com.sun.tools.javac.api=ALL-UNNAMED --add-exports=jdk.compiler/com.sun.tools.javac.util=ALL-UNNAMED --add-opens=java.base/java.util=ALL-UNNAMED --add-opens=java.prefs/java.util.prefs=ALL-UNNAMED --add-opens=java.base/java.nio.charset=ALL-UNNAMED --add-opens=java.base/java.net=ALL-UNNAMED --add-opens=java.base/java.util.concurrent.atomic=ALL-UNNAMED --add-opens=java.xml/javax.xml.namespace=ALL-UNNAMED -XX:MaxMetaspaceSize=256m -Xmx1536m -Dfile.encoding=UTF-8 -Duser.country=RU -Duser.language=ru -Duser.variant -javaagent:C:\Users\User\.gradle\wrapper\dists\gradle-8.13-bin\5xuhj0ry160q40clulazy9h7d\gradle-8.13\lib\agents\gradle-instrumentation-agent-8.13.jar org.gradle.launcher.daemon.bootstrap.GradleDaemon 8.13

Host: 13th Gen Intel(R) Core(TM) i5-1335U, 12 cores, 11G,  Windows 11 , 64 bit Build 26100 (10.0.26100.8246)
Time: Sat Apr 25 12:21:42 2026 elapsed time: 11.150387 seconds (0d 0h 0m 11s)

---------------  T H R E A D  ---------------

Current thread (0x000001f52def6b20):  VMThread "VM Thread"          [id=11336, stack(0x000000b118200000,0x000000b118300000) (1024K)]

Stack: [0x000000b118200000,0x000000b118300000]
Native frames: (J=compiled Java code, j=interpreted, Vv=VM code, C=native code)
V  [jvm.dll+0x6d6c99]
V  [jvm.dll+0x866b83]
V  [jvm.dll+0x8691ae]
V  [jvm.dll+0x869893]
V  [jvm.dll+0x280776]
V  [jvm.dll+0x6d3555]
V  [jvm.dll+0x6c6bea]
V  [jvm.dll+0x3587fb]
V  [jvm.dll+0x360476]
V  [jvm.dll+0x3b2646]
V  [jvm.dll+0x3b2918]
V  [jvm.dll+0x32af0c]
V  [jvm.dll+0x32af97]
V  [jvm.dll+0x370e7c]
V  [jvm.dll+0x36f62e]
V  [jvm.dll+0x32a661]
V  [jvm.dll+0x36f05b]
V  [jvm.dll+0x86f618]
V  [jvm.dll+0x870994]
V  [jvm.dll+0x870ed0]
V  [jvm.dll+0x871163]
V  [jvm.dll+0x80f118]
V  [jvm.dll+0x6d54ed]
C  [ucrtbase.dll+0x37b0]
C  [KERNEL32.DLL+0x2e8d7]
C  [ntdll.dll+0x8c3fc]

VM_Operation (0x000000b119af5b90): G1TryInitiateConcMark, mode: safepoint, requested by thread 0x000001f535808f00


---------------  P R O C E S S  ---------------

Threads class SMR info:
_java_thread_list=0x000001f537e91a10, length=108, elements={
0x000001f51731d710, 0x000001f52e523fa0, 0x000001f52e549760, 0x000001f52e54a1c0,
0x000001f52e56f990, 0x000001f52e5703f0, 0x000001f52e570e50, 0x000001f52e591ee0,
0x000001f52e592da0, 0x000001f52e593c50, 0x000001f52e810890, 0x000001f534628be0,
0x000001f53537fc90, 0x000001f535403730, 0x000001f5350b7f30, 0x000001f5342bd9a0,
0x000001f535045fc0, 0x000001f535808f00, 0x000001f535808870, 0x000001f535809590,
0x000001f535807b50, 0x000001f535806110, 0x000001f535806e30, 0x000001f5358074c0,
0x000001f5358067a0, 0x000001f5376f5c40, 0x000001f5376f55b0, 0x000001f5376f4f20,
0x000001f5376f62d0, 0x000001f5376f7d10, 0x000001f5376f6ff0, 0x000001f5376f7680,
0x000001f5376f4890, 0x000001f5376fb190, 0x000001f5376fab00, 0x000001f5376fb820,
0x000001f5376f83a0, 0x000001f5376f9750, 0x000001f5376fbeb0, 0x000001f5376f8a30,
0x000001f5376f90c0, 0x000001f5376f9de0, 0x000001f538220ed0, 0x000001f538222910,
0x000001f5382201b0, 0x000001f538221bf0, 0x000001f538222280, 0x000001f53821f490,
0x000001f538222fa0, 0x000001f53821fb20, 0x000001f538223630, 0x000001f538221560,
0x000001f538223cc0, 0x000001f538220840, 0x000001f538225070, 0x000001f538225700,
0x000001f538226420, 0x000001f538225d90, 0x000001f538224350, 0x000001f5382249e0,
0x000001f537bca750, 0x000001f537bcc820, 0x000001f537bcade0, 0x000001f537bcb470,
0x000001f537bcd540, 0x000001f537bcbb00, 0x000001f537bcc190, 0x000001f537bcceb0,
0x000001f537bca0c0, 0x000001f537bcdbd0, 0x000001f537bd09c0, 0x000001f537bce260,
0x000001f537bce8f0, 0x000001f537bcef80, 0x000001f537bcf610, 0x000001f537bd1050,
0x000001f53991b500, 0x000001f539918da0, 0x000001f539918080, 0x000001f539918710,
0x000001f539919430, 0x000001f53991c8b0, 0x000001f53991a7e0, 0x000001f539919ac0,
0x000001f53991d5d0, 0x000001f53991a150, 0x000001f53991dc60, 0x000001f53991e2f0,
0x000001f53991cf40, 0x000001f53991bb90, 0x000001f53991ae70, 0x000001f53991e980,
0x000001f53991f010, 0x000001f53991f6a0, 0x000001f53991c220, 0x000001f539377df0,
0x000001f5393791a0, 0x000001f539379830, 0x000001f53937b270, 0x000001f53937abe0,
0x000001f539379ec0, 0x000001f53937b900, 0x000001f539378480, 0x000001f53937bf90,
0x000001f534cb25e0, 0x000001f539378b10, 0x000001f53937c620, 0x000001f538b5e250
}

Java Threads: ( => current thread )
  0x000001f51731d710 JavaThread "main"                              [_thread_blocked, id=24116, stack(0x000000b117b00000,0x000000b117c00000) (1024K)]
  0x000001f52e523fa0 JavaThread "Common-Cleaner"             daemon [_thread_blocked, id=9872, stack(0x000000b118300000,0x000000b118400000) (1024K)]
  0x000001f52e549760 JavaThread "Reference Handler"          daemon [_thread_blocked, id=24808, stack(0x000000b118400000,0x000000b118500000) (1024K)]
  0x000001f52e54a1c0 JavaThread "Finalizer"                  daemon [_thread_blocked, id=7204, stack(0x000000b118500000,0x000000b118600000) (1024K)]
  0x000001f52e56f990 JavaThread "Signal Dispatcher"          daemon [_thread_blocked, id=2568, stack(0x000000b118600000,0x000000b118700000) (1024K)]
  0x000001f52e5703f0 JavaThread "Attach Listener"            daemon [_thread_blocked, id=10272, stack(0x000000b118700000,0x000000b118800000) (1024K)]
  0x000001f52e570e50 JavaThread "Service Thread"             daemon [_thread_blocked, id=31484, stack(0x000000b118800000,0x000000b118900000) (1024K)]
  0x000001f52e591ee0 JavaThread "Monitor Deflation Thread"   daemon [_thread_blocked, id=28488, stack(0x000000b118900000,0x000000b118a00000) (1024K)]
  0x000001f52e592da0 JavaThread "C2 CompilerThread0"         daemon [_thread_blocked, id=7528, stack(0x000000b118a00000,0x000000b118b00000) (1024K)]
  0x000001f52e593c50 JavaThread "C1 CompilerThread0"         daemon [_thread_blocked, id=16648, stack(0x000000b118b00000,0x000000b118c00000) (1024K)]
  0x000001f52e810890 JavaThread "Notification Thread"        daemon [_thread_blocked, id=2056, stack(0x000000b118c00000,0x000000b118d00000) (1024K)]
  0x000001f534628be0 JavaThread "Daemon health stats"               [_thread_blocked, id=29036, stack(0x000000b119400000,0x000000b119500000) (1024K)]
  0x000001f53537fc90 JavaThread "Incoming local TCP Connector on port 56981"        [_thread_in_native, id=21544, stack(0x000000b119500000,0x000000b119600000) (1024K)]
  0x000001f535403730 JavaThread "Daemon periodic checks"            [_thread_blocked, id=10180, stack(0x000000b119600000,0x000000b119700000) (1024K)]
  0x000001f5350b7f30 JavaThread "Daemon"                            [_thread_blocked, id=33476, stack(0x000000b119700000,0x000000b119800000) (1024K)]
  0x000001f5342bd9a0 JavaThread "Handler for socket connection from /127.0.0.1:56981 to /127.0.0.1:56982"        [_thread_in_native, id=10224, stack(0x000000b119800000,0x000000b119900000) (1024K)]
  0x000001f535045fc0 JavaThread "Cancel handler"                    [_thread_blocked, id=29884, stack(0x000000b119900000,0x000000b119a00000) (1024K)]
  0x000001f535808f00 JavaThread "Daemon worker"                     [_thread_blocked, id=18312, stack(0x000000b119a00000,0x000000b119b00000) (1024K)]
  0x000001f535808870 JavaThread "Asynchronous log dispatcher for DefaultDaemonConnection: socket connection from /127.0.0.1:56981 to /127.0.0.1:56982"        [_thread_blocked, id=16440, stack(0x000000b119b00000,0x000000b119c00000) (1024K)]
  0x000001f535809590 JavaThread "Stdin handler"                     [_thread_blocked, id=27892, stack(0x000000b119c00000,0x000000b119d00000) (1024K)]
  0x000001f535807b50 JavaThread "Daemon client event forwarder"        [_thread_blocked, id=5732, stack(0x000000b119d00000,0x000000b119e00000) (1024K)]
  0x000001f535806110 JavaThread "Cache worker for journal cache (C:\Users\User\.gradle\caches\journal-1)"        [_thread_blocked, id=6896, stack(0x000000b11a400000,0x000000b11a500000) (1024K)]
  0x000001f535806e30 JavaThread "File lock request listener"        [_thread_in_native, id=26452, stack(0x000000b11a500000,0x000000b11a600000) (1024K)]
  0x000001f5358074c0 JavaThread "Cache worker for file hash cache (C:\Users\User\.gradle\caches\8.13\fileHashes)"        [_thread_blocked, id=10220, stack(0x000000b11a600000,0x000000b11a700000) (1024K)]
  0x000001f5358067a0 JavaThread "Cache worker for file hash cache (C:\Users\User\StudioProjects\Android-Project\.gradle\8.13\fileHashes)"        [_thread_blocked, id=25840, stack(0x000000b11a700000,0x000000b11a800000) (1024K)]
  0x000001f5376f5c40 JavaThread "Cache worker for Build Output Cleanup Cache (C:\Users\User\StudioProjects\Android-Project\.gradle\buildOutputCleanup)"        [_thread_blocked, id=14304, stack(0x000000b11a800000,0x000000b11a900000) (1024K)]
  0x000001f5376f55b0 JavaThread "File watcher server"        daemon [_thread_in_native, id=23176, stack(0x000000b11a900000,0x000000b11aa00000) (1024K)]
  0x000001f5376f4f20 JavaThread "File watcher consumer"      daemon [_thread_blocked, id=8232, stack(0x000000b11aa00000,0x000000b11ab00000) (1024K)]
  0x000001f5376f62d0 JavaThread "jar transforms"                    [_thread_blocked, id=22228, stack(0x000000b11ab00000,0x000000b11ac00000) (1024K)]
  0x000001f5376f7d10 JavaThread "jar transforms Thread 2"           [_thread_blocked, id=23788, stack(0x000000b11ac00000,0x000000b11ad00000) (1024K)]
  0x000001f5376f6ff0 JavaThread "Cache worker for checksums cache (C:\Users\User\StudioProjects\Android-Project\.gradle\8.13\checksums)"        [_thread_blocked, id=30204, stack(0x000000b11ad00000,0x000000b11ae00000) (1024K)]
  0x000001f5376f7680 JavaThread "Cache worker for file content cache (C:\Users\User\.gradle\caches\8.13\fileContent)"        [_thread_blocked, id=26136, stack(0x000000b11ae00000,0x000000b11af00000) (1024K)]
  0x000001f5376f4890 JavaThread "jar transforms Thread 3"           [_thread_blocked, id=30868, stack(0x000000b11af00000,0x000000b11b000000) (1024K)]
  0x000001f5376fb190 JavaThread "Cache worker for cache directory md-supplier (C:\Users\User\.gradle\caches\8.13\md-supplier)"        [_thread_blocked, id=25728, stack(0x000000b11b000000,0x000000b11b100000) (1024K)]
  0x000001f5376fab00 JavaThread "Cache worker for cache directory md-rule (C:\Users\User\.gradle\caches\8.13\md-rule)"        [_thread_blocked, id=13800, stack(0x000000b11b100000,0x000000b11b200000) (1024K)]
  0x000001f5376fb820 JavaThread "Unconstrained build operations"        [_thread_blocked, id=31752, stack(0x000000b11b200000,0x000000b11b300000) (1024K)]
  0x000001f5376f83a0 JavaThread "Unconstrained build operations Thread 2"        [_thread_blocked, id=30980, stack(0x000000b11b300000,0x000000b11b400000) (1024K)]
  0x000001f5376f9750 JavaThread "Unconstrained build operations Thread 3"        [_thread_blocked, id=7788, stack(0x000000b11b400000,0x000000b11b500000) (1024K)]
  0x000001f5376fbeb0 JavaThread "Unconstrained build operations Thread 4"        [_thread_blocked, id=31828, stack(0x000000b11b500000,0x000000b11b600000) (1024K)]
  0x000001f5376f8a30 JavaThread "Unconstrained build operations Thread 5"        [_thread_blocked, id=30844, stack(0x000000b11b600000,0x000000b11b700000) (1024K)]
  0x000001f5376f90c0 JavaThread "Unconstrained build operations Thread 6"        [_thread_blocked, id=21764, stack(0x000000b11b700000,0x000000b11b800000) (1024K)]
  0x000001f5376f9de0 JavaThread "Unconstrained build operations Thread 7"        [_thread_blocked, id=30688, stack(0x000000b11b800000,0x000000b11b900000) (1024K)]
  0x000001f538220ed0 JavaThread "Unconstrained build operations Thread 8"        [_thread_blocked, id=30840, stack(0x000000b11b900000,0x000000b11ba00000) (1024K)]
  0x000001f538222910 JavaThread "Unconstrained build operations Thread 9"        [_thread_blocked, id=29824, stack(0x000000b11ba00000,0x000000b11bb00000) (1024K)]
  0x000001f5382201b0 JavaThread "Unconstrained build operations Thread 10"        [_thread_blocked, id=29056, stack(0x000000b11bb00000,0x000000b11bc00000) (1024K)]
  0x000001f538221bf0 JavaThread "Unconstrained build operations Thread 11"        [_thread_blocked, id=30228, stack(0x000000b11bc00000,0x000000b11bd00000) (1024K)]
  0x000001f538222280 JavaThread "Unconstrained build operations Thread 12"        [_thread_blocked, id=28948, stack(0x000000b11bd00000,0x000000b11be00000) (1024K)]
  0x000001f53821f490 JavaThread "Unconstrained build operations Thread 13"        [_thread_blocked, id=32112, stack(0x000000b11be00000,0x000000b11bf00000) (1024K)]
  0x000001f538222fa0 JavaThread "Unconstrained build operations Thread 14"        [_thread_blocked, id=3852, stack(0x000000b11bf00000,0x000000b11c000000) (1024K)]
  0x000001f53821fb20 JavaThread "Unconstrained build operations Thread 15"        [_thread_blocked, id=220, stack(0x000000b11c000000,0x000000b11c100000) (1024K)]
  0x000001f538223630 JavaThread "Unconstrained build operations Thread 16"        [_thread_blocked, id=6280, stack(0x000000b11c100000,0x000000b11c200000) (1024K)]
  0x000001f538221560 JavaThread "Unconstrained build operations Thread 17"        [_thread_blocked, id=31240, stack(0x000000b11c200000,0x000000b11c300000) (1024K)]
  0x000001f538223cc0 JavaThread "Unconstrained build operations Thread 18"        [_thread_blocked, id=31900, stack(0x000000b11c300000,0x000000b11c400000) (1024K)]
  0x000001f538220840 JavaThread "Unconstrained build operations Thread 19"        [_thread_blocked, id=21496, stack(0x000000b11c400000,0x000000b11c500000) (1024K)]
  0x000001f538225070 JavaThread "Unconstrained build operations Thread 20"        [_thread_blocked, id=21612, stack(0x000000b11c500000,0x000000b11c600000) (1024K)]
  0x000001f538225700 JavaThread "jar transforms Thread 4"           [_thread_blocked, id=14584, stack(0x000000b11c600000,0x000000b11c700000) (1024K)]
  0x000001f538226420 JavaThread "jar transforms Thread 5"           [_thread_blocked, id=23484, stack(0x000000b11c700000,0x000000b11c800000) (1024K)]
  0x000001f538225d90 JavaThread "Unconstrained build operations Thread 21"        [_thread_blocked, id=30984, stack(0x000000b11c800000,0x000000b11c900000) (1024K)]
  0x000001f538224350 JavaThread "Unconstrained build operations Thread 22"        [_thread_blocked, id=27516, stack(0x000000b11c900000,0x000000b11ca00000) (1024K)]
  0x000001f5382249e0 JavaThread "Unconstrained build operations Thread 23"        [_thread_blocked, id=28540, stack(0x000000b11ca00000,0x000000b11cb00000) (1024K)]
  0x000001f537bca750 JavaThread "Unconstrained build operations Thread 24"        [_thread_blocked, id=30900, stack(0x000000b11cb00000,0x000000b11cc00000) (1024K)]
  0x000001f537bcc820 JavaThread "Unconstrained build operations Thread 25"        [_thread_blocked, id=23636, stack(0x000000b11cc00000,0x000000b11cd00000) (1024K)]
  0x000001f537bcade0 JavaThread "Unconstrained build operations Thread 26"        [_thread_blocked, id=19692, stack(0x000000b11cd00000,0x000000b11ce00000) (1024K)]
  0x000001f537bcb470 JavaThread "Unconstrained build operations Thread 27"        [_thread_blocked, id=22764, stack(0x000000b11ce00000,0x000000b11cf00000) (1024K)]
  0x000001f537bcd540 JavaThread "Unconstrained build operations Thread 28"        [_thread_blocked, id=26652, stack(0x000000b11cf00000,0x000000b11d000000) (1024K)]
  0x000001f537bcbb00 JavaThread "Unconstrained build operations Thread 29"        [_thread_blocked, id=31596, stack(0x000000b11d000000,0x000000b11d100000) (1024K)]
  0x000001f537bcc190 JavaThread "Unconstrained build operations Thread 30"        [_thread_blocked, id=22652, stack(0x000000b11d100000,0x000000b11d200000) (1024K)]
  0x000001f537bcceb0 JavaThread "jar transforms Thread 6"           [_thread_blocked, id=13672, stack(0x000000b11d200000,0x000000b11d300000) (1024K)]
  0x000001f537bca0c0 JavaThread "jar transforms Thread 7"           [_thread_blocked, id=3540, stack(0x000000b11d300000,0x000000b11d400000) (1024K)]
  0x000001f537bcdbd0 JavaThread "jar transforms Thread 8"           [_thread_blocked, id=30796, stack(0x000000b11d400000,0x000000b11d500000) (1024K)]
  0x000001f537bd09c0 JavaThread "Unconstrained build operations Thread 31"        [_thread_blocked, id=24100, stack(0x000000b11d500000,0x000000b11d600000) (1024K)]
  0x000001f537bce260 JavaThread "Unconstrained build operations Thread 32"        [_thread_blocked, id=2932, stack(0x000000b11d600000,0x000000b11d700000) (1024K)]
  0x000001f537bce8f0 JavaThread "Unconstrained build operations Thread 33"        [_thread_blocked, id=24628, stack(0x000000b11d700000,0x000000b11d800000) (1024K)]
  0x000001f537bcef80 JavaThread "Unconstrained build operations Thread 34"        [_thread_blocked, id=21036, stack(0x000000b11d800000,0x000000b11d900000) (1024K)]
  0x000001f537bcf610 JavaThread "Unconstrained build operations Thread 35"        [_thread_blocked, id=29408, stack(0x000000b11d900000,0x000000b11da00000) (1024K)]
  0x000001f537bd1050 JavaThread "Unconstrained build operations Thread 36"        [_thread_blocked, id=18772, stack(0x000000b11da00000,0x000000b11db00000) (1024K)]
  0x000001f53991b500 JavaThread "Unconstrained build operations Thread 37"        [_thread_blocked, id=12948, stack(0x000000b11db00000,0x000000b11dc00000) (1024K)]
  0x000001f539918da0 JavaThread "Unconstrained build operations Thread 38"        [_thread_blocked, id=24944, stack(0x000000b11dc00000,0x000000b11dd00000) (1024K)]
  0x000001f539918080 JavaThread "Unconstrained build operations Thread 39"        [_thread_blocked, id=5820, stack(0x000000b11dd00000,0x000000b11de00000) (1024K)]
  0x000001f539918710 JavaThread "Unconstrained build operations Thread 40"        [_thread_blocked, id=25300, stack(0x000000b11de00000,0x000000b11df00000) (1024K)]
  0x000001f539919430 JavaThread "Unconstrained build operations Thread 41"        [_thread_blocked, id=30196, stack(0x000000b11df00000,0x000000b11e000000) (1024K)]
  0x000001f53991c8b0 JavaThread "Unconstrained build operations Thread 42"        [_thread_blocked, id=3192, stack(0x000000b11e000000,0x000000b11e100000) (1024K)]
  0x000001f53991a7e0 JavaThread "Unconstrained build operations Thread 43"        [_thread_blocked, id=29808, stack(0x000000b11e100000,0x000000b11e200000) (1024K)]
  0x000001f539919ac0 JavaThread "Unconstrained build operations Thread 44"        [_thread_blocked, id=18456, stack(0x000000b11e200000,0x000000b11e300000) (1024K)]
  0x000001f53991d5d0 JavaThread "Unconstrained build operations Thread 45"        [_thread_blocked, id=32028, stack(0x000000b11e300000,0x000000b11e400000) (1024K)]
  0x000001f53991a150 JavaThread "Unconstrained build operations Thread 46"        [_thread_blocked, id=33344, stack(0x000000b11e400000,0x000000b11e500000) (1024K)]
  0x000001f53991dc60 JavaThread "Unconstrained build operations Thread 47"        [_thread_blocked, id=30768, stack(0x000000b11e500000,0x000000b11e600000) (1024K)]
  0x000001f53991e2f0 JavaThread "Unconstrained build operations Thread 48"        [_thread_blocked, id=32180, stack(0x000000b11e600000,0x000000b11e700000) (1024K)]
  0x000001f53991cf40 JavaThread "Unconstrained build operations Thread 49"        [_thread_blocked, id=17568, stack(0x000000b11e700000,0x000000b11e800000) (1024K)]
  0x000001f53991bb90 JavaThread "Unconstrained build operations Thread 50"        [_thread_blocked, id=27184, stack(0x000000b11e800000,0x000000b11e900000) (1024K)]
  0x000001f53991ae70 JavaThread "Unconstrained build operations Thread 51"        [_thread_blocked, id=16020, stack(0x000000b11e900000,0x000000b11ea00000) (1024K)]
  0x000001f53991e980 JavaThread "Unconstrained build operations Thread 52"        [_thread_blocked, id=18236, stack(0x000000b11ea00000,0x000000b11eb00000) (1024K)]
  0x000001f53991f010 JavaThread "Unconstrained build operations Thread 53"        [_thread_blocked, id=13924, stack(0x000000b11eb00000,0x000000b11ec00000) (1024K)]
  0x000001f53991f6a0 JavaThread "Unconstrained build operations Thread 54"        [_thread_blocked, id=13936, stack(0x000000b11ec00000,0x000000b11ed00000) (1024K)]
  0x000001f53991c220 JavaThread "Unconstrained build operations Thread 55"        [_thread_blocked, id=27256, stack(0x000000b11ed00000,0x000000b11ee00000) (1024K)]
  0x000001f539377df0 JavaThread "Unconstrained build operations Thread 56"        [_thread_blocked, id=15696, stack(0x000000b11ee00000,0x000000b11ef00000) (1024K)]
  0x000001f5393791a0 JavaThread "Unconstrained build operations Thread 57"        [_thread_blocked, id=30468, stack(0x000000b11ef00000,0x000000b11f000000) (1024K)]
  0x000001f539379830 JavaThread "Unconstrained build operations Thread 58"        [_thread_blocked, id=31836, stack(0x000000b11f000000,0x000000b11f100000) (1024K)]
  0x000001f53937b270 JavaThread "Unconstrained build operations Thread 59"        [_thread_blocked, id=14412, stack(0x000000b11f100000,0x000000b11f200000) (1024K)]
  0x000001f53937abe0 JavaThread "Unconstrained build operations Thread 60"        [_thread_blocked, id=31164, stack(0x000000b11f200000,0x000000b11f300000) (1024K)]
  0x000001f539379ec0 JavaThread "Unconstrained build operations Thread 61"        [_thread_blocked, id=20708, stack(0x000000b11f300000,0x000000b11f400000) (1024K)]
  0x000001f53937b900 JavaThread "Unconstrained build operations Thread 62"        [_thread_blocked, id=24840, stack(0x000000b11f400000,0x000000b11f500000) (1024K)]
  0x000001f539378480 JavaThread "Unconstrained build operations Thread 63"        [_thread_blocked, id=19872, stack(0x000000b11f500000,0x000000b11f600000) (1024K)]
  0x000001f53937bf90 JavaThread "build event listener"              [_thread_blocked, id=860, stack(0x000000b118d00000,0x000000b118e00000) (1024K)]
  0x000001f534cb25e0 JavaThread "C2 CompilerThread1"         daemon [_thread_blocked, id=2692, stack(0x000000b119100000,0x000000b119200000) (1024K)]
  0x000001f539378b10 JavaThread "Memory manager"                    [_thread_blocked, id=20672, stack(0x000000b11f600000,0x000000b11f700000) (1024K)]
  0x000001f53937c620 JavaThread "build event listener"              [_thread_blocked, id=16484, stack(0x000000b11f800000,0x000000b11f900000) (1024K)]
  0x000001f538b5e250 JavaThread "C2 CompilerThread2"         daemon [_thread_blocked, id=29128, stack(0x000000b11f700000,0x000000b11f800000) (1024K)]
Total: 108

Other Threads:
=>0x000001f52def6b20 VMThread "VM Thread"                           [id=11336, stack(0x000000b118200000,0x000000b118300000) (1024K)]
  0x000001f52de90da0 WatcherThread "VM Periodic Task Thread"        [id=11256, stack(0x000000b118100000,0x000000b118200000) (1024K)]
  0x000001f517364f90 WorkerThread "GC Thread#0"                     [id=23380, stack(0x000000b117c00000,0x000000b117d00000) (1024K)]
  0x000001f533279090 WorkerThread "GC Thread#1"                     [id=27856, stack(0x000000b118e00000,0x000000b118f00000) (1024K)]
  0x000001f533279430 WorkerThread "GC Thread#2"                     [id=31480, stack(0x000000b118f00000,0x000000b119000000) (1024K)]
  0x000001f5332fc470 WorkerThread "GC Thread#3"                     [id=13004, stack(0x000000b119000000,0x000000b119100000) (1024K)]
  0x000001f533d3b960 WorkerThread "GC Thread#4"                     [id=11952, stack(0x000000b119200000,0x000000b119300000) (1024K)]
  0x000001f534c6aa40 WorkerThread "GC Thread#5"                     [id=7092, stack(0x000000b119300000,0x000000b119400000) (1024K)]
  0x000001f534cc34e0 WorkerThread "GC Thread#6"                     [id=23724, stack(0x000000b119e00000,0x000000b119f00000) (1024K)]
  0x000001f534cc3c20 WorkerThread "GC Thread#7"                     [id=4436, stack(0x000000b119f00000,0x000000b11a000000) (1024K)]
  0x000001f534cc3fc0 WorkerThread "GC Thread#8"                     [id=8788, stack(0x000000b11a000000,0x000000b11a100000) (1024K)]
  0x000001f534cc4360 WorkerThread "GC Thread#9"                     [id=17540, stack(0x000000b11a100000,0x000000b11a200000) (1024K)]
  0x000001f517372e90 ConcurrentGCThread "G1 Main Marker"            [id=21896, stack(0x000000b117d00000,0x000000b117e00000) (1024K)]
  0x000001f5173738a0 WorkerThread "G1 Conc#0"                       [id=30904, stack(0x000000b117e00000,0x000000b117f00000) (1024K)]
  0x000001f534cc4700 WorkerThread "G1 Conc#1"                       [id=19216, stack(0x000000b11a200000,0x000000b11a300000) (1024K)]
  0x000001f534cc2da0 WorkerThread "G1 Conc#2"                       [id=24604, stack(0x000000b11a300000,0x000000b11a400000) (1024K)]
  0x000001f5173aeaa0 ConcurrentGCThread "G1 Refine#0"               [id=28360, stack(0x000000b117f00000,0x000000b118000000) (1024K)]
  0x000001f52dde9570 ConcurrentGCThread "G1 Service"                [id=33724, stack(0x000000b118000000,0x000000b118100000) (1024K)]
Total: 18

Threads with active compile tasks:
C2 CompilerThread0  11193 10907       4       java.util.jar.JarFile::getVersionedEntry (133 bytes)
C2 CompilerThread1  11193 10853       4       org.gradle.internal.instantiation.generator.AbstractClassGenerator::inspectType (602 bytes)
Total: 2

VM state: at safepoint (normal execution)

VM Mutex/Monitor currently owned by a thread:  ([mutex/lock_event])
[0x00007ffc9b068690] Threads_lock - owner thread: 0x000001f52def6b20
[0x00007ffc9b068790] Heap_lock - owner thread: 0x000001f535808f00

Heap address: 0x00000000a0000000, size: 1536 MB, Compressed Oops mode: 32-bit

CDS archive(s) not mapped
Compressed class space mapped at: 0x0000000100000000-0x000000010d000000, reserved size: 218103808
Narrow klass base: 0x0000000000000000, Narrow klass shift: 3, Narrow klass range: 0x10d000000

GC Precious Log:
 CardTable entry size: 512
 Card Set container configuration: InlinePtr #cards 5 size 8 Array Of Cards #cards 12 size 40 Howl #buckets 4 coarsen threshold 1843 Howl Bitmap #cards 512 size 80 coarsen threshold 460 Card regions per heap region 1 cards per card region 2048
 CPUs: 12 total, 12 available
 Memory: 11913M
 Large Page Support: Disabled
 NUMA Support: Disabled
 Compressed Oops: Enabled (32-bit)
 Heap Region Size: 1M
 Heap Min Capacity: 8M
 Heap Initial Capacity: 188M
 Heap Max Capacity: 1536M
 Pre-touch: Disabled
 Parallel Workers: 10
 Concurrent Workers: 3
 Concurrent Refinement Workers: 10
 Periodic GC: Disabled

Heap:
 garbage-first heap   total 163840K, used 104474K [0x00000000a0000000, 0x0000000100000000)
  region size 1024K, 3 young (3072K), 3 survivors (3072K)
 Metaspace       used 97317K, committed 99328K, reserved 344064K
  class space    used 13512K, committed 14528K, reserved 212992K

Heap Regions: E=young(eden), S=young(survivor), O=old, HS=humongous(starts), HC=humongous(continues), CS=collection set, F=free, TAMS=top-at-mark-start, PB=parsable bottom
|   0|0x00000000a0000000, 0x00000000a0100000, 0x00000000a0100000|100%|HS|  |TAMS 0x00000000a0100000| PB 0x00000000a0000000| Complete 
|   1|0x00000000a0100000, 0x00000000a0200000, 0x00000000a0200000|100%|HC|  |TAMS 0x00000000a0200000| PB 0x00000000a0100000| Complete 
|   2|0x00000000a0200000, 0x00000000a0300000, 0x00000000a0300000|100%|HC|  |TAMS 0x00000000a0300000| PB 0x00000000a0200000| Complete 
|   3|0x00000000a0300000, 0x00000000a0400000, 0x00000000a0400000|100%| O|  |TAMS 0x00000000a0400000| PB 0x00000000a0300000| Untracked 
|   4|0x00000000a0400000, 0x00000000a0500000, 0x00000000a0500000|100%| O|  |TAMS 0x00000000a0500000| PB 0x00000000a0400000| Untracked 
|   5|0x00000000a0500000, 0x00000000a0600000, 0x00000000a0600000|100%| O|  |TAMS 0x00000000a0600000| PB 0x00000000a0500000| Untracked 
|   6|0x00000000a0600000, 0x00000000a0700000, 0x00000000a0700000|100%|HS|  |TAMS 0x00000000a0700000| PB 0x00000000a0600000| Complete 
|   7|0x00000000a0700000, 0x00000000a0800000, 0x00000000a0800000|100%| O|  |TAMS 0x00000000a0800000| PB 0x00000000a0700000| Untracked 
|   8|0x00000000a0800000, 0x00000000a0900000, 0x00000000a0900000|100%| O|  |TAMS 0x00000000a0900000| PB 0x00000000a0800000| Untracked 
|   9|0x00000000a0900000, 0x00000000a0a00000, 0x00000000a0a00000|100%| O|  |TAMS 0x00000000a0a00000| PB 0x00000000a0900000| Untracked 
|  10|0x00000000a0a00000, 0x00000000a0b00000, 0x00000000a0b00000|100%| O|  |TAMS 0x00000000a0b00000| PB 0x00000000a0a00000| Untracked 
|  11|0x00000000a0b00000, 0x00000000a0c00000, 0x00000000a0c00000|100%| O|  |TAMS 0x00000000a0c00000| PB 0x00000000a0b00000| Untracked 
|  12|0x00000000a0c00000, 0x00000000a0d00000, 0x00000000a0d00000|100%| O|  |TAMS 0x00000000a0d00000| PB 0x00000000a0c00000| Untracked 
|  13|0x00000000a0d00000, 0x00000000a0e00000, 0x00000000a0e00000|100%| O|  |TAMS 0x00000000a0e00000| PB 0x00000000a0d00000| Untracked 
|  14|0x00000000a0e00000, 0x00000000a0f00000, 0x00000000a0f00000|100%| O|  |TAMS 0x00000000a0f00000| PB 0x00000000a0e00000| Untracked 
|  15|0x00000000a0f00000, 0x00000000a1000000, 0x00000000a1000000|100%| O|  |TAMS 0x00000000a1000000| PB 0x00000000a0f00000| Untracked 
|  16|0x00000000a1000000, 0x00000000a1100000, 0x00000000a1100000|100%| O|  |TAMS 0x00000000a1100000| PB 0x00000000a1000000| Untracked 
|  17|0x00000000a1100000, 0x00000000a1200000, 0x00000000a1200000|100%| O|  |TAMS 0x00000000a1200000| PB 0x00000000a1100000| Untracked 
|  18|0x00000000a1200000, 0x00000000a1300000, 0x00000000a1300000|100%| O|  |TAMS 0x00000000a1300000| PB 0x00000000a1200000| Untracked 
|  19|0x00000000a1300000, 0x00000000a1400000, 0x00000000a1400000|100%| O|  |TAMS 0x00000000a1400000| PB 0x00000000a1300000| Untracked 
|  20|0x00000000a1400000, 0x00000000a1500000, 0x00000000a1500000|100%| O|  |TAMS 0x00000000a1500000| PB 0x00000000a1400000| Untracked 
|  21|0x00000000a1500000, 0x00000000a1600000, 0x00000000a1600000|100%| O|  |TAMS 0x00000000a1600000| PB 0x00000000a1500000| Untracked 
|  22|0x00000000a1600000, 0x00000000a1700000, 0x00000000a1700000|100%| O|  |TAMS 0x00000000a1700000| PB 0x00000000a1600000| Untracked 
|  23|0x00000000a1700000, 0x00000000a1800000, 0x00000000a1800000|100%| O|  |TAMS 0x00000000a1800000| PB 0x00000000a1700000| Untracked 
|  24|0x00000000a1800000, 0x00000000a1900000, 0x00000000a1900000|100%| O|  |TAMS 0x00000000a1900000| PB 0x00000000a1800000| Untracked 
|  25|0x00000000a1900000, 0x00000000a1a00000, 0x00000000a1a00000|100%| O|  |TAMS 0x00000000a1a00000| PB 0x00000000a1900000| Untracked 
|  26|0x00000000a1a00000, 0x00000000a1b00000, 0x00000000a1b00000|100%|HS|  |TAMS 0x00000000a1b00000| PB 0x00000000a1a00000| Complete 
|  27|0x00000000a1b00000, 0x00000000a1c00000, 0x00000000a1c00000|100%|HC|  |TAMS 0x00000000a1c00000| PB 0x00000000a1b00000| Complete 
|  28|0x00000000a1c00000, 0x00000000a1d00000, 0x00000000a1d00000|100%| O|  |TAMS 0x00000000a1d00000| PB 0x00000000a1c00000| Untracked 
|  29|0x00000000a1d00000, 0x00000000a1e00000, 0x00000000a1e00000|100%| O|  |TAMS 0x00000000a1e00000| PB 0x00000000a1d00000| Untracked 
|  30|0x00000000a1e00000, 0x00000000a1f00000, 0x00000000a1f00000|100%| O|  |TAMS 0x00000000a1e00000| PB 0x00000000a1e00000| Untracked 
|  31|0x00000000a1f00000, 0x00000000a2000000, 0x00000000a2000000|100%| O|  |TAMS 0x00000000a2000000| PB 0x00000000a1f00000| Untracked 
|  32|0x00000000a2000000, 0x00000000a2100000, 0x00000000a2100000|100%| O|  |TAMS 0x00000000a2100000| PB 0x00000000a2000000| Untracked 
|  33|0x00000000a2100000, 0x00000000a2200000, 0x00000000a2200000|100%| O|  |TAMS 0x00000000a2200000| PB 0x00000000a2100000| Untracked 
|  34|0x00000000a2200000, 0x00000000a2300000, 0x00000000a2300000|100%| O|  |TAMS 0x00000000a2300000| PB 0x00000000a2200000| Untracked 
|  35|0x00000000a2300000, 0x00000000a2400000, 0x00000000a2400000|100%| O|  |TAMS 0x00000000a2400000| PB 0x00000000a2300000| Untracked 
|  36|0x00000000a2400000, 0x00000000a2500000, 0x00000000a2500000|100%| O|  |TAMS 0x00000000a2500000| PB 0x00000000a2400000| Untracked 
|  37|0x00000000a2500000, 0x00000000a2600000, 0x00000000a2600000|100%| O|  |TAMS 0x00000000a2600000| PB 0x00000000a2500000| Untracked 
|  38|0x00000000a2600000, 0x00000000a2700000, 0x00000000a2700000|100%| O|  |TAMS 0x00000000a2700000| PB 0x00000000a2600000| Untracked 
|  39|0x00000000a2700000, 0x00000000a2800000, 0x00000000a2800000|100%| O|  |TAMS 0x00000000a2800000| PB 0x00000000a2700000| Untracked 
|  40|0x00000000a2800000, 0x00000000a2900000, 0x00000000a2900000|100%| O|  |TAMS 0x00000000a2900000| PB 0x00000000a2800000| Untracked 
|  41|0x00000000a2900000, 0x00000000a2a00000, 0x00000000a2a00000|100%| O|  |TAMS 0x00000000a2a00000| PB 0x00000000a2900000| Untracked 
|  42|0x00000000a2a00000, 0x00000000a2b00000, 0x00000000a2b00000|100%| O|  |TAMS 0x00000000a2b00000| PB 0x00000000a2a00000| Untracked 
|  43|0x00000000a2b00000, 0x00000000a2c00000, 0x00000000a2c00000|100%| O|  |TAMS 0x00000000a2c00000| PB 0x00000000a2b00000| Untracked 
|  44|0x00000000a2c00000, 0x00000000a2d00000, 0x00000000a2d00000|100%| O|  |TAMS 0x00000000a2d00000| PB 0x00000000a2c00000| Untracked 
|  45|0x00000000a2d00000, 0x00000000a2e00000, 0x00000000a2e00000|100%|HS|  |TAMS 0x00000000a2e00000| PB 0x00000000a2d00000| Complete 
|  46|0x00000000a2e00000, 0x00000000a2f00000, 0x00000000a2f00000|100%|HS|  |TAMS 0x00000000a2f00000| PB 0x00000000a2e00000| Complete 
|  47|0x00000000a2f00000, 0x00000000a3000000, 0x00000000a3000000|100%|HS|  |TAMS 0x00000000a3000000| PB 0x00000000a2f00000| Complete 
|  48|0x00000000a3000000, 0x00000000a3100000, 0x00000000a3100000|100%|HC|  |TAMS 0x00000000a3100000| PB 0x00000000a3000000| Complete 
|  49|0x00000000a3100000, 0x00000000a3200000, 0x00000000a3200000|100%| O|  |TAMS 0x00000000a3200000| PB 0x00000000a3100000| Untracked 
|  50|0x00000000a3200000, 0x00000000a3300000, 0x00000000a3300000|100%| O|  |TAMS 0x00000000a3300000| PB 0x00000000a3200000| Untracked 
|  51|0x00000000a3300000, 0x00000000a3400000, 0x00000000a3400000|100%| O|  |TAMS 0x00000000a3400000| PB 0x00000000a3300000| Untracked 
|  52|0x00000000a3400000, 0x00000000a3500000, 0x00000000a3500000|100%|HS|  |TAMS 0x00000000a3500000| PB 0x00000000a3400000| Complete 
|  53|0x00000000a3500000, 0x00000000a3600000, 0x00000000a3600000|100%|HC|  |TAMS 0x00000000a3600000| PB 0x00000000a3500000| Complete 
|  54|0x00000000a3600000, 0x00000000a3700000, 0x00000000a3700000|100%|HS|  |TAMS 0x00000000a3700000| PB 0x00000000a3600000| Complete 
|  55|0x00000000a3700000, 0x00000000a3800000, 0x00000000a3800000|100%|HS|  |TAMS 0x00000000a3800000| PB 0x00000000a3700000| Complete 
|  56|0x00000000a3800000, 0x00000000a3900000, 0x00000000a3900000|100%|HC|  |TAMS 0x00000000a3900000| PB 0x00000000a3800000| Complete 
|  57|0x00000000a3900000, 0x00000000a3a00000, 0x00000000a3a00000|100%|HC|  |TAMS 0x00000000a3a00000| PB 0x00000000a3900000| Complete 
|  58|0x00000000a3a00000, 0x00000000a3b00000, 0x00000000a3b00000|100%|HC|  |TAMS 0x00000000a3b00000| PB 0x00000000a3a00000| Complete 
|  59|0x00000000a3b00000, 0x00000000a3c00000, 0x00000000a3c00000|100%|HS|  |TAMS 0x00000000a3c00000| PB 0x00000000a3b00000| Complete 
|  60|0x00000000a3c00000, 0x00000000a3d00000, 0x00000000a3d00000|100%| O|  |TAMS 0x00000000a3d00000| PB 0x00000000a3c00000| Untracked 
|  61|0x00000000a3d00000, 0x00000000a3e00000, 0x00000000a3e00000|100%|HS|  |TAMS 0x00000000a3e00000| PB 0x00000000a3d00000| Complete 
|  62|0x00000000a3e00000, 0x00000000a3f00000, 0x00000000a3f00000|100%|HS|  |TAMS 0x00000000a3f00000| PB 0x00000000a3e00000| Complete 
|  63|0x00000000a3f00000, 0x00000000a4000000, 0x00000000a4000000|100%| O|  |TAMS 0x00000000a4000000| PB 0x00000000a3f00000| Untracked 
|  64|0x00000000a4000000, 0x00000000a4100000, 0x00000000a4100000|100%| O|  |TAMS 0x00000000a4100000| PB 0x00000000a4000000| Untracked 
|  65|0x00000000a4100000, 0x00000000a4200000, 0x00000000a4200000|100%| O|  |TAMS 0x00000000a4200000| PB 0x00000000a4100000| Untracked 
|  66|0x00000000a4200000, 0x00000000a4300000, 0x00000000a4300000|100%| O|  |TAMS 0x00000000a4300000| PB 0x00000000a4200000| Untracked 
|  67|0x00000000a4300000, 0x00000000a4400000, 0x00000000a4400000|100%| O|  |TAMS 0x00000000a4400000| PB 0x00000000a4300000| Untracked 
|  68|0x00000000a4400000, 0x00000000a4500000, 0x00000000a4500000|100%| O|  |TAMS 0x00000000a4500000| PB 0x00000000a4400000| Untracked 
|  69|0x00000000a4500000, 0x00000000a4600000, 0x00000000a4600000|100%| O|  |TAMS 0x00000000a4600000| PB 0x00000000a4500000| Untracked 
|  70|0x00000000a4600000, 0x00000000a4700000, 0x00000000a4700000|100%| O|  |TAMS 0x00000000a4700000| PB 0x00000000a4600000| Untracked 
|  71|0x00000000a4700000, 0x00000000a4800000, 0x00000000a4800000|100%| O|  |TAMS 0x00000000a4800000| PB 0x00000000a4700000| Untracked 
|  72|0x00000000a4800000, 0x00000000a4900000, 0x00000000a4900000|100%| O|  |TAMS 0x00000000a4800000| PB 0x00000000a4800000| Untracked 
|  73|0x00000000a4900000, 0x00000000a4a00000, 0x00000000a4a00000|100%| O|  |TAMS 0x00000000a4a00000| PB 0x00000000a4900000| Untracked 
|  74|0x00000000a4a00000, 0x00000000a4b00000, 0x00000000a4b00000|100%|HS|  |TAMS 0x00000000a4b00000| PB 0x00000000a4a00000| Complete 
|  75|0x00000000a4b00000, 0x00000000a4c00000, 0x00000000a4c00000|100%| O|  |TAMS 0x00000000a4c00000| PB 0x00000000a4b00000| Untracked 
|  76|0x00000000a4c00000, 0x00000000a4d00000, 0x00000000a4d00000|100%| O|  |TAMS 0x00000000a4d00000| PB 0x00000000a4c00000| Untracked 
|  77|0x00000000a4d00000, 0x00000000a4e00000, 0x00000000a4e00000|100%| O|  |TAMS 0x00000000a4e00000| PB 0x00000000a4d00000| Untracked 
|  78|0x00000000a4e00000, 0x00000000a4f00000, 0x00000000a4f00000|100%| O|  |TAMS 0x00000000a4f00000| PB 0x00000000a4e00000| Untracked 
|  79|0x00000000a4f00000, 0x00000000a5000000, 0x00000000a5000000|100%|HS|  |TAMS 0x00000000a5000000| PB 0x00000000a4f00000| Complete 
|  80|0x00000000a5000000, 0x00000000a5100000, 0x00000000a5100000|100%|HC|  |TAMS 0x00000000a5100000| PB 0x00000000a5000000| Complete 
|  81|0x00000000a5100000, 0x00000000a5200000, 0x00000000a5200000|100%|HC|  |TAMS 0x00000000a5200000| PB 0x00000000a5100000| Complete 
|  82|0x00000000a5200000, 0x00000000a5300000, 0x00000000a5300000|100%|HC|  |TAMS 0x00000000a5300000| PB 0x00000000a5200000| Complete 
|  83|0x00000000a5300000, 0x00000000a5400000, 0x00000000a5400000|100%| O|  |TAMS 0x00000000a5400000| PB 0x00000000a5300000| Untracked 
|  84|0x00000000a5400000, 0x00000000a5500000, 0x00000000a5500000|100%| O|  |TAMS 0x00000000a5500000| PB 0x00000000a5400000| Untracked 
|  85|0x00000000a5500000, 0x00000000a5600000, 0x00000000a5600000|100%| O|  |TAMS 0x00000000a55cdc78| PB 0x00000000a5500000| Untracked 
|  86|0x00000000a5600000, 0x00000000a5700000, 0x00000000a5700000|100%| O|  |TAMS 0x00000000a5600000| PB 0x00000000a5600000| Untracked 
|  87|0x00000000a5700000, 0x00000000a5800000, 0x00000000a5800000|100%| O|  |TAMS 0x00000000a5700000| PB 0x00000000a5700000| Untracked 
|  88|0x00000000a5800000, 0x00000000a5900000, 0x00000000a5900000|100%| O|  |TAMS 0x00000000a5800000| PB 0x00000000a5800000| Untracked 
|  89|0x00000000a5900000, 0x00000000a5a00000, 0x00000000a5a00000|100%| O|  |TAMS 0x00000000a5900000| PB 0x00000000a5900000| Untracked 
|  90|0x00000000a5a00000, 0x00000000a5a00000, 0x00000000a5b00000|  0%| F|  |TAMS 0x00000000a5a00000| PB 0x00000000a5a00000| Untracked 
|  91|0x00000000a5b00000, 0x00000000a5b00000, 0x00000000a5c00000|  0%| F|  |TAMS 0x00000000a5b00000| PB 0x00000000a5b00000| Untracked 
|  92|0x00000000a5c00000, 0x00000000a5c00000, 0x00000000a5d00000|  0%| F|  |TAMS 0x00000000a5c00000| PB 0x00000000a5c00000| Untracked 
|  93|0x00000000a5d00000, 0x00000000a5d00000, 0x00000000a5e00000|  0%| F|  |TAMS 0x00000000a5d00000| PB 0x00000000a5d00000| Untracked 
|  94|0x00000000a5e00000, 0x00000000a5ee9ca0, 0x00000000a5f00000| 91%| O|  |TAMS 0x00000000a5e00000| PB 0x00000000a5e00000| Untracked 
|  95|0x00000000a5f00000, 0x00000000a5f00000, 0x00000000a6000000|  0%| F|  |TAMS 0x00000000a5f00000| PB 0x00000000a5f00000| Untracked 
|  96|0x00000000a6000000, 0x00000000a6000000, 0x00000000a6100000|  0%| F|  |TAMS 0x00000000a6000000| PB 0x00000000a6000000| Untracked 
|  97|0x00000000a6100000, 0x00000000a6100000, 0x00000000a6200000|  0%| F|  |TAMS 0x00000000a6100000| PB 0x00000000a6100000| Untracked 
|  98|0x00000000a6200000, 0x00000000a6200000, 0x00000000a6300000|  0%| F|  |TAMS 0x00000000a6200000| PB 0x00000000a6200000| Untracked 
|  99|0x00000000a6300000, 0x00000000a6300000, 0x00000000a6400000|  0%| F|  |TAMS 0x00000000a6300000| PB 0x00000000a6300000| Untracked 
| 100|0x00000000a6400000, 0x00000000a6400000, 0x00000000a6500000|  0%| F|  |TAMS 0x00000000a6400000| PB 0x00000000a6400000| Untracked 
| 101|0x00000000a6500000, 0x00000000a6500000, 0x00000000a6600000|  0%| F|  |TAMS 0x00000000a6500000| PB 0x00000000a6500000| Untracked 
| 102|0x00000000a6600000, 0x00000000a6600000, 0x00000000a6700000|  0%| F|  |TAMS 0x00000000a6600000| PB 0x00000000a6600000| Untracked 
| 103|0x00000000a6700000, 0x00000000a6700000, 0x00000000a6800000|  0%| F|  |TAMS 0x00000000a6700000| PB 0x00000000a6700000| Untracked 
| 104|0x00000000a6800000, 0x00000000a6800000, 0x00000000a6900000|  0%| F|  |TAMS 0x00000000a6800000| PB 0x00000000a6800000| Untracked 
| 105|0x00000000a6900000, 0x00000000a6900000, 0x00000000a6a00000|  0%| F|  |TAMS 0x00000000a6900000| PB 0x00000000a6900000| Untracked 
| 106|0x00000000a6a00000, 0x00000000a6a00000, 0x00000000a6b00000|  0%| F|  |TAMS 0x00000000a6a00000| PB 0x00000000a6a00000| Untracked 
| 107|0x00000000a6b00000, 0x00000000a6b00000, 0x00000000a6c00000|  0%| F|  |TAMS 0x00000000a6b00000| PB 0x00000000a6b00000| Untracked 
| 108|0x00000000a6c00000, 0x00000000a6c00000, 0x00000000a6d00000|  0%| F|  |TAMS 0x00000000a6c00000| PB 0x00000000a6c00000| Untracked 
| 109|0x00000000a6d00000, 0x00000000a6d1cb70, 0x00000000a6e00000| 11%| S|CS|TAMS 0x00000000a6d00000| PB 0x00000000a6d00000| Complete 
| 110|0x00000000a6e00000, 0x00000000a6f00000, 0x00000000a6f00000|100%| S|CS|TAMS 0x00000000a6e00000| PB 0x00000000a6e00000| Complete 
| 111|0x00000000a6f00000, 0x00000000a7000000, 0x00000000a7000000|100%| S|CS|TAMS 0x00000000a6f00000| PB 0x00000000a6f00000| Complete 
| 112|0x00000000a7000000, 0x00000000a7000000, 0x00000000a7100000|  0%| F|  |TAMS 0x00000000a7000000| PB 0x00000000a7000000| Untracked 
| 113|0x00000000a7100000, 0x00000000a7100000, 0x00000000a7200000|  0%| F|  |TAMS 0x00000000a7100000| PB 0x00000000a7100000| Untracked 
| 114|0x00000000a7200000, 0x00000000a7200000, 0x00000000a7300000|  0%| F|  |TAMS 0x00000000a7200000| PB 0x00000000a7200000| Untracked 
| 115|0x00000000a7300000, 0x00000000a7300000, 0x00000000a7400000|  0%| F|  |TAMS 0x00000000a7300000| PB 0x00000000a7300000| Untracked 
| 116|0x00000000a7400000, 0x00000000a7400000, 0x00000000a7500000|  0%| F|  |TAMS 0x00000000a7400000| PB 0x00000000a7400000| Untracked 
| 117|0x00000000a7500000, 0x00000000a7500000, 0x00000000a7600000|  0%| F|  |TAMS 0x00000000a7500000| PB 0x00000000a7500000| Untracked 
| 118|0x00000000a7600000, 0x00000000a7600000, 0x00000000a7700000|  0%| F|  |TAMS 0x00000000a7600000| PB 0x00000000a7600000| Untracked 
| 119|0x00000000a7700000, 0x00000000a7700000, 0x00000000a7800000|  0%| F|  |TAMS 0x00000000a7700000| PB 0x00000000a7700000| Untracked 
| 120|0x00000000a7800000, 0x00000000a7800000, 0x00000000a7900000|  0%| F|  |TAMS 0x00000000a7800000| PB 0x00000000a7800000| Untracked 
| 121|0x00000000a7900000, 0x00000000a7900000, 0x00000000a7a00000|  0%| F|  |TAMS 0x00000000a7900000| PB 0x00000000a7900000| Untracked 
| 122|0x00000000a7a00000, 0x00000000a7a00000, 0x00000000a7b00000|  0%| F|  |TAMS 0x00000000a7a00000| PB 0x00000000a7a00000| Untracked 
| 123|0x00000000a7b00000, 0x00000000a7b00000, 0x00000000a7c00000|  0%| F|  |TAMS 0x00000000a7b00000| PB 0x00000000a7b00000| Untracked 
| 124|0x00000000a7c00000, 0x00000000a7c00000, 0x00000000a7d00000|  0%| F|  |TAMS 0x00000000a7c00000| PB 0x00000000a7c00000| Untracked 
| 125|0x00000000a7d00000, 0x00000000a7d00000, 0x00000000a7e00000|  0%| F|  |TAMS 0x00000000a7d00000| PB 0x00000000a7d00000| Untracked 
| 126|0x00000000a7e00000, 0x00000000a7e00000, 0x00000000a7f00000|  0%| F|  |TAMS 0x00000000a7e00000| PB 0x00000000a7e00000| Untracked 
| 127|0x00000000a7f00000, 0x00000000a7f00000, 0x00000000a8000000|  0%| F|  |TAMS 0x00000000a7f00000| PB 0x00000000a7f00000| Untracked 
| 128|0x00000000a8000000, 0x00000000a8000000, 0x00000000a8100000|  0%| F|  |TAMS 0x00000000a8000000| PB 0x00000000a8000000| Untracked 
| 129|0x00000000a8100000, 0x00000000a8100000, 0x00000000a8200000|  0%| F|  |TAMS 0x00000000a8100000| PB 0x00000000a8100000| Untracked 
| 130|0x00000000a8200000, 0x00000000a8200000, 0x00000000a8300000|  0%| F|  |TAMS 0x00000000a8200000| PB 0x00000000a8200000| Untracked 
| 131|0x00000000a8300000, 0x00000000a8300000, 0x00000000a8400000|  0%| F|  |TAMS 0x00000000a8300000| PB 0x00000000a8300000| Untracked 
| 132|0x00000000a8400000, 0x00000000a8400000, 0x00000000a8500000|  0%| F|  |TAMS 0x00000000a8400000| PB 0x00000000a8400000| Untracked 
| 133|0x00000000a8500000, 0x00000000a8500000, 0x00000000a8600000|  0%| F|  |TAMS 0x00000000a8500000| PB 0x00000000a8500000| Untracked 
| 151|0x00000000a9700000, 0x00000000a9700000, 0x00000000a9800000|  0%| F|  |TAMS 0x00000000a9700000| PB 0x00000000a9700000| Untracked 
| 152|0x00000000a9800000, 0x00000000a9800000, 0x00000000a9900000|  0%| F|  |TAMS 0x00000000a9800000| PB 0x00000000a9800000| Untracked 
| 153|0x00000000a9900000, 0x00000000a9900000, 0x00000000a9a00000|  0%| F|  |TAMS 0x00000000a9900000| PB 0x00000000a9900000| Untracked 
| 154|0x00000000a9a00000, 0x00000000a9a00000, 0x00000000a9b00000|  0%| F|  |TAMS 0x00000000a9a00000| PB 0x00000000a9a00000| Untracked 
| 155|0x00000000a9b00000, 0x00000000a9b00000, 0x00000000a9c00000|  0%| F|  |TAMS 0x00000000a9b00000| PB 0x00000000a9b00000| Untracked 
| 156|0x00000000a9c00000, 0x00000000a9c00000, 0x00000000a9d00000|  0%| F|  |TAMS 0x00000000a9c00000| PB 0x00000000a9c00000| Untracked 
| 157|0x00000000a9d00000, 0x00000000a9d00000, 0x00000000a9e00000|  0%| F|  |TAMS 0x00000000a9d00000| PB 0x00000000a9d00000| Untracked 
| 158|0x00000000a9e00000, 0x00000000a9e00000, 0x00000000a9f00000|  0%| F|  |TAMS 0x00000000a9e00000| PB 0x00000000a9e00000| Untracked 
| 159|0x00000000a9f00000, 0x00000000a9f00000, 0x00000000aa000000|  0%| F|  |TAMS 0x00000000a9f00000| PB 0x00000000a9f00000| Untracked 
| 186|0x00000000aba00000, 0x00000000aba00000, 0x00000000abb00000|  0%| F|  |TAMS 0x00000000aba00000| PB 0x00000000aba00000| Untracked 
| 187|0x00000000abb00000, 0x00000000abb00000, 0x00000000abc00000|  0%| F|  |TAMS 0x00000000abb00000| PB 0x00000000abb00000| Untracked 
|1521|0x00000000ff100000, 0x00000000ff100000, 0x00000000ff200000|  0%| F|  |TAMS 0x00000000ff100000| PB 0x00000000ff100000| Untracked 
|1522|0x00000000ff200000, 0x00000000ff200000, 0x00000000ff300000|  0%| F|  |TAMS 0x00000000ff200000| PB 0x00000000ff200000| Untracked 
|1523|0x00000000ff300000, 0x00000000ff300000, 0x00000000ff400000|  0%| F|  |TAMS 0x00000000ff300000| PB 0x00000000ff300000| Untracked 
|1524|0x00000000ff400000, 0x00000000ff400000, 0x00000000ff500000|  0%| F|  |TAMS 0x00000000ff400000| PB 0x00000000ff400000| Untracked 
|1525|0x00000000ff500000, 0x00000000ff600000, 0x00000000ff600000|100%| O|  |TAMS 0x00000000ff600000| PB 0x00000000ff500000| Untracked 
|1526|0x00000000ff600000, 0x00000000ff700000, 0x00000000ff700000|100%| O|  |TAMS 0x00000000ff700000| PB 0x00000000ff600000| Untracked 
|1527|0x00000000ff700000, 0x00000000ff800000, 0x00000000ff800000|100%| O|  |TAMS 0x00000000ff800000| PB 0x00000000ff700000| Untracked 
|1528|0x00000000ff800000, 0x00000000ff900000, 0x00000000ff900000|100%| O|  |TAMS 0x00000000ff900000| PB 0x00000000ff800000| Untracked 
|1529|0x00000000ff900000, 0x00000000ffa00000, 0x00000000ffa00000|100%| O|  |TAMS 0x00000000ffa00000| PB 0x00000000ff900000| Untracked 
|1530|0x00000000ffa00000, 0x00000000ffa00000, 0x00000000ffb00000|  0%| F|  |TAMS 0x00000000ffa00000| PB 0x00000000ffa00000| Untracked 
|1531|0x00000000ffb00000, 0x00000000ffb00000, 0x00000000ffc00000|  0%| F|  |TAMS 0x00000000ffb00000| PB 0x00000000ffb00000| Untracked 
|1532|0x00000000ffc00000, 0x00000000ffd00000, 0x00000000ffd00000|100%| O|  |TAMS 0x00000000ffd00000| PB 0x00000000ffc00000| Untracked 
|1533|0x00000000ffd00000, 0x00000000ffe00000, 0x00000000ffe00000|100%| O|  |TAMS 0x00000000ffe00000| PB 0x00000000ffd00000| Untracked 
|1534|0x00000000ffe00000, 0x00000000fff00000, 0x00000000fff00000|100%| O|  |TAMS 0x00000000fff00000| PB 0x00000000ffe00000| Untracked 
|1535|0x00000000fff00000, 0x0000000100000000, 0x0000000100000000|100%| O|  |TAMS 0x0000000100000000| PB 0x00000000fff00000| Untracked 

Card table byte_map: [0x000001f529ca0000,0x000001f529fa0000] _byte_map_base: 0x000001f5297a0000

Marking Bits: (CMBitMap*) 0x000001f5173655a0
 Bits: [0x000001f529fa0000, 0x000001f52b7a0000)

Polling page: 0x000001f515360000

Metaspace:

Usage:
  Non-class:     81.84 MB used.
      Class:     13.20 MB used.
       Both:     95.04 MB used.

Virtual space:
  Non-class space:      128.00 MB reserved,      82.81 MB ( 65%) committed,  2 nodes.
      Class space:      208.00 MB reserved,      14.19 MB (  7%) committed,  1 nodes.
             Both:      336.00 MB reserved,      97.00 MB ( 29%) committed. 

Chunk freelists:
   Non-Class:  12.42 MB
       Class:  1.66 MB
        Both:  14.08 MB

MaxMetaspaceSize: 256.00 MB
CompressedClassSpaceSize: 208.00 MB
Initial GC threshold: 21.00 MB
Current GC threshold: 149.81 MB
CDS: off
 - commit_granule_bytes: 65536.
 - commit_granule_words: 8192.
 - virtual_space_node_default_size: 8388608.
 - enlarge_chunks_in_place: 1.
 - use_allocation_guard: 0.


Internal statistics:

num_allocs_failed_limit: 9.
num_arena_births: 3822.
num_arena_deaths: 0.
num_vsnodes_births: 3.
num_vsnodes_deaths: 0.
num_space_committed: 1552.
num_space_uncommitted: 0.
num_chunks_returned_to_freelist: 9.
num_chunks_taken_from_freelist: 7888.
num_chunk_merges: 9.
num_chunk_splits: 5140.
num_chunks_enlarged: 3228.
num_inconsistent_stats: 0.

CodeHeap 'non-profiled nmethods': size=120000Kb used=5865Kb max_used=5865Kb free=114134Kb
 bounds [0x000001f521f20000, 0x000001f5224e0000, 0x000001f529450000]
CodeHeap 'profiled nmethods': size=120000Kb used=16648Kb max_used=16648Kb free=103351Kb
 bounds [0x000001f51a450000, 0x000001f51b4a0000, 0x000001f521980000]
CodeHeap 'non-nmethods': size=5760Kb used=2671Kb max_used=2728Kb free=3088Kb
 bounds [0x000001f521980000, 0x000001f521c40000, 0x000001f521f20000]
CodeCache: size=245760Kb, used=25184Kb, max_used=25241Kb, free=220573Kb
 total_blobs=10105, nmethods=9150, adapters=858, full_count=0
Compilation: enabled, stopped_count=0, restarted_count=0

Compilation events (20 events):
Event: 10.051 Thread 0x000001f52e593c50 nmethod 10900 0x000001f51b48f990 code [0x000001f51b48fbe0, 0x000001f51b490470]
Event: 10.051 Thread 0x000001f52e593c50 10899       3       org.gradle.api.internal.DefaultNamedDomainObjectCollection::didAdd (21 bytes)
Event: 10.051 Thread 0x000001f52e593c50 nmethod 10899 0x000001f51b490890 code [0x000001f51b490a60, 0x000001f51b490d08]
Event: 10.053 Thread 0x000001f52e593c50 10901       3       org.gradle.api.internal.provider.DefaultProvider::<init> (10 bytes)
Event: 10.054 Thread 0x000001f52e593c50 nmethod 10901 0x000001f51b490e10 code [0x000001f51b490fc0, 0x000001f51b4911e0]
Event: 10.054 Thread 0x000001f52e593c50 10902       3       org.gradle.api.internal.provider.DefaultProviderFactory::provider (23 bytes)
Event: 10.054 Thread 0x000001f52e593c50 nmethod 10902 0x000001f51b491310 code [0x000001f51b4914e0, 0x000001f51b4918a0]
Event: 10.054 Thread 0x000001f52e593c50 10903       3       org.gradle.api.internal.file.BaseDirFileResolver::doResolve (25 bytes)
Event: 10.055 Thread 0x000001f52e593c50 nmethod 10903 0x000001f51b491a10 code [0x000001f51b491be0, 0x000001f51b491ee8]
Event: 10.055 Thread 0x000001f52e593c50 10905       3       org.gradle.api.internal.provider.ValueState$NonFinalizedValue::explicitValue (11 bytes)
Event: 10.055 Thread 0x000001f52e593c50 nmethod 10905 0x000001f51b492090 code [0x000001f51b492240, 0x000001f51b4923b0]
Event: 10.057 Thread 0x000001f538b5e250 nmethod 10895% 0x000001f5224cfe90 code [0x000001f5224d00a0, 0x000001f5224d1138]
Event: 10.057 Thread 0x000001f538b5e250 10904       4       java.util.LinkedHashMap::keysToArray (80 bytes)
Event: 10.061 Thread 0x000001f538b5e250 nmethod 10904 0x000001f5224d1890 code [0x000001f5224d1a40, 0x000001f5224d1f50]
Event: 10.061 Thread 0x000001f538b5e250 10896       4       org.gradle.api.internal.provider.ValueSupplier$Missing::asType (8 bytes)
Event: 10.061 Thread 0x000001f538b5e250 nmethod 10896 0x000001f5224d2090 code [0x000001f5224d2220, 0x000001f5224d22a8]
Event: 10.088 Thread 0x000001f52e592da0 nmethod 10880 0x000001f5224d2390 code [0x000001f5224d29a0, 0x000001f5224d7e70]
Event: 10.098 Thread 0x000001f52e593c50 10906       3       java.util.concurrent.ConcurrentHashMap::values (25 bytes)
Event: 10.098 Thread 0x000001f52e593c50 nmethod 10906 0x000001f51b492490 code [0x000001f51b492660, 0x000001f51b4929e8]
Event: 10.098 Thread 0x000001f52e592da0 10907       4       java.util.jar.JarFile::getVersionedEntry (133 bytes)

GC Heap History (20 events):
Event: 6.851 GC heap after
{Heap after GC invocations=23 (full 0):
 garbage-first heap   total 129024K, used 57104K [0x00000000a0000000, 0x0000000100000000)
  region size 1024K, 5 young (5120K), 5 survivors (5120K)
 Metaspace       used 72883K, committed 74560K, reserved 278528K
  class space    used 10226K, committed 11008K, reserved 212992K
}
Event: 6.988 GC heap before
{Heap before GC invocations=23 (full 0):
 garbage-first heap   total 129024K, used 75536K [0x00000000a0000000, 0x0000000100000000)
  region size 1024K, 24 young (24576K), 5 survivors (5120K)
 Metaspace       used 73265K, committed 75008K, reserved 278528K
  class space    used 10283K, committed 11136K, reserved 212992K
}
Event: 6.991 GC heap after
{Heap after GC invocations=24 (full 0):
 garbage-first heap   total 129024K, used 59369K [0x00000000a0000000, 0x0000000100000000)
  region size 1024K, 6 young (6144K), 6 survivors (6144K)
 Metaspace       used 73265K, committed 75008K, reserved 278528K
  class space    used 10283K, committed 11136K, reserved 212992K
}
Event: 7.635 GC heap before
{Heap before GC invocations=25 (full 0):
 garbage-first heap   total 129024K, used 125929K [0x00000000a0000000, 0x0000000100000000)
  region size 1024K, 57 young (58368K), 6 survivors (6144K)
 Metaspace       used 76367K, committed 78144K, reserved 344064K
  class space    used 10674K, committed 11520K, reserved 212992K
}
Event: 7.644 GC heap after
{Heap after GC invocations=26 (full 0):
 garbage-first heap   total 144384K, used 84970K [0x00000000a0000000, 0x0000000100000000)
  region size 1024K, 8 young (8192K), 8 survivors (8192K)
 Metaspace       used 76367K, committed 78144K, reserved 344064K
  class space    used 10674K, committed 11520K, reserved 212992K
}
Event: 8.058 GC heap before
{Heap before GC invocations=26 (full 0):
 garbage-first heap   total 144384K, used 127978K [0x00000000a0000000, 0x0000000100000000)
  region size 1024K, 50 young (51200K), 8 survivors (8192K)
 Metaspace       used 80635K, committed 82432K, reserved 344064K
  class space    used 11215K, committed 12096K, reserved 212992K
}
Event: 8.062 GC heap after
{Heap after GC invocations=27 (full 0):
 garbage-first heap   total 144384K, used 86608K [0x00000000a0000000, 0x0000000100000000)
  region size 1024K, 2 young (2048K), 2 survivors (2048K)
 Metaspace       used 80635K, committed 82432K, reserved 344064K
  class space    used 11215K, committed 12096K, reserved 212992K
}
Event: 8.252 GC heap before
{Heap before GC invocations=27 (full 0):
 garbage-first heap   total 144384K, used 104016K [0x00000000a0000000, 0x0000000100000000)
  region size 1024K, 21 young (21504K), 2 survivors (2048K)
 Metaspace       used 83096K, committed 84928K, reserved 344064K
  class space    used 11566K, committed 12480K, reserved 212992K
}
Event: 8.254 GC heap after
{Heap after GC invocations=28 (full 0):
 garbage-first heap   total 144384K, used 88476K [0x00000000a0000000, 0x0000000100000000)
  region size 1024K, 4 young (4096K), 4 survivors (4096K)
 Metaspace       used 83096K, committed 84928K, reserved 344064K
  class space    used 11566K, committed 12480K, reserved 212992K
}
Event: 8.545 GC heap before
{Heap before GC invocations=29 (full 0):
 garbage-first heap   total 155648K, used 136604K [0x00000000a0000000, 0x0000000100000000)
  region size 1024K, 46 young (47104K), 4 survivors (4096K)
 Metaspace       used 85256K, committed 87232K, reserved 344064K
  class space    used 11880K, committed 12864K, reserved 212992K
}
Event: 8.550 GC heap after
{Heap after GC invocations=30 (full 0):
 garbage-first heap   total 155648K, used 93221K [0x00000000a0000000, 0x0000000100000000)
  region size 1024K, 6 young (6144K), 6 survivors (6144K)
 Metaspace       used 85256K, committed 87232K, reserved 344064K
  class space    used 11880K, committed 12864K, reserved 212992K
}
Event: 9.009 GC heap before
{Heap before GC invocations=30 (full 0):
 garbage-first heap   total 155648K, used 138277K [0x00000000a0000000, 0x0000000100000000)
  region size 1024K, 50 young (51200K), 6 survivors (6144K)
 Metaspace       used 89459K, committed 91328K, reserved 344064K
  class space    used 12420K, committed 13312K, reserved 212992K
}
Event: 9.015 GC heap after
{Heap after GC invocations=31 (full 0):
 garbage-first heap   total 155648K, used 92704K [0x00000000a0000000, 0x0000000100000000)
  region size 1024K, 3 young (3072K), 3 survivors (3072K)
 Metaspace       used 89459K, committed 91328K, reserved 344064K
  class space    used 12420K, committed 13312K, reserved 212992K
}
Event: 9.074 GC heap before
{Heap before GC invocations=31 (full 0):
 garbage-first heap   total 155648K, used 97824K [0x00000000a0000000, 0x0000000100000000)
  region size 1024K, 9 young (9216K), 3 survivors (3072K)
 Metaspace       used 89878K, committed 91840K, reserved 344064K
  class space    used 12486K, committed 13440K, reserved 212992K
}
Event: 9.077 GC heap after
{Heap after GC invocations=32 (full 0):
 garbage-first heap   total 155648K, used 92743K [0x00000000a0000000, 0x0000000100000000)
  region size 1024K, 3 young (3072K), 3 survivors (3072K)
 Metaspace       used 89878K, committed 91840K, reserved 344064K
  class space    used 12486K, committed 13440K, reserved 212992K
}
Event: 9.490 GC heap before
{Heap before GC invocations=33 (full 0):
 garbage-first heap   total 163840K, used 144967K [0x00000000a0000000, 0x0000000100000000)
  region size 1024K, 50 young (51200K), 3 survivors (3072K)
 Metaspace       used 93603K, committed 95552K, reserved 344064K
  class space    used 12977K, committed 13952K, reserved 212992K
}
Event: 9.494 GC heap after
{Heap after GC invocations=34 (full 0):
 garbage-first heap   total 163840K, used 99942K [0x00000000a0000000, 0x0000000100000000)
  region size 1024K, 6 young (6144K), 6 survivors (6144K)
 Metaspace       used 93603K, committed 95552K, reserved 344064K
  class space    used 12977K, committed 13952K, reserved 212992K
}
Event: 9.755 GC heap before
{Heap before GC invocations=34 (full 0):
 garbage-first heap   total 163840K, used 148070K [0x00000000a0000000, 0x0000000100000000)
  region size 1024K, 53 young (54272K), 6 survivors (6144K)
 Metaspace       used 94654K, committed 96576K, reserved 344064K
  class space    used 13123K, committed 14080K, reserved 212992K
}
Event: 9.761 GC heap after
{Heap after GC invocations=35 (full 0):
 garbage-first heap   total 163840K, used 102186K [0x00000000a0000000, 0x0000000100000000)
  region size 1024K, 7 young (7168K), 7 survivors (7168K)
 Metaspace       used 94654K, committed 96576K, reserved 344064K
  class space    used 13123K, committed 14080K, reserved 212992K
}
Event: 10.101 GC heap before
{Heap before GC invocations=35 (full 0):
 garbage-first heap   total 163840K, used 141098K [0x00000000a0000000, 0x0000000100000000)
  region size 1024K, 46 young (47104K), 7 survivors (7168K)
 Metaspace       used 97317K, committed 99328K, reserved 344064K
  class space    used 13512K, committed 14528K, reserved 212992K
}

Dll operation events (3 events):
Event: 0.008 Loaded shared library C:\Program Files\Android\Android Studio\jbr\bin\java.dll
Event: 0.012 Loaded shared library C:\Program Files\Android\Android Studio\jbr\bin\zip.dll
Event: 0.621 Loaded shared library C:\Program Files\Android\Android Studio\jbr\bin\verify.dll

Deoptimization events (20 events):
Event: 9.674 Thread 0x000001f535808f00 DEOPT PACKING pc=0x000001f5222a1550 sp=0x000000b119af9120
Event: 9.674 Thread 0x000001f535808f00 DEOPT UNPACKING pc=0x000001f5219d43a2 sp=0x000000b119af90c8 mode 2
Event: 9.705 Thread 0x000001f535808f00 Uncommon trap: trap_request=0xffffff45 fr.pc=0x000001f5221ece5c relative=0x000000000000273c
Event: 9.705 Thread 0x000001f535808f00 Uncommon trap: reason=unstable_if action=reinterpret pc=0x000001f5221ece5c method=java.lang.String.split(CIZ)[Ljava/lang/String; @ 184 c2
Event: 9.705 Thread 0x000001f535808f00 DEOPT PACKING pc=0x000001f5221ece5c sp=0x000000b119af8ea0
Event: 9.705 Thread 0x000001f535808f00 DEOPT UNPACKING pc=0x000001f5219d43a2 sp=0x000000b119af8e08 mode 2
Event: 9.754 Thread 0x000001f535808f00 DEOPT PACKING pc=0x000001f51ae1e045 sp=0x000000b119af7bc0
Event: 9.754 Thread 0x000001f535808f00 DEOPT UNPACKING pc=0x000001f5219d4b42 sp=0x000000b119af70f8 mode 0
Event: 9.763 Thread 0x000001f535808f00 DEOPT PACKING pc=0x000001f51ae1e045 sp=0x000000b119af7fe0
Event: 9.763 Thread 0x000001f535808f00 DEOPT UNPACKING pc=0x000001f5219d4b42 sp=0x000000b119af7518 mode 0
Event: 9.894 Thread 0x000001f535808f00 DEOPT PACKING pc=0x000001f51aed710e sp=0x000000b119af8290
Event: 9.894 Thread 0x000001f535808f00 DEOPT UNPACKING pc=0x000001f5219d4b42 sp=0x000000b119af7850 mode 0
Event: 9.895 Thread 0x000001f535808f00 DEOPT PACKING pc=0x000001f51af6cee8 sp=0x000000b119af7e00
Event: 9.895 Thread 0x000001f535808f00 DEOPT UNPACKING pc=0x000001f5219d4b42 sp=0x000000b119af7320 mode 0
Event: 10.054 Thread 0x000001f535808f00 DEOPT PACKING pc=0x000001f51ae1e045 sp=0x000000b119af7fc0
Event: 10.054 Thread 0x000001f535808f00 DEOPT UNPACKING pc=0x000001f5219d4b42 sp=0x000000b119af74f8 mode 0
Event: 10.063 Thread 0x000001f535808f00 Uncommon trap: trap_request=0xffffff45 fr.pc=0x000001f52217e80c relative=0x0000000000000a0c
Event: 10.063 Thread 0x000001f535808f00 Uncommon trap: reason=unstable_if action=reinterpret pc=0x000001f52217e80c method=java.util.regex.Pattern.atom()Ljava/util/regex/Pattern$Node; @ 14 c2
Event: 10.063 Thread 0x000001f535808f00 DEOPT PACKING pc=0x000001f52217e80c sp=0x000000b119af7e10
Event: 10.064 Thread 0x000001f535808f00 DEOPT UNPACKING pc=0x000001f5219d43a2 sp=0x000000b119af7db8 mode 2

Classes loaded (20 events):
Event: 9.005 Loading class jdk/jfr/FlightRecorder
Event: 9.005 Loading class jdk/jfr/FlightRecorder done
Event: 9.005 Loading class jdk/management/jfr/FlightRecorderMXBeanImpl$MXBeanListener
Event: 9.005 Loading class jdk/jfr/FlightRecorderListener
Event: 9.005 Loading class jdk/jfr/FlightRecorderListener done
Event: 9.006 Loading class jdk/management/jfr/FlightRecorderMXBeanImpl$MXBeanListener done
Event: 9.049 Loading class java/time/format/DateTimeFormatterBuilder$WeekBasedFieldPrinterParser
Event: 9.049 Loading class java/time/format/DateTimeFormatterBuilder$WeekBasedFieldPrinterParser done
Event: 9.059 Loading class com/sun/jmx/mbeanserver/StandardMBeanSupport
Event: 9.059 Loading class com/sun/jmx/mbeanserver/StandardMBeanSupport done
Event: 9.059 Loading class com/sun/jmx/mbeanserver/StandardMBeanIntrospector
Event: 9.059 Loading class com/sun/jmx/mbeanserver/StandardMBeanIntrospector done
Event: 9.122 Loading class sun/reflect/misc/MethodUtil
Event: 9.122 Loading class sun/reflect/misc/MethodUtil done
Event: 9.122 Loading class sun/reflect/misc/MethodUtil$1
Event: 9.122 Loading class sun/reflect/misc/MethodUtil$1 done
Event: 9.128 Loading class sun/nio/ch/ChannelOutputStream
Event: 9.128 Loading class sun/nio/ch/ChannelOutputStream done
Event: 9.250 Loading class java/lang/Override
Event: 9.250 Loading class java/lang/Override done

Classes unloaded (0 events):
No events

Classes redefined (0 events):
No events

Internal exceptions (20 events):
Event: 10.080 Thread 0x000001f535808f00 Exception <a 'sun/nio/fs/WindowsException'{0x00000000a7285af8}> (0x00000000a7285af8) 
thrown [s\src\hotspot\share\prims\jni.cpp, line 537]
Event: 10.081 Thread 0x000001f535808f00 Exception <a 'sun/nio/fs/WindowsException'{0x00000000a7296e80}> (0x00000000a7296e80) 
thrown [s\src\hotspot\share\prims\jni.cpp, line 537]
Event: 10.083 Thread 0x000001f535808f00 Exception <a 'sun/nio/fs/WindowsException'{0x00000000a72a9328}> (0x00000000a72a9328) 
thrown [s\src\hotspot\share\prims\jni.cpp, line 537]
Event: 10.084 Thread 0x000001f535808f00 Exception <a 'sun/nio/fs/WindowsException'{0x00000000a72c0990}> (0x00000000a72c0990) 
thrown [s\src\hotspot\share\prims\jni.cpp, line 537]
Event: 10.085 Thread 0x000001f535808f00 Exception <a 'sun/nio/fs/WindowsException'{0x00000000a72d0ed8}> (0x00000000a72d0ed8) 
thrown [s\src\hotspot\share\prims\jni.cpp, line 537]
Event: 10.086 Thread 0x000001f535808f00 Exception <a 'sun/nio/fs/WindowsException'{0x00000000a72e4128}> (0x00000000a72e4128) 
thrown [s\src\hotspot\share\prims\jni.cpp, line 537]
Event: 10.087 Thread 0x000001f535808f00 Exception <a 'sun/nio/fs/WindowsException'{0x00000000a72f4220}> (0x00000000a72f4220) 
thrown [s\src\hotspot\share\prims\jni.cpp, line 537]
Event: 10.088 Thread 0x000001f535808f00 Exception <a 'sun/nio/fs/WindowsException'{0x00000000a7117678}> (0x00000000a7117678) 
thrown [s\src\hotspot\share\prims\jni.cpp, line 537]
Event: 10.089 Thread 0x000001f535808f00 Exception <a 'sun/nio/fs/WindowsException'{0x00000000a7128a30}> (0x00000000a7128a30) 
thrown [s\src\hotspot\share\prims\jni.cpp, line 537]
Event: 10.090 Thread 0x000001f535808f00 Exception <a 'sun/nio/fs/WindowsException'{0x00000000a71452c8}> (0x00000000a71452c8) 
thrown [s\src\hotspot\share\prims\jni.cpp, line 537]
Event: 10.091 Thread 0x000001f535808f00 Exception <a 'sun/nio/fs/WindowsException'{0x00000000a714f408}> (0x00000000a714f408) 
thrown [s\src\hotspot\share\prims\jni.cpp, line 537]
Event: 10.092 Thread 0x000001f535808f00 Exception <a 'sun/nio/fs/WindowsException'{0x00000000a7165e10}> (0x00000000a7165e10) 
thrown [s\src\hotspot\share\prims\jni.cpp, line 537]
Event: 10.094 Thread 0x000001f535808f00 Exception <a 'sun/nio/fs/WindowsException'{0x00000000a71aec38}> (0x00000000a71aec38) 
thrown [s\src\hotspot\share\prims\jni.cpp, line 537]
Event: 10.094 Thread 0x000001f535808f00 Exception <a 'sun/nio/fs/WindowsException'{0x00000000a71b9088}> (0x00000000a71b9088) 
thrown [s\src\hotspot\share\prims\jni.cpp, line 537]
Event: 10.095 Thread 0x000001f535808f00 Exception <a 'sun/nio/fs/WindowsException'{0x00000000a71d9f98}> (0x00000000a71d9f98) 
thrown [s\src\hotspot\share\prims\jni.cpp, line 537]
Event: 10.096 Thread 0x000001f535808f00 Exception <a 'sun/nio/fs/WindowsException'{0x00000000a71f5a60}> (0x00000000a71f5a60) 
thrown [s\src\hotspot\share\prims\jni.cpp, line 537]
Event: 10.097 Thread 0x000001f535808f00 Exception <a 'sun/nio/fs/WindowsException'{0x00000000a700ae40}> (0x00000000a700ae40) 
thrown [s\src\hotspot\share\prims\jni.cpp, line 537]
Event: 10.097 Thread 0x000001f535808f00 Exception <a 'sun/nio/fs/WindowsException'{0x00000000a7016078}> (0x00000000a7016078) 
thrown [s\src\hotspot\share\prims\jni.cpp, line 537]
Event: 10.097 Thread 0x000001f535808f00 Exception <a 'sun/nio/fs/WindowsException'{0x00000000a70216d8}> (0x00000000a70216d8) 
thrown [s\src\hotspot\share\prims\jni.cpp, line 537]
Event: 10.098 Thread 0x000001f535808f00 Exception <a 'sun/nio/fs/WindowsException'{0x00000000a7027850}> (0x00000000a7027850) 
thrown [s\src\hotspot\share\prims\jni.cpp, line 537]

ZGC Phase Switch (0 events):
No events

VM Operations (20 events):
Event: 8.855 Executing VM operation: ICBufferFull done
Event: 8.861 Executing VM operation: HandshakeAllThreads (Deoptimize)
Event: 8.861 Executing VM operation: HandshakeAllThreads (Deoptimize) done
Event: 9.009 Executing VM operation: G1CollectForAllocation (G1 Evacuation Pause)
Event: 9.015 Executing VM operation: G1CollectForAllocation (G1 Evacuation Pause) done
Event: 9.074 Executing VM operation: G1TryInitiateConcMark (G1 Humongous Allocation)
Event: 9.077 Executing VM operation: G1TryInitiateConcMark (G1 Humongous Allocation) done
Event: 9.105 Executing VM operation: G1PauseRemark
Event: 9.110 Executing VM operation: G1PauseRemark done
Event: 9.124 Executing VM operation: G1PauseCleanup
Event: 9.124 Executing VM operation: G1PauseCleanup done
Event: 9.185 Executing VM operation: HandshakeAllThreads (Deoptimize)
Event: 9.185 Executing VM operation: HandshakeAllThreads (Deoptimize) done
Event: 9.490 Executing VM operation: G1CollectForAllocation (G1 Evacuation Pause)
Event: 9.494 Executing VM operation: G1CollectForAllocation (G1 Evacuation Pause) done
Event: 9.755 Executing VM operation: G1CollectForAllocation (G1 Evacuation Pause)
Event: 9.761 Executing VM operation: G1CollectForAllocation (G1 Evacuation Pause) done
Event: 9.856 Executing VM operation: HandshakeAllThreads (Deoptimize)
Event: 9.856 Executing VM operation: HandshakeAllThreads (Deoptimize) done
Event: 10.101 Executing VM operation: G1TryInitiateConcMark (G1 Humongous Allocation)

Memory protections (0 events):
No events

Nmethod flushes (20 events):
Event: 9.109 Thread 0x000001f52def6b20 flushing  nmethod 0x000001f51b157910
Event: 9.109 Thread 0x000001f52def6b20 flushing  nmethod 0x000001f522108a10
Event: 9.109 Thread 0x000001f52def6b20 flushing  nmethod 0x000001f522109710
Event: 9.109 Thread 0x000001f52def6b20 flushing  nmethod 0x000001f5222c9e90
Event: 9.109 Thread 0x000001f52def6b20 flushing  nmethod 0x000001f5223f0210
Event: 9.109 Thread 0x000001f52def6b20 flushing  nmethod 0x000001f51a56f090
Event: 9.109 Thread 0x000001f52def6b20 flushing  nmethod 0x000001f51a66a990
Event: 9.109 Thread 0x000001f52def6b20 flushing  nmethod 0x000001f51a743d10
Event: 9.109 Thread 0x000001f52def6b20 flushing  nmethod 0x000001f51a7c2090
Event: 9.109 Thread 0x000001f52def6b20 flushing  nmethod 0x000001f51a7c8590
Event: 9.109 Thread 0x000001f52def6b20 flushing  nmethod 0x000001f51a96f910
Event: 9.109 Thread 0x000001f52def6b20 flushing  nmethod 0x000001f51aae3b90
Event: 9.109 Thread 0x000001f52def6b20 flushing  nmethod 0x000001f51ac6a090
Event: 9.109 Thread 0x000001f52def6b20 flushing  nmethod 0x000001f51acc6b10
Event: 9.109 Thread 0x000001f52def6b20 flushing  nmethod 0x000001f51aecc290
Event: 9.109 Thread 0x000001f52def6b20 flushing  nmethod 0x000001f51b2b2c10
Event: 9.109 Thread 0x000001f52def6b20 flushing  nmethod 0x000001f51b2b4010
Event: 9.109 Thread 0x000001f52def6b20 flushing  nmethod 0x000001f51b2b4590
Event: 9.109 Thread 0x000001f52def6b20 flushing  nmethod 0x000001f51b2b4990
Event: 9.109 Thread 0x000001f52def6b20 flushing  nmethod 0x000001f51b2b5010

Events (20 events):
Event: 6.588 Thread 0x000001f535808f00 Thread added: 0x000001f53991f010
Event: 6.589 Thread 0x000001f535808f00 Thread added: 0x000001f53991f6a0
Event: 6.589 Thread 0x000001f535808f00 Thread added: 0x000001f53991c220
Event: 6.589 Thread 0x000001f535808f00 Thread added: 0x000001f539377df0
Event: 6.590 Thread 0x000001f535808f00 Thread added: 0x000001f5393791a0
Event: 6.590 Thread 0x000001f535808f00 Thread added: 0x000001f539379830
Event: 6.590 Thread 0x000001f535808f00 Thread added: 0x000001f53937b270
Event: 6.590 Thread 0x000001f535808f00 Thread added: 0x000001f53937abe0
Event: 6.591 Thread 0x000001f535808f00 Thread added: 0x000001f539379ec0
Event: 6.591 Thread 0x000001f535808f00 Thread added: 0x000001f53937b900
Event: 6.591 Thread 0x000001f535808f00 Thread added: 0x000001f539378480
Event: 7.328 Thread 0x000001f5332fd260 Thread exited: 0x000001f5332fd260
Event: 7.333 Thread 0x000001f52e810f00 Thread exited: 0x000001f52e810f00
Event: 7.770 Thread 0x000001f535808f00 Thread added: 0x000001f53937bf90
Event: 8.022 Thread 0x000001f52e593c50 Thread added: 0x000001f534cb25e0
Event: 8.099 Thread 0x000001f535808f00 Thread added: 0x000001f539378b10
Event: 8.955 Thread 0x000001f52e593c50 Thread added: 0x000001f5339aff70
Event: 9.064 Thread 0x000001f535808f00 Thread added: 0x000001f53937c620
Event: 9.376 Thread 0x000001f5339aff70 Thread exited: 0x000001f5339aff70
Event: 9.680 Thread 0x000001f52e593c50 Thread added: 0x000001f538b5e250


Dynamic libraries:
0x00007ff7ef610000 - 0x00007ff7ef61a000 	C:\Program Files\Android\Android Studio\jbr\bin\java.exe
0x00007ffd3f160000 - 0x00007ffd3f3c7000 	C:\WINDOWS\SYSTEM32\ntdll.dll
0x00007ffd3d2c0000 - 0x00007ffd3d389000 	C:\WINDOWS\System32\KERNEL32.DLL
0x00007ffd3c750000 - 0x00007ffd3cb44000 	C:\WINDOWS\System32\KERNELBASE.dll
0x00007ffd3bb60000 - 0x00007ffd3bcab000 	C:\WINDOWS\System32\ucrtbase.dll
0x00007ffd33070000 - 0x00007ffd33088000 	C:\Program Files\Android\Android Studio\jbr\bin\jli.dll
0x00007ffd3d520000 - 0x00007ffd3d6e5000 	C:\WINDOWS\System32\USER32.dll
0x00007ffd3cec0000 - 0x00007ffd3cee7000 	C:\WINDOWS\System32\win32u.dll
0x00007ffd34bf0000 - 0x00007ffd34c0b000 	C:\Program Files\Android\Android Studio\jbr\bin\VCRUNTIME140.dll
0x00007ffd3e4f0000 - 0x00007ffd3e51b000 	C:\WINDOWS\System32\GDI32.dll
0x00007ffd3ba30000 - 0x00007ffd3bb5b000 	C:\WINDOWS\System32\gdi32full.dll
0x00007ffd25500000 - 0x00007ffd25793000 	C:\WINDOWS\WinSxS\amd64_microsoft.windows.common-controls_6595b64144ccf1df_6.0.26100.8115_none_3e075c82e3354f9c\COMCTL32.dll
0x00007ffd3cb50000 - 0x00007ffd3cbf3000 	C:\WINDOWS\System32\msvcp_win.dll
0x00007ffd3dd50000 - 0x00007ffd3ddf9000 	C:\WINDOWS\System32\msvcrt.dll
0x00007ffd3dd00000 - 0x00007ffd3dd32000 	C:\WINDOWS\System32\IMM32.DLL
0x00000000624b0000 - 0x00000000624bd000 	C:\Program Files (x86)\360\Total Security\safemon\SafeWrapper.dll
0x00007ffd3de00000 - 0x00007ffd3deb6000 	C:\WINDOWS\System32\ADVAPI32.dll
0x00007ffd3db00000 - 0x00007ffd3dba7000 	C:\WINDOWS\System32\sechost.dll
0x00007ffd3cfe0000 - 0x00007ffd3d0f8000 	C:\WINDOWS\System32\RPCRT4.dll
0x00007ffd35250000 - 0x00007ffd35355000 	C:\Program Files (x86)\360\Total Security\safemon\libzdtp64.dll
0x00007ffd3e9b0000 - 0x00007ffd3f117000 	C:\WINDOWS\System32\SHELL32.dll
0x00007ffd3ccc0000 - 0x00007ffd3ce2a000 	C:\WINDOWS\System32\wintypes.dll
0x00007ffd3e160000 - 0x00007ffd3e4e2000 	C:\WINDOWS\System32\combase.dll
0x00007ffd3ded0000 - 0x00007ffd3df36000 	C:\WINDOWS\System32\SHLWAPI.dll
0x00007ffd3be30000 - 0x00007ffd3c698000 	C:\WINDOWS\System32\Windows.Storage.dll
0x00007ffd3b310000 - 0x00007ffd3b31b000 	C:\WINDOWS\SYSTEM32\VERSION.dll
0x00007ffd33fc0000 - 0x00007ffd33fcc000 	C:\Program Files\Android\Android Studio\jbr\bin\vcruntime140_1.dll
0x00007ffcf9ce0000 - 0x00007ffcf9d6d000 	C:\Program Files\Android\Android Studio\jbr\bin\msvcp140.dll
0x00007ffc9a4b0000 - 0x00007ffc9b146000 	C:\Program Files\Android\Android Studio\jbr\bin\server\jvm.dll
0x00007ffd3cef0000 - 0x00007ffd3cf70000 	C:\WINDOWS\System32\WS2_32.dll
0x00007ffd2e870000 - 0x00007ffd2e8a6000 	C:\WINDOWS\SYSTEM32\WINMM.dll
0x00007ffd3b8b0000 - 0x00007ffd3b90e000 	C:\WINDOWS\SYSTEM32\POWRPROF.dll
0x00007ffd3b890000 - 0x00007ffd3b8a4000 	C:\WINDOWS\SYSTEM32\UMPDC.dll
0x00007ffd3a750000 - 0x00007ffd3a76b000 	C:\WINDOWS\SYSTEM32\kernel.appcore.dll
0x00007ffd33fb0000 - 0x00007ffd33fba000 	C:\Program Files\Android\Android Studio\jbr\bin\jimage.dll
0x00007ffd39850000 - 0x00007ffd39a92000 	C:\WINDOWS\SYSTEM32\DBGHELP.DLL
0x00007ffd3dbd0000 - 0x00007ffd3dca8000 	C:\WINDOWS\System32\OLEAUT32.dll
0x00007ffd13610000 - 0x00007ffd1364b000 	C:\WINDOWS\SYSTEM32\dbgcore.DLL
0x00007ffd3c6a0000 - 0x00007ffd3c745000 	C:\WINDOWS\System32\bcryptPrimitives.dll
0x00007ffd27510000 - 0x00007ffd2751e000 	C:\Program Files\Android\Android Studio\jbr\bin\instrument.dll
0x00007ffd32ea0000 - 0x00007ffd32ec0000 	C:\Program Files\Android\Android Studio\jbr\bin\java.dll
0x00007ffd31cd0000 - 0x00007ffd31ce8000 	C:\Program Files\Android\Android Studio\jbr\bin\zip.dll
0x00007ffd3d420000 - 0x00007ffd3d518000 	C:\WINDOWS\System32\SHCORE.dll
0x00007ffd3b950000 - 0x00007ffd3b979000 	C:\WINDOWS\SYSTEM32\profapi.dll
0x00007ffd33060000 - 0x00007ffd33070000 	C:\Program Files\Android\Android Studio\jbr\bin\net.dll
0x00007ffd31ff0000 - 0x00007ffd3211d000 	C:\WINDOWS\SYSTEM32\WINHTTP.dll
0x00007ffd3acc0000 - 0x00007ffd3ad2c000 	C:\WINDOWS\system32\mswsock.dll
0x00007ffd308d0000 - 0x00007ffd308e6000 	C:\Program Files\Android\Android Studio\jbr\bin\nio.dll
0x00007ffd27520000 - 0x00007ffd27530000 	C:\Program Files\Android\Android Studio\jbr\bin\verify.dll
0x00007ffd12bb0000 - 0x00007ffd12bd7000 	C:\Users\User\.gradle\native\1def1411415f61bf3af743bc5b6707747c0891f09f0c88961ee8f79bc544acac\windows-amd64\native-platform.dll
0x00007ffcf9650000 - 0x00007ffcf96c8000 	C:\Users\User\.gradle\native\0.2.7\x86_64-windows-gnu\gradle-fileevents.dll
0x00007ffd276e0000 - 0x00007ffd276e9000 	C:\Program Files\Android\Android Studio\jbr\bin\management.dll
0x00007ffd276d0000 - 0x00007ffd276db000 	C:\Program Files\Android\Android Studio\jbr\bin\management_ext.dll
0x00007ffd3dec0000 - 0x00007ffd3dec8000 	C:\WINDOWS\System32\PSAPI.DLL
0x00007ffd3a150000 - 0x00007ffd3a182000 	C:\WINDOWS\SYSTEM32\IPHLPAPI.DLL
0x00007ffd3dd40000 - 0x00007ffd3dd4a000 	C:\WINDOWS\System32\NSI.dll
0x00007ffd32860000 - 0x00007ffd32869000 	C:\Program Files\Android\Android Studio\jbr\bin\extnet.dll
0x00007ffd3afa0000 - 0x00007ffd3afbb000 	C:\WINDOWS\SYSTEM32\CRYPTSP.dll
0x00007ffd3a6b0000 - 0x00007ffd3a6e9000 	C:\WINDOWS\system32\rsaenh.dll
0x00007ffd3ad70000 - 0x00007ffd3ada3000 	C:\WINDOWS\SYSTEM32\USERENV.dll
0x00007ffd3b920000 - 0x00007ffd3b94a000 	C:\WINDOWS\SYSTEM32\bcrypt.dll
0x00007ffd3afc0000 - 0x00007ffd3afcc000 	C:\WINDOWS\SYSTEM32\CRYPTBASE.dll
0x00007ffd1eb60000 - 0x00007ffd1eb68000 	C:\WINDOWS\system32\wshunix.dll

JVMTI agents:
C:\Users\User\.gradle\wrapper\dists\gradle-8.13-bin\5xuhj0ry160q40clulazy9h7d\gradle-8.13\lib\agents\gradle-instrumentation-agent-8.13.jar path:C:\Program Files\Android\Android Studio\jbr\bin\instrument.dll, loaded, initialized, instrumentlib options:none

dbghelp: loaded successfully - version: 4.0.5 - missing functions: none
symbol engine: initialized successfully - sym options: 0x614 - pdb path: .;C:\Program Files\Android\Android Studio\jbr\bin;C:\WINDOWS\SYSTEM32;C:\WINDOWS\WinSxS\amd64_microsoft.windows.common-controls_6595b64144ccf1df_6.0.26100.8115_none_3e075c82e3354f9c;C:\Program Files (x86)\360\Total Security\safemon;C:\Program Files\Android\Android Studio\jbr\bin\server;C:\Users\User\.gradle\native\1def1411415f61bf3af743bc5b6707747c0891f09f0c88961ee8f79bc544acac\windows-amd64;C:\Users\User\.gradle\native\0.2.7\x86_64-windows-gnu

VM Arguments:
jvm_args: --add-opens=java.base/java.lang=ALL-UNNAMED --add-opens=java.base/java.lang.invoke=ALL-UNNAMED --add-opens=java.base/java.util=ALL-UNNAMED --add-opens=java.prefs/java.util.prefs=ALL-UNNAMED --add-exports=jdk.compiler/com.sun.tools.javac.api=ALL-UNNAMED --add-exports=jdk.compiler/com.sun.tools.javac.util=ALL-UNNAMED --add-opens=java.base/java.util=ALL-UNNAMED --add-opens=java.prefs/java.util.prefs=ALL-UNNAMED --add-opens=java.base/java.nio.charset=ALL-UNNAMED --add-opens=java.base/java.net=ALL-UNNAMED --add-opens=java.base/java.util.concurrent.atomic=ALL-UNNAMED --add-opens=java.xml/javax.xml.namespace=ALL-UNNAMED -XX:MaxMetaspaceSize=256m -Xmx1536m -Dfile.encoding=UTF-8 -Duser.country=RU -Duser.language=ru -Duser.variant -javaagent:C:\Users\User\.gradle\wrapper\dists\gradle-8.13-bin\5xuhj0ry160q40clulazy9h7d\gradle-8.13\lib\agents\gradle-instrumentation-agent-8.13.jar 
java_command: org.gradle.launcher.daemon.bootstrap.GradleDaemon 8.13
java_class_path (initial): C:\Users\User\.gradle\wrapper\dists\gradle-8.13-bin\5xuhj0ry160q40clulazy9h7d\gradle-8.13\lib\gradle-daemon-main-8.13.jar
Launcher Type: SUN_STANDARD

[Global flags]
     intx CICompilerCount                          = 4                                         {product} {ergonomic}
   size_t CompressedClassSpaceSize                 = 218103808                                 {product} {ergonomic}
     uint ConcGCThreads                            = 3                                         {product} {ergonomic}
     uint G1ConcRefinementThreads                  = 10                                        {product} {ergonomic}
   size_t G1HeapRegionSize                         = 1048576                                   {product} {ergonomic}
    uintx GCDrainStackTargetSize                   = 64                                        {product} {ergonomic}
   size_t InitialHeapSize                          = 197132288                                 {product} {ergonomic}
   size_t MarkStackSize                            = 4194304                                   {product} {ergonomic}
   size_t MaxHeapSize                              = 1610612736                                {product} {command line}
   size_t MaxMetaspaceSize                         = 268435456                                 {product} {command line}
   size_t MaxNewSize                               = 965738496                                 {product} {ergonomic}
   size_t MinHeapDeltaBytes                        = 1048576                                   {product} {ergonomic}
   size_t MinHeapSize                              = 8388608                                   {product} {ergonomic}
    uintx NonNMethodCodeHeapSize                   = 5839372                                {pd product} {ergonomic}
    uintx NonProfiledCodeHeapSize                  = 122909434                              {pd product} {ergonomic}
    uintx ProfiledCodeHeapSize                     = 122909434                              {pd product} {ergonomic}
    uintx ReservedCodeCacheSize                    = 251658240                              {pd product} {ergonomic}
     bool SegmentedCodeCache                       = true                                      {product} {ergonomic}
   size_t SoftMaxHeapSize                          = 1610612736                             {manageable} {ergonomic}
     bool UseCompressedOops                        = true                           {product lp64_product} {ergonomic}
     bool UseG1GC                                  = true                                      {product} {ergonomic}
     bool UseLargePagesIndividualAllocation        = false                                  {pd product} {ergonomic}

Logging:
Log output configuration:
 #0: stdout all=warning uptime,level,tags foldmultilines=false
 #1: stderr all=off uptime,level,tags foldmultilines=false

Release file:
JAVA_VERSION="21.0.9" 
MODULES="java.base java.compiler java.datatransfer java.xml java.prefs java.desktop java.instrument java.logging java.management java.security.sasl java.naming java.rmi java.management.rmi java.net.http java.scripting java.security.jgss java.transaction.xa java.sql java.sql.rowset java.xml.crypto java.se java.smartcardio jdk.accessibility jdk.internal.jvmstat jdk.attach jdk.charsets jdk.internal.opt jdk.zipfs jdk.compiler jdk.crypto.ec jdk.crypto.cryptoki jdk.dynalink jdk.hotspot.agent jdk.httpserver jdk.internal.ed jdk.internal.le jdk.internal.vm.ci jdk.jartool jdk.javadoc jdk.jcmd jdk.jdeps jdk.jdwp.agent jdk.jdi jdk.jfr jdk.jlink jdk.jsobject jdk.localedata jdk.management jdk.management.agent jdk.management.jfr jdk.naming.dns jdk.naming.rmi jdk.net jdk.sctp jdk.security.auth jdk.security.jgss jdk.unsupported jdk.unsupported.desktop jdk.xml.dom" 
IMPLEMENTOR="JetBrains s.r.o." 
JAVA_RUNTIME_VERSION="21.0.9+-14787801-b1163.94" 
LIBC="default" 
OS_ARCH="x86_64" 
OS_NAME="Windows" 
SOURCE=".:git:0c757ddc9f2f" 

Environment Variables:
PATH=C:\Program Files\Common Files\Oracle\Java\javapath;C:\Program Files (x86)\Common Files\Oracle\Java\javapath;C:\WINDOWS\system32;C:\WINDOWS;C:\WINDOWS\System32\Wbem;C:\WINDOWS\System32\WindowsPowerShell\v1.0\;C:\WINDOWS\System32\OpenSSH\;C:\JupyterLab;C:\Program Files\nodejs\;C:\Program Files\dotnet\;C:\Program Files\WireGuard\;C:\Users\User\AppData\Local\Programs\Python\Python313\Scripts\;C:\Users\User\AppData\Local\Programs\Python\Python313\;C:\Users\User\AppData\Local\Programs\Python\Launcher\;C:\Users\User\AppData\Local\Microsoft\WindowsApps;C:\Users\User\AppData\Local\Programs\Microsoft VS Code\bin;C:\Program Files\JetBrains\PyCharm 2025.2.3\bin;C:\Users\User\AppData\Local\Programs\MiKTeX\miktex\bin\x64\;C:\Program Files\JetBrains\WebStorm 2025.1.3\bin;;C:\Users\User\AppData\Roaming\npm;C:\Program Files\JetBrains\IntelliJ IDEA Community Edition 2025.2.1\bin;C:\Users\User\.lmstudio\bin
USERNAME=User
OS=Windows_NT
PROCESSOR_IDENTIFIER=Intel64 Family 6 Model 186 Stepping 3, GenuineIntel
TMP=C:\Users\User\AppData\Local\Temp
TEMP=C:\Users\User\AppData\Local\Temp




Periodic native trim disabled

JNI global refs:
JNI global refs: 29, weak refs: 0

JNI global refs memory usage: 835, weak refs: 833

Process memory usage:
Resident Set Size: 430708K (3% of 12199064K total physical memory with 1211980K free physical memory)

OOME stack traces (most recent first):
Classloader memory used:
Loader org.gradle.internal.classloader.VisitableURLClassLoader                         : 40220K
Loader bootstrap                                                                       : 27566K
Loader org.gradle.internal.classloader.VisitableURLClassLoader$InstrumentingVisitableURLClassLoader: 16112K
Loader org.gradle.initialization.MixInLegacyTypesClassLoader                           : 12023K
Loader jdk.internal.loader.ClassLoaders$PlatformClassLoader                            : 543K
Loader jdk.internal.reflect.DelegatingClassLoader                                      : 247K
Loader jdk.internal.loader.ClassLoaders$AppClassLoader                                 : 235K
Loader org.gradle.internal.classloader.VisitableURLClassLoader                         : 223K
Loader org.gradle.groovy.scripts.internal.DefaultScriptCompilationHandler$ScriptClassLoader: 125K
Loader org.codehaus.groovy.runtime.callsite.CallSiteClassLoader                        : 17296B
Loader sun.reflect.misc.MethodUtil                                                     : 2984B

Classes loaded by more than one classloader:
Class Program                                                                         : loaded 5 times (x 72B)
Class Build_gradle                                                                    : loaded 3 times (x 130B)
Class Build_gradle$1                                                                  : loaded 3 times (x 74B)
Class org.gradle.internal.classloader.FilteringClassLoader                            : loaded 2 times (x 105B)
Class com.google.common.base.CharMatcher$IsEither                                     : loaded 2 times (x 111B)
Class org.gradle.internal.classloader.ClassLoaderHierarchy                            : loaded 2 times (x 70B)
Class com.google.common.collect.ImmutableEnumSet                                      : loaded 2 times (x 146B)
Class com.google.common.util.concurrent.ExecutionError                                : loaded 2 times (x 82B)
Class com.google.common.collect.ImmutableList$1                                       : loaded 2 times (x 97B)
Class org.gradle.api.internal.classpath.ManifestUtil                                  : loaded 2 times (x 71B)
Class com.google.common.collect.RegularImmutableMap                                   : loaded 2 times (x 121B)
Class com.google.common.collect.ImmutableMap$MapViewOfValuesAsSingletonSets           : loaded 2 times (x 126B)
Class [Lorg.objectweb.asm.Symbol;                                                     : loaded 2 times (x 69B)
Class org.objectweb.asm.ClassVisitor                                                  : loaded 2 times (x 88B)
Class com.google.common.collect.UnmodifiableListIterator                              : loaded 2 times (x 95B)
Class com.google.common.base.Platform$JdkPatternCompiler                              : loaded 2 times (x 75B)
Class org.objectweb.asm.MethodTooLargeException                                       : loaded 2 times (x 83B)
Class [Lcom.google.common.cache.CacheBuilder$OneWeigher;                              : loaded 2 times (x 69B)
Class com.google.common.base.Suppliers                                                : loaded 2 times (x 71B)
Class org.gradle.internal.classloader.DefaultClassLoaderFactory                       : loaded 2 times (x 82B)
Class org.gradle.internal.classloader.ClassLoaderVisitor                              : loaded 2 times (x 76B)
Class [Lcom.google.common.collect.ImmutableMapEntry;                                  : loaded 2 times (x 69B)
Class org.gradle.api.internal.classpath.EffectiveClassPath                            : loaded 2 times (x 90B)
Class com.google.common.collect.ListMultimap                                          : loaded 2 times (x 70B)
Class com.google.common.collect.ImmutableEnumMap                                      : loaded 2 times (x 126B)
Class com.google.common.collect.Sets$1                                                : loaded 2 times (x 139B)
Class org.objectweb.asm.AnnotationVisitor                                             : loaded 2 times (x 78B)
Class org.gradle.api.internal.DefaultClassPathProvider                                : loaded 2 times (x 76B)
Class com.google.common.collect.Sets$2                                                : loaded 2 times (x 139B)
Class [Lorg.gradle.api.internal.ClassPathProvider;                                    : loaded 2 times (x 69B)
Class org.gradle.api.internal.ClassPathProvider                                       : loaded 2 times (x 70B)
Class [Lorg.objectweb.asm.AnnotationVisitor;                                          : loaded 2 times (x 69B)
Class com.google.common.collect.Sets$3                                                : loaded 2 times (x 139B)
Class com.google.common.util.concurrent.AbstractFuture$SafeAtomicHelper               : loaded 2 times (x 79B)
Class com.google.common.cache.LocalCache$LocalLoadingCache                            : loaded 2 times (x 134B)
Class org.gradle.internal.service.UnknownServiceException                             : loaded 2 times (x 83B)
Class com.google.common.collect.Sets$4                                                : loaded 2 times (x 139B)
Class org.objectweb.asm.ModuleVisitor                                                 : loaded 2 times (x 81B)
Class com.google.common.cache.LocalCache$Strength$1                                   : loaded 2 times (x 81B)
Class com.google.common.util.concurrent.SettableFuture                                : loaded 2 times (x 114B)
Class com.google.common.cache.LocalCache$Strength$2                                   : loaded 2 times (x 81B)
Class com.google.common.cache.LocalCache$Strength$3                                   : loaded 2 times (x 81B)
Class com.google.common.collect.MapDifference                                         : loaded 2 times (x 70B)
Class org.objectweb.asm.FieldWriter                                                   : loaded 2 times (x 78B)
Class com.google.common.cache.CacheBuilder$NullListener                               : loaded 2 times (x 82B)
Class org.gradle.internal.classpath.TransformedClassPath                              : loaded 2 times (x 96B)
Class org.gradle.internal.classloader.InstrumentingClassLoader                        : loaded 2 times (x 70B)
Class com.google.common.cache.CacheLoader$FunctionToCacheLoader                       : loaded 2 times (x 75B)
Class com.google.common.collect.Iterators$ArrayItr                                    : loaded 2 times (x 97B)
Class com.google.common.collect.ImmutableCollection$Builder                           : loaded 2 times (x 76B)
Class com.google.common.base.Joiner                                                   : loaded 2 times (x 79B)
Class com.google.common.base.MoreObjects                                              : loaded 2 times (x 71B)
Class com.google.common.collect.Platform                                              : loaded 2 times (x 71B)
Class [Lorg.objectweb.asm.Type;                                                       : loaded 2 times (x 69B)
Class com.google.common.collect.UnmodifiableIterator                                  : loaded 2 times (x 80B)
Class org.gradle.internal.service.ServiceLocator                                      : loaded 2 times (x 70B)
Class com.google.common.base.Ascii                                                    : loaded 2 times (x 71B)
Class com.google.common.collect.SingletonImmutableBiMap                               : loaded 2 times (x 143B)
Class com.google.common.cache.LocalCache$1                                            : loaded 2 times (x 89B)
Class com.google.common.collect.AbstractMapEntry                                      : loaded 2 times (x 81B)
Class com.google.common.collect.ImmutableList$Builder                                 : loaded 2 times (x 77B)
Class com.google.common.collect.AbstractMultimap                                      : loaded 2 times (x 123B)
Class com.google.common.cache.LocalCache$2                                            : loaded 2 times (x 142B)
Class com.google.common.util.concurrent.AbstractFuture$UnsafeAtomicHelper$1           : loaded 2 times (x 76B)
Class com.google.common.collect.RegularImmutableAsList                                : loaded 2 times (x 217B)
Class com.google.common.util.concurrent.AbstractFuture$Trusted                        : loaded 2 times (x 70B)
Class com.google.common.collect.Iterators                                             : loaded 2 times (x 71B)
Class com.google.common.collect.Lists$StringAsImmutableList                           : loaded 2 times (x 207B)
Class com.google.common.util.concurrent.UncheckedExecutionException                   : loaded 2 times (x 82B)
Class org.gradle.kotlin.dsl.VersionCatalogAccessorsKt                                 : loaded 2 times (x 71B)
Class org.gradle.internal.InternalTransformer                                         : loaded 2 times (x 70B)
Class org.objectweb.asm.ClassWriter                                                   : loaded 2 times (x 106B)
Class com.google.common.cache.CacheLoader$UnsupportedLoadingOperationException        : loaded 2 times (x 82B)
Class com.google.common.base.CharMatcher$And                                          : loaded 2 times (x 112B)
Class org.gradle.internal.classloader.ClasspathUtil$1                                 : loaded 2 times (x 76B)
Class org.objectweb.asm.FieldVisitor                                                  : loaded 2 times (x 77B)
Class com.google.common.collect.IndexedImmutableSet                                   : loaded 2 times (x 152B)
Class com.google.common.collect.ImmutableMap$1                                        : loaded 2 times (x 81B)
Class com.google.common.collect.BiMap                                                 : loaded 2 times (x 70B)
Class org.gradle.api.internal.classpath.DefaultModuleRegistry$DefaultModule           : loaded 2 times (x 86B)
Class com.google.common.primitives.Ints                                               : loaded 2 times (x 71B)
Class com.google.common.collect.AbstractIterator                                      : loaded 2 times (x 82B)
Class com.google.common.collect.ObjectArrays                                          : loaded 2 times (x 71B)
Class com.google.common.collect.Multiset                                              : loaded 2 times (x 70B)
Class com.google.common.collect.ArrayListMultimapGwtSerializationDependencies         : loaded 2 times (x 172B)
Class com.google.common.collect.RegularImmutableMap$KeySet                            : loaded 2 times (x 152B)
Class com.google.common.math.MathPreconditions                                        : loaded 2 times (x 71B)
Class com.google.common.collect.ImmutableMapEntrySet                                  : loaded 2 times (x 152B)
Class org.gradle.api.internal.classpath.Module                                        : loaded 2 times (x 70B)
Class com.google.common.cache.Weigher                                                 : loaded 2 times (x 70B)
Class org.gradle.api.internal.classpath.UnknownModuleException                        : loaded 2 times (x 82B)
Class com.google.common.base.Stopwatch                                                : loaded 2 times (x 72B)
Class com.google.common.cache.LocalCache$Strength                                     : loaded 2 times (x 81B)
Class com.google.common.cache.Cache                                                   : loaded 2 times (x 70B)
Class com.google.common.util.concurrent.AbstractFuture$Cancellation                   : loaded 2 times (x 72B)
Class com.google.common.collect.ImmutableMap$Builder                                  : loaded 2 times (x 82B)
Class com.google.common.cache.RemovalListener                                         : loaded 2 times (x 70B)
Class org.gradle.api.internal.DefaultClassPathRegistry                                : loaded 2 times (x 76B)
Class com.google.common.primitives.IntsMethodsForWeb                                  : loaded 2 times (x 71B)
Class com.google.common.collect.Multimap                                              : loaded 2 times (x 70B)
Class org.gradle.api.internal.ClassPathRegistry                                       : loaded 2 times (x 70B)
Class org.gradle.internal.classpath.DefaultClassPath$ImmutableUniqueList              : loaded 2 times (x 199B)
Class com.google.common.base.Equivalence$Identity                                     : loaded 2 times (x 82B)
Class com.google.common.cache.CacheBuilder                                            : loaded 2 times (x 72B)
Class com.google.common.collect.SingletonImmutableList                                : loaded 2 times (x 207B)
Class Settings_gradle$1                                                               : loaded 2 times (x 74B)
Class org.gradle.internal.classpath.ClassPath                                         : loaded 2 times (x 70B)
Class org.gradle.api.UncheckedIOException                                             : loaded 2 times (x 82B)
Class com.google.common.base.JdkPattern                                               : loaded 2 times (x 75B)
Class com.google.common.collect.ImmutableList$ReverseImmutableList                    : loaded 2 times (x 209B)
Class org.objectweb.asm.SymbolTable$Entry                                             : loaded 2 times (x 74B)
Class com.google.common.util.concurrent.AbstractFuture$AtomicHelper                   : loaded 2 times (x 78B)
Class org.objectweb.asm.Edge                                                          : loaded 2 times (x 72B)
Class com.google.common.base.Suppliers$SupplierOfInstance                             : loaded 2 times (x 79B)
Class com.google.common.collect.Iterators$1                                           : loaded 2 times (x 81B)
Class com.google.common.cache.LocalCache$ComputingValueReference                      : loaded 2 times (x 96B)
Class com.google.common.collect.SingletonImmutableSet                                 : loaded 2 times (x 146B)
Class com.google.common.collect.ImmutableMap$IteratorBasedImmutableMap                : loaded 2 times (x 126B)
Class com.google.common.cache.LocalCache$Segment                                      : loaded 2 times (x 154B)
Class ijKotlinCoroutineJvmDebugInit1_dofq3drr9aihm4earzh7ldbbw                        : loaded 2 times (x 179B)
Class com.google.common.collect.AbstractListMultimap                                  : loaded 2 times (x 172B)
Class [Lorg.objectweb.asm.SymbolTable$Entry;                                          : loaded 2 times (x 69B)
Class com.google.common.cache.CacheLoader                                             : loaded 2 times (x 74B)
Class com.google.common.collect.Iterators$4                                           : loaded 2 times (x 82B)
Class com.google.common.collect.ImmutableBiMap                                        : loaded 2 times (x 143B)
Class org.gradle.internal.installation.GradleInstallation$1                           : loaded 2 times (x 75B)
Class org.gradle.api.internal.classpath.ModuleRegistry                                : loaded 2 times (x 70B)
Class com.google.common.util.concurrent.internal.InternalFutureFailureAccess          : loaded 2 times (x 72B)
Class com.google.common.collect.Iterators$5                                           : loaded 2 times (x 82B)
Class com.google.common.collect.ImmutableSet$JdkBackedSetBuilderImpl                  : loaded 2 times (x 76B)
Class com.google.common.util.concurrent.AbstractFuture$UnsafeAtomicHelper             : loaded 2 times (x 78B)
Class com.google.common.cache.LocalCache$LocalManualCache$1                           : loaded 2 times (x 75B)
Class com.google.common.base.CharMatcher$ForPredicate                                 : loaded 2 times (x 112B)
Class com.google.common.base.CharMatcher$AnyOf                                        : loaded 2 times (x 112B)
Class com.google.common.collect.ImmutableCollection                                   : loaded 2 times (x 125B)
Class org.gradle.api.internal.classpath.DefaultModuleRegistry                         : loaded 2 times (x 86B)
Class com.google.common.collect.Lists                                                 : loaded 2 times (x 71B)
Class com.google.common.util.concurrent.ListenableFuture                              : loaded 2 times (x 70B)
Class com.google.common.cache.ReferenceEntry                                          : loaded 2 times (x 70B)
Class com.google.common.base.Converter                                                : loaded 2 times (x 90B)
Class com.google.common.collect.ImmutableSet$CachingAsList                            : loaded 2 times (x 148B)
Class com.google.common.collect.AbstractMapBasedMultimap                              : loaded 2 times (x 139B)
Class com.google.common.util.concurrent.AbstractFuture                                : loaded 2 times (x 106B)
Class com.google.common.base.FunctionalEquivalence                                    : loaded 2 times (x 83B)
Class com.google.common.collect.Iterators$9                                           : loaded 2 times (x 81B)
Class com.google.common.collect.ImmutableAsList                                       : loaded 2 times (x 209B)
Class org.objectweb.asm.RecordComponentVisitor                                        : loaded 2 times (x 77B)
Class com.google.common.cache.CacheLoader$SupplierToCacheLoader                       : loaded 2 times (x 75B)
Class com.google.common.collect.Maps$EntryTransformer                                 : loaded 2 times (x 70B)
Class org.gradle.internal.service.ServiceLookupException                              : loaded 2 times (x 82B)
Class [Lcom.google.common.cache.LocalCache$EntryFactory;                              : loaded 2 times (x 69B)
Class org.gradle.internal.classloader.ClassLoaderFactory                              : loaded 2 times (x 70B)
Class com.google.common.base.CommonPattern                                            : loaded 2 times (x 74B)
Class com.google.common.cache.LocalCache$LocalManualCache                             : loaded 2 times (x 99B)
Class com.google.common.base.CharMatcher$IsNot                                        : loaded 2 times (x 111B)
Class org.gradle.internal.service.CachingServiceLocator                               : loaded 2 times (x 82B)
Class com.google.common.math.IntMath                                                  : loaded 2 times (x 71B)
Class com.google.common.collect.ImmutableMapEntry                                     : loaded 2 times (x 85B)
Class com.google.common.base.Equivalence                                              : loaded 2 times (x 82B)
Class com.google.common.base.Function                                                 : loaded 2 times (x 70B)
Class com.google.common.collect.ImmutableMapEntry$NonTerminalImmutableMapEntry        : loaded 2 times (x 85B)
Class com.google.common.cache.CacheBuilder$OneWeigher                                 : loaded 2 times (x 82B)
Class com.google.common.collect.RegularImmutableList                                  : loaded 2 times (x 213B)
Class org.gradle.internal.classloader.ClasspathUtil                                   : loaded 2 times (x 71B)
Class com.google.common.base.Charsets                                                 : loaded 2 times (x 71B)
Class com.google.common.util.concurrent.Uninterruptibles                              : loaded 2 times (x 71B)
Class com.google.common.collect.Maps                                                  : loaded 2 times (x 71B)
Class org.gradle.api.specs.Spec                                                       : loaded 2 times (x 70B)
Class [Lcom.google.common.collect.ImmutableEntry;                                     : loaded 2 times (x 69B)
Class com.google.common.cache.LocalCache$LoadingValueReference                        : loaded 2 times (x 96B)
Class com.google.common.collect.AbstractIndexedListIterator                           : loaded 2 times (x 96B)
Class com.google.common.base.Platform                                                 : loaded 2 times (x 71B)
Class [Lorg.objectweb.asm.AnnotationWriter;                                           : loaded 2 times (x 69B)
Class com.google.common.collect.Maps$8                                                : loaded 2 times (x 82B)
Class com.google.common.collect.Sets$SetView                                          : loaded 2 times (x 138B)
Class com.google.common.cache.LocalCache$StrongValueReference                         : loaded 2 times (x 90B)
Class com.google.common.util.concurrent.AbstractFuture$SynchronizedHelper             : loaded 2 times (x 78B)
Class org.objectweb.asm.Type                                                          : loaded 2 times (x 72B)
Class org.gradle.internal.classloader.VisitableURLClassLoader$InstrumentingVisitableURLClassLoader: loaded 2 times (x 123B)
Class org.objectweb.asm.ByteVector                                                    : loaded 2 times (x 79B)
Class [Lcom.google.common.cache.CacheBuilder$NullListener;                            : loaded 2 times (x 69B)
Class com.google.common.math.IntMath$1                                                : loaded 2 times (x 71B)
Class org.gradle.internal.classloader.VisitableURLClassLoader$Spec                    : loaded 2 times (x 74B)
Class org.gradle.internal.classpath.DefaultClassPath                                  : loaded 2 times (x 90B)
Class org.objectweb.asm.Symbol                                                        : loaded 2 times (x 73B)
Class com.google.common.base.CharMatcher$Ascii                                        : loaded 2 times (x 112B)
Class com.google.common.base.CharMatcher$BitSetMatcher                                : loaded 2 times (x 112B)
Class com.google.common.collect.RegularImmutableMap$Values                            : loaded 2 times (x 207B)
Class com.google.common.collect.ImmutableSet                                          : loaded 2 times (x 145B)
Class org.gradle.internal.classloader.ClassLoaderSpec                                 : loaded 2 times (x 71B)
Class org.objectweb.asm.AnnotationWriter                                              : loaded 2 times (x 79B)
Class com.google.common.cache.CacheStats                                              : loaded 2 times (x 71B)
Class org.objectweb.asm.RecordComponentWriter                                         : loaded 2 times (x 78B)
Class com.google.common.util.concurrent.AbstractFuture$Listener                       : loaded 2 times (x 72B)
Class com.google.common.base.CharMatcher$Or                                           : loaded 2 times (x 112B)
Class Settings_gradle$1$1                                                             : loaded 2 times (x 74B)
Class org.objectweb.asm.Attribute                                                     : loaded 2 times (x 77B)
Class com.google.common.base.Supplier                                                 : loaded 2 times (x 70B)
Class ijKotlinCoroutineJvmDebugInit1_dofq3drr9aihm4earzh7ldbbw$_run_closure1          : loaded 2 times (x 139B)
Class org.gradle.internal.classloader.VisitableURLClassLoader                         : loaded 2 times (x 117B)
Class com.google.common.util.concurrent.AbstractFuture$Waiter                         : loaded 2 times (x 72B)
Class Settings_gradle                                                                 : loaded 2 times (x 128B)
Class org.gradle.internal.Cast                                                        : loaded 2 times (x 71B)
Class org.gradle.api.Action                                                           : loaded 2 times (x 70B)
Class com.google.common.base.Strings                                                  : loaded 2 times (x 71B)
Class com.google.common.collect.Sets                                                  : loaded 2 times (x 71B)
Class org.objectweb.asm.Handler                                                       : loaded 2 times (x 72B)
Class com.google.common.base.Ticker                                                   : loaded 2 times (x 72B)
Class com.google.common.base.CharMatcher$FastMatcher                                  : loaded 2 times (x 111B)
Class [Lcom.google.common.cache.LocalCache$Segment;                                   : loaded 2 times (x 69B)
Class [Lcom.google.common.cache.LocalCache$Strength;                                  : loaded 2 times (x 69B)
Class com.google.common.cache.CacheBuilder$1                                          : loaded 2 times (x 85B)
Class com.google.common.base.Predicate                                                : loaded 2 times (x 70B)
Class com.google.common.collect.ImmutableMap                                          : loaded 2 times (x 120B)
Class org.gradle.internal.classpath.DefaultClassPath$ImmutableUniqueList$Builder      : loaded 2 times (x 75B)
Class com.google.common.cache.LocalCache                                              : loaded 2 times (x 187B)
Class com.google.common.cache.CacheBuilder$2                                          : loaded 2 times (x 79B)
Class com.google.common.base.CharMatcher$NegatedFastMatcher                           : loaded 2 times (x 113B)
Class com.google.common.collect.ArrayListMultimap                                     : loaded 2 times (x 172B)
Class com.google.common.cache.CacheBuilder$3                                          : loaded 2 times (x 72B)
Class [Lcom.google.common.collect.AbstractMapEntry;                                   : loaded 2 times (x 69B)
Class com.google.common.collect.ImmutableEntry                                        : loaded 2 times (x 82B)
Class org.gradle.api.GradleException                                                  : loaded 2 times (x 82B)
Class com.google.common.collect.CollectPreconditions                                  : loaded 2 times (x 71B)
Class com.google.common.collect.SortedMapDifference                                   : loaded 2 times (x 70B)
Class com.google.common.cache.LocalCache$EntryFactory                                 : loaded 2 times (x 83B)
Class com.google.common.cache.LocalCache$AbstractReferenceEntry                       : loaded 2 times (x 107B)
Class ijJvmDebugger1_9x3erf11sbp6hr81ma3cxq5r2$_run_closure1$_closure2                : loaded 2 times (x 140B)
Class org.gradle.internal.IoActions                                                   : loaded 2 times (x 71B)
Class org.objectweb.asm.SymbolTable                                                   : loaded 2 times (x 72B)
Class com.google.common.cache.CacheLoader$InvalidCacheLoadException                   : loaded 2 times (x 82B)
Class com.google.common.collect.ImmutableSet$RegularSetBuilderImpl                    : loaded 2 times (x 77B)
Class ijJvmDebugger1_9x3erf11sbp6hr81ma3cxq5r2                                        : loaded 2 times (x 179B)
Class org.gradle.internal.classloader.SystemClassLoaderSpec                           : loaded 2 times (x 71B)
Class com.google.common.cache.LocalCache$StrongEntry                                  : loaded 2 times (x 108B)
Class com.google.common.util.concurrent.AbstractFuture$TrustedFuture                  : loaded 2 times (x 114B)
Class com.google.common.cache.LoadingCache                                            : loaded 2 times (x 70B)
Class org.objectweb.asm.MethodWriter                                                  : loaded 2 times (x 106B)
Class [Lcom.google.common.cache.Weigher;                                              : loaded 2 times (x 69B)
Class com.google.common.collect.RegularImmutableMap$BucketOverflowException           : loaded 2 times (x 82B)
Class com.google.common.collect.RegularImmutableBiMap                                 : loaded 2 times (x 149B)
Class com.google.common.cache.LocalCache$ValueReference                               : loaded 2 times (x 70B)
Class com.google.common.base.CharMatcher$Negated                                      : loaded 2 times (x 113B)
Class com.google.common.base.CharMatcher$Is                                           : loaded 2 times (x 111B)
Class com.google.common.base.PatternCompiler                                          : loaded 2 times (x 70B)
Class com.google.common.util.concurrent.AbstractFuture$Failure                        : loaded 2 times (x 72B)
Class com.google.common.base.Equivalence$Equals                                       : loaded 2 times (x 82B)
Class com.google.common.collect.Hashing                                               : loaded 2 times (x 71B)
Class com.google.common.base.Preconditions                                            : loaded 2 times (x 71B)
Class ijJvmDebugger1_9x3erf11sbp6hr81ma3cxq5r2$_run_closure1                          : loaded 2 times (x 139B)
Class com.google.common.base.Joiner$1                                                 : loaded 2 times (x 80B)
Class org.objectweb.asm.Label                                                         : loaded 2 times (x 73B)
Class org.objectweb.asm.CurrentFrame                                                  : loaded 2 times (x 73B)
Class org.objectweb.asm.ClassTooLargeException                                        : loaded 2 times (x 83B)
Class com.google.common.base.CharMatcher                                              : loaded 2 times (x 111B)
Class com.google.common.collect.PeekingIterator                                       : loaded 2 times (x 70B)
Class com.google.common.base.Joiner$2                                                 : loaded 2 times (x 79B)
Class org.objectweb.asm.Frame                                                         : loaded 2 times (x 73B)
Class org.objectweb.asm.MethodVisitor                                                 : loaded 2 times (x 105B)
Class com.google.common.cache.LocalCache$EntryFactory$1                               : loaded 2 times (x 83B)
Class [Lcom.google.common.cache.RemovalListener;                                      : loaded 2 times (x 69B)
Class com.google.common.base.CharMatcher$NamedFastMatcher                             : loaded 2 times (x 112B)
Class com.google.common.base.CharMatcher$1                                            : loaded 2 times (x 113B)
Class com.google.common.cache.LocalCache$EntryFactory$2                               : loaded 2 times (x 83B)
Class ijKotlinCoroutineJvmDebugInit1_dofq3drr9aihm4earzh7ldbbw$_run_closure1$_closure2: loaded 2 times (x 139B)
Class org.gradle.api.internal.classpath.GlobalCacheRootsProvider                      : loaded 2 times (x 70B)
Class org.objectweb.asm.ModuleWriter                                                  : loaded 2 times (x 82B)
Class com.google.common.cache.LocalCache$EntryFactory$3                               : loaded 2 times (x 83B)
Class com.google.common.base.Ticker$1                                                 : loaded 2 times (x 72B)
Class com.google.common.collect.Maps$BiMapConverter                                   : loaded 2 times (x 90B)
Class com.google.common.collect.ImmutableMapEntrySet$RegularEntrySet                  : loaded 2 times (x 152B)
Class com.google.common.cache.LocalCache$EntryFactory$4                               : loaded 2 times (x 83B)
Class com.google.common.base.CharMatcher$InRange                                      : loaded 2 times (x 111B)
Class com.google.common.collect.ImmutableSet$Builder                                  : loaded 2 times (x 85B)
Class com.google.common.cache.LocalCache$EntryFactory$5                               : loaded 2 times (x 83B)
Class com.google.common.base.PairwiseEquivalence                                      : loaded 2 times (x 83B)
Class com.google.common.cache.LocalCache$EntryFactory$6                               : loaded 2 times (x 83B)
Class org.gradle.internal.installation.CurrentGradleInstallationLocator               : loaded 2 times (x 71B)
Class com.google.common.cache.LocalCache$EntryFactory$7                               : loaded 2 times (x 83B)
Class com.google.common.collect.ImmutableSet$EmptySetBuilderImpl                      : loaded 2 times (x 76B)
Class com.google.common.collect.ImmutableList                                         : loaded 2 times (x 206B)
Class org.gradle.internal.service.DefaultServiceLocator                               : loaded 2 times (x 83B)
Class com.google.common.cache.LocalCache$EntryFactory$8                               : loaded 2 times (x 83B)
Class com.google.common.collect.ImmutableSet$SetBuilderImpl                           : loaded 2 times (x 76B)
Class org.gradle.internal.installation.CurrentGradleInstallation                      : loaded 2 times (x 73B)
Class com.google.common.cache.CacheLoader$1                                           : loaded 2 times (x 75B)
Class com.google.common.collect.ImmutableList$SubList                                 : loaded 2 times (x 209B)
Class org.gradle.util.internal.GUtil                                                  : loaded 2 times (x 71B)
Class com.google.common.util.concurrent.AbstractFuture$SetFuture                      : loaded 2 times (x 75B)
Class com.google.common.cache.AbstractCache$StatsCounter                              : loaded 2 times (x 70B)
Class com.google.common.collect.Iterators$MergingIterator                             : loaded 2 times (x 81B)
Class com.google.common.collect.RegularImmutableSet                                   : loaded 2 times (x 149B)
Class org.gradle.internal.installation.GradleInstallation                             : loaded 2 times (x 75B)
Class com.google.common.collect.Iterables                                             : loaded 2 times (x 71B)

---------------  S Y S T E M  ---------------

OS:
 Windows 11 , 64 bit Build 26100 (10.0.26100.8246)
OS uptime: 5 days 13:46 hours

CPU: total 12 (initial active 12) (6 cores per cpu, 2 threads per core) family 6 model 186 stepping 3 microcode 0x410e, cx8, cmov, fxsr, ht, mmx, 3dnowpref, sse, sse2, sse3, ssse3, sse4.1, sse4.2, popcnt, lzcnt, tsc, tscinvbit, avx, avx2, aes, erms, clmul, bmi1, bmi2, adx, sha, fma, vzeroupper, clflush, clflushopt, clwb, serialize, rdtscp, rdpid, fsrm, f16c, pku, cet_ibt, cet_ss
Processor Information for processor 0
  Max Mhz: 1300, Current Mhz: 1300, Mhz Limit: 1300
Processor Information for processor 1
  Max Mhz: 1300, Current Mhz: 1300, Mhz Limit: 1300
Processor Information for processor 2
  Max Mhz: 1300, Current Mhz: 1300, Mhz Limit: 1300
Processor Information for processor 3
  Max Mhz: 1300, Current Mhz: 1300, Mhz Limit: 1300
Processor Information for processor 4
  Max Mhz: 1300, Current Mhz: 900, Mhz Limit: 897
Processor Information for processor 5
  Max Mhz: 1300, Current Mhz: 900, Mhz Limit: 897
Processor Information for processor 6
  Max Mhz: 1300, Current Mhz: 900, Mhz Limit: 897
Processor Information for processor 7
  Max Mhz: 1300, Current Mhz: 900, Mhz Limit: 897
Processor Information for processor 8
  Max Mhz: 1300, Current Mhz: 900, Mhz Limit: 897
Processor Information for processor 9
  Max Mhz: 1300, Current Mhz: 900, Mhz Limit: 897
Processor Information for processor 10
  Max Mhz: 1300, Current Mhz: 900, Mhz Limit: 897
Processor Information for processor 11
  Max Mhz: 1300, Current Mhz: 900, Mhz Limit: 897

Memory: 4k page, system-wide physical 11913M (1183M free)
TotalPageFile size 16009M (AvailPageFile size 45M)
current process WorkingSet (physical memory assigned to process): 423M, peak: 448M
current process commit charge ("private bytes"): 462M, peak: 502M

vm_info: OpenJDK 64-Bit Server VM (21.0.9+-14787801-b1163.94) for windows-amd64 JRE (21.0.9+-14787801-b1163.94), built on 2026-01-27T21:15:44Z by "builder" with MS VC++ 16.10 / 16.11 (VS2019)

END.
