#
# There is insufficient memory for the Java Runtime Environment to continue.
# Native memory allocation (malloc) failed to allocate 1073776 bytes. Error detail: Chunk::new
# Possible reasons:
#   The system is out of physical RAM or swap space
#   This process is running with CompressedOops enabled, and the Java Heap may be blocking the growth of the native heap
# Possible solutions:
#   Reduce memory load on the system
#   Increase physical memory or swap space
#   Check if swap backing store is full
#   Decrease Java heap size (-Xmx/-Xms)
#   Decrease number of Java threads
#   Decrease Java thread stack sizes (-Xss)
#   Set larger code cache with -XX:ReservedCodeCacheSize=
#   JVM is running with Unscaled Compressed Oops mode in which the Java heap is
#     placed in the first 4GB address space. The Java Heap base address is the
#     maximum limit for the native heap growth. Please use -XX:HeapBaseMinAddress
#     to set the Java Heap base and to place the Java Heap above 4GB virtual address.
# This output file may be truncated or incomplete.
#
#  Out of Memory Error (arena.cpp:168), pid=17008, tid=23060
#
# JRE version: OpenJDK Runtime Environment (21.0.9) (build 21.0.9+-14787801-b1163.94)
# Java VM: OpenJDK 64-Bit Server VM (21.0.9+-14787801-b1163.94, mixed mode, tiered, compressed oops, compressed class ptrs, g1 gc, windows-amd64)
# No core dump will be written. Minidumps are not enabled by default on client versions of Windows
#

---------------  S U M M A R Y ------------

Command Line: --add-opens=java.base/java.lang=ALL-UNNAMED --add-opens=java.base/java.lang.invoke=ALL-UNNAMED --add-opens=java.base/java.util=ALL-UNNAMED --add-opens=java.prefs/java.util.prefs=ALL-UNNAMED --add-exports=jdk.compiler/com.sun.tools.javac.api=ALL-UNNAMED --add-exports=jdk.compiler/com.sun.tools.javac.util=ALL-UNNAMED --add-opens=java.base/java.util=ALL-UNNAMED --add-opens=java.prefs/java.util.prefs=ALL-UNNAMED --add-opens=java.base/java.nio.charset=ALL-UNNAMED --add-opens=java.base/java.net=ALL-UNNAMED --add-opens=java.base/java.util.concurrent.atomic=ALL-UNNAMED --add-opens=java.xml/javax.xml.namespace=ALL-UNNAMED -XX:MaxMetaspaceSize=256m -Xmx1536m -Dfile.encoding=UTF-8 -Duser.country=RU -Duser.language=ru -Duser.variant -javaagent:C:\Users\User\.gradle\wrapper\dists\gradle-8.13-bin\5xuhj0ry160q40clulazy9h7d\gradle-8.13\lib\agents\gradle-instrumentation-agent-8.13.jar org.gradle.launcher.daemon.bootstrap.GradleDaemon 8.13

Host: 13th Gen Intel(R) Core(TM) i5-1335U, 12 cores, 11G,  Windows 11 , 64 bit Build 26100 (10.0.26100.8328)
Time: Fri May 22 15:27:48 2026 elapsed time: 12.780372 seconds (0d 0h 0m 12s)

---------------  T H R E A D  ---------------

Current thread (0x0000025d58079f10):  JavaThread "C2 CompilerThread0" daemon [_thread_in_native, id=23060, stack(0x000000a919a00000,0x000000a919b00000) (1024K)]


Current CompileTask:
C2:12780 11862 %     4       org.gradle.internal.instantiation.generator.AbstractClassGenerator::inspectType @ 193 (602 bytes)

Stack: [0x000000a919a00000,0x000000a919b00000]
Native frames: (J=compiled Java code, j=interpreted, Vv=VM code, C=native code)
V  [jvm.dll+0x6d6c99]
V  [jvm.dll+0x866b83]
V  [jvm.dll+0x8691ae]
V  [jvm.dll+0x869893]
V  [jvm.dll+0x280776]
V  [jvm.dll+0xc07cd]
V  [jvm.dll+0xc0d03]
V  [jvm.dll+0x2f5a10]
V  [jvm.dll+0x5ff9a9]
V  [jvm.dll+0x252572]
V  [jvm.dll+0x24ae1a]
V  [jvm.dll+0x24892e]
V  [jvm.dll+0x1c7344]
V  [jvm.dll+0x2581ae]
V  [jvm.dll+0x2566f6]
V  [jvm.dll+0x3f48a6]
V  [jvm.dll+0x80f118]
V  [jvm.dll+0x6d54ed]
C  [ucrtbase.dll+0x37b0]
C  [KERNEL32.DLL+0x2e957]
C  [ntdll.dll+0x427c]


---------------  P R O C E S S  ---------------

Threads class SMR info:
_java_thread_list=0x0000025d61638a60, length=107, elements={
0x0000025d40d25990, 0x0000025d58063250, 0x0000025d58068600, 0x0000025d58066f90,
0x0000025d58093ba0, 0x0000025d58094600, 0x0000025d58095b90, 0x0000025d580965f0,
0x0000025d58079f10, 0x0000025d5807cd70, 0x0000025d583a7a00, 0x0000025d5ea46620,
0x0000025d5dc43cc0, 0x0000025d5ecfda30, 0x0000025d5ecc8ff0, 0x0000025d5ec9e420,
0x0000025d5ec8af40, 0x0000025d5ee74440, 0x0000025d5ee74ad0, 0x0000025d5ee72370,
0x0000025d5ee72a00, 0x0000025d5ee71650, 0x0000025d5ee71ce0, 0x0000025d5ee73090,
0x0000025d5ee73db0, 0x0000025d604df0d0, 0x0000025d604ddd20, 0x0000025d604dd690,
0x0000025d604dc2e0, 0x0000025d604de3b0, 0x0000025d604dc970, 0x0000025d604df760,
0x0000025d604dea40, 0x0000025d604dfdf0, 0x0000025d604e0480, 0x0000025d604e2be0,
0x0000025d604e0b10, 0x0000025d604e1ec0, 0x0000025d604e11a0, 0x0000025d604e1830,
0x0000025d604e2550, 0x0000025d604e3270, 0x0000025d61118290, 0x0000025d61119cd0,
0x0000025d61116ee0, 0x0000025d61119640, 0x0000025d61117570, 0x0000025d61118fb0,
0x0000025d6111a9f0, 0x0000025d61117c00, 0x0000025d6111b080, 0x0000025d6111b710,
0x0000025d6111bda0, 0x0000025d61118920, 0x0000025d6111cac0, 0x0000025d6111de70,
0x0000025d6111d150, 0x0000025d6111c430, 0x0000025d6111e500, 0x0000025d61222690,
0x0000025d612212e0, 0x0000025d61222d20, 0x0000025d61223a40, 0x0000025d612233b0,
0x0000025d612240d0, 0x0000025d61224760, 0x0000025d61224df0, 0x0000025d61221970,
0x0000025d61225480, 0x0000025d61222000, 0x0000025d612261a0, 0x0000025d61226830,
0x0000025d61226ec0, 0x0000025d603f0360, 0x0000025d603f09f0, 0x0000025d603f1080,
0x0000025d603f1710, 0x0000025d603f1da0, 0x0000025d603ee920, 0x0000025d603f2430,
0x0000025d603eefb0, 0x0000025d603f2ac0, 0x0000025d603ef640, 0x0000025d603f3150,
0x0000025d603efcd0, 0x0000025d603f37e0, 0x0000025d603f58b0, 0x0000025d603f4500,
0x0000025d603f3e70, 0x0000025d603f5f40, 0x0000025d603f5220, 0x0000025d603f4b90,
0x0000025d60f34d10, 0x0000025d60f33960, 0x0000025d60f31890, 0x0000025d60f33ff0,
0x0000025d60f34680, 0x0000025d60f353a0, 0x0000025d60f31f20, 0x0000025d60f35a30,
0x0000025d60f325b0, 0x0000025d60f38eb0, 0x0000025d60f360c0, 0x0000025d60f36de0,
0x0000025d60f37470, 0x0000025d5f87a640, 0x0000025d583eb6f0
}

Java Threads: ( => current thread )
  0x0000025d40d25990 JavaThread "main"                              [_thread_blocked, id=20408, stack(0x000000a918b00000,0x000000a918c00000) (1024K)]
  0x0000025d58063250 JavaThread "Common-Cleaner"             daemon [_thread_blocked, id=20592, stack(0x000000a919300000,0x000000a919400000) (1024K)]
  0x0000025d58068600 JavaThread "Reference Handler"          daemon [_thread_blocked, id=18556, stack(0x000000a919400000,0x000000a919500000) (1024K)]
  0x0000025d58066f90 JavaThread "Finalizer"                  daemon [_thread_blocked, id=11740, stack(0x000000a919500000,0x000000a919600000) (1024K)]
  0x0000025d58093ba0 JavaThread "Signal Dispatcher"          daemon [_thread_blocked, id=21044, stack(0x000000a919600000,0x000000a919700000) (1024K)]
  0x0000025d58094600 JavaThread "Attach Listener"            daemon [_thread_blocked, id=4084, stack(0x000000a919700000,0x000000a919800000) (1024K)]
  0x0000025d58095b90 JavaThread "Service Thread"             daemon [_thread_blocked, id=24996, stack(0x000000a919800000,0x000000a919900000) (1024K)]
  0x0000025d580965f0 JavaThread "Monitor Deflation Thread"   daemon [_thread_blocked, id=16604, stack(0x000000a919900000,0x000000a919a00000) (1024K)]
=>0x0000025d58079f10 JavaThread "C2 CompilerThread0"         daemon [_thread_in_native, id=23060, stack(0x000000a919a00000,0x000000a919b00000) (1024K)]
  0x0000025d5807cd70 JavaThread "C1 CompilerThread0"         daemon [_thread_blocked, id=7320, stack(0x000000a919b00000,0x000000a919c00000) (1024K)]
  0x0000025d583a7a00 JavaThread "Notification Thread"        daemon [_thread_blocked, id=5128, stack(0x000000a919c00000,0x000000a919d00000) (1024K)]
  0x0000025d5ea46620 JavaThread "Daemon health stats"               [_thread_blocked, id=24028, stack(0x000000a91a400000,0x000000a91a500000) (1024K)]
  0x0000025d5dc43cc0 JavaThread "Incoming local TCP Connector on port 5100"        [_thread_in_native, id=16236, stack(0x000000a91a500000,0x000000a91a600000) (1024K)]
  0x0000025d5ecfda30 JavaThread "Daemon periodic checks"            [_thread_blocked, id=17600, stack(0x000000a91a600000,0x000000a91a700000) (1024K)]
  0x0000025d5ecc8ff0 JavaThread "Daemon"                            [_thread_blocked, id=21388, stack(0x000000a91a700000,0x000000a91a800000) (1024K)]
  0x0000025d5ec9e420 JavaThread "Handler for socket connection from /127.0.0.1:5100 to /127.0.0.1:5101"        [_thread_in_native, id=16868, stack(0x000000a91a800000,0x000000a91a900000) (1024K)]
  0x0000025d5ec8af40 JavaThread "Cancel handler"                    [_thread_blocked, id=12556, stack(0x000000a91a900000,0x000000a91aa00000) (1024K)]
  0x0000025d5ee74440 JavaThread "Daemon worker"                     [_thread_in_native, id=20488, stack(0x000000a91aa00000,0x000000a91ab00000) (1024K)]
  0x0000025d5ee74ad0 JavaThread "Asynchronous log dispatcher for DefaultDaemonConnection: socket connection from /127.0.0.1:5100 to /127.0.0.1:5101"        [_thread_blocked, id=14512, stack(0x000000a91ab00000,0x000000a91ac00000) (1024K)]
  0x0000025d5ee72370 JavaThread "Stdin handler"                     [_thread_blocked, id=23104, stack(0x000000a91ac00000,0x000000a91ad00000) (1024K)]
  0x0000025d5ee72a00 JavaThread "Daemon client event forwarder"        [_thread_blocked, id=14872, stack(0x000000a91ad00000,0x000000a91ae00000) (1024K)]
  0x0000025d5ee71650 JavaThread "Cache worker for journal cache (C:\Users\User\.gradle\caches\journal-1)"        [_thread_blocked, id=26016, stack(0x000000a91b400000,0x000000a91b500000) (1024K)]
  0x0000025d5ee71ce0 JavaThread "File lock request listener"        [_thread_in_native, id=17148, stack(0x000000a91b500000,0x000000a91b600000) (1024K)]
  0x0000025d5ee73090 JavaThread "Cache worker for file hash cache (C:\Users\User\.gradle\caches\8.13\fileHashes)"        [_thread_blocked, id=21216, stack(0x000000a91b600000,0x000000a91b700000) (1024K)]
  0x0000025d5ee73db0 JavaThread "Cache worker for file hash cache (C:\Users\User\StudioProjects\Android-Project\.gradle\8.13\fileHashes)"        [_thread_blocked, id=6988, stack(0x000000a91b700000,0x000000a91b800000) (1024K)]
  0x0000025d604df0d0 JavaThread "Cache worker for Build Output Cleanup Cache (C:\Users\User\StudioProjects\Android-Project\.gradle\buildOutputCleanup)"        [_thread_blocked, id=24240, stack(0x000000a91b800000,0x000000a91b900000) (1024K)]
  0x0000025d604ddd20 JavaThread "File watcher server"        daemon [_thread_in_native, id=17220, stack(0x000000a91b900000,0x000000a91ba00000) (1024K)]
  0x0000025d604dd690 JavaThread "File watcher consumer"      daemon [_thread_blocked, id=24008, stack(0x000000a91ba00000,0x000000a91bb00000) (1024K)]
  0x0000025d604dc2e0 JavaThread "jar transforms"                    [_thread_blocked, id=23340, stack(0x000000a91bb00000,0x000000a91bc00000) (1024K)]
  0x0000025d604de3b0 JavaThread "jar transforms Thread 2"           [_thread_blocked, id=10864, stack(0x000000a91bc00000,0x000000a91bd00000) (1024K)]
  0x0000025d604dc970 JavaThread "Cache worker for checksums cache (C:\Users\User\StudioProjects\Android-Project\.gradle\8.13\checksums)"        [_thread_blocked, id=13928, stack(0x000000a91bd00000,0x000000a91be00000) (1024K)]
  0x0000025d604df760 JavaThread "Cache worker for file content cache (C:\Users\User\.gradle\caches\8.13\fileContent)"        [_thread_blocked, id=25048, stack(0x000000a91be00000,0x000000a91bf00000) (1024K)]
  0x0000025d604dea40 JavaThread "jar transforms Thread 3"           [_thread_blocked, id=19700, stack(0x000000a91bf00000,0x000000a91c000000) (1024K)]
  0x0000025d604dfdf0 JavaThread "Cache worker for cache directory md-supplier (C:\Users\User\.gradle\caches\8.13\md-supplier)"        [_thread_blocked, id=21528, stack(0x000000a91c000000,0x000000a91c100000) (1024K)]
  0x0000025d604e0480 JavaThread "Cache worker for cache directory md-rule (C:\Users\User\.gradle\caches\8.13\md-rule)"        [_thread_blocked, id=19372, stack(0x000000a91c100000,0x000000a91c200000) (1024K)]
  0x0000025d604e2be0 JavaThread "Unconstrained build operations"        [_thread_blocked, id=5092, stack(0x000000a91c200000,0x000000a91c300000) (1024K)]
  0x0000025d604e0b10 JavaThread "Unconstrained build operations Thread 2"        [_thread_blocked, id=17776, stack(0x000000a91c300000,0x000000a91c400000) (1024K)]
  0x0000025d604e1ec0 JavaThread "Unconstrained build operations Thread 3"        [_thread_blocked, id=18716, stack(0x000000a91c400000,0x000000a91c500000) (1024K)]
  0x0000025d604e11a0 JavaThread "Unconstrained build operations Thread 4"        [_thread_blocked, id=17088, stack(0x000000a91c500000,0x000000a91c600000) (1024K)]
  0x0000025d604e1830 JavaThread "Unconstrained build operations Thread 5"        [_thread_blocked, id=15864, stack(0x000000a91c600000,0x000000a91c700000) (1024K)]
  0x0000025d604e2550 JavaThread "Unconstrained build operations Thread 6"        [_thread_blocked, id=9872, stack(0x000000a91c700000,0x000000a91c800000) (1024K)]
  0x0000025d604e3270 JavaThread "Unconstrained build operations Thread 7"        [_thread_blocked, id=12460, stack(0x000000a91c800000,0x000000a91c900000) (1024K)]
  0x0000025d61118290 JavaThread "Unconstrained build operations Thread 8"        [_thread_blocked, id=25428, stack(0x000000a91c900000,0x000000a91ca00000) (1024K)]
  0x0000025d61119cd0 JavaThread "Unconstrained build operations Thread 9"        [_thread_blocked, id=25416, stack(0x000000a91ca00000,0x000000a91cb00000) (1024K)]
  0x0000025d61116ee0 JavaThread "Unconstrained build operations Thread 10"        [_thread_blocked, id=25292, stack(0x000000a91cb00000,0x000000a91cc00000) (1024K)]
  0x0000025d61119640 JavaThread "Unconstrained build operations Thread 11"        [_thread_blocked, id=20456, stack(0x000000a91cc00000,0x000000a91cd00000) (1024K)]
  0x0000025d61117570 JavaThread "Unconstrained build operations Thread 12"        [_thread_blocked, id=13244, stack(0x000000a91cd00000,0x000000a91ce00000) (1024K)]
  0x0000025d61118fb0 JavaThread "Unconstrained build operations Thread 13"        [_thread_blocked, id=24312, stack(0x000000a91ce00000,0x000000a91cf00000) (1024K)]
  0x0000025d6111a9f0 JavaThread "Unconstrained build operations Thread 14"        [_thread_blocked, id=1992, stack(0x000000a91cf00000,0x000000a91d000000) (1024K)]
  0x0000025d61117c00 JavaThread "Unconstrained build operations Thread 15"        [_thread_blocked, id=17304, stack(0x000000a91d000000,0x000000a91d100000) (1024K)]
  0x0000025d6111b080 JavaThread "Unconstrained build operations Thread 16"        [_thread_blocked, id=20348, stack(0x000000a91d100000,0x000000a91d200000) (1024K)]
  0x0000025d6111b710 JavaThread "Unconstrained build operations Thread 17"        [_thread_blocked, id=6132, stack(0x000000a91d200000,0x000000a91d300000) (1024K)]
  0x0000025d6111bda0 JavaThread "Unconstrained build operations Thread 18"        [_thread_blocked, id=11352, stack(0x000000a91d300000,0x000000a91d400000) (1024K)]
  0x0000025d61118920 JavaThread "Unconstrained build operations Thread 19"        [_thread_blocked, id=20772, stack(0x000000a91d400000,0x000000a91d500000) (1024K)]
  0x0000025d6111cac0 JavaThread "Unconstrained build operations Thread 20"        [_thread_blocked, id=21796, stack(0x000000a91d500000,0x000000a91d600000) (1024K)]
  0x0000025d6111de70 JavaThread "jar transforms Thread 4"           [_thread_blocked, id=16560, stack(0x000000a91d600000,0x000000a91d700000) (1024K)]
  0x0000025d6111d150 JavaThread "jar transforms Thread 5"           [_thread_blocked, id=18136, stack(0x000000a91d700000,0x000000a91d800000) (1024K)]
  0x0000025d6111c430 JavaThread "Unconstrained build operations Thread 21"        [_thread_blocked, id=22796, stack(0x000000a91d800000,0x000000a91d900000) (1024K)]
  0x0000025d6111e500 JavaThread "Unconstrained build operations Thread 22"        [_thread_blocked, id=23920, stack(0x000000a91d900000,0x000000a91da00000) (1024K)]
  0x0000025d61222690 JavaThread "Unconstrained build operations Thread 23"        [_thread_blocked, id=23032, stack(0x000000a91da00000,0x000000a91db00000) (1024K)]
  0x0000025d612212e0 JavaThread "Unconstrained build operations Thread 24"        [_thread_blocked, id=2156, stack(0x000000a91db00000,0x000000a91dc00000) (1024K)]
  0x0000025d61222d20 JavaThread "Unconstrained build operations Thread 25"        [_thread_blocked, id=18264, stack(0x000000a91dc00000,0x000000a91dd00000) (1024K)]
  0x0000025d61223a40 JavaThread "Unconstrained build operations Thread 26"        [_thread_blocked, id=18112, stack(0x000000a91dd00000,0x000000a91de00000) (1024K)]
  0x0000025d612233b0 JavaThread "Unconstrained build operations Thread 27"        [_thread_blocked, id=12688, stack(0x000000a91de00000,0x000000a91df00000) (1024K)]
  0x0000025d612240d0 JavaThread "Unconstrained build operations Thread 28"        [_thread_blocked, id=21636, stack(0x000000a91df00000,0x000000a91e000000) (1024K)]
  0x0000025d61224760 JavaThread "Unconstrained build operations Thread 29"        [_thread_blocked, id=16908, stack(0x000000a91e000000,0x000000a91e100000) (1024K)]
  0x0000025d61224df0 JavaThread "Unconstrained build operations Thread 30"        [_thread_blocked, id=19600, stack(0x000000a91e100000,0x000000a91e200000) (1024K)]
  0x0000025d61221970 JavaThread "jar transforms Thread 6"           [_thread_blocked, id=9320, stack(0x000000a91e200000,0x000000a91e300000) (1024K)]
  0x0000025d61225480 JavaThread "jar transforms Thread 7"           [_thread_blocked, id=13576, stack(0x000000a91e300000,0x000000a91e400000) (1024K)]
  0x0000025d61222000 JavaThread "jar transforms Thread 8"           [_thread_blocked, id=12928, stack(0x000000a91e400000,0x000000a91e500000) (1024K)]
  0x0000025d612261a0 JavaThread "Unconstrained build operations Thread 31"        [_thread_blocked, id=13896, stack(0x000000a91e500000,0x000000a91e600000) (1024K)]
  0x0000025d61226830 JavaThread "Unconstrained build operations Thread 32"        [_thread_blocked, id=1616, stack(0x000000a91e600000,0x000000a91e700000) (1024K)]
  0x0000025d61226ec0 JavaThread "Unconstrained build operations Thread 33"        [_thread_blocked, id=10412, stack(0x000000a91e700000,0x000000a91e800000) (1024K)]
  0x0000025d603f0360 JavaThread "Unconstrained build operations Thread 34"        [_thread_blocked, id=1848, stack(0x000000a91e800000,0x000000a91e900000) (1024K)]
  0x0000025d603f09f0 JavaThread "Unconstrained build operations Thread 35"        [_thread_blocked, id=7568, stack(0x000000a91e900000,0x000000a91ea00000) (1024K)]
  0x0000025d603f1080 JavaThread "Unconstrained build operations Thread 36"        [_thread_blocked, id=22216, stack(0x000000a91ea00000,0x000000a91eb00000) (1024K)]
  0x0000025d603f1710 JavaThread "Unconstrained build operations Thread 37"        [_thread_blocked, id=22620, stack(0x000000a91eb00000,0x000000a91ec00000) (1024K)]
  0x0000025d603f1da0 JavaThread "Unconstrained build operations Thread 38"        [_thread_blocked, id=20428, stack(0x000000a91ec00000,0x000000a91ed00000) (1024K)]
  0x0000025d603ee920 JavaThread "Unconstrained build operations Thread 39"        [_thread_blocked, id=23020, stack(0x000000a91ed00000,0x000000a91ee00000) (1024K)]
  0x0000025d603f2430 JavaThread "Unconstrained build operations Thread 40"        [_thread_blocked, id=9624, stack(0x000000a91ee00000,0x000000a91ef00000) (1024K)]
  0x0000025d603eefb0 JavaThread "Unconstrained build operations Thread 41"        [_thread_blocked, id=23180, stack(0x000000a91ef00000,0x000000a91f000000) (1024K)]
  0x0000025d603f2ac0 JavaThread "Unconstrained build operations Thread 42"        [_thread_blocked, id=5464, stack(0x000000a91f000000,0x000000a91f100000) (1024K)]
  0x0000025d603ef640 JavaThread "Unconstrained build operations Thread 43"        [_thread_blocked, id=2100, stack(0x000000a91f100000,0x000000a91f200000) (1024K)]
  0x0000025d603f3150 JavaThread "Unconstrained build operations Thread 44"        [_thread_blocked, id=22736, stack(0x000000a91f200000,0x000000a91f300000) (1024K)]
  0x0000025d603efcd0 JavaThread "Unconstrained build operations Thread 45"        [_thread_blocked, id=15456, stack(0x000000a91f300000,0x000000a91f400000) (1024K)]
  0x0000025d603f37e0 JavaThread "Unconstrained build operations Thread 46"        [_thread_blocked, id=15476, stack(0x000000a91f400000,0x000000a91f500000) (1024K)]
  0x0000025d603f58b0 JavaThread "Unconstrained build operations Thread 47"        [_thread_blocked, id=9488, stack(0x000000a91f500000,0x000000a91f600000) (1024K)]
  0x0000025d603f4500 JavaThread "Unconstrained build operations Thread 48"        [_thread_blocked, id=19424, stack(0x000000a91f600000,0x000000a91f700000) (1024K)]
  0x0000025d603f3e70 JavaThread "Unconstrained build operations Thread 49"        [_thread_blocked, id=4444, stack(0x000000a91f700000,0x000000a91f800000) (1024K)]
  0x0000025d603f5f40 JavaThread "Unconstrained build operations Thread 50"        [_thread_blocked, id=8096, stack(0x000000a91f800000,0x000000a91f900000) (1024K)]
  0x0000025d603f5220 JavaThread "Unconstrained build operations Thread 51"        [_thread_blocked, id=8872, stack(0x000000a91f900000,0x000000a91fa00000) (1024K)]
  0x0000025d603f4b90 JavaThread "Unconstrained build operations Thread 52"        [_thread_blocked, id=26524, stack(0x000000a91fa00000,0x000000a91fb00000) (1024K)]
  0x0000025d60f34d10 JavaThread "Unconstrained build operations Thread 53"        [_thread_blocked, id=13072, stack(0x000000a91fb00000,0x000000a91fc00000) (1024K)]
  0x0000025d60f33960 JavaThread "Unconstrained build operations Thread 54"        [_thread_blocked, id=5124, stack(0x000000a91fc00000,0x000000a91fd00000) (1024K)]
  0x0000025d60f31890 JavaThread "Unconstrained build operations Thread 55"        [_thread_blocked, id=6444, stack(0x000000a91fd00000,0x000000a91fe00000) (1024K)]
  0x0000025d60f33ff0 JavaThread "Unconstrained build operations Thread 56"        [_thread_blocked, id=7332, stack(0x000000a91fe00000,0x000000a91ff00000) (1024K)]
  0x0000025d60f34680 JavaThread "Unconstrained build operations Thread 57"        [_thread_blocked, id=4812, stack(0x000000a91ff00000,0x000000a920000000) (1024K)]
  0x0000025d60f353a0 JavaThread "Unconstrained build operations Thread 58"        [_thread_blocked, id=19172, stack(0x000000a920000000,0x000000a920100000) (1024K)]
  0x0000025d60f31f20 JavaThread "Unconstrained build operations Thread 59"        [_thread_blocked, id=22432, stack(0x000000a920100000,0x000000a920200000) (1024K)]
  0x0000025d60f35a30 JavaThread "Unconstrained build operations Thread 60"        [_thread_blocked, id=18292, stack(0x000000a920200000,0x000000a920300000) (1024K)]
  0x0000025d60f325b0 JavaThread "Unconstrained build operations Thread 61"        [_thread_blocked, id=17892, stack(0x000000a920300000,0x000000a920400000) (1024K)]
  0x0000025d60f38eb0 JavaThread "Unconstrained build operations Thread 62"        [_thread_blocked, id=22196, stack(0x000000a920400000,0x000000a920500000) (1024K)]
  0x0000025d60f360c0 JavaThread "Unconstrained build operations Thread 63"        [_thread_blocked, id=23780, stack(0x000000a920500000,0x000000a920600000) (1024K)]
  0x0000025d60f36de0 JavaThread "build event listener"              [_thread_blocked, id=11984, stack(0x000000a91a100000,0x000000a91a200000) (1024K)]
  0x0000025d60f37470 JavaThread "Memory manager"                    [_thread_blocked, id=16520, stack(0x000000a920600000,0x000000a920700000) (1024K)]
  0x0000025d5f87a640 JavaThread "build event listener"              [_thread_blocked, id=21200, stack(0x000000a920700000,0x000000a920800000) (1024K)]
  0x0000025d583eb6f0 JavaThread "C2 CompilerThread1"         daemon [_thread_blocked, id=12016, stack(0x000000a919d00000,0x000000a919e00000) (1024K)]
Total: 107

Other Threads:
  0x0000025d57fe2f80 VMThread "VM Thread"                           [id=17560, stack(0x000000a919200000,0x000000a919300000) (1024K)]
  0x0000025d575cb090 WatcherThread "VM Periodic Task Thread"        [id=2576, stack(0x000000a919100000,0x000000a919200000) (1024K)]
  0x0000025d40d6f210 WorkerThread "GC Thread#0"                     [id=22992, stack(0x000000a918c00000,0x000000a918d00000) (1024K)]
  0x0000025d58583e70 WorkerThread "GC Thread#1"                     [id=5620, stack(0x000000a919e00000,0x000000a919f00000) (1024K)]
  0x0000025d58558c20 WorkerThread "GC Thread#2"                     [id=20740, stack(0x000000a919f00000,0x000000a91a000000) (1024K)]
  0x0000025d58558fc0 WorkerThread "GC Thread#3"                     [id=1060, stack(0x000000a91a000000,0x000000a91a100000) (1024K)]
  0x0000025d5d5c8530 WorkerThread "GC Thread#4"                     [id=25696, stack(0x000000a91a200000,0x000000a91a300000) (1024K)]
  0x0000025d5ece15d0 WorkerThread "GC Thread#5"                     [id=26360, stack(0x000000a91a300000,0x000000a91a400000) (1024K)]
  0x0000025d5ee1b250 WorkerThread "GC Thread#6"                     [id=25376, stack(0x000000a91ae00000,0x000000a91af00000) (1024K)]
  0x0000025d5ee1b5f0 WorkerThread "GC Thread#7"                     [id=17396, stack(0x000000a91af00000,0x000000a91b000000) (1024K)]
  0x0000025d5ece8c20 WorkerThread "GC Thread#8"                     [id=23248, stack(0x000000a91b000000,0x000000a91b100000) (1024K)]
  0x0000025d5ece8140 WorkerThread "GC Thread#9"                     [id=4364, stack(0x000000a91b100000,0x000000a91b200000) (1024K)]
  0x0000025d40d7c100 ConcurrentGCThread "G1 Main Marker"            [id=21492, stack(0x000000a918d00000,0x000000a918e00000) (1024K)]
  0x0000025d40d7d7e0 WorkerThread "G1 Conc#0"                       [id=24428, stack(0x000000a918e00000,0x000000a918f00000) (1024K)]
  0x0000025d5ece9360 WorkerThread "G1 Conc#1"                       [id=21572, stack(0x000000a91b200000,0x000000a91b300000) (1024K)]
  0x0000025d5ece7da0 WorkerThread "G1 Conc#2"                       [id=14956, stack(0x000000a91b300000,0x000000a91b400000) (1024K)]
  0x0000025d57498120 ConcurrentGCThread "G1 Refine#0"               [id=20388, stack(0x000000a918f00000,0x000000a919000000) (1024K)]
  0x0000025d57499950 ConcurrentGCThread "G1 Service"                [id=16392, stack(0x000000a919000000,0x000000a919100000) (1024K)]
Total: 18

Threads with active compile tasks:
C2 CompilerThread0  14875 11862 %     4       org.gradle.internal.instantiation.generator.AbstractClassGenerator::inspectType @ 193 (602 bytes)
Total: 1

VM state: not at safepoint (normal execution)

VM Mutex/Monitor currently owned by a thread: None

Heap address: 0x00000000a0000000, size: 1536 MB, Compressed Oops mode: 32-bit

CDS archive(s) not mapped
Compressed class space mapped at: 0x0000000100000000-0x000000010d000000, reserved size: 218103808
Narrow klass base: 0x0000000000000000, Narrow klass shift: 3, Narrow klass range: 0x10d000000

GC Precious Log:
 CardTable entry size: 512
 Card Set container configuration: InlinePtr #cards 5 size 8 Array Of Cards #cards 12 size 40 Howl #buckets 4 coarsen threshold 1843 Howl Bitmap #cards 512 size 80 coarsen threshold 460 Card regions per heap region 1 cards per card region 2048
 CPUs: 12 total, 12 available
 Memory: 11913M
 Large Page Support: Disabled
 NUMA Support: Disabled
 Compressed Oops: Enabled (32-bit)
 Heap Region Size: 1M
 Heap Min Capacity: 8M
 Heap Initial Capacity: 188M
 Heap Max Capacity: 1536M
 Pre-touch: Disabled
 Parallel Workers: 10
 Concurrent Workers: 3
 Concurrent Refinement Workers: 10
 Periodic GC: Disabled

Heap:
 garbage-first heap   total 176128K, used 154919K [0x00000000a0000000, 0x0000000100000000)
  region size 1024K, 54 young (55296K), 5 survivors (5120K)
 Metaspace       used 106852K, committed 108928K, reserved 344064K
  class space    used 15035K, committed 16064K, reserved 212992K

Heap Regions: E=young(eden), S=young(survivor), O=old, HS=humongous(starts), HC=humongous(continues), CS=collection set, F=free, TAMS=top-at-mark-start, PB=parsable bottom
|   0|0x00000000a0000000, 0x00000000a0100000, 0x00000000a0100000|100%|HS|  |TAMS 0x00000000a0000000| PB 0x00000000a0000000| Complete 
|   1|0x00000000a0100000, 0x00000000a0200000, 0x00000000a0200000|100%|HC|  |TAMS 0x00000000a0100000| PB 0x00000000a0100000| Complete 
|   2|0x00000000a0200000, 0x00000000a0300000, 0x00000000a0300000|100%|HC|  |TAMS 0x00000000a0200000| PB 0x00000000a0200000| Complete 
|   3|0x00000000a0300000, 0x00000000a0400000, 0x00000000a0400000|100%| O|  |TAMS 0x00000000a0300000| PB 0x00000000a0300000| Untracked 
|   4|0x00000000a0400000, 0x00000000a0500000, 0x00000000a0500000|100%| O|  |TAMS 0x00000000a0400000| PB 0x00000000a0400000| Untracked 
|   5|0x00000000a0500000, 0x00000000a0600000, 0x00000000a0600000|100%| O|  |TAMS 0x00000000a0500000| PB 0x00000000a0500000| Untracked 
|   6|0x00000000a0600000, 0x00000000a0700000, 0x00000000a0700000|100%|HS|  |TAMS 0x00000000a0600000| PB 0x00000000a0600000| Complete 
|   7|0x00000000a0700000, 0x00000000a0800000, 0x00000000a0800000|100%| O|  |TAMS 0x00000000a0700000| PB 0x00000000a0700000| Untracked 
|   8|0x00000000a0800000, 0x00000000a0900000, 0x00000000a0900000|100%| O|  |TAMS 0x00000000a0800000| PB 0x00000000a0800000| Untracked 
|   9|0x00000000a0900000, 0x00000000a0a00000, 0x00000000a0a00000|100%| O|  |TAMS 0x00000000a0900000| PB 0x00000000a0900000| Untracked 
|  10|0x00000000a0a00000, 0x00000000a0af3ca0, 0x00000000a0b00000| 95%| O|  |TAMS 0x00000000a0a00000| PB 0x00000000a0a00000| Untracked 
|  11|0x00000000a0b00000, 0x00000000a0c00000, 0x00000000a0c00000|100%| O|  |TAMS 0x00000000a0b00000| PB 0x00000000a0b00000| Untracked 
|  12|0x00000000a0c00000, 0x00000000a0d00000, 0x00000000a0d00000|100%| O|  |TAMS 0x00000000a0c00000| PB 0x00000000a0c00000| Untracked 
|  13|0x00000000a0d00000, 0x00000000a0e00000, 0x00000000a0e00000|100%| O|  |TAMS 0x00000000a0d00000| PB 0x00000000a0d00000| Untracked 
|  14|0x00000000a0e00000, 0x00000000a0f00000, 0x00000000a0f00000|100%| O|  |TAMS 0x00000000a0e00000| PB 0x00000000a0e00000| Untracked 
|  15|0x00000000a0f00000, 0x00000000a1000000, 0x00000000a1000000|100%| O|  |TAMS 0x00000000a0f00000| PB 0x00000000a0f00000| Untracked 
|  16|0x00000000a1000000, 0x00000000a1100000, 0x00000000a1100000|100%| O|  |TAMS 0x00000000a1000000| PB 0x00000000a1000000| Untracked 
|  17|0x00000000a1100000, 0x00000000a1200000, 0x00000000a1200000|100%| O|  |TAMS 0x00000000a1100000| PB 0x00000000a1100000| Untracked 
|  18|0x00000000a1200000, 0x00000000a1300000, 0x00000000a1300000|100%| O|  |TAMS 0x00000000a1200000| PB 0x00000000a1200000| Untracked 
|  19|0x00000000a1300000, 0x00000000a1400000, 0x00000000a1400000|100%| O|  |TAMS 0x00000000a1300000| PB 0x00000000a1300000| Untracked 
|  20|0x00000000a1400000, 0x00000000a1500000, 0x00000000a1500000|100%| O|  |TAMS 0x00000000a1400000| PB 0x00000000a1400000| Untracked 
|  21|0x00000000a1500000, 0x00000000a1600000, 0x00000000a1600000|100%| O|  |TAMS 0x00000000a1500000| PB 0x00000000a1500000| Untracked 
|  22|0x00000000a1600000, 0x00000000a1700000, 0x00000000a1700000|100%| O|  |TAMS 0x00000000a1600000| PB 0x00000000a1600000| Untracked 
|  23|0x00000000a1700000, 0x00000000a1800000, 0x00000000a1800000|100%| O|  |TAMS 0x00000000a1700000| PB 0x00000000a1700000| Untracked 
|  24|0x00000000a1800000, 0x00000000a1900000, 0x00000000a1900000|100%| O|  |TAMS 0x00000000a1800000| PB 0x00000000a1800000| Untracked 
|  25|0x00000000a1900000, 0x00000000a1a00000, 0x00000000a1a00000|100%|HS|  |TAMS 0x00000000a1900000| PB 0x00000000a1900000| Complete 
|  26|0x00000000a1a00000, 0x00000000a1b00000, 0x00000000a1b00000|100%|HC|  |TAMS 0x00000000a1a00000| PB 0x00000000a1a00000| Complete 
|  27|0x00000000a1b00000, 0x00000000a1c00000, 0x00000000a1c00000|100%| O|  |TAMS 0x00000000a1b00000| PB 0x00000000a1b00000| Untracked 
|  28|0x00000000a1c00000, 0x00000000a1d00000, 0x00000000a1d00000|100%| O|  |TAMS 0x00000000a1c00000| PB 0x00000000a1c00000| Untracked 
|  29|0x00000000a1d00000, 0x00000000a1e00000, 0x00000000a1e00000|100%| O|  |TAMS 0x00000000a1d00000| PB 0x00000000a1d00000| Untracked 
|  30|0x00000000a1e00000, 0x00000000a1f00000, 0x00000000a1f00000|100%| O|  |TAMS 0x00000000a1e00000| PB 0x00000000a1e00000| Untracked 
|  31|0x00000000a1f00000, 0x00000000a2000000, 0x00000000a2000000|100%| O|  |TAMS 0x00000000a1f00000| PB 0x00000000a1f00000| Untracked 
|  32|0x00000000a2000000, 0x00000000a2100000, 0x00000000a2100000|100%| O|  |TAMS 0x00000000a2000000| PB 0x00000000a2000000| Untracked 
|  33|0x00000000a2100000, 0x00000000a2200000, 0x00000000a2200000|100%| O|  |TAMS 0x00000000a2100000| PB 0x00000000a2100000| Untracked 
|  34|0x00000000a2200000, 0x00000000a2300000, 0x00000000a2300000|100%| O|  |TAMS 0x00000000a2200000| PB 0x00000000a2200000| Untracked 
|  35|0x00000000a2300000, 0x00000000a2400000, 0x00000000a2400000|100%| O|  |TAMS 0x00000000a2300000| PB 0x00000000a2300000| Untracked 
|  36|0x00000000a2400000, 0x00000000a2500000, 0x00000000a2500000|100%| O|  |TAMS 0x00000000a2400000| PB 0x00000000a2400000| Untracked 
|  37|0x00000000a2500000, 0x00000000a2600000, 0x00000000a2600000|100%| O|  |TAMS 0x00000000a2500000| PB 0x00000000a2500000| Untracked 
|  38|0x00000000a2600000, 0x00000000a2700000, 0x00000000a2700000|100%| O|  |TAMS 0x00000000a2600000| PB 0x00000000a2600000| Untracked 
|  39|0x00000000a2700000, 0x00000000a2800000, 0x00000000a2800000|100%| O|  |TAMS 0x00000000a2700000| PB 0x00000000a2700000| Untracked 
|  40|0x00000000a2800000, 0x00000000a2900000, 0x00000000a2900000|100%| O|  |TAMS 0x00000000a2800000| PB 0x00000000a2800000| Untracked 
|  41|0x00000000a2900000, 0x00000000a2a00000, 0x00000000a2a00000|100%| O|  |TAMS 0x00000000a2900000| PB 0x00000000a2900000| Untracked 
|  42|0x00000000a2a00000, 0x00000000a2b00000, 0x00000000a2b00000|100%| O|  |TAMS 0x00000000a2a00000| PB 0x00000000a2a00000| Untracked 
|  43|0x00000000a2b00000, 0x00000000a2c00000, 0x00000000a2c00000|100%| O|  |TAMS 0x00000000a2b00000| PB 0x00000000a2b00000| Untracked 
|  44|0x00000000a2c00000, 0x00000000a2d00000, 0x00000000a2d00000|100%| O|  |TAMS 0x00000000a2c00000| PB 0x00000000a2c00000| Untracked 
|  45|0x00000000a2d00000, 0x00000000a2e00000, 0x00000000a2e00000|100%|HS|  |TAMS 0x00000000a2d00000| PB 0x00000000a2d00000| Complete 
|  46|0x00000000a2e00000, 0x00000000a2f00000, 0x00000000a2f00000|100%|HS|  |TAMS 0x00000000a2e00000| PB 0x00000000a2e00000| Complete 
|  47|0x00000000a2f00000, 0x00000000a3000000, 0x00000000a3000000|100%| O|  |TAMS 0x00000000a2f00000| PB 0x00000000a2f00000| Untracked 
|  48|0x00000000a3000000, 0x00000000a3100000, 0x00000000a3100000|100%| O|  |TAMS 0x00000000a3000000| PB 0x00000000a3000000| Untracked 
|  49|0x00000000a3100000, 0x00000000a3200000, 0x00000000a3200000|100%| O|  |TAMS 0x00000000a3100000| PB 0x00000000a3100000| Untracked 
|  50|0x00000000a3200000, 0x00000000a3300000, 0x00000000a3300000|100%|HS|  |TAMS 0x00000000a3200000| PB 0x00000000a3200000| Complete 
|  51|0x00000000a3300000, 0x00000000a3400000, 0x00000000a3400000|100%|HC|  |TAMS 0x00000000a3300000| PB 0x00000000a3300000| Complete 
|  52|0x00000000a3400000, 0x00000000a3500000, 0x00000000a3500000|100%|HS|  |TAMS 0x00000000a3400000| PB 0x00000000a3400000| Complete 
|  53|0x00000000a3500000, 0x00000000a3600000, 0x00000000a3600000|100%|HC|  |TAMS 0x00000000a3500000| PB 0x00000000a3500000| Complete 
|  54|0x00000000a3600000, 0x00000000a3700000, 0x00000000a3700000|100%|HS|  |TAMS 0x00000000a3600000| PB 0x00000000a3600000| Complete 
|  55|0x00000000a3700000, 0x00000000a3800000, 0x00000000a3800000|100%|HS|  |TAMS 0x00000000a3700000| PB 0x00000000a3700000| Complete 
|  56|0x00000000a3800000, 0x00000000a3900000, 0x00000000a3900000|100%|HC|  |TAMS 0x00000000a3800000| PB 0x00000000a3800000| Complete 
|  57|0x00000000a3900000, 0x00000000a3a00000, 0x00000000a3a00000|100%|HC|  |TAMS 0x00000000a3900000| PB 0x00000000a3900000| Complete 
|  58|0x00000000a3a00000, 0x00000000a3b00000, 0x00000000a3b00000|100%|HC|  |TAMS 0x00000000a3a00000| PB 0x00000000a3a00000| Complete 
|  59|0x00000000a3b00000, 0x00000000a3c00000, 0x00000000a3c00000|100%|HS|  |TAMS 0x00000000a3b00000| PB 0x00000000a3b00000| Complete 
|  60|0x00000000a3c00000, 0x00000000a3d00000, 0x00000000a3d00000|100%| O|  |TAMS 0x00000000a3c00000| PB 0x00000000a3c00000| Untracked 
|  61|0x00000000a3d00000, 0x00000000a3e00000, 0x00000000a3e00000|100%|HS|  |TAMS 0x00000000a3d00000| PB 0x00000000a3d00000| Complete 
|  62|0x00000000a3e00000, 0x00000000a3f00000, 0x00000000a3f00000|100%|HS|  |TAMS 0x00000000a3e00000| PB 0x00000000a3e00000| Complete 
|  63|0x00000000a3f00000, 0x00000000a4000000, 0x00000000a4000000|100%| O|  |TAMS 0x00000000a3f00000| PB 0x00000000a3f00000| Untracked 
|  64|0x00000000a4000000, 0x00000000a4100000, 0x00000000a4100000|100%| O|  |TAMS 0x00000000a4000000| PB 0x00000000a4000000| Untracked 
|  65|0x00000000a4100000, 0x00000000a4200000, 0x00000000a4200000|100%| O|  |TAMS 0x00000000a4100000| PB 0x00000000a4100000| Untracked 
|  66|0x00000000a4200000, 0x00000000a4300000, 0x00000000a4300000|100%| O|  |TAMS 0x00000000a4200000| PB 0x00000000a4200000| Untracked 
|  67|0x00000000a4300000, 0x00000000a4400000, 0x00000000a4400000|100%| O|  |TAMS 0x00000000a4300000| PB 0x00000000a4300000| Untracked 
|  68|0x00000000a4400000, 0x00000000a4500000, 0x00000000a4500000|100%| O|  |TAMS 0x00000000a4400000| PB 0x00000000a4400000| Untracked 
|  69|0x00000000a4500000, 0x00000000a4600000, 0x00000000a4600000|100%| O|  |TAMS 0x00000000a4500000| PB 0x00000000a4500000| Untracked 
|  70|0x00000000a4600000, 0x00000000a4700000, 0x00000000a4700000|100%| O|  |TAMS 0x00000000a4600000| PB 0x00000000a4600000| Untracked 
|  71|0x00000000a4700000, 0x00000000a4800000, 0x00000000a4800000|100%|HS|  |TAMS 0x00000000a4700000| PB 0x00000000a4700000| Complete 
|  72|0x00000000a4800000, 0x00000000a4900000, 0x00000000a4900000|100%|HS|  |TAMS 0x00000000a4800000| PB 0x00000000a4800000| Complete 
|  73|0x00000000a4900000, 0x00000000a4a00000, 0x00000000a4a00000|100%|HC|  |TAMS 0x00000000a4900000| PB 0x00000000a4900000| Complete 
|  74|0x00000000a4a00000, 0x00000000a4b00000, 0x00000000a4b00000|100%|HC|  |TAMS 0x00000000a4a00000| PB 0x00000000a4a00000| Complete 
|  75|0x00000000a4b00000, 0x00000000a4c00000, 0x00000000a4c00000|100%|HC|  |TAMS 0x00000000a4b00000| PB 0x00000000a4b00000| Complete 
|  76|0x00000000a4c00000, 0x00000000a4d00000, 0x00000000a4d00000|100%| O|  |TAMS 0x00000000a4c00000| PB 0x00000000a4c00000| Untracked 
|  77|0x00000000a4d00000, 0x00000000a4e00000, 0x00000000a4e00000|100%| O|  |TAMS 0x00000000a4d00000| PB 0x00000000a4d00000| Untracked 
|  78|0x00000000a4e00000, 0x00000000a4f00000, 0x00000000a4f00000|100%| O|  |TAMS 0x00000000a4e00000| PB 0x00000000a4e00000| Untracked 
|  79|0x00000000a4f00000, 0x00000000a5000000, 0x00000000a5000000|100%| O|  |TAMS 0x00000000a4f00000| PB 0x00000000a4f00000| Untracked 
|  80|0x00000000a5000000, 0x00000000a5100000, 0x00000000a5100000|100%| O|  |TAMS 0x00000000a5000000| PB 0x00000000a5000000| Untracked 
|  81|0x00000000a5100000, 0x00000000a5200000, 0x00000000a5200000|100%| O|  |TAMS 0x00000000a5100000| PB 0x00000000a5100000| Untracked 
|  82|0x00000000a5200000, 0x00000000a5300000, 0x00000000a5300000|100%| O|  |TAMS 0x00000000a5200000| PB 0x00000000a5200000| Untracked 
|  83|0x00000000a5300000, 0x00000000a5400000, 0x00000000a5400000|100%| O|  |TAMS 0x00000000a5300000| PB 0x00000000a5300000| Untracked 
|  84|0x00000000a5400000, 0x00000000a5500000, 0x00000000a5500000|100%| O|  |TAMS 0x00000000a5400000| PB 0x00000000a5400000| Untracked 
|  85|0x00000000a5500000, 0x00000000a5600000, 0x00000000a5600000|100%| O|  |TAMS 0x00000000a5500000| PB 0x00000000a5500000| Untracked 
|  86|0x00000000a5600000, 0x00000000a5700000, 0x00000000a5700000|100%| O|  |TAMS 0x00000000a5600000| PB 0x00000000a5600000| Untracked 
|  87|0x00000000a5700000, 0x00000000a571aaa0, 0x00000000a5800000| 10%| O|  |TAMS 0x00000000a5700000| PB 0x00000000a5700000| Untracked 
|  88|0x00000000a5800000, 0x00000000a5900000, 0x00000000a5900000|100%| O|  |TAMS 0x00000000a5800000| PB 0x00000000a5800000| Untracked 
|  89|0x00000000a5900000, 0x00000000a5a00000, 0x00000000a5a00000|100%| O|  |TAMS 0x00000000a5900000| PB 0x00000000a5900000| Untracked 
|  90|0x00000000a5a00000, 0x00000000a5a00000, 0x00000000a5b00000|  0%| F|  |TAMS 0x00000000a5a00000| PB 0x00000000a5a00000| Untracked 
|  91|0x00000000a5b00000, 0x00000000a5b00000, 0x00000000a5c00000|  0%| F|  |TAMS 0x00000000a5b00000| PB 0x00000000a5b00000| Untracked 
|  92|0x00000000a5c00000, 0x00000000a5c00000, 0x00000000a5d00000|  0%| F|  |TAMS 0x00000000a5c00000| PB 0x00000000a5c00000| Untracked 
|  93|0x00000000a5d00000, 0x00000000a5d3b648, 0x00000000a5e00000| 23%| S|CS|TAMS 0x00000000a5d00000| PB 0x00000000a5d00000| Complete 
|  94|0x00000000a5e00000, 0x00000000a5f00000, 0x00000000a5f00000|100%| S|CS|TAMS 0x00000000a5e00000| PB 0x00000000a5e00000| Complete 
|  95|0x00000000a5f00000, 0x00000000a6000000, 0x00000000a6000000|100%| S|CS|TAMS 0x00000000a5f00000| PB 0x00000000a5f00000| Complete 
|  96|0x00000000a6000000, 0x00000000a6100000, 0x00000000a6100000|100%| S|CS|TAMS 0x00000000a6000000| PB 0x00000000a6000000| Complete 
|  97|0x00000000a6100000, 0x00000000a6200000, 0x00000000a6200000|100%| S|CS|TAMS 0x00000000a6100000| PB 0x00000000a6100000| Complete 
|  98|0x00000000a6200000, 0x00000000a6200000, 0x00000000a6300000|  0%| F|  |TAMS 0x00000000a6200000| PB 0x00000000a6200000| Untracked 
|  99|0x00000000a6300000, 0x00000000a6300000, 0x00000000a6400000|  0%| F|  |TAMS 0x00000000a6300000| PB 0x00000000a6300000| Untracked 
| 100|0x00000000a6400000, 0x00000000a6400000, 0x00000000a6500000|  0%| F|  |TAMS 0x00000000a6400000| PB 0x00000000a6400000| Untracked 
| 101|0x00000000a6500000, 0x00000000a6500000, 0x00000000a6600000|  0%| F|  |TAMS 0x00000000a6500000| PB 0x00000000a6500000| Untracked 
| 102|0x00000000a6600000, 0x00000000a6600000, 0x00000000a6700000|  0%| F|  |TAMS 0x00000000a6600000| PB 0x00000000a6600000| Untracked 
| 103|0x00000000a6700000, 0x00000000a6700000, 0x00000000a6800000|  0%| F|  |TAMS 0x00000000a6700000| PB 0x00000000a6700000| Untracked 
| 104|0x00000000a6800000, 0x00000000a6800000, 0x00000000a6900000|  0%| F|  |TAMS 0x00000000a6800000| PB 0x00000000a6800000| Untracked 
| 105|0x00000000a6900000, 0x00000000a6900000, 0x00000000a6a00000|  0%| F|  |TAMS 0x00000000a6900000| PB 0x00000000a6900000| Untracked 
| 106|0x00000000a6a00000, 0x00000000a6a00000, 0x00000000a6b00000|  0%| F|  |TAMS 0x00000000a6a00000| PB 0x00000000a6a00000| Untracked 
| 107|0x00000000a6b00000, 0x00000000a6b00000, 0x00000000a6c00000|  0%| F|  |TAMS 0x00000000a6b00000| PB 0x00000000a6b00000| Untracked 
| 108|0x00000000a6c00000, 0x00000000a6c00000, 0x00000000a6d00000|  0%| F|  |TAMS 0x00000000a6c00000| PB 0x00000000a6c00000| Untracked 
| 109|0x00000000a6d00000, 0x00000000a6d00000, 0x00000000a6e00000|  0%| F|  |TAMS 0x00000000a6d00000| PB 0x00000000a6d00000| Untracked 
| 110|0x00000000a6e00000, 0x00000000a6e00000, 0x00000000a6f00000|  0%| F|  |TAMS 0x00000000a6e00000| PB 0x00000000a6e00000| Untracked 
| 111|0x00000000a6f00000, 0x00000000a6f00000, 0x00000000a7000000|  0%| F|  |TAMS 0x00000000a6f00000| PB 0x00000000a6f00000| Untracked 
| 112|0x00000000a7000000, 0x00000000a7080000, 0x00000000a7100000| 50%| E|  |TAMS 0x00000000a7000000| PB 0x00000000a7000000| Complete 
| 113|0x00000000a7100000, 0x00000000a7200000, 0x00000000a7200000|100%| E|CS|TAMS 0x00000000a7100000| PB 0x00000000a7100000| Complete 
| 114|0x00000000a7200000, 0x00000000a7300000, 0x00000000a7300000|100%| E|CS|TAMS 0x00000000a7200000| PB 0x00000000a7200000| Complete 
| 115|0x00000000a7300000, 0x00000000a7400000, 0x00000000a7400000|100%| E|CS|TAMS 0x00000000a7300000| PB 0x00000000a7300000| Complete 
| 116|0x00000000a7400000, 0x00000000a7500000, 0x00000000a7500000|100%| E|CS|TAMS 0x00000000a7400000| PB 0x00000000a7400000| Complete 
| 117|0x00000000a7500000, 0x00000000a7600000, 0x00000000a7600000|100%| E|CS|TAMS 0x00000000a7500000| PB 0x00000000a7500000| Complete 
| 118|0x00000000a7600000, 0x00000000a7700000, 0x00000000a7700000|100%| E|CS|TAMS 0x00000000a7600000| PB 0x00000000a7600000| Complete 
| 119|0x00000000a7700000, 0x00000000a7800000, 0x00000000a7800000|100%| E|CS|TAMS 0x00000000a7700000| PB 0x00000000a7700000| Complete 
| 120|0x00000000a7800000, 0x00000000a7900000, 0x00000000a7900000|100%| E|CS|TAMS 0x00000000a7800000| PB 0x00000000a7800000| Complete 
| 121|0x00000000a7900000, 0x00000000a7a00000, 0x00000000a7a00000|100%| E|CS|TAMS 0x00000000a7900000| PB 0x00000000a7900000| Complete 
| 122|0x00000000a7a00000, 0x00000000a7b00000, 0x00000000a7b00000|100%| E|CS|TAMS 0x00000000a7a00000| PB 0x00000000a7a00000| Complete 
| 123|0x00000000a7b00000, 0x00000000a7c00000, 0x00000000a7c00000|100%| E|CS|TAMS 0x00000000a7b00000| PB 0x00000000a7b00000| Complete 
| 124|0x00000000a7c00000, 0x00000000a7d00000, 0x00000000a7d00000|100%| E|CS|TAMS 0x00000000a7c00000| PB 0x00000000a7c00000| Complete 
| 125|0x00000000a7d00000, 0x00000000a7e00000, 0x00000000a7e00000|100%| E|CS|TAMS 0x00000000a7d00000| PB 0x00000000a7d00000| Complete 
| 126|0x00000000a7e00000, 0x00000000a7f00000, 0x00000000a7f00000|100%| E|CS|TAMS 0x00000000a7e00000| PB 0x00000000a7e00000| Complete 
| 127|0x00000000a7f00000, 0x00000000a8000000, 0x00000000a8000000|100%| E|CS|TAMS 0x00000000a7f00000| PB 0x00000000a7f00000| Complete 
| 128|0x00000000a8000000, 0x00000000a8100000, 0x00000000a8100000|100%| E|CS|TAMS 0x00000000a8000000| PB 0x00000000a8000000| Complete 
| 129|0x00000000a8100000, 0x00000000a8200000, 0x00000000a8200000|100%| E|CS|TAMS 0x00000000a8100000| PB 0x00000000a8100000| Complete 
| 130|0x00000000a8200000, 0x00000000a8300000, 0x00000000a8300000|100%| E|CS|TAMS 0x00000000a8200000| PB 0x00000000a8200000| Complete 
| 131|0x00000000a8300000, 0x00000000a8400000, 0x00000000a8400000|100%| E|CS|TAMS 0x00000000a8300000| PB 0x00000000a8300000| Complete 
| 132|0x00000000a8400000, 0x00000000a8500000, 0x00000000a8500000|100%| E|CS|TAMS 0x00000000a8400000| PB 0x00000000a8400000| Complete 
| 133|0x00000000a8500000, 0x00000000a8600000, 0x00000000a8600000|100%| E|CS|TAMS 0x00000000a8500000| PB 0x00000000a8500000| Complete 
| 134|0x00000000a8600000, 0x00000000a8700000, 0x00000000a8700000|100%| E|CS|TAMS 0x00000000a8600000| PB 0x00000000a8600000| Complete 
| 135|0x00000000a8700000, 0x00000000a8800000, 0x00000000a8800000|100%| E|CS|TAMS 0x00000000a8700000| PB 0x00000000a8700000| Complete 
| 136|0x00000000a8800000, 0x00000000a8900000, 0x00000000a8900000|100%| E|CS|TAMS 0x00000000a8800000| PB 0x00000000a8800000| Complete 
| 137|0x00000000a8900000, 0x00000000a8a00000, 0x00000000a8a00000|100%| E|CS|TAMS 0x00000000a8900000| PB 0x00000000a8900000| Complete 
| 138|0x00000000a8a00000, 0x00000000a8b00000, 0x00000000a8b00000|100%| E|CS|TAMS 0x00000000a8a00000| PB 0x00000000a8a00000| Complete 
| 139|0x00000000a8b00000, 0x00000000a8c00000, 0x00000000a8c00000|100%| E|CS|TAMS 0x00000000a8b00000| PB 0x00000000a8b00000| Complete 
| 140|0x00000000a8c00000, 0x00000000a8d00000, 0x00000000a8d00000|100%| E|CS|TAMS 0x00000000a8c00000| PB 0x00000000a8c00000| Complete 
| 141|0x00000000a8d00000, 0x00000000a8e00000, 0x00000000a8e00000|100%| E|CS|TAMS 0x00000000a8d00000| PB 0x00000000a8d00000| Complete 
| 142|0x00000000a8e00000, 0x00000000a8f00000, 0x00000000a8f00000|100%| E|CS|TAMS 0x00000000a8e00000| PB 0x00000000a8e00000| Complete 
| 143|0x00000000a8f00000, 0x00000000a9000000, 0x00000000a9000000|100%| E|CS|TAMS 0x00000000a8f00000| PB 0x00000000a8f00000| Complete 
| 144|0x00000000a9000000, 0x00000000a9100000, 0x00000000a9100000|100%| E|CS|TAMS 0x00000000a9000000| PB 0x00000000a9000000| Complete 
| 145|0x00000000a9100000, 0x00000000a9200000, 0x00000000a9200000|100%| E|CS|TAMS 0x00000000a9100000| PB 0x00000000a9100000| Complete 
| 146|0x00000000a9200000, 0x00000000a9300000, 0x00000000a9300000|100%| E|CS|TAMS 0x00000000a9200000| PB 0x00000000a9200000| Complete 
| 151|0x00000000a9700000, 0x00000000a9800000, 0x00000000a9800000|100%| E|CS|TAMS 0x00000000a9700000| PB 0x00000000a9700000| Complete 
| 152|0x00000000a9800000, 0x00000000a9900000, 0x00000000a9900000|100%| E|CS|TAMS 0x00000000a9800000| PB 0x00000000a9800000| Complete 
| 153|0x00000000a9900000, 0x00000000a9a00000, 0x00000000a9a00000|100%| E|CS|TAMS 0x00000000a9900000| PB 0x00000000a9900000| Complete 
| 154|0x00000000a9a00000, 0x00000000a9b00000, 0x00000000a9b00000|100%| E|CS|TAMS 0x00000000a9a00000| PB 0x00000000a9a00000| Complete 
| 155|0x00000000a9b00000, 0x00000000a9c00000, 0x00000000a9c00000|100%| E|CS|TAMS 0x00000000a9b00000| PB 0x00000000a9b00000| Complete 
| 156|0x00000000a9c00000, 0x00000000a9d00000, 0x00000000a9d00000|100%| E|CS|TAMS 0x00000000a9c00000| PB 0x00000000a9c00000| Complete 
| 157|0x00000000a9d00000, 0x00000000a9e00000, 0x00000000a9e00000|100%| E|CS|TAMS 0x00000000a9d00000| PB 0x00000000a9d00000| Complete 
| 158|0x00000000a9e00000, 0x00000000a9f00000, 0x00000000a9f00000|100%| E|CS|TAMS 0x00000000a9e00000| PB 0x00000000a9e00000| Complete 
| 159|0x00000000a9f00000, 0x00000000aa000000, 0x00000000aa000000|100%| E|CS|TAMS 0x00000000a9f00000| PB 0x00000000a9f00000| Complete 
| 187|0x00000000abb00000, 0x00000000abc00000, 0x00000000abc00000|100%| E|CS|TAMS 0x00000000abb00000| PB 0x00000000abb00000| Complete 
|1521|0x00000000ff100000, 0x00000000ff200000, 0x00000000ff200000|100%| O|  |TAMS 0x00000000ff100000| PB 0x00000000ff100000| Untracked 
|1522|0x00000000ff200000, 0x00000000ff300000, 0x00000000ff300000|100%| O|  |TAMS 0x00000000ff200000| PB 0x00000000ff200000| Untracked 
|1523|0x00000000ff300000, 0x00000000ff400000, 0x00000000ff400000|100%| O|  |TAMS 0x00000000ff300000| PB 0x00000000ff300000| Untracked 
|1524|0x00000000ff400000, 0x00000000ff500000, 0x00000000ff500000|100%| O|  |TAMS 0x00000000ff400000| PB 0x00000000ff400000| Untracked 
|1525|0x00000000ff500000, 0x00000000ff600000, 0x00000000ff600000|100%| E|CS|TAMS 0x00000000ff500000| PB 0x00000000ff500000| Complete 
|1526|0x00000000ff600000, 0x00000000ff700000, 0x00000000ff700000|100%| E|CS|TAMS 0x00000000ff600000| PB 0x00000000ff600000| Complete 
|1527|0x00000000ff700000, 0x00000000ff800000, 0x00000000ff800000|100%| E|CS|TAMS 0x00000000ff700000| PB 0x00000000ff700000| Complete 
|1528|0x00000000ff800000, 0x00000000ff900000, 0x00000000ff900000|100%| O|  |TAMS 0x00000000ff800000| PB 0x00000000ff800000| Untracked 
|1529|0x00000000ff900000, 0x00000000ffa00000, 0x00000000ffa00000|100%| E|CS|TAMS 0x00000000ff900000| PB 0x00000000ff900000| Complete 
|1530|0x00000000ffa00000, 0x00000000ffb00000, 0x00000000ffb00000|100%| O|  |TAMS 0x00000000ffa00000| PB 0x00000000ffa00000| Untracked 
|1531|0x00000000ffb00000, 0x00000000ffc00000, 0x00000000ffc00000|100%| E|CS|TAMS 0x00000000ffb00000| PB 0x00000000ffb00000| Complete 
|1532|0x00000000ffc00000, 0x00000000ffd00000, 0x00000000ffd00000|100%| O|  |TAMS 0x00000000ffc00000| PB 0x00000000ffc00000| Untracked 
|1533|0x00000000ffd00000, 0x00000000ffe00000, 0x00000000ffe00000|100%| O|  |TAMS 0x00000000ffd00000| PB 0x00000000ffd00000| Untracked 
|1534|0x00000000ffe00000, 0x00000000fff00000, 0x00000000fff00000|100%| O|  |TAMS 0x00000000ffe00000| PB 0x00000000ffe00000| Untracked 
|1535|0x00000000fff00000, 0x0000000100000000, 0x0000000100000000|100%| O|  |TAMS 0x00000000fff00000| PB 0x00000000fff00000| Untracked 

Card table byte_map: [0x0000025d536b0000,0x0000025d539b0000] _byte_map_base: 0x0000025d531b0000

Marking Bits: (CMBitMap*) 0x0000025d40d6f820
 Bits: [0x0000025d539b0000, 0x0000025d551b0000)

Polling page: 0x0000025d3eda0000

Metaspace:

Usage:
  Non-class:     89.69 MB used.
      Class:     14.69 MB used.
       Both:    104.37 MB used.

Virtual space:
  Non-class space:      128.00 MB reserved,      90.69 MB ( 71%) committed,  2 nodes.
      Class space:      208.00 MB reserved,      15.69 MB (  8%) committed,  1 nodes.
             Both:      336.00 MB reserved,     106.38 MB ( 32%) committed. 

Chunk freelists:
   Non-Class:  4.70 MB
       Class:  336.00 KB
        Both:  5.03 MB

MaxMetaspaceSize: 256.00 MB
CompressedClassSpaceSize: 208.00 MB
Initial GC threshold: 21.00 MB
Current GC threshold: 159.31 MB
CDS: off
 - commit_granule_bytes: 65536.
 - commit_granule_words: 8192.
 - virtual_space_node_default_size: 8388608.
 - enlarge_chunks_in_place: 1.
 - use_allocation_guard: 0.


Internal statistics:

num_allocs_failed_limit: 9.
num_arena_births: 4046.
num_arena_deaths: 0.
num_vsnodes_births: 3.
num_vsnodes_deaths: 0.
num_space_committed: 1702.
num_space_uncommitted: 0.
num_chunks_returned_to_freelist: 9.
num_chunks_taken_from_freelist: 8614.
num_chunk_merges: 9.
num_chunk_splits: 5617.
num_chunks_enlarged: 3444.
num_inconsistent_stats: 0.

CodeHeap 'non-profiled nmethods': size=120000Kb used=6263Kb max_used=6263Kb free=113736Kb
 bounds [0x0000025d4b930000, 0x0000025d4bf50000, 0x0000025d52e60000]
CodeHeap 'profiled nmethods': size=120000Kb used=18429Kb max_used=18429Kb free=101570Kb
 bounds [0x0000025d43e60000, 0x0000025d45060000, 0x0000025d4b390000]
CodeHeap 'non-nmethods': size=5760Kb used=2706Kb max_used=2725Kb free=3054Kb
 bounds [0x0000025d4b390000, 0x0000025d4b640000, 0x0000025d4b930000]
CodeCache: size=245760Kb, used=27398Kb, max_used=27417Kb, free=218360Kb
 total_blobs=11045, nmethods=10055, adapters=894, full_count=0
Compilation: enabled, stopped_count=0, restarted_count=0

Compilation events (20 events):
Event: 11.704 Thread 0x0000025d5807cd70 11889       3       com.google.common.collect.AbstractListMultimap::put (7 bytes)
Event: 11.704 Thread 0x0000025d5807cd70 nmethod 11889 0x0000025d45057b10 code [0x0000025d45057cc0, 0x0000025d45057e00]
Event: 11.704 Thread 0x0000025d5807cd70 11891       3       org.gradle.api.internal.collections.CollectionFilter$1::execute (24 bytes)
Event: 11.704 Thread 0x0000025d5807cd70 nmethod 11891 0x0000025d45057e90 code [0x0000025d45058060, 0x0000025d450582b8]
Event: 11.712 Thread 0x0000025d5807cd70 11892   !   3       jdk.proxy2.$Proxy1::value (29 bytes)
Event: 11.713 Thread 0x0000025d5807cd70 nmethod 11892 0x0000025d45058410 code [0x0000025d450585e0, 0x0000025d450589c0]
Event: 11.714 Thread 0x0000025d5807cd70 11893       3       jdk.proxy2.$Proxy10::<init> (6 bytes)
Event: 11.714 Thread 0x0000025d5807cd70 nmethod 11893 0x0000025d45058b90 code [0x0000025d45058d60, 0x0000025d450590d0]
Event: 11.718 Thread 0x0000025d5807cd70 11894       3       org.gradle.api.internal.file.AbstractFileCollection::<init> (9 bytes)
Event: 11.718 Thread 0x0000025d5807cd70 nmethod 11894 0x0000025d45059210 code [0x0000025d450593c0, 0x0000025d450596a8]
Event: 11.718 Thread 0x0000025d5807cd70 11895       3       org.gradle.api.tasks.util.internal.PatternSets::getNonCachingPatternSetFactory (4 bytes)
Event: 11.718 Thread 0x0000025d5807cd70 nmethod 11895 0x0000025d44bd3f10 code [0x0000025d44bd40a0, 0x0000025d44bd4198]
Event: 11.721 Thread 0x0000025d5807cd70 11896       3       org.gradle.internal.instantiation.generator.AbstractClassGenerator$DslMixInPropertyType::addSetMethods (180 bytes)
Event: 11.722 Thread 0x0000025d5807cd70 nmethod 11896 0x0000025d45059810 code [0x0000025d45059b80, 0x0000025d4505b300]
Event: 11.722 Thread 0x0000025d5807cd70 11898       3       org.objectweb.asm.SymbolTable::putBootstrapMethods (56 bytes)
Event: 11.723 Thread 0x0000025d5807cd70 nmethod 11898 0x0000025d4505ba90 code [0x0000025d4505bc80, 0x0000025d4505bf60]
Event: 11.726 Thread 0x0000025d5807cd70 11899       1       com.google.common.collect.ImmutableSortedSet::comparator (5 bytes)
Event: 11.726 Thread 0x0000025d5807cd70 nmethod 11899 0x0000025d4bf47410 code [0x0000025d4bf475a0, 0x0000025d4bf47668]
Event: 11.726 Thread 0x0000025d5807cd70 11900       3       com.google.common.collect.ImmutableSortedSet$Builder::sortAndDedup (146 bytes)
Event: 11.727 Thread 0x0000025d5807cd70 nmethod 11900 0x0000025d4505c110 code [0x0000025d4505c420, 0x0000025d4505d418]

GC Heap History (20 events):
Event: 6.970 GC heap before
{Heap before GC invocations=21 (full 0):
 garbage-first heap   total 126976K, used 112214K [0x00000000a0000000, 0x0000000100000000)
  region size 1024K, 60 young (61440K), 5 survivors (5120K)
 Metaspace       used 72950K, committed 74624K, reserved 278528K
  class space    used 10220K, committed 11008K, reserved 212992K
}
Event: 6.973 GC heap after
{Heap after GC invocations=22 (full 0):
 garbage-first heap   total 126976K, used 58382K [0x00000000a0000000, 0x0000000100000000)
  region size 1024K, 5 young (5120K), 5 survivors (5120K)
 Metaspace       used 72950K, committed 74624K, reserved 278528K
  class space    used 10220K, committed 11008K, reserved 212992K
}
Event: 7.186 GC heap before
{Heap before GC invocations=22 (full 0):
 garbage-first heap   total 126976K, used 98318K [0x00000000a0000000, 0x0000000100000000)
  region size 1024K, 44 young (45056K), 5 survivors (5120K)
 Metaspace       used 73377K, committed 75008K, reserved 278528K
  class space    used 10281K, committed 11072K, reserved 212992K
}
Event: 7.191 GC heap after
{Heap after GC invocations=23 (full 0):
 garbage-first heap   total 126976K, used 63816K [0x00000000a0000000, 0x0000000100000000)
  region size 1024K, 8 young (8192K), 8 survivors (8192K)
 Metaspace       used 73377K, committed 75008K, reserved 278528K
  class space    used 10281K, committed 11072K, reserved 212992K
}
Event: 7.803 GC heap before
{Heap before GC invocations=24 (full 0):
 garbage-first heap   total 126976K, used 123208K [0x00000000a0000000, 0x0000000100000000)
  region size 1024K, 54 young (55296K), 8 survivors (8192K)
 Metaspace       used 76180K, committed 77952K, reserved 344064K
  class space    used 10636K, committed 11456K, reserved 212992K
}
Event: 7.811 GC heap after
{Heap after GC invocations=25 (full 0):
 garbage-first heap   total 140288K, used 83377K [0x00000000a0000000, 0x0000000100000000)
  region size 1024K, 7 young (7168K), 7 survivors (7168K)
 Metaspace       used 76180K, committed 77952K, reserved 344064K
  class space    used 10636K, committed 11456K, reserved 212992K
}
Event: 8.207 GC heap before
{Heap before GC invocations=25 (full 0):
 garbage-first heap   total 140288K, used 123313K [0x00000000a0000000, 0x0000000100000000)
  region size 1024K, 47 young (48128K), 7 survivors (7168K)
 Metaspace       used 80084K, committed 81856K, reserved 344064K
  class space    used 11100K, committed 11968K, reserved 212992K
}
Event: 8.212 GC heap after
{Heap after GC invocations=26 (full 0):
 garbage-first heap   total 168960K, used 83076K [0x00000000a0000000, 0x0000000100000000)
  region size 1024K, 2 young (2048K), 2 survivors (2048K)
 Metaspace       used 80084K, committed 81856K, reserved 344064K
  class space    used 11100K, committed 11968K, reserved 212992K
}
Event: 8.723 GC heap before
{Heap before GC invocations=26 (full 0):
 garbage-first heap   total 168960K, used 151684K [0x00000000a0000000, 0x0000000100000000)
  region size 1024K, 64 young (65536K), 2 survivors (2048K)
 Metaspace       used 85202K, committed 87104K, reserved 344064K
  class space    used 11849K, committed 12800K, reserved 212992K
}
Event: 8.727 GC heap after
{Heap after GC invocations=27 (full 0):
 garbage-first heap   total 168960K, used 89699K [0x00000000a0000000, 0x0000000100000000)
  region size 1024K, 7 young (7168K), 7 survivors (7168K)
 Metaspace       used 85202K, committed 87104K, reserved 344064K
  class space    used 11849K, committed 12800K, reserved 212992K
}
Event: 9.525 GC heap before
{Heap before GC invocations=28 (full 0):
 garbage-first heap   total 168960K, used 152163K [0x00000000a0000000, 0x0000000100000000)
  region size 1024K, 64 young (65536K), 7 survivors (7168K)
 Metaspace       used 90260K, committed 92160K, reserved 344064K
  class space    used 12529K, committed 13440K, reserved 212992K
}
Event: 9.532 GC heap after
{Heap after GC invocations=29 (full 0):
 garbage-first heap   total 168960K, used 97330K [0x00000000a0000000, 0x0000000100000000)
  region size 1024K, 4 young (4096K), 4 survivors (4096K)
 Metaspace       used 90260K, committed 92160K, reserved 344064K
  class space    used 12529K, committed 13440K, reserved 212992K
}
Event: 10.005 GC heap before
{Heap before GC invocations=29 (full 0):
 garbage-first heap   total 168960K, used 151602K [0x00000000a0000000, 0x0000000100000000)
  region size 1024K, 57 young (58368K), 4 survivors (4096K)
 Metaspace       used 94174K, committed 96064K, reserved 344064K
  class space    used 13049K, committed 13952K, reserved 212992K
}
Event: 10.012 GC heap after
{Heap after GC invocations=30 (full 0):
 garbage-first heap   total 168960K, used 99392K [0x00000000a0000000, 0x0000000100000000)
  region size 1024K, 7 young (7168K), 7 survivors (7168K)
 Metaspace       used 94174K, committed 96064K, reserved 344064K
  class space    used 13049K, committed 13952K, reserved 212992K
}
Event: 10.372 GC heap before
{Heap before GC invocations=30 (full 0):
 garbage-first heap   total 168960K, used 153664K [0x00000000a0000000, 0x0000000100000000)
  region size 1024K, 60 young (61440K), 7 survivors (7168K)
 Metaspace       used 95775K, committed 97600K, reserved 344064K
  class space    used 13258K, committed 14144K, reserved 212992K
}
Event: 10.380 GC heap after
{Heap after GC invocations=31 (full 0):
 garbage-first heap   total 168960K, used 103822K [0x00000000a0000000, 0x0000000100000000)
  region size 1024K, 8 young (8192K), 8 survivors (8192K)
 Metaspace       used 95775K, committed 97600K, reserved 344064K
  class space    used 13258K, committed 14144K, reserved 212992K
}
Event: 10.839 GC heap before
{Heap before GC invocations=32 (full 0):
 garbage-first heap   total 176128K, used 155022K [0x00000000a0000000, 0x0000000100000000)
  region size 1024K, 57 young (58368K), 8 survivors (8192K)
 Metaspace       used 99185K, committed 101120K, reserved 344064K
  class space    used 13812K, committed 14720K, reserved 212992K
}
Event: 10.846 GC heap after
{Heap after GC invocations=33 (full 0):
 garbage-first heap   total 176128K, used 105404K [0x00000000a0000000, 0x0000000100000000)
  region size 1024K, 6 young (6144K), 6 survivors (6144K)
 Metaspace       used 99185K, committed 101120K, reserved 344064K
  class space    used 13812K, committed 14720K, reserved 212992K
}
Event: 11.347 GC heap before
{Heap before GC invocations=33 (full 0):
 garbage-first heap   total 176128K, used 161724K [0x00000000a0000000, 0x0000000100000000)
  region size 1024K, 61 young (62464K), 6 survivors (6144K)
 Metaspace       used 103290K, committed 105280K, reserved 344064K
  class space    used 14513K, committed 15488K, reserved 212992K
}
Event: 11.352 GC heap after
{Heap after GC invocations=34 (full 0):
 garbage-first heap   total 176128K, used 105767K [0x00000000a0000000, 0x0000000100000000)
  region size 1024K, 5 young (5120K), 5 survivors (5120K)
 Metaspace       used 103290K, committed 105280K, reserved 344064K
  class space    used 14513K, committed 15488K, reserved 212992K
}

Dll operation events (3 events):
Event: 0.027 Loaded shared library C:\Program Files\Android\Android Studio\jbr\bin\java.dll
Event: 0.037 Loaded shared library C:\Program Files\Android\Android Studio\jbr\bin\zip.dll
Event: 0.645 Loaded shared library C:\Program Files\Android\Android Studio\jbr\bin\verify.dll

Deoptimization events (20 events):
Event: 11.617 Thread 0x0000025d5ee74440 Uncommon trap: trap_request=0xffffffde fr.pc=0x0000025d4bb80e20 relative=0x00000000000001e0
Event: 11.617 Thread 0x0000025d5ee74440 Uncommon trap: reason=class_check action=maybe_recompile pc=0x0000025d4bb80e20 method=com.google.common.base.Equivalence.equivalent(Ljava/lang/Object;Ljava/lang/Object;)Z @ 20 c2
Event: 11.617 Thread 0x0000025d5ee74440 DEOPT PACKING pc=0x0000025d4bb80e20 sp=0x000000a91aaf97b0
Event: 11.617 Thread 0x0000025d5ee74440 DEOPT UNPACKING pc=0x0000025d4b3e43a2 sp=0x000000a91aaf9740 mode 2
Event: 11.618 Thread 0x0000025d5ee74440 Uncommon trap: trap_request=0xffffffde fr.pc=0x0000025d4bb80e20 relative=0x00000000000001e0
Event: 11.618 Thread 0x0000025d5ee74440 Uncommon trap: reason=class_check action=maybe_recompile pc=0x0000025d4bb80e20 method=com.google.common.base.Equivalence.equivalent(Ljava/lang/Object;Ljava/lang/Object;)Z @ 20 c2
Event: 11.618 Thread 0x0000025d5ee74440 DEOPT PACKING pc=0x0000025d4bb80e20 sp=0x000000a91aaf97c0
Event: 11.618 Thread 0x0000025d5ee74440 DEOPT UNPACKING pc=0x0000025d4b3e43a2 sp=0x000000a91aaf9750 mode 2
Event: 11.620 Thread 0x0000025d5ee74440 Uncommon trap: trap_request=0xffffffc6 fr.pc=0x0000025d4be539b4 relative=0x00000000000001d4
Event: 11.620 Thread 0x0000025d5ee74440 Uncommon trap: reason=bimorphic_or_optimized_type_check action=maybe_recompile pc=0x0000025d4be539b4 method=java.util.stream.ReduceOps$ReduceOp.evaluateSequential(Ljava/util/stream/PipelineHelper;Ljava/util/Spliterator;)Ljava/lang/Object; @ 2 c2
Event: 11.620 Thread 0x0000025d5ee74440 DEOPT PACKING pc=0x0000025d4be539b4 sp=0x000000a91aaf9f30
Event: 11.620 Thread 0x0000025d5ee74440 DEOPT UNPACKING pc=0x0000025d4b3e43a2 sp=0x000000a91aaf9ec8 mode 2
Event: 11.620 Thread 0x0000025d5ee74440 Uncommon trap: trap_request=0xffffff45 fr.pc=0x0000025d4ba78e34 relative=0x0000000000000094
Event: 11.620 Thread 0x0000025d5ee74440 Uncommon trap: reason=unstable_if action=reinterpret pc=0x0000025d4ba78e34 method=java.util.HashMap$HashMapSpliterator.getFence()I @ 37 c2
Event: 11.620 Thread 0x0000025d5ee74440 DEOPT PACKING pc=0x0000025d4ba78e34 sp=0x000000a91aaf9e10
Event: 11.620 Thread 0x0000025d5ee74440 DEOPT UNPACKING pc=0x0000025d4b3e43a2 sp=0x000000a91aaf9d88 mode 2
Event: 11.632 Thread 0x0000025d5ee74440 Uncommon trap: trap_request=0xffffff45 fr.pc=0x0000025d4bc3c804 relative=0x0000000000000904
Event: 11.632 Thread 0x0000025d5ee74440 Uncommon trap: reason=unstable_if action=reinterpret pc=0x0000025d4bc3c804 method=org.objectweb.asm.Frame.execute(IILorg/objectweb/asm/Symbol;Lorg/objectweb/asm/SymbolTable;)V @ 1 c2
Event: 11.632 Thread 0x0000025d5ee74440 DEOPT PACKING pc=0x0000025d4bc3c804 sp=0x000000a91aaf8ee0
Event: 11.632 Thread 0x0000025d5ee74440 DEOPT UNPACKING pc=0x0000025d4b3e43a2 sp=0x000000a91aaf8e68 mode 2

Classes loaded (20 events):
Event: 9.656 Loading class java/lang/Override done
Event: 10.617 Loading class sun/reflect/generics/repository/FieldRepository
Event: 10.617 Loading class sun/reflect/generics/repository/FieldRepository done
Event: 10.627 Loading class jdk/internal/vm/annotation/ForceInline
Event: 10.627 Loading class jdk/internal/vm/annotation/ForceInline done
Event: 10.677 Loading class java/util/regex/Pattern$Caret
Event: 10.677 Loading class java/util/regex/Pattern$Caret done
Event: 11.121 Loading class java/lang/invoke/BoundMethodHandle$Species_LLLJ
Event: 11.121 Loading class java/lang/invoke/BoundMethodHandle$Species_LLLJ done
Event: 11.531 Loading class java/util/ArrayList$SubList$2
Event: 11.531 Loading class java/util/ArrayList$SubList$2 done
Event: 11.588 Loading class java/lang/AbstractMethodError
Event: 11.588 Loading class java/lang/AbstractMethodError done
Event: 11.620 Loading class java/util/stream/ReduceOps$5
Event: 11.620 Loading class java/util/stream/ReduceOps$5 done
Event: 11.620 Loading class java/util/stream/ReduceOps$CountingSink$OfRef
Event: 11.620 Loading class java/util/stream/ReduceOps$CountingSink
Event: 11.620 Loading class java/util/stream/ReduceOps$CountingSink done
Event: 11.620 Loading class java/util/stream/ReduceOps$CountingSink$OfRef done
Event: 11.840 Loading class java/util/concurrent/LinkedBlockingDeque$Itr

Classes unloaded (0 events):
No events

Classes redefined (0 events):
No events

Internal exceptions (20 events):
Event: 11.684 Thread 0x0000025d5ee74440 Exception <a 'sun/nio/fs/WindowsException'{0x00000000a79aee50}> (0x00000000a79aee50) 
thrown [s\src\hotspot\share\prims\jni.cpp, line 537]
Event: 11.689 Thread 0x0000025d5ee74440 Exception <a 'sun/nio/fs/WindowsException'{0x00000000a783cba8}> (0x00000000a783cba8) 
thrown [s\src\hotspot\share\prims\jni.cpp, line 537]
Event: 11.690 Thread 0x0000025d5ee74440 Exception <a 'sun/nio/fs/WindowsException'{0x00000000a784dd40}> (0x00000000a784dd40) 
thrown [s\src\hotspot\share\prims\jni.cpp, line 537]
Event: 11.693 Thread 0x0000025d5ee74440 Exception <a 'sun/nio/fs/WindowsException'{0x00000000a78879c8}> (0x00000000a78879c8) 
thrown [s\src\hotspot\share\prims\jni.cpp, line 537]
Event: 11.695 Thread 0x0000025d5ee74440 Exception <a 'sun/nio/fs/WindowsException'{0x00000000a78ac548}> (0x00000000a78ac548) 
thrown [s\src\hotspot\share\prims\jni.cpp, line 537]
Event: 11.696 Thread 0x0000025d5ee74440 Exception <a 'sun/nio/fs/WindowsException'{0x00000000a78bfe40}> (0x00000000a78bfe40) 
thrown [s\src\hotspot\share\prims\jni.cpp, line 537]
Event: 11.696 Thread 0x0000025d5ee74440 Exception <a 'sun/nio/fs/WindowsException'{0x00000000a78cc4f0}> (0x00000000a78cc4f0) 
thrown [s\src\hotspot\share\prims\jni.cpp, line 537]
Event: 11.697 Thread 0x0000025d5ee74440 Exception <a 'sun/nio/fs/WindowsException'{0x00000000a78f2c10}> (0x00000000a78f2c10) 
thrown [s\src\hotspot\share\prims\jni.cpp, line 537]
Event: 11.698 Thread 0x0000025d5ee74440 Exception <a 'sun/nio/fs/WindowsException'{0x00000000a77035a8}> (0x00000000a77035a8) 
thrown [s\src\hotspot\share\prims\jni.cpp, line 537]
Event: 11.699 Thread 0x0000025d5ee74440 Exception <a 'sun/nio/fs/WindowsException'{0x00000000a7734a68}> (0x00000000a7734a68) 
thrown [s\src\hotspot\share\prims\jni.cpp, line 537]
Event: 11.700 Thread 0x0000025d5ee74440 Exception <a 'sun/nio/fs/WindowsException'{0x00000000a773e988}> (0x00000000a773e988) 
thrown [s\src\hotspot\share\prims\jni.cpp, line 537]
Event: 11.703 Thread 0x0000025d5ee74440 Exception <a 'sun/nio/fs/WindowsException'{0x00000000a77c3090}> (0x00000000a77c3090) 
thrown [s\src\hotspot\share\prims\jni.cpp, line 537]
Event: 11.705 Thread 0x0000025d5ee74440 Exception <a 'sun/nio/fs/WindowsException'{0x00000000a77fafe8}> (0x00000000a77fafe8) 
thrown [s\src\hotspot\share\prims\jni.cpp, line 537]
Event: 11.705 Thread 0x0000025d5ee74440 Exception <a 'sun/nio/fs/WindowsException'{0x00000000a7608308}> (0x00000000a7608308) 
thrown [s\src\hotspot\share\prims\jni.cpp, line 537]
Event: 11.706 Thread 0x0000025d5ee74440 Exception <a 'sun/nio/fs/WindowsException'{0x00000000a761be18}> (0x00000000a761be18) 
thrown [s\src\hotspot\share\prims\jni.cpp, line 537]
Event: 11.731 Thread 0x0000025d5ee74440 Exception <a 'sun/nio/fs/WindowsException'{0x00000000a73c9ee8}> (0x00000000a73c9ee8) 
thrown [s\src\hotspot\share\prims\jni.cpp, line 537]
Event: 11.733 Thread 0x0000025d5ee74440 Exception <a 'sun/nio/fs/WindowsException'{0x00000000a73eae58}> (0x00000000a73eae58) 
thrown [s\src\hotspot\share\prims\jni.cpp, line 537]
Event: 11.775 Thread 0x0000025d5ee74440 Exception <a 'sun/nio/fs/WindowsException'{0x00000000a723cf58}> (0x00000000a723cf58) 
thrown [s\src\hotspot\share\prims\jni.cpp, line 537]
Event: 11.777 Thread 0x0000025d5ee74440 Exception <a 'sun/nio/fs/WindowsException'{0x00000000a724ffd0}> (0x00000000a724ffd0) 
thrown [s\src\hotspot\share\prims\jni.cpp, line 537]
Event: 11.778 Thread 0x0000025d5ee74440 Exception <a 'sun/nio/fs/WindowsException'{0x00000000a725ff18}> (0x00000000a725ff18) 
thrown [s\src\hotspot\share\prims\jni.cpp, line 537]

ZGC Phase Switch (0 events):
No events

VM Operations (20 events):
Event: 9.585 Executing VM operation: HandshakeAllThreads (Deoptimize) done
Event: 10.005 Executing VM operation: G1CollectForAllocation (G1 Evacuation Pause)
Event: 10.012 Executing VM operation: G1CollectForAllocation (G1 Evacuation Pause) done
Event: 10.357 Executing VM operation: HandshakeAllThreads (Deoptimize)
Event: 10.357 Executing VM operation: HandshakeAllThreads (Deoptimize) done
Event: 10.372 Executing VM operation: G1CollectForAllocation (G1 Evacuation Pause)
Event: 10.380 Executing VM operation: G1CollectForAllocation (G1 Evacuation Pause) done
Event: 10.409 Executing VM operation: G1PauseRemark
Event: 10.413 Executing VM operation: G1PauseRemark done
Event: 10.426 Executing VM operation: G1PauseCleanup
Event: 10.427 Executing VM operation: G1PauseCleanup done
Event: 10.839 Executing VM operation: G1CollectForAllocation (G1 Evacuation Pause)
Event: 10.846 Executing VM operation: G1CollectForAllocation (G1 Evacuation Pause) done
Event: 11.347 Executing VM operation: G1CollectForAllocation (G1 Evacuation Pause)
Event: 11.352 Executing VM operation: G1CollectForAllocation (G1 Evacuation Pause) done
Event: 11.605 Executing VM operation: HandshakeAllThreads (Deoptimize)
Event: 11.605 Executing VM operation: HandshakeAllThreads (Deoptimize) done
Event: 11.677 Executing VM operation: ICBufferFull
Event: 11.677 Executing VM operation: ICBufferFull done
Event: 12.682 Executing VM operation: Cleanup

Memory protections (0 events):
No events

Nmethod flushes (20 events):
Event: 10.413 Thread 0x0000025d57fe2f80 flushing  nmethod 0x0000025d4404f310
Event: 10.413 Thread 0x0000025d57fe2f80 flushing  nmethod 0x0000025d4404fb10
Event: 10.413 Thread 0x0000025d57fe2f80 flushing  nmethod 0x0000025d44054010
Event: 10.413 Thread 0x0000025d57fe2f80 flushing  nmethod 0x0000025d44065d90
Event: 10.413 Thread 0x0000025d57fe2f80 flushing  nmethod 0x0000025d44067010
Event: 10.413 Thread 0x0000025d57fe2f80 flushing  nmethod 0x0000025d44169c90
Event: 10.413 Thread 0x0000025d57fe2f80 flushing  nmethod 0x0000025d4416be10
Event: 10.413 Thread 0x0000025d57fe2f80 flushing  nmethod 0x0000025d44228590
Event: 10.413 Thread 0x0000025d57fe2f80 flushing  nmethod 0x0000025d442e3910
Event: 10.413 Thread 0x0000025d57fe2f80 flushing  nmethod 0x0000025d442e5a90
Event: 10.413 Thread 0x0000025d57fe2f80 flushing  nmethod 0x0000025d442ffd10
Event: 10.413 Thread 0x0000025d57fe2f80 flushing  nmethod 0x0000025d44345390
Event: 10.413 Thread 0x0000025d57fe2f80 flushing  nmethod 0x0000025d444c4810
Event: 10.413 Thread 0x0000025d57fe2f80 flushing  nmethod 0x0000025d4459d210
Event: 10.413 Thread 0x0000025d57fe2f80 flushing  nmethod 0x0000025d446e0590
Event: 10.413 Thread 0x0000025d57fe2f80 flushing  nmethod 0x0000025d44770810
Event: 10.413 Thread 0x0000025d57fe2f80 flushing  nmethod 0x0000025d44770e90
Event: 10.413 Thread 0x0000025d57fe2f80 flushing  nmethod 0x0000025d44771290
Event: 10.413 Thread 0x0000025d57fe2f80 flushing  nmethod 0x0000025d44938f10
Event: 10.413 Thread 0x0000025d57fe2f80 flushing  nmethod 0x0000025d44d80c10

Events (20 events):
Event: 6.528 Thread 0x0000025d5ee74440 Thread added: 0x0000025d603f3e70
Event: 6.531 Thread 0x0000025d5ee74440 Thread added: 0x0000025d603f5f40
Event: 6.532 Thread 0x0000025d5ee74440 Thread added: 0x0000025d603f5220
Event: 6.534 Thread 0x0000025d5ee74440 Thread added: 0x0000025d603f4b90
Event: 6.718 Thread 0x0000025d5ee74440 Thread added: 0x0000025d60f34d10
Event: 6.718 Thread 0x0000025d5ee74440 Thread added: 0x0000025d60f33960
Event: 6.719 Thread 0x0000025d5ee74440 Thread added: 0x0000025d60f31890
Event: 6.719 Thread 0x0000025d5ee74440 Thread added: 0x0000025d60f33ff0
Event: 6.719 Thread 0x0000025d5ee74440 Thread added: 0x0000025d60f34680
Event: 6.720 Thread 0x0000025d5ee74440 Thread added: 0x0000025d60f353a0
Event: 6.720 Thread 0x0000025d5ee74440 Thread added: 0x0000025d60f31f20
Event: 6.720 Thread 0x0000025d5ee74440 Thread added: 0x0000025d60f35a30
Event: 6.720 Thread 0x0000025d5ee74440 Thread added: 0x0000025d60f325b0
Event: 6.721 Thread 0x0000025d5ee74440 Thread added: 0x0000025d60f38eb0
Event: 6.721 Thread 0x0000025d5ee74440 Thread added: 0x0000025d60f360c0
Event: 7.647 Thread 0x0000025d588857f0 Thread exited: 0x0000025d588857f0
Event: 7.962 Thread 0x0000025d5ee74440 Thread added: 0x0000025d60f36de0
Event: 8.309 Thread 0x0000025d5ee74440 Thread added: 0x0000025d60f37470
Event: 9.468 Thread 0x0000025d5ee74440 Thread added: 0x0000025d5f87a640
Event: 10.867 Thread 0x0000025d5845c430 Thread exited: 0x0000025d5845c430


Dynamic libraries:
0x00007ff6ab8a0000 - 0x00007ff6ab8aa000 	C:\Program Files\Android\Android Studio\jbr\bin\java.exe
0x00007ffdc0a00000 - 0x00007ffdc0c67000 	C:\WINDOWS\SYSTEM32\ntdll.dll
0x00007ffdbead0000 - 0x00007ffdbeb99000 	C:\WINDOWS\System32\KERNEL32.DLL
0x00007ffdbdea0000 - 0x00007ffdbe297000 	C:\WINDOWS\System32\KERNELBASE.dll
0x00007ffdbd4e0000 - 0x00007ffdbd62b000 	C:\WINDOWS\System32\ucrtbase.dll
0x00007ffdb8600000 - 0x00007ffdb861b000 	C:\Program Files\Android\Android Studio\jbr\bin\VCRUNTIME140.dll
0x00007ffda8e10000 - 0x00007ffda8e28000 	C:\Program Files\Android\Android Studio\jbr\bin\jli.dll
0x00007ffdbfeb0000 - 0x00007ffdc0076000 	C:\WINDOWS\System32\USER32.dll
0x00007ffdbe620000 - 0x00007ffdbe647000 	C:\WINDOWS\System32\win32u.dll
0x00007ffdc05c0000 - 0x00007ffdc05eb000 	C:\WINDOWS\System32\GDI32.dll
0x00007ffdbe650000 - 0x00007ffdbe77c000 	C:\WINDOWS\System32\gdi32full.dll
0x00007ffdbd430000 - 0x00007ffdbd4d3000 	C:\WINDOWS\System32\msvcp_win.dll
0x00007ffda6cf0000 - 0x00007ffda6f82000 	C:\WINDOWS\WinSxS\amd64_microsoft.windows.common-controls_6595b64144ccf1df_6.0.26100.8328_none_3e08182ce334b678\COMCTL32.dll
0x00007ffdc0510000 - 0x00007ffdc05b9000 	C:\WINDOWS\System32\msvcrt.dll
0x00007ffdbea10000 - 0x00007ffdbea42000 	C:\WINDOWS\System32\IMM32.DLL
0x0000000058a20000 - 0x0000000058a2d000 	C:\Program Files (x86)\360\Total Security\safemon\SafeWrapper.dll
0x00007ffdbed40000 - 0x00007ffdbedf6000 	C:\WINDOWS\System32\ADVAPI32.dll
0x00007ffdc05f0000 - 0x00007ffdc0697000 	C:\WINDOWS\System32\sechost.dll
0x00007ffdbe8f0000 - 0x00007ffdbea08000 	C:\WINDOWS\System32\RPCRT4.dll
0x00007ffdb4560000 - 0x00007ffdb4665000 	C:\Program Files (x86)\360\Total Security\safemon\libzdtp64.dll
0x00007ffdbf0d0000 - 0x00007ffdbf83e000 	C:\WINDOWS\System32\SHELL32.dll
0x00007ffdc0950000 - 0x00007ffdc09b6000 	C:\WINDOWS\System32\SHLWAPI.dll
0x00007ffdbd630000 - 0x00007ffdbde9c000 	C:\WINDOWS\System32\Windows.Storage.dll
0x00007ffdbf850000 - 0x00007ffdbfbd3000 	C:\WINDOWS\System32\combase.dll
0x00007ffdbcd50000 - 0x00007ffdbcd5b000 	C:\WINDOWS\SYSTEM32\VERSION.dll
0x00007ffdba3b0000 - 0x00007ffdba3bc000 	C:\Program Files\Android\Android Studio\jbr\bin\vcruntime140_1.dll
0x00007ffd5da80000 - 0x00007ffd5db0d000 	C:\Program Files\Android\Android Studio\jbr\bin\msvcp140.dll
0x00007ffd428d0000 - 0x00007ffd43566000 	C:\Program Files\Android\Android Studio\jbr\bin\server\jvm.dll
0x00007ffdbef80000 - 0x00007ffdbf000000 	C:\WINDOWS\System32\WS2_32.dll
0x00007ffdbd2b0000 - 0x00007ffdbd30e000 	C:\WINDOWS\SYSTEM32\POWRPROF.dll
0x00007ffdb0b20000 - 0x00007ffdb0b56000 	C:\WINDOWS\SYSTEM32\WINMM.dll
0x00007ffdbd290000 - 0x00007ffdbd2a4000 	C:\WINDOWS\SYSTEM32\UMPDC.dll
0x00007ffdbc110000 - 0x00007ffdbc12b000 	C:\WINDOWS\SYSTEM32\kernel.appcore.dll
0x00007ffdba390000 - 0x00007ffdba39a000 	C:\Program Files\Android\Android Studio\jbr\bin\jimage.dll
0x00007ffdbb200000 - 0x00007ffdbb442000 	C:\WINDOWS\SYSTEM32\DBGHELP.DLL
0x00007ffdbee20000 - 0x00007ffdbeef9000 	C:\WINDOWS\System32\OLEAUT32.dll
0x00007ffd95120000 - 0x00007ffd9515b000 	C:\WINDOWS\SYSTEM32\dbgcore.DLL
0x00007ffdbe360000 - 0x00007ffdbe408000 	C:\WINDOWS\System32\bcryptPrimitives.dll
0x00007ffdba460000 - 0x00007ffdba46e000 	C:\Program Files\Android\Android Studio\jbr\bin\instrument.dll
0x00007ffdb3a10000 - 0x00007ffdb3a30000 	C:\Program Files\Android\Android Studio\jbr\bin\java.dll
0x00007ffdb3700000 - 0x00007ffdb3718000 	C:\Program Files\Android\Android Studio\jbr\bin\zip.dll
0x00007ffdbfbe0000 - 0x00007ffdbfcd6000 	C:\WINDOWS\System32\SHCORE.dll
0x00007ffdbd350000 - 0x00007ffdbd379000 	C:\WINDOWS\SYSTEM32\profapi.dll
0x00007ffdb8530000 - 0x00007ffdb8540000 	C:\Program Files\Android\Android Studio\jbr\bin\net.dll
0x00007ffdb3ce0000 - 0x00007ffdb3e09000 	C:\WINDOWS\SYSTEM32\WINHTTP.dll
0x00007ffdbc660000 - 0x00007ffdbc6cc000 	C:\WINDOWS\system32\mswsock.dll
0x00007ffdb3400000 - 0x00007ffdb3416000 	C:\Program Files\Android\Android Studio\jbr\bin\nio.dll
0x00007ffda8950000 - 0x00007ffda8960000 	C:\Program Files\Android\Android Studio\jbr\bin\verify.dll
0x00007ffd9c5f0000 - 0x00007ffd9c617000 	C:\Users\User\.gradle\native\1def1411415f61bf3af743bc5b6707747c0891f09f0c88961ee8f79bc544acac\windows-amd64\native-platform.dll
0x00007ffd97e30000 - 0x00007ffd97ea8000 	C:\Users\User\.gradle\native\0.2.7\x86_64-windows-gnu\gradle-fileevents.dll
0x00007ffdb3300000 - 0x00007ffdb3309000 	C:\Program Files\Android\Android Studio\jbr\bin\management.dll
0x00007ffda8960000 - 0x00007ffda896b000 	C:\Program Files\Android\Android Studio\jbr\bin\management_ext.dll
0x00007ffdc0890000 - 0x00007ffdc0898000 	C:\WINDOWS\System32\PSAPI.DLL
0x00007ffdbbb00000 - 0x00007ffdbbb32000 	C:\WINDOWS\SYSTEM32\IPHLPAPI.DLL
0x00007ffdbe8e0000 - 0x00007ffdbe8ea000 	C:\WINDOWS\System32\NSI.dll
0x00007ffdb3a00000 - 0x00007ffdb3a09000 	C:\Program Files\Android\Android Studio\jbr\bin\extnet.dll
0x00007ffdbca60000 - 0x00007ffdbca7b000 	C:\WINDOWS\SYSTEM32\CRYPTSP.dll
0x00007ffdbc070000 - 0x00007ffdbc0a9000 	C:\WINDOWS\system32\rsaenh.dll
0x00007ffdbc710000 - 0x00007ffdbc743000 	C:\WINDOWS\SYSTEM32\USERENV.dll
0x00007ffdbd320000 - 0x00007ffdbd34a000 	C:\WINDOWS\SYSTEM32\bcrypt.dll
0x00007ffdbc8c0000 - 0x00007ffdbc8cc000 	C:\WINDOWS\SYSTEM32\CRYPTBASE.dll
0x00007ffd97b70000 - 0x00007ffd97b78000 	C:\WINDOWS\system32\wshunix.dll

JVMTI agents:
C:\Users\User\.gradle\wrapper\dists\gradle-8.13-bin\5xuhj0ry160q40clulazy9h7d\gradle-8.13\lib\agents\gradle-instrumentation-agent-8.13.jar path:C:\Program Files\Android\Android Studio\jbr\bin\instrument.dll, loaded, initialized, instrumentlib options:none

dbghelp: loaded successfully - version: 4.0.5 - missing functions: none
symbol engine: initialized successfully - sym options: 0x614 - pdb path: .;C:\Program Files\Android\Android Studio\jbr\bin;C:\WINDOWS\SYSTEM32;C:\WINDOWS\WinSxS\amd64_microsoft.windows.common-controls_6595b64144ccf1df_6.0.26100.8328_none_3e08182ce334b678;C:\Program Files (x86)\360\Total Security\safemon;C:\Program Files\Android\Android Studio\jbr\bin\server;C:\Users\User\.gradle\native\1def1411415f61bf3af743bc5b6707747c0891f09f0c88961ee8f79bc544acac\windows-amd64;C:\Users\User\.gradle\native\0.2.7\x86_64-windows-gnu

VM Arguments:
jvm_args: --add-opens=java.base/java.lang=ALL-UNNAMED --add-opens=java.base/java.lang.invoke=ALL-UNNAMED --add-opens=java.base/java.util=ALL-UNNAMED --add-opens=java.prefs/java.util.prefs=ALL-UNNAMED --add-exports=jdk.compiler/com.sun.tools.javac.api=ALL-UNNAMED --add-exports=jdk.compiler/com.sun.tools.javac.util=ALL-UNNAMED --add-opens=java.base/java.util=ALL-UNNAMED --add-opens=java.prefs/java.util.prefs=ALL-UNNAMED --add-opens=java.base/java.nio.charset=ALL-UNNAMED --add-opens=java.base/java.net=ALL-UNNAMED --add-opens=java.base/java.util.concurrent.atomic=ALL-UNNAMED --add-opens=java.xml/javax.xml.namespace=ALL-UNNAMED -XX:MaxMetaspaceSize=256m -Xmx1536m -Dfile.encoding=UTF-8 -Duser.country=RU -Duser.language=ru -Duser.variant -javaagent:C:\Users\User\.gradle\wrapper\dists\gradle-8.13-bin\5xuhj0ry160q40clulazy9h7d\gradle-8.13\lib\agents\gradle-instrumentation-agent-8.13.jar 
java_command: org.gradle.launcher.daemon.bootstrap.GradleDaemon 8.13
java_class_path (initial): C:\Users\User\.gradle\wrapper\dists\gradle-8.13-bin\5xuhj0ry160q40clulazy9h7d\gradle-8.13\lib\gradle-daemon-main-8.13.jar
Launcher Type: SUN_STANDARD

[Global flags]
     intx CICompilerCount                          = 4                                         {product} {ergonomic}
   size_t CompressedClassSpaceSize                 = 218103808                                 {product} {ergonomic}
     uint ConcGCThreads                            = 3                                         {product} {ergonomic}
     uint G1ConcRefinementThreads                  = 10                                        {product} {ergonomic}
   size_t G1HeapRegionSize                         = 1048576                                   {product} {ergonomic}
    uintx GCDrainStackTargetSize                   = 64                                        {product} {ergonomic}
   size_t InitialHeapSize                          = 197132288                                 {product} {ergonomic}
   size_t MarkStackSize                            = 4194304                                   {product} {ergonomic}
   size_t MaxHeapSize                              = 1610612736                                {product} {command line}
   size_t MaxMetaspaceSize                         = 268435456                                 {product} {command line}
   size_t MaxNewSize                               = 965738496                                 {product} {ergonomic}
   size_t MinHeapDeltaBytes                        = 1048576                                   {product} {ergonomic}
   size_t MinHeapSize                              = 8388608                                   {product} {ergonomic}
    uintx NonNMethodCodeHeapSize                   = 5839372                                {pd product} {ergonomic}
    uintx NonProfiledCodeHeapSize                  = 122909434                              {pd product} {ergonomic}
    uintx ProfiledCodeHeapSize                     = 122909434                              {pd product} {ergonomic}
    uintx ReservedCodeCacheSize                    = 251658240                              {pd product} {ergonomic}
     bool SegmentedCodeCache                       = true                                      {product} {ergonomic}
   size_t SoftMaxHeapSize                          = 1610612736                             {manageable} {ergonomic}
     bool UseCompressedOops                        = true                           {product lp64_product} {ergonomic}
     bool UseG1GC                                  = true                                      {product} {ergonomic}
     bool UseLargePagesIndividualAllocation        = false                                  {pd product} {ergonomic}

Logging:
Log output configuration:
 #0: stdout all=warning uptime,level,tags foldmultilines=false
 #1: stderr all=off uptime,level,tags foldmultilines=false

Release file:
JAVA_VERSION="21.0.9" 
MODULES="java.base java.compiler java.datatransfer java.xml java.prefs java.desktop java.instrument java.logging java.management java.security.sasl java.naming java.rmi java.management.rmi java.net.http java.scripting java.security.jgss java.transaction.xa java.sql java.sql.rowset java.xml.crypto java.se java.smartcardio jdk.accessibility jdk.internal.jvmstat jdk.attach jdk.charsets jdk.internal.opt jdk.zipfs jdk.compiler jdk.crypto.ec jdk.crypto.cryptoki jdk.dynalink jdk.hotspot.agent jdk.httpserver jdk.internal.ed jdk.internal.le jdk.internal.vm.ci jdk.jartool jdk.javadoc jdk.jcmd jdk.jdeps jdk.jdwp.agent jdk.jdi jdk.jfr jdk.jlink jdk.jsobject jdk.localedata jdk.management jdk.management.agent jdk.management.jfr jdk.naming.dns jdk.naming.rmi jdk.net jdk.sctp jdk.security.auth jdk.security.jgss jdk.unsupported jdk.unsupported.desktop jdk.xml.dom" 
IMPLEMENTOR="JetBrains s.r.o." 
JAVA_RUNTIME_VERSION="21.0.9+-14787801-b1163.94" 
LIBC="default" 
OS_ARCH="x86_64" 
OS_NAME="Windows" 
SOURCE=".:git:0c757ddc9f2f" 

Environment Variables:
PATH=C:\Program Files\Common Files\Oracle\Java\javapath;C:\Program Files (x86)\Common Files\Oracle\Java\javapath;C:\WINDOWS\system32;C:\WINDOWS;C:\WINDOWS\System32\Wbem;C:\WINDOWS\System32\WindowsPowerShell\v1.0\;C:\WINDOWS\System32\OpenSSH\;C:\JupyterLab;C:\Program Files\nodejs\;C:\Program Files\dotnet\;C:\Program Files\WireGuard\;C:\Program Files\Git\cmd;C:\Users\User\AppData\Local\Programs\Python\Python313\Scripts\;C:\Users\User\AppData\Local\Programs\Python\Python313\;C:\Users\User\AppData\Local\Programs\Python\Launcher\;C:\Users\User\AppData\Local\Microsoft\WindowsApps;C:\Users\User\AppData\Local\Programs\Microsoft VS Code\bin;C:\Program Files\JetBrains\PyCharm 2025.2.3\bin;C:\Users\User\AppData\Local\Programs\MiKTeX\miktex\bin\x64\;C:\Program Files\JetBrains\WebStorm 2025.1.3\bin;;C:\Users\User\AppData\Roaming\npm;C:\Program Files\JetBrains\IntelliJ IDEA Community Edition 2025.2.1\bin;C:\Users\User\.lmstudio\bin;C:\Users\User\AppData\Local\Programs\Antigravity\bin
USERNAME=User
OS=Windows_NT
PROCESSOR_IDENTIFIER=Intel64 Family 6 Model 186 Stepping 3, GenuineIntel
TMP=C:\Users\User\AppData\Local\Temp
TEMP=C:\Users\User\AppData\Local\Temp




Periodic native trim disabled

JNI global refs:
JNI global refs: 30, weak refs: 2

JNI global refs memory usage: 835, weak refs: 833

Process memory usage:
Resident Set Size: 466320K (3% of 12199064K total physical memory with 473340K free physical memory)

OOME stack traces (most recent first):
Classloader memory used:
Loader org.gradle.internal.classloader.VisitableURLClassLoader                         : 41754K
Loader bootstrap                                                                       : 27966K
Loader org.gradle.internal.classloader.VisitableURLClassLoader$InstrumentingVisitableURLClassLoader: 23409K
Loader org.gradle.initialization.MixInLegacyTypesClassLoader                           : 12386K
Loader jdk.internal.loader.ClassLoaders$PlatformClassLoader                            : 539K
Loader jdk.internal.reflect.DelegatingClassLoader                                      : 253K
Loader jdk.internal.loader.ClassLoaders$AppClassLoader                                 : 235K
Loader org.gradle.internal.classloader.VisitableURLClassLoader                         : 223K
Loader org.gradle.groovy.scripts.internal.DefaultScriptCompilationHandler$ScriptClassLoader: 125K
Loader org.codehaus.groovy.runtime.callsite.CallSiteClassLoader                        : 17296B
Loader sun.reflect.misc.MethodUtil                                                     : 2984B

Classes loaded by more than one classloader:
Class Program                                                                         : loaded 5 times (x 72B)
Class Build_gradle                                                                    : loaded 3 times (x 130B)
Class Build_gradle$1                                                                  : loaded 3 times (x 74B)
Class org.gradle.internal.classloader.FilteringClassLoader                            : loaded 2 times (x 105B)
Class com.google.common.base.CharMatcher$IsEither                                     : loaded 2 times (x 111B)
Class org.gradle.internal.classloader.ClassLoaderHierarchy                            : loaded 2 times (x 70B)
Class com.google.common.collect.ImmutableEnumSet                                      : loaded 2 times (x 146B)
Class com.google.common.util.concurrent.ExecutionError                                : loaded 2 times (x 82B)
Class com.google.common.collect.ImmutableList$1                                       : loaded 2 times (x 97B)
Class org.gradle.api.internal.classpath.ManifestUtil                                  : loaded 2 times (x 71B)
Class com.google.common.collect.RegularImmutableMap                                   : loaded 2 times (x 121B)
Class com.google.common.collect.ImmutableMap$MapViewOfValuesAsSingletonSets           : loaded 2 times (x 126B)
Class [Lorg.objectweb.asm.Symbol;                                                     : loaded 2 times (x 69B)
Class org.objectweb.asm.ClassVisitor                                                  : loaded 2 times (x 88B)
Class com.google.common.collect.UnmodifiableListIterator                              : loaded 2 times (x 95B)
Class com.google.common.base.Platform$JdkPatternCompiler                              : loaded 2 times (x 75B)
Class org.objectweb.asm.MethodTooLargeException                                       : loaded 2 times (x 83B)
Class [Lcom.google.common.cache.CacheBuilder$OneWeigher;                              : loaded 2 times (x 69B)
Class com.google.common.base.Suppliers                                                : loaded 2 times (x 71B)
Class org.gradle.internal.classloader.DefaultClassLoaderFactory                       : loaded 2 times (x 82B)
Class org.gradle.internal.classloader.ClassLoaderVisitor                              : loaded 2 times (x 76B)
Class [Lcom.google.common.collect.ImmutableMapEntry;                                  : loaded 2 times (x 69B)
Class org.gradle.api.internal.classpath.EffectiveClassPath                            : loaded 2 times (x 90B)
Class com.google.common.collect.ListMultimap                                          : loaded 2 times (x 70B)
Class com.google.common.collect.ImmutableEnumMap                                      : loaded 2 times (x 126B)
Class com.google.common.collect.Sets$1                                                : loaded 2 times (x 139B)
Class org.objectweb.asm.AnnotationVisitor                                             : loaded 2 times (x 78B)
Class org.gradle.api.internal.DefaultClassPathProvider                                : loaded 2 times (x 76B)
Class com.google.common.collect.Sets$2                                                : loaded 2 times (x 139B)
Class [Lorg.gradle.api.internal.ClassPathProvider;                                    : loaded 2 times (x 69B)
Class org.gradle.api.internal.ClassPathProvider                                       : loaded 2 times (x 70B)
Class [Lorg.objectweb.asm.AnnotationVisitor;                                          : loaded 2 times (x 69B)
Class com.google.common.collect.Sets$3                                                : loaded 2 times (x 139B)
Class com.google.common.util.concurrent.AbstractFuture$SafeAtomicHelper               : loaded 2 times (x 79B)
Class com.google.common.cache.LocalCache$LocalLoadingCache                            : loaded 2 times (x 134B)
Class org.gradle.internal.service.UnknownServiceException                             : loaded 2 times (x 83B)
Class com.google.common.collect.Sets$4                                                : loaded 2 times (x 139B)
Class org.objectweb.asm.ModuleVisitor                                                 : loaded 2 times (x 81B)
Class com.google.common.cache.LocalCache$Strength$1                                   : loaded 2 times (x 81B)
Class com.google.common.util.concurrent.SettableFuture                                : loaded 2 times (x 114B)
Class com.google.common.cache.LocalCache$Strength$2                                   : loaded 2 times (x 81B)
Class com.google.common.cache.LocalCache$Strength$3                                   : loaded 2 times (x 81B)
Class com.google.common.collect.MapDifference                                         : loaded 2 times (x 70B)
Class org.objectweb.asm.FieldWriter                                                   : loaded 2 times (x 78B)
Class com.google.common.cache.CacheBuilder$NullListener                               : loaded 2 times (x 82B)
Class org.gradle.internal.classpath.TransformedClassPath                              : loaded 2 times (x 96B)
Class org.gradle.internal.classloader.InstrumentingClassLoader                        : loaded 2 times (x 70B)
Class com.google.common.cache.CacheLoader$FunctionToCacheLoader                       : loaded 2 times (x 75B)
Class com.google.common.collect.Iterators$ArrayItr                                    : loaded 2 times (x 97B)
Class com.google.common.collect.ImmutableCollection$Builder                           : loaded 2 times (x 76B)
Class com.google.common.base.Joiner                                                   : loaded 2 times (x 79B)
Class com.google.common.base.MoreObjects                                              : loaded 2 times (x 71B)
Class com.google.common.collect.Platform                                              : loaded 2 times (x 71B)
Class [Lorg.objectweb.asm.Type;                                                       : loaded 2 times (x 69B)
Class com.google.common.collect.UnmodifiableIterator                                  : loaded 2 times (x 80B)
Class org.gradle.internal.service.ServiceLocator                                      : loaded 2 times (x 70B)
Class com.google.common.base.Ascii                                                    : loaded 2 times (x 71B)
Class com.google.common.collect.SingletonImmutableBiMap                               : loaded 2 times (x 143B)
Class com.google.common.cache.LocalCache$1                                            : loaded 2 times (x 89B)
Class com.google.common.collect.AbstractMapEntry                                      : loaded 2 times (x 81B)
Class com.google.common.collect.Sets$ImprovedAbstractSet                              : loaded 2 times (x 135B)
Class com.google.common.collect.ImmutableList$Builder                                 : loaded 2 times (x 77B)
Class com.google.common.collect.AbstractMultimap                                      : loaded 2 times (x 123B)
Class com.google.common.cache.LocalCache$2                                            : loaded 2 times (x 142B)
Class com.google.common.util.concurrent.AbstractFuture$UnsafeAtomicHelper$1           : loaded 2 times (x 76B)
Class com.google.common.collect.RegularImmutableAsList                                : loaded 2 times (x 217B)
Class com.google.common.util.concurrent.AbstractFuture$Trusted                        : loaded 2 times (x 70B)
Class com.google.common.collect.Iterators                                             : loaded 2 times (x 71B)
Class com.google.common.collect.Lists$StringAsImmutableList                           : loaded 2 times (x 207B)
Class com.google.common.util.concurrent.UncheckedExecutionException                   : loaded 2 times (x 82B)
Class org.gradle.kotlin.dsl.VersionCatalogAccessorsKt                                 : loaded 2 times (x 71B)
Class org.gradle.internal.InternalTransformer                                         : loaded 2 times (x 70B)
Class com.google.common.collect.AbstractMapBasedMultimap$KeySet$1                     : loaded 2 times (x 82B)
Class org.objectweb.asm.ClassWriter                                                   : loaded 2 times (x 106B)
Class com.google.common.cache.CacheLoader$UnsupportedLoadingOperationException        : loaded 2 times (x 82B)
Class com.google.common.base.CharMatcher$And                                          : loaded 2 times (x 112B)
Class org.gradle.internal.classloader.ClasspathUtil$1                                 : loaded 2 times (x 76B)
Class org.objectweb.asm.FieldVisitor                                                  : loaded 2 times (x 77B)
Class com.google.common.collect.IndexedImmutableSet                                   : loaded 2 times (x 152B)
Class com.google.common.collect.ImmutableMap$1                                        : loaded 2 times (x 81B)
Class com.google.common.collect.BiMap                                                 : loaded 2 times (x 70B)
Class org.gradle.api.internal.classpath.DefaultModuleRegistry$DefaultModule           : loaded 2 times (x 86B)
Class com.google.common.primitives.Ints                                               : loaded 2 times (x 71B)
Class com.google.common.collect.AbstractIterator                                      : loaded 2 times (x 82B)
Class com.google.common.collect.ObjectArrays                                          : loaded 2 times (x 71B)
Class com.google.common.collect.Multiset                                              : loaded 2 times (x 70B)
Class com.google.common.collect.ArrayListMultimapGwtSerializationDependencies         : loaded 2 times (x 172B)
Class com.google.common.collect.RegularImmutableMap$KeySet                            : loaded 2 times (x 152B)
Class com.google.common.math.MathPreconditions                                        : loaded 2 times (x 71B)
Class com.google.common.collect.ImmutableMapEntrySet                                  : loaded 2 times (x 152B)
Class org.gradle.api.internal.classpath.Module                                        : loaded 2 times (x 70B)
Class com.google.common.cache.Weigher                                                 : loaded 2 times (x 70B)
Class org.gradle.api.internal.classpath.UnknownModuleException                        : loaded 2 times (x 82B)
Class com.google.common.base.Stopwatch                                                : loaded 2 times (x 72B)
Class com.google.common.cache.LocalCache$Strength                                     : loaded 2 times (x 81B)
Class com.google.common.cache.Cache                                                   : loaded 2 times (x 70B)
Class com.google.common.util.concurrent.AbstractFuture$Cancellation                   : loaded 2 times (x 72B)
Class com.google.common.collect.ImmutableMap$Builder                                  : loaded 2 times (x 82B)
Class com.google.common.cache.RemovalListener                                         : loaded 2 times (x 70B)
Class org.gradle.api.internal.DefaultClassPathRegistry                                : loaded 2 times (x 76B)
Class com.google.common.primitives.IntsMethodsForWeb                                  : loaded 2 times (x 71B)
Class com.google.common.collect.Multimap                                              : loaded 2 times (x 70B)
Class org.gradle.api.internal.ClassPathRegistry                                       : loaded 2 times (x 70B)
Class org.gradle.internal.classpath.DefaultClassPath$ImmutableUniqueList              : loaded 2 times (x 199B)
Class com.google.common.base.Equivalence$Identity                                     : loaded 2 times (x 82B)
Class com.google.common.cache.CacheBuilder                                            : loaded 2 times (x 72B)
Class com.google.common.collect.SingletonImmutableList                                : loaded 2 times (x 207B)
Class Settings_gradle$1                                                               : loaded 2 times (x 74B)
Class org.gradle.internal.classpath.ClassPath                                         : loaded 2 times (x 70B)
Class org.gradle.api.UncheckedIOException                                             : loaded 2 times (x 82B)
Class com.google.common.base.JdkPattern                                               : loaded 2 times (x 75B)
Class com.google.common.collect.ImmutableList$ReverseImmutableList                    : loaded 2 times (x 209B)
Class org.objectweb.asm.SymbolTable$Entry                                             : loaded 2 times (x 74B)
Class com.google.common.util.concurrent.AbstractFuture$AtomicHelper                   : loaded 2 times (x 78B)
Class org.objectweb.asm.Edge                                                          : loaded 2 times (x 72B)
Class com.google.common.base.Suppliers$SupplierOfInstance                             : loaded 2 times (x 79B)
Class com.google.common.collect.Iterators$1                                           : loaded 2 times (x 81B)
Class com.google.common.cache.LocalCache$ComputingValueReference                      : loaded 2 times (x 96B)
Class com.google.common.collect.SingletonImmutableSet                                 : loaded 2 times (x 146B)
Class com.google.common.collect.ImmutableMap$IteratorBasedImmutableMap                : loaded 2 times (x 126B)
Class com.google.common.cache.LocalCache$Segment                                      : loaded 2 times (x 154B)
Class ijKotlinCoroutineJvmDebugInit1_dofq3drr9aihm4earzh7ldbbw                        : loaded 2 times (x 179B)
Class com.google.common.collect.AbstractListMultimap                                  : loaded 2 times (x 172B)
Class [Lorg.objectweb.asm.SymbolTable$Entry;                                          : loaded 2 times (x 69B)
Class com.google.common.cache.CacheLoader                                             : loaded 2 times (x 74B)
Class com.google.common.collect.Iterators$4                                           : loaded 2 times (x 82B)
Class com.google.common.collect.ImmutableBiMap                                        : loaded 2 times (x 143B)
Class org.gradle.internal.installation.GradleInstallation$1                           : loaded 2 times (x 75B)
Class org.gradle.api.internal.classpath.ModuleRegistry                                : loaded 2 times (x 70B)
Class com.google.common.util.concurrent.internal.InternalFutureFailureAccess          : loaded 2 times (x 72B)
Class com.google.common.collect.Iterators$5                                           : loaded 2 times (x 82B)
Class com.google.common.collect.ImmutableSet$JdkBackedSetBuilderImpl                  : loaded 2 times (x 76B)
Class com.google.common.util.concurrent.AbstractFuture$UnsafeAtomicHelper             : loaded 2 times (x 78B)
Class com.google.common.cache.LocalCache$LocalManualCache$1                           : loaded 2 times (x 75B)
Class com.google.common.base.CharMatcher$ForPredicate                                 : loaded 2 times (x 112B)
Class com.google.common.base.CharMatcher$AnyOf                                        : loaded 2 times (x 112B)
Class com.google.common.collect.ImmutableCollection                                   : loaded 2 times (x 125B)
Class org.gradle.api.internal.classpath.DefaultModuleRegistry                         : loaded 2 times (x 86B)
Class com.google.common.collect.Lists                                                 : loaded 2 times (x 71B)
Class com.google.common.util.concurrent.ListenableFuture                              : loaded 2 times (x 70B)
Class com.google.common.cache.ReferenceEntry                                          : loaded 2 times (x 70B)
Class com.google.common.base.Converter                                                : loaded 2 times (x 90B)
Class com.google.common.collect.ImmutableSet$CachingAsList                            : loaded 2 times (x 148B)
Class com.google.common.collect.AbstractMapBasedMultimap                              : loaded 2 times (x 139B)
Class com.google.common.util.concurrent.AbstractFuture                                : loaded 2 times (x 106B)
Class com.google.common.base.FunctionalEquivalence                                    : loaded 2 times (x 83B)
Class com.google.common.collect.Iterators$9                                           : loaded 2 times (x 81B)
Class com.google.common.collect.ImmutableAsList                                       : loaded 2 times (x 209B)
Class org.objectweb.asm.RecordComponentVisitor                                        : loaded 2 times (x 77B)
Class com.google.common.cache.CacheLoader$SupplierToCacheLoader                       : loaded 2 times (x 75B)
Class com.google.common.collect.Maps$EntryTransformer                                 : loaded 2 times (x 70B)
Class org.gradle.internal.service.ServiceLookupException                              : loaded 2 times (x 82B)
Class [Lcom.google.common.cache.LocalCache$EntryFactory;                              : loaded 2 times (x 69B)
Class org.gradle.internal.classloader.ClassLoaderFactory                              : loaded 2 times (x 70B)
Class com.google.common.base.CommonPattern                                            : loaded 2 times (x 74B)
Class com.google.common.cache.LocalCache$LocalManualCache                             : loaded 2 times (x 99B)
Class com.google.common.base.CharMatcher$IsNot                                        : loaded 2 times (x 111B)
Class org.gradle.internal.service.CachingServiceLocator                               : loaded 2 times (x 82B)
Class com.google.common.collect.AbstractMapBasedMultimap$KeySet                       : loaded 2 times (x 137B)
Class com.google.common.math.IntMath                                                  : loaded 2 times (x 71B)
Class com.google.common.collect.ImmutableMapEntry                                     : loaded 2 times (x 85B)
Class com.google.common.base.Equivalence                                              : loaded 2 times (x 82B)
Class com.google.common.base.Function                                                 : loaded 2 times (x 70B)
Class com.google.common.collect.ImmutableMapEntry$NonTerminalImmutableMapEntry        : loaded 2 times (x 85B)
Class com.google.common.cache.CacheBuilder$OneWeigher                                 : loaded 2 times (x 82B)
Class com.google.common.collect.RegularImmutableList                                  : loaded 2 times (x 213B)
Class org.gradle.internal.classloader.ClasspathUtil                                   : loaded 2 times (x 71B)
Class com.google.common.base.Charsets                                                 : loaded 2 times (x 71B)
Class com.google.common.util.concurrent.Uninterruptibles                              : loaded 2 times (x 71B)
Class com.google.common.collect.Maps                                                  : loaded 2 times (x 71B)
Class org.gradle.api.specs.Spec                                                       : loaded 2 times (x 70B)
Class [Lcom.google.common.collect.ImmutableEntry;                                     : loaded 2 times (x 69B)
Class com.google.common.cache.LocalCache$LoadingValueReference                        : loaded 2 times (x 96B)
Class com.google.common.collect.AbstractIndexedListIterator                           : loaded 2 times (x 96B)
Class com.google.common.base.Platform                                                 : loaded 2 times (x 71B)
Class [Lorg.objectweb.asm.AnnotationWriter;                                           : loaded 2 times (x 69B)
Class com.google.common.collect.Maps$8                                                : loaded 2 times (x 82B)
Class com.google.common.collect.Sets$SetView                                          : loaded 2 times (x 138B)
Class com.google.common.cache.LocalCache$StrongValueReference                         : loaded 2 times (x 90B)
Class com.google.common.util.concurrent.AbstractFuture$SynchronizedHelper             : loaded 2 times (x 78B)
Class org.objectweb.asm.Type                                                          : loaded 2 times (x 72B)
Class org.gradle.internal.classloader.VisitableURLClassLoader$InstrumentingVisitableURLClassLoader: loaded 2 times (x 123B)
Class org.objectweb.asm.ByteVector                                                    : loaded 2 times (x 79B)
Class [Lcom.google.common.cache.CacheBuilder$NullListener;                            : loaded 2 times (x 69B)
Class com.google.common.math.IntMath$1                                                : loaded 2 times (x 71B)
Class org.gradle.internal.classloader.VisitableURLClassLoader$Spec                    : loaded 2 times (x 74B)
Class org.gradle.internal.classpath.DefaultClassPath                                  : loaded 2 times (x 90B)
Class org.objectweb.asm.Symbol                                                        : loaded 2 times (x 73B)
Class com.google.common.base.CharMatcher$Ascii                                        : loaded 2 times (x 112B)
Class com.google.common.base.CharMatcher$BitSetMatcher                                : loaded 2 times (x 112B)
Class com.google.common.collect.RegularImmutableMap$Values                            : loaded 2 times (x 207B)
Class com.google.common.collect.ImmutableSet                                          : loaded 2 times (x 145B)
Class org.gradle.internal.classloader.ClassLoaderSpec                                 : loaded 2 times (x 71B)
Class org.objectweb.asm.AnnotationWriter                                              : loaded 2 times (x 79B)
Class com.google.common.cache.CacheStats                                              : loaded 2 times (x 71B)
Class org.objectweb.asm.RecordComponentWriter                                         : loaded 2 times (x 78B)
Class com.google.common.util.concurrent.AbstractFuture$Listener                       : loaded 2 times (x 72B)
Class com.google.common.base.CharMatcher$Or                                           : loaded 2 times (x 112B)
Class Settings_gradle$1$1                                                             : loaded 2 times (x 74B)
Class org.objectweb.asm.Attribute                                                     : loaded 2 times (x 77B)
Class com.google.common.base.Supplier                                                 : loaded 2 times (x 70B)
Class ijKotlinCoroutineJvmDebugInit1_dofq3drr9aihm4earzh7ldbbw$_run_closure1          : loaded 2 times (x 139B)
Class org.gradle.internal.classloader.VisitableURLClassLoader                         : loaded 2 times (x 117B)
Class com.google.common.util.concurrent.AbstractFuture$Waiter                         : loaded 2 times (x 72B)
Class Settings_gradle                                                                 : loaded 2 times (x 128B)
Class org.gradle.internal.Cast                                                        : loaded 2 times (x 71B)
Class org.gradle.api.Action                                                           : loaded 2 times (x 70B)
Class com.google.common.base.Strings                                                  : loaded 2 times (x 71B)
Class com.google.common.collect.Sets                                                  : loaded 2 times (x 71B)
Class org.objectweb.asm.Handler                                                       : loaded 2 times (x 72B)
Class com.google.common.base.Ticker                                                   : loaded 2 times (x 72B)
Class com.google.common.base.CharMatcher$FastMatcher                                  : loaded 2 times (x 111B)
Class [Lcom.google.common.cache.LocalCache$Segment;                                   : loaded 2 times (x 69B)
Class [Lcom.google.common.cache.LocalCache$Strength;                                  : loaded 2 times (x 69B)
Class com.google.common.cache.CacheBuilder$1                                          : loaded 2 times (x 85B)
Class com.google.common.base.Predicate                                                : loaded 2 times (x 70B)
Class com.google.common.collect.ImmutableMap                                          : loaded 2 times (x 120B)
Class org.gradle.internal.classpath.DefaultClassPath$ImmutableUniqueList$Builder      : loaded 2 times (x 75B)
Class com.google.common.cache.LocalCache                                              : loaded 2 times (x 187B)
Class com.google.common.cache.CacheBuilder$2                                          : loaded 2 times (x 79B)
Class com.google.common.base.CharMatcher$NegatedFastMatcher                           : loaded 2 times (x 113B)
Class com.google.common.collect.ArrayListMultimap                                     : loaded 2 times (x 172B)
Class com.google.common.cache.CacheBuilder$3                                          : loaded 2 times (x 72B)
Class [Lcom.google.common.collect.AbstractMapEntry;                                   : loaded 2 times (x 69B)
Class com.google.common.collect.ImmutableEntry                                        : loaded 2 times (x 82B)
Class org.gradle.api.GradleException                                                  : loaded 2 times (x 82B)
Class com.google.common.collect.CollectPreconditions                                  : loaded 2 times (x 71B)
Class com.google.common.collect.SortedMapDifference                                   : loaded 2 times (x 70B)
Class com.google.common.cache.LocalCache$EntryFactory                                 : loaded 2 times (x 83B)
Class com.google.common.cache.LocalCache$AbstractReferenceEntry                       : loaded 2 times (x 107B)
Class ijJvmDebugger1_9x3erf11sbp6hr81ma3cxq5r2$_run_closure1$_closure2                : loaded 2 times (x 140B)
Class org.gradle.internal.IoActions                                                   : loaded 2 times (x 71B)
Class org.objectweb.asm.SymbolTable                                                   : loaded 2 times (x 72B)
Class com.google.common.cache.CacheLoader$InvalidCacheLoadException                   : loaded 2 times (x 82B)
Class com.google.common.collect.ImmutableSet$RegularSetBuilderImpl                    : loaded 2 times (x 77B)
Class ijJvmDebugger1_9x3erf11sbp6hr81ma3cxq5r2                                        : loaded 2 times (x 179B)
Class org.gradle.internal.classloader.SystemClassLoaderSpec                           : loaded 2 times (x 71B)
Class com.google.common.cache.LocalCache$StrongEntry                                  : loaded 2 times (x 108B)
Class com.google.common.util.concurrent.AbstractFuture$TrustedFuture                  : loaded 2 times (x 114B)
Class com.google.common.cache.LoadingCache                                            : loaded 2 times (x 70B)
Class org.objectweb.asm.MethodWriter                                                  : loaded 2 times (x 106B)
Class [Lcom.google.common.cache.Weigher;                                              : loaded 2 times (x 69B)
Class com.google.common.collect.RegularImmutableMap$BucketOverflowException           : loaded 2 times (x 82B)
Class com.google.common.collect.RegularImmutableBiMap                                 : loaded 2 times (x 149B)
Class com.google.common.cache.LocalCache$ValueReference                               : loaded 2 times (x 70B)
Class com.google.common.base.CharMatcher$Negated                                      : loaded 2 times (x 113B)
Class com.google.common.base.CharMatcher$Is                                           : loaded 2 times (x 111B)
Class com.google.common.base.PatternCompiler                                          : loaded 2 times (x 70B)
Class com.google.common.util.concurrent.AbstractFuture$Failure                        : loaded 2 times (x 72B)
Class com.google.common.base.Equivalence$Equals                                       : loaded 2 times (x 82B)
Class com.google.common.collect.Hashing                                               : loaded 2 times (x 71B)
Class com.google.common.base.Preconditions                                            : loaded 2 times (x 71B)
Class ijJvmDebugger1_9x3erf11sbp6hr81ma3cxq5r2$_run_closure1                          : loaded 2 times (x 139B)
Class com.google.common.base.Joiner$1                                                 : loaded 2 times (x 80B)
Class org.objectweb.asm.Label                                                         : loaded 2 times (x 73B)
Class org.objectweb.asm.CurrentFrame                                                  : loaded 2 times (x 73B)
Class org.objectweb.asm.ClassTooLargeException                                        : loaded 2 times (x 83B)
Class com.google.common.base.CharMatcher                                              : loaded 2 times (x 111B)
Class com.google.common.collect.PeekingIterator                                       : loaded 2 times (x 70B)
Class com.google.common.base.Joiner$2                                                 : loaded 2 times (x 79B)
Class org.objectweb.asm.Frame                                                         : loaded 2 times (x 73B)
Class org.objectweb.asm.MethodVisitor                                                 : loaded 2 times (x 105B)
Class com.google.common.cache.LocalCache$EntryFactory$1                               : loaded 2 times (x 83B)
Class [Lcom.google.common.cache.RemovalListener;                                      : loaded 2 times (x 69B)
Class com.google.common.base.CharMatcher$NamedFastMatcher                             : loaded 2 times (x 112B)
Class com.google.common.base.CharMatcher$1                                            : loaded 2 times (x 113B)
Class com.google.common.cache.LocalCache$EntryFactory$2                               : loaded 2 times (x 83B)
Class ijKotlinCoroutineJvmDebugInit1_dofq3drr9aihm4earzh7ldbbw$_run_closure1$_closure2: loaded 2 times (x 139B)
Class org.gradle.api.internal.classpath.GlobalCacheRootsProvider                      : loaded 2 times (x 70B)
Class org.objectweb.asm.ModuleWriter                                                  : loaded 2 times (x 82B)
Class com.google.common.cache.LocalCache$EntryFactory$3                               : loaded 2 times (x 83B)
Class com.google.common.base.Ticker$1                                                 : loaded 2 times (x 72B)
Class com.google.common.collect.Maps$BiMapConverter                                   : loaded 2 times (x 90B)
Class com.google.common.collect.ImmutableMapEntrySet$RegularEntrySet                  : loaded 2 times (x 152B)
Class com.google.common.cache.LocalCache$EntryFactory$4                               : loaded 2 times (x 83B)
Class com.google.common.base.CharMatcher$InRange                                      : loaded 2 times (x 111B)
Class com.google.common.collect.ImmutableSet$Builder                                  : loaded 2 times (x 85B)
Class com.google.common.cache.LocalCache$EntryFactory$5                               : loaded 2 times (x 83B)
Class com.google.common.base.PairwiseEquivalence                                      : loaded 2 times (x 83B)
Class com.google.common.cache.LocalCache$EntryFactory$6                               : loaded 2 times (x 83B)
Class org.gradle.internal.installation.CurrentGradleInstallationLocator               : loaded 2 times (x 71B)
Class com.google.common.collect.Maps$KeySet                                           : loaded 2 times (x 137B)
Class com.google.common.cache.LocalCache$EntryFactory$7                               : loaded 2 times (x 83B)
Class com.google.common.collect.ImmutableSet$EmptySetBuilderImpl                      : loaded 2 times (x 76B)
Class com.google.common.collect.ImmutableList                                         : loaded 2 times (x 206B)
Class org.gradle.internal.service.DefaultServiceLocator                               : loaded 2 times (x 83B)
Class com.google.common.cache.LocalCache$EntryFactory$8                               : loaded 2 times (x 83B)
Class com.google.common.collect.ImmutableSet$SetBuilderImpl                           : loaded 2 times (x 76B)
Class org.gradle.internal.installation.CurrentGradleInstallation                      : loaded 2 times (x 73B)
Class com.google.common.cache.CacheLoader$1                                           : loaded 2 times (x 75B)
Class com.google.common.collect.ImmutableList$SubList                                 : loaded 2 times (x 209B)
Class org.gradle.util.internal.GUtil                                                  : loaded 2 times (x 71B)
Class com.google.common.util.concurrent.AbstractFuture$SetFuture                      : loaded 2 times (x 75B)
Class com.google.common.cache.AbstractCache$StatsCounter                              : loaded 2 times (x 70B)
Class com.google.common.collect.Iterators$MergingIterator                             : loaded 2 times (x 81B)
Class com.google.common.collect.RegularImmutableSet                                   : loaded 2 times (x 149B)
Class org.gradle.internal.installation.GradleInstallation                             : loaded 2 times (x 75B)
Class com.google.common.collect.Iterables                                             : loaded 2 times (x 71B)

---------------  S Y S T E M  ---------------

OS:
 Windows 11 , 64 bit Build 26100 (10.0.26100.8328)
OS uptime: 4 days 17:30 hours
Hyper-V role detected

CPU: total 12 (initial active 12) (6 cores per cpu, 2 threads per core) family 6 model 186 stepping 3 microcode 0x410e, cx8, cmov, fxsr, ht, mmx, 3dnowpref, sse, sse2, sse3, ssse3, sse4.1, sse4.2, popcnt, lzcnt, tsc, tscinvbit, avx, avx2, aes, erms, clmul, bmi1, bmi2, adx, sha, fma, vzeroupper, clflush, clflushopt, clwb, hv, serialize, rdtscp, rdpid, fsrm, f16c, cet_ibt, cet_ss
Processor Information for processor 0
  Max Mhz: 1300, Current Mhz: 1300, Mhz Limit: 1300
Processor Information for processor 1
  Max Mhz: 1300, Current Mhz: 1300, Mhz Limit: 1300
Processor Information for processor 2
  Max Mhz: 1300, Current Mhz: 1300, Mhz Limit: 1300
Processor Information for processor 3
  Max Mhz: 1300, Current Mhz: 1300, Mhz Limit: 1300
Processor Information for processor 4
  Max Mhz: 1300, Current Mhz: 900, Mhz Limit: 897
Processor Information for processor 5
  Max Mhz: 1300, Current Mhz: 900, Mhz Limit: 897
Processor Information for processor 6
  Max Mhz: 1300, Current Mhz: 900, Mhz Limit: 897
Processor Information for processor 7
  Max Mhz: 1300, Current Mhz: 900, Mhz Limit: 897
Processor Information for processor 8
  Max Mhz: 1300, Current Mhz: 900, Mhz Limit: 897
Processor Information for processor 9
  Max Mhz: 1300, Current Mhz: 900, Mhz Limit: 897
Processor Information for processor 10
  Max Mhz: 1300, Current Mhz: 900, Mhz Limit: 897
Processor Information for processor 11
  Max Mhz: 1300, Current Mhz: 900, Mhz Limit: 897

Memory: 4k page, system-wide physical 11913M (461M free)
TotalPageFile size 16009M (AvailPageFile size 3M)
current process WorkingSet (physical memory assigned to process): 455M, peak: 455M
current process commit charge ("private bytes"): 494M, peak: 495M

vm_info: OpenJDK 64-Bit Server VM (21.0.9+-14787801-b1163.94) for windows-amd64 JRE (21.0.9+-14787801-b1163.94), built on 2026-01-27T21:15:44Z by "builder" with MS VC++ 16.10 / 16.11 (VS2019)

END.
