#
# There is insufficient memory for the Java Runtime Environment to continue.
# Native memory allocation (malloc) failed to allocate 1990416 bytes. Error detail: Chunk::new
# Possible reasons:
#   The system is out of physical RAM or swap space
#   This process is running with CompressedOops enabled, and the Java Heap may be blocking the growth of the native heap
# Possible solutions:
#   Reduce memory load on the system
#   Increase physical memory or swap space
#   Check if swap backing store is full
#   Decrease Java heap size (-Xmx/-Xms)
#   Decrease number of Java threads
#   Decrease Java thread stack sizes (-Xss)
#   Set larger code cache with -XX:ReservedCodeCacheSize=
#   JVM is running with Unscaled Compressed Oops mode in which the Java heap is
#     placed in the first 4GB address space. The Java Heap base address is the
#     maximum limit for the native heap growth. Please use -XX:HeapBaseMinAddress
#     to set the Java Heap base and to place the Java Heap above 4GB virtual address.
# This output file may be truncated or incomplete.
#
#  Out of Memory Error (arena.cpp:168), pid=11576, tid=11248
#
# JRE version: OpenJDK Runtime Environment (21.0.9) (build 21.0.9+-14787801-b1163.94)
# Java VM: OpenJDK 64-Bit Server VM (21.0.9+-14787801-b1163.94, mixed mode, tiered, compressed oops, compressed class ptrs, g1 gc, windows-amd64)
# No core dump will be written. Minidumps are not enabled by default on client versions of Windows
#

---------------  S U M M A R Y ------------

Command Line: --add-opens=java.base/java.lang=ALL-UNNAMED --add-opens=java.base/java.lang.invoke=ALL-UNNAMED --add-opens=java.base/java.util=ALL-UNNAMED --add-opens=java.prefs/java.util.prefs=ALL-UNNAMED --add-exports=jdk.compiler/com.sun.tools.javac.api=ALL-UNNAMED --add-exports=jdk.compiler/com.sun.tools.javac.util=ALL-UNNAMED --add-opens=java.base/java.util=ALL-UNNAMED --add-opens=java.prefs/java.util.prefs=ALL-UNNAMED --add-opens=java.base/java.nio.charset=ALL-UNNAMED --add-opens=java.base/java.net=ALL-UNNAMED --add-opens=java.base/java.util.concurrent.atomic=ALL-UNNAMED --add-opens=java.xml/javax.xml.namespace=ALL-UNNAMED -Xmx2048m -Dfile.encoding=UTF-8 -Duser.country=RU -Duser.language=ru -Duser.variant -javaagent:C:\Users\User\.gradle\wrapper\dists\gradle-8.13-bin\5xuhj0ry160q40clulazy9h7d\gradle-8.13\lib\agents\gradle-instrumentation-agent-8.13.jar org.gradle.launcher.daemon.bootstrap.GradleDaemon 8.13

Host: 13th Gen Intel(R) Core(TM) i5-1335U, 12 cores, 11G,  Windows 11 , 64 bit Build 26100 (10.0.26100.7920)
Time: Sat Mar 28 10:45:01 2026 elapsed time: 1151.816055 seconds (0d 0h 19m 11s)

---------------  T H R E A D  ---------------

Current thread (0x000002d4ed4136e0):  JavaThread "C2 CompilerThread2" daemon [_thread_in_native, id=11248, stack(0x000000e60de00000,0x000000e60df00000) (1024K)]


Current CompileTask:
C2:1151816 39758       4       com.android.tools.r8.internal.l32::a (3042 bytes)

Stack: [0x000000e60de00000,0x000000e60df00000]
Native frames: (J=compiled Java code, j=interpreted, Vv=VM code, C=native code)
V  [jvm.dll+0x6d6c99]
V  [jvm.dll+0x866b83]
V  [jvm.dll+0x8691ae]
V  [jvm.dll+0x869893]
V  [jvm.dll+0x280776]
V  [jvm.dll+0xc07cd]
V  [jvm.dll+0xc0d03]
V  [jvm.dll+0x3b9831]
V  [jvm.dll+0x3856a7]
V  [jvm.dll+0x384b1a]
V  [jvm.dll+0x249462]
V  [jvm.dll+0x248a31]
V  [jvm.dll+0x1c7344]
V  [jvm.dll+0x2581ae]
V  [jvm.dll+0x2566f6]
V  [jvm.dll+0x3f48a6]
V  [jvm.dll+0x80f118]
V  [jvm.dll+0x6d54ed]
C  [ucrtbase.dll+0x37b0]
C  [KERNEL32.DLL+0x2e8d7]
C  [ntdll.dll+0x8c48c]


---------------  P R O C E S S  ---------------

Threads class SMR info:
_java_thread_list=0x000002d4f11246e0, length=194, elements={
0x000002d4ce03cea0, 0x000002d4e5d417b0, 0x000002d4e5d742b0, 0x000002d4e5d74d10,
0x000002d4e5d7e800, 0x000002d4e5d7f260, 0x000002d4e5d7fcc0, 0x000002d4e5d82730,
0x000002d4e5d834c0, 0x000002d4e5d83f60, 0x000002d4e608e360, 0x000002d4eca971b0,
0x000002d4eb44e470, 0x000002d4eba7f510, 0x000002d4ecbf4780, 0x000002d4ecbf4e10,
0x000002d4ecbf5b30, 0x000002d4ee0efba0, 0x000002d4ee0f15e0, 0x000002d4ee0f0230,
0x000002d4ee0f2300, 0x000002d4ee0f1c70, 0x000002d4ee0f08c0, 0x000002d4ee0eee80,
0x000002d4ee0f2990, 0x000002d4ee0f3020, 0x000002d4ee0f36b0, 0x000002d4ee0f43d0,
0x000002d4ee0f0f50, 0x000002d4ee0f5e10, 0x000002d4ee0f4a60, 0x000002d4ee0f50f0,
0x000002d4ebf62870, 0x000002d4f72874a0, 0x000002d4f7287b30, 0x000002d4f7284d40,
0x000002d4f72846b0, 0x000002d4f72881c0, 0x000002d4f72860f0, 0x000002d4f72853d0,
0x000002d4f7289570, 0x000002d4f7288ee0, 0x000002d4f7289c00, 0x000002d4f7286780,
0x000002d4f728b640, 0x000002d4f728d080, 0x000002d4f728d710, 0x000002d4f728afb0,
0x000002d4f728a290, 0x000002d4f728bcd0, 0x000002d4f728dda0, 0x000002d4f728c9f0,
0x000002d4f728c360, 0x000002d4f728a920, 0x000002d4f728e430, 0x000002d4f7290500,
0x000002d4f728fe70, 0x000002d4f7291220, 0x000002d4f72918b0, 0x000002d4f728f7e0,
0x000002d4f7291f40, 0x000002d4f7290b90, 0x000002d4f728eac0, 0x000002d4f72925d0,
0x000002d4f728f150, 0x000002d4f7292c60, 0x000002d4f72932f0, 0x000002d4f7293980,
0x000002d4ef5bd260, 0x000002d4ef5bab00, 0x000002d4ef5ba470, 0x000002d4ef5bdf80,
0x000002d4ef5bb820, 0x000002d4ef5bc540, 0x000002d4ef5bbeb0, 0x000002d4ef5be610,
0x000002d4ef5bb190, 0x000002d4ef5bf330, 0x000002d4ef5bf9c0, 0x000002d4ef5c0050,
0x000002d4ef5c06e0, 0x000002d4ef5c0d70, 0x000002d4ef5c1400, 0x000002d4ef5c1a90,
0x000002d4ef5c2120, 0x000002d4ef5beca0, 0x000002d4ef5c4880, 0x000002d4ef5c4f10,
0x000002d4ef5c3b60, 0x000002d4f025c0e0, 0x000002d4f025f560, 0x000002d4f025db20,
0x000002d4f025fbf0, 0x000002d4f025c770, 0x000002d4f025d490, 0x000002d4f025e1b0,
0x000002d4f0260fa0, 0x000002d4f0262350, 0x000002d4f0263070, 0x000002d4f0261630,
0x000002d4f0261cc0, 0x000002d4f02629e0, 0x000002d4ebf60e30, 0x000002d4ebf61b50,
0x000002d4ebf5e6d0, 0x000002d4ebf621e0, 0x000002d4ebf5f3f0, 0x000002d4ebf5fa80,
0x000002d4ebf63590, 0x000002d4ebf614c0, 0x000002d4ebf60110, 0x000002d4ebf607a0,
0x000002d4ebf64940, 0x000002d4ed7ed5c0, 0x000002d4ed7ef000, 0x000002d4ed7edc50,
0x000002d4ed7ee970, 0x000002d4ed7ec210, 0x000002d4ed7ef690, 0x000002d4ed7efd20,
0x000002d4ed7ec8a0, 0x000002d4ed7f03b0, 0x000002d4ed7ecf30, 0x000002d4ed7f1760,
0x000002d4ed7f10d0, 0x000002d4ed7f3830, 0x000002d4ed7f1df0, 0x000002d4ed7f2480,
0x000002d4ed7f0a40, 0x000002d4ed7f2b10, 0x000002d4ed7f31a0, 0x000002d4e641ef60,
0x000002d4e641f5f0, 0x000002d4e6420310, 0x000002d4e64209a0, 0x000002d4e64216c0,
0x000002d4e6421030, 0x000002d4e641fc80, 0x000002d4f74211d0, 0x000002d4f74232a0,
0x000002d4f74204b0, 0x000002d4f741fe20, 0x000002d4f7423930, 0x000002d4f7424ce0,
0x000002d4f7423fc0, 0x000002d4f7425370, 0x000002d4f7421ef0, 0x000002d4f7427ad0,
0x000002d4f9b3bc10, 0x000002d4f9b3aef0, 0x000002d4f9b3b580, 0x000002d4f9b38790,
0x000002d4f9b3c2a0, 0x000002d4f9b3c930, 0x000002d4f9b3cfc0, 0x000002d4f9b3d650,
0x000002d4f96e9490, 0x000002d4f96e8e00, 0x000002d4f96e6010, 0x000002d4f96e66a0,
0x000002d4f96e7a50, 0x000002d4f96e80e0, 0x000002d4f96e8770, 0x000002d4f96e6d30,
0x000002d4f96e9b20, 0x000002d4f96ea1b0, 0x000002d4f96ea840, 0x000002d4f96e73c0,
0x000002d4f96ec910, 0x000002d4f96eaed0, 0x000002d4f96ecfa0, 0x000002d4f96eb560,
0x000002d4f96ebbf0, 0x000002d4f96ef070, 0x000002d4f96ef700, 0x000002d4f96ed630,
0x000002d4f96ec280, 0x000002d4f96efd90, 0x000002d4f96f0420, 0x000002d4f96edcc0,
0x000002d4f96f17d0, 0x000002d4ecbf3a60, 0x000002d4ecbf40f0, 0x000002d4ee0ef510,
0x000002d4ee0f64a0, 0x000002d4ee0f3d40, 0x000002d4ee9d9640, 0x000002d4ee9da9f0,
0x000002d4ee9d9cd0, 0x000002d4e64244b0, 0x000002d4e64251d0, 0x000002d4e6425860,
0x000002d4ed4158f0, 0x000002d4ed4136e0
}

Java Threads: ( => current thread )
  0x000002d4ce03cea0 JavaThread "main"                              [_thread_blocked, id=4036, stack(0x000000e604200000,0x000000e604300000) (1024K)]
  0x000002d4e5d417b0 JavaThread "Common-Cleaner"             daemon [_thread_blocked, id=7632, stack(0x000000e604a00000,0x000000e604b00000) (1024K)]
  0x000002d4e5d742b0 JavaThread "Reference Handler"          daemon [_thread_blocked, id=2952, stack(0x000000e604b00000,0x000000e604c00000) (1024K)]
  0x000002d4e5d74d10 JavaThread "Finalizer"                  daemon [_thread_blocked, id=20524, stack(0x000000e604c00000,0x000000e604d00000) (1024K)]
  0x000002d4e5d7e800 JavaThread "Signal Dispatcher"          daemon [_thread_blocked, id=15312, stack(0x000000e604d00000,0x000000e604e00000) (1024K)]
  0x000002d4e5d7f260 JavaThread "Attach Listener"            daemon [_thread_blocked, id=21392, stack(0x000000e604e00000,0x000000e604f00000) (1024K)]
  0x000002d4e5d7fcc0 JavaThread "Service Thread"             daemon [_thread_blocked, id=18344, stack(0x000000e604f00000,0x000000e605000000) (1024K)]
  0x000002d4e5d82730 JavaThread "Monitor Deflation Thread"   daemon [_thread_blocked, id=18980, stack(0x000000e605000000,0x000000e605100000) (1024K)]
  0x000002d4e5d834c0 JavaThread "C2 CompilerThread0"         daemon [_thread_in_native, id=13172, stack(0x000000e605100000,0x000000e605200000) (1024K)]
  0x000002d4e5d83f60 JavaThread "C1 CompilerThread0"         daemon [_thread_blocked, id=20836, stack(0x000000e605200000,0x000000e605300000) (1024K)]
  0x000002d4e608e360 JavaThread "Notification Thread"        daemon [_thread_blocked, id=12448, stack(0x000000e605300000,0x000000e605400000) (1024K)]
  0x000002d4eca971b0 JavaThread "Daemon health stats"               [_thread_blocked, id=2792, stack(0x000000e605a00000,0x000000e605b00000) (1024K)]
  0x000002d4eb44e470 JavaThread "Incoming local TCP Connector on port 52621"        [_thread_in_native, id=6284, stack(0x000000e605b00000,0x000000e605c00000) (1024K)]
  0x000002d4eba7f510 JavaThread "Daemon periodic checks"            [_thread_blocked, id=14724, stack(0x000000e605c00000,0x000000e605d00000) (1024K)]
  0x000002d4ecbf4780 JavaThread "Cache worker for journal cache (C:\Users\User\.gradle\caches\journal-1)"        [_thread_blocked, id=18032, stack(0x000000e606a00000,0x000000e606b00000) (1024K)]
  0x000002d4ecbf4e10 JavaThread "File lock request listener"        [_thread_in_native, id=20796, stack(0x000000e606b00000,0x000000e606c00000) (1024K)]
  0x000002d4ecbf5b30 JavaThread "Cache worker for file hash cache (C:\Users\User\.gradle\caches\8.13\fileHashes)"        [_thread_blocked, id=14504, stack(0x000000e606c00000,0x000000e606d00000) (1024K)]
  0x000002d4ee0efba0 JavaThread "File watcher server"        daemon [_thread_in_native, id=21376, stack(0x000000e607000000,0x000000e607100000) (1024K)]
  0x000002d4ee0f15e0 JavaThread "File watcher consumer"      daemon [_thread_blocked, id=20776, stack(0x000000e607100000,0x000000e607200000) (1024K)]
  0x000002d4ee0f0230 JavaThread "jar transforms"                    [_thread_blocked, id=18272, stack(0x000000e607200000,0x000000e607300000) (1024K)]
  0x000002d4ee0f2300 JavaThread "jar transforms Thread 2"           [_thread_blocked, id=21248, stack(0x000000e607300000,0x000000e607400000) (1024K)]
  0x000002d4ee0f1c70 JavaThread "jar transforms Thread 3"           [_thread_blocked, id=11608, stack(0x000000e607400000,0x000000e607500000) (1024K)]
  0x000002d4ee0f08c0 JavaThread "jar transforms Thread 4"           [_thread_blocked, id=19612, stack(0x000000e607500000,0x000000e607600000) (1024K)]
  0x000002d4ee0eee80 JavaThread "jar transforms Thread 5"           [_thread_blocked, id=15032, stack(0x000000e607600000,0x000000e607700000) (1024K)]
  0x000002d4ee0f2990 JavaThread "jar transforms Thread 6"           [_thread_blocked, id=20764, stack(0x000000e607700000,0x000000e607800000) (1024K)]
  0x000002d4ee0f3020 JavaThread "jar transforms Thread 7"           [_thread_blocked, id=6832, stack(0x000000e607800000,0x000000e607900000) (1024K)]
  0x000002d4ee0f36b0 JavaThread "jar transforms Thread 8"           [_thread_blocked, id=20236, stack(0x000000e607900000,0x000000e607a00000) (1024K)]
  0x000002d4ee0f43d0 JavaThread "jar transforms Thread 9"           [_thread_blocked, id=7204, stack(0x000000e607a00000,0x000000e607b00000) (1024K)]
  0x000002d4ee0f0f50 JavaThread "jar transforms Thread 10"          [_thread_blocked, id=20880, stack(0x000000e607b00000,0x000000e607c00000) (1024K)]
  0x000002d4ee0f5e10 JavaThread "jar transforms Thread 11"          [_thread_blocked, id=17788, stack(0x000000e607c00000,0x000000e607d00000) (1024K)]
  0x000002d4ee0f4a60 JavaThread "jar transforms Thread 12"          [_thread_blocked, id=17524, stack(0x000000e607d00000,0x000000e607e00000) (1024K)]
  0x000002d4ee0f50f0 JavaThread "Cache worker for file content cache (C:\Users\User\.gradle\caches\8.13\fileContent)"        [_thread_blocked, id=20216, stack(0x000000e607f00000,0x000000e608000000) (1024K)]
  0x000002d4ebf62870 JavaThread "Memory manager"                    [_thread_blocked, id=9264, stack(0x000000e605400000,0x000000e605500000) (1024K)]
  0x000002d4f72874a0 JavaThread "Daemon Thread 2"                   [_thread_blocked, id=20132, stack(0x000000e603f00000,0x000000e604000000) (1024K)]
  0x000002d4f7287b30 JavaThread "Handler for socket connection from /127.0.0.1:52621 to /127.0.0.1:50169"        [_thread_in_native, id=17684, stack(0x000000e604000000,0x000000e604100000) (1024K)]
  0x000002d4f7284d40 JavaThread "Cancel handler"                    [_thread_blocked, id=8556, stack(0x000000e604100000,0x000000e604200000) (1024K)]
  0x000002d4f72846b0 JavaThread "Daemon worker Thread 2"            [_thread_blocked, id=20332, stack(0x000000e605d00000,0x000000e605e00000) (1024K)]
  0x000002d4f72881c0 JavaThread "Asynchronous log dispatcher for DefaultDaemonConnection: socket connection from /127.0.0.1:52621 to /127.0.0.1:50169"        [_thread_blocked, id=15492, stack(0x000000e605e00000,0x000000e605f00000) (1024K)]
  0x000002d4f72860f0 JavaThread "Stdin handler"                     [_thread_blocked, id=9928, stack(0x000000e606500000,0x000000e606600000) (1024K)]
  0x000002d4f72853d0 JavaThread "Daemon client event forwarder"        [_thread_blocked, id=15508, stack(0x000000e606600000,0x000000e606700000) (1024K)]
  0x000002d4f7289570 JavaThread "Cache worker for file hash cache (C:\Users\User\StudioProjects\Android-Project\.gradle\8.13\fileHashes)"        [_thread_blocked, id=20176, stack(0x000000e606800000,0x000000e606900000) (1024K)]
  0x000002d4f7288ee0 JavaThread "Cache worker for Build Output Cleanup Cache (C:\Users\User\StudioProjects\Android-Project\.gradle\buildOutputCleanup)"        [_thread_blocked, id=2556, stack(0x000000e606900000,0x000000e606a00000) (1024K)]
  0x000002d4f7289c00 JavaThread "Cache worker for checksums cache (C:\Users\User\StudioProjects\Android-Project\.gradle\8.13\checksums)"        [_thread_blocked, id=18044, stack(0x000000e606e00000,0x000000e606f00000) (1024K)]
  0x000002d4f7286780 JavaThread "Cache worker for cache directory md-supplier (C:\Users\User\.gradle\caches\8.13\md-supplier)"        [_thread_blocked, id=13400, stack(0x000000e606f00000,0x000000e607000000) (1024K)]
  0x000002d4f728b640 JavaThread "Cache worker for cache directory md-rule (C:\Users\User\.gradle\caches\8.13\md-rule)"        [_thread_blocked, id=13208, stack(0x000000e607e00000,0x000000e607f00000) (1024K)]
  0x000002d4f728d080 JavaThread "Unconstrained build operations"        [_thread_blocked, id=13636, stack(0x000000e608000000,0x000000e608100000) (1024K)]
  0x000002d4f728d710 JavaThread "Unconstrained build operations Thread 2"        [_thread_blocked, id=15244, stack(0x000000e608100000,0x000000e608200000) (1024K)]
  0x000002d4f728afb0 JavaThread "Unconstrained build operations Thread 3"        [_thread_blocked, id=21084, stack(0x000000e608200000,0x000000e608300000) (1024K)]
  0x000002d4f728a290 JavaThread "Unconstrained build operations Thread 4"        [_thread_blocked, id=18052, stack(0x000000e608300000,0x000000e608400000) (1024K)]
  0x000002d4f728bcd0 JavaThread "Unconstrained build operations Thread 5"        [_thread_blocked, id=12708, stack(0x000000e608400000,0x000000e608500000) (1024K)]
  0x000002d4f728dda0 JavaThread "Unconstrained build operations Thread 6"        [_thread_blocked, id=19624, stack(0x000000e608500000,0x000000e608600000) (1024K)]
  0x000002d4f728c9f0 JavaThread "Unconstrained build operations Thread 7"        [_thread_blocked, id=8232, stack(0x000000e608600000,0x000000e608700000) (1024K)]
  0x000002d4f728c360 JavaThread "Unconstrained build operations Thread 8"        [_thread_blocked, id=11396, stack(0x000000e608700000,0x000000e608800000) (1024K)]
  0x000002d4f728a920 JavaThread "Unconstrained build operations Thread 9"        [_thread_blocked, id=9380, stack(0x000000e608800000,0x000000e608900000) (1024K)]
  0x000002d4f728e430 JavaThread "Unconstrained build operations Thread 10"        [_thread_blocked, id=17832, stack(0x000000e608900000,0x000000e608a00000) (1024K)]
  0x000002d4f7290500 JavaThread "Unconstrained build operations Thread 11"        [_thread_blocked, id=11252, stack(0x000000e608a00000,0x000000e608b00000) (1024K)]
  0x000002d4f728fe70 JavaThread "Unconstrained build operations Thread 12"        [_thread_blocked, id=4924, stack(0x000000e608b00000,0x000000e608c00000) (1024K)]
  0x000002d4f7291220 JavaThread "Unconstrained build operations Thread 13"        [_thread_blocked, id=7384, stack(0x000000e608c00000,0x000000e608d00000) (1024K)]
  0x000002d4f72918b0 JavaThread "Unconstrained build operations Thread 14"        [_thread_blocked, id=21456, stack(0x000000e608d00000,0x000000e608e00000) (1024K)]
  0x000002d4f728f7e0 JavaThread "Unconstrained build operations Thread 15"        [_thread_blocked, id=15936, stack(0x000000e608e00000,0x000000e608f00000) (1024K)]
  0x000002d4f7291f40 JavaThread "Unconstrained build operations Thread 16"        [_thread_blocked, id=7800, stack(0x000000e608f00000,0x000000e609000000) (1024K)]
  0x000002d4f7290b90 JavaThread "Unconstrained build operations Thread 17"        [_thread_blocked, id=7896, stack(0x000000e609000000,0x000000e609100000) (1024K)]
  0x000002d4f728eac0 JavaThread "Unconstrained build operations Thread 18"        [_thread_blocked, id=19852, stack(0x000000e609100000,0x000000e609200000) (1024K)]
  0x000002d4f72925d0 JavaThread "Unconstrained build operations Thread 19"        [_thread_blocked, id=17916, stack(0x000000e609200000,0x000000e609300000) (1024K)]
  0x000002d4f728f150 JavaThread "Unconstrained build operations Thread 20"        [_thread_blocked, id=8676, stack(0x000000e609300000,0x000000e609400000) (1024K)]
  0x000002d4f7292c60 JavaThread "Unconstrained build operations Thread 21"        [_thread_blocked, id=17024, stack(0x000000e609400000,0x000000e609500000) (1024K)]
  0x000002d4f72932f0 JavaThread "Unconstrained build operations Thread 22"        [_thread_blocked, id=7084, stack(0x000000e609500000,0x000000e609600000) (1024K)]
  0x000002d4f7293980 JavaThread "Unconstrained build operations Thread 23"        [_thread_blocked, id=20960, stack(0x000000e609600000,0x000000e609700000) (1024K)]
  0x000002d4ef5bd260 JavaThread "Unconstrained build operations Thread 24"        [_thread_in_Java, id=17272, stack(0x000000e609700000,0x000000e609800000) (1024K)]
  0x000002d4ef5bab00 JavaThread "Unconstrained build operations Thread 25"        [_thread_blocked, id=6636, stack(0x000000e609800000,0x000000e609900000) (1024K)]
  0x000002d4ef5ba470 JavaThread "Unconstrained build operations Thread 26"        [_thread_blocked, id=11208, stack(0x000000e609900000,0x000000e609a00000) (1024K)]
  0x000002d4ef5bdf80 JavaThread "Unconstrained build operations Thread 27"        [_thread_blocked, id=17708, stack(0x000000e609a00000,0x000000e609b00000) (1024K)]
  0x000002d4ef5bb820 JavaThread "Unconstrained build operations Thread 28"        [_thread_blocked, id=5932, stack(0x000000e609b00000,0x000000e609c00000) (1024K)]
  0x000002d4ef5bc540 JavaThread "Unconstrained build operations Thread 29"        [_thread_blocked, id=10872, stack(0x000000e609c00000,0x000000e609d00000) (1024K)]
  0x000002d4ef5bbeb0 JavaThread "Unconstrained build operations Thread 30"        [_thread_in_Java, id=20780, stack(0x000000e609d00000,0x000000e609e00000) (1024K)]
  0x000002d4ef5be610 JavaThread "Unconstrained build operations Thread 31"        [_thread_in_Java, id=18000, stack(0x000000e609e00000,0x000000e609f00000) (1024K)]
  0x000002d4ef5bb190 JavaThread "Unconstrained build operations Thread 32"        [_thread_blocked, id=12508, stack(0x000000e609f00000,0x000000e60a000000) (1024K)]
  0x000002d4ef5bf330 JavaThread "Unconstrained build operations Thread 33"        [_thread_blocked, id=14716, stack(0x000000e60a000000,0x000000e60a100000) (1024K)]
  0x000002d4ef5bf9c0 JavaThread "Unconstrained build operations Thread 34"        [_thread_blocked, id=388, stack(0x000000e60a100000,0x000000e60a200000) (1024K)]
  0x000002d4ef5c0050 JavaThread "Unconstrained build operations Thread 35"        [_thread_blocked, id=19748, stack(0x000000e60a200000,0x000000e60a300000) (1024K)]
  0x000002d4ef5c06e0 JavaThread "Unconstrained build operations Thread 36"        [_thread_blocked, id=15416, stack(0x000000e60a300000,0x000000e60a400000) (1024K)]
  0x000002d4ef5c0d70 JavaThread "Unconstrained build operations Thread 37"        [_thread_blocked, id=21348, stack(0x000000e60a400000,0x000000e60a500000) (1024K)]
  0x000002d4ef5c1400 JavaThread "Unconstrained build operations Thread 38"        [_thread_blocked, id=20280, stack(0x000000e60a500000,0x000000e60a600000) (1024K)]
  0x000002d4ef5c1a90 JavaThread "Unconstrained build operations Thread 39"        [_thread_blocked, id=7252, stack(0x000000e60a600000,0x000000e60a700000) (1024K)]
  0x000002d4ef5c2120 JavaThread "Unconstrained build operations Thread 40"        [_thread_blocked, id=16048, stack(0x000000e60a700000,0x000000e60a800000) (1024K)]
  0x000002d4ef5beca0 JavaThread "Unconstrained build operations Thread 41"        [_thread_blocked, id=17848, stack(0x000000e60a800000,0x000000e60a900000) (1024K)]
  0x000002d4ef5c4880 JavaThread "Unconstrained build operations Thread 42"        [_thread_blocked, id=18588, stack(0x000000e60a900000,0x000000e60aa00000) (1024K)]
  0x000002d4ef5c4f10 JavaThread "build event listener"              [_thread_blocked, id=16176, stack(0x000000e60aa00000,0x000000e60ab00000) (1024K)]
  0x000002d4ef5c3b60 JavaThread "build event listener"              [_thread_blocked, id=7288, stack(0x000000e60ab00000,0x000000e60ac00000) (1024K)]
  0x000002d4f025c0e0 JavaThread "included builds"                   [_thread_blocked, id=17920, stack(0x000000e60ac00000,0x000000e60ad00000) (1024K)]
  0x000002d4f025f560 JavaThread "Execution worker"                  [_thread_blocked, id=20612, stack(0x000000e60ad00000,0x000000e60ae00000) (1024K)]
  0x000002d4f025db20 JavaThread "Execution worker Thread 2"         [_thread_blocked, id=1044, stack(0x000000e60ae00000,0x000000e60af00000) (1024K)]
  0x000002d4f025fbf0 JavaThread "Execution worker Thread 3"         [_thread_blocked, id=15040, stack(0x000000e60af00000,0x000000e60b000000) (1024K)]
  0x000002d4f025c770 JavaThread "Execution worker Thread 4"         [_thread_blocked, id=1716, stack(0x000000e60b000000,0x000000e60b100000) (1024K)]
  0x000002d4f025d490 JavaThread "Execution worker Thread 5"         [_thread_blocked, id=12492, stack(0x000000e60b100000,0x000000e60b200000) (1024K)]
  0x000002d4f025e1b0 JavaThread "Execution worker Thread 6"         [_thread_blocked, id=16496, stack(0x000000e60b200000,0x000000e60b300000) (1024K)]
  0x000002d4f0260fa0 JavaThread "Execution worker Thread 7"         [_thread_blocked, id=232, stack(0x000000e60b300000,0x000000e60b400000) (1024K)]
  0x000002d4f0262350 JavaThread "Execution worker Thread 8"         [_thread_blocked, id=13068, stack(0x000000e60b400000,0x000000e60b500000) (1024K)]
  0x000002d4f0263070 JavaThread "Execution worker Thread 9"         [_thread_blocked, id=20184, stack(0x000000e60b500000,0x000000e60b600000) (1024K)]
  0x000002d4f0261630 JavaThread "Execution worker Thread 10"        [_thread_blocked, id=11272, stack(0x000000e60b600000,0x000000e60b700000) (1024K)]
  0x000002d4f0261cc0 JavaThread "Execution worker Thread 11"        [_thread_blocked, id=17988, stack(0x000000e60b700000,0x000000e60b800000) (1024K)]
  0x000002d4f02629e0 JavaThread "Cache worker for execution history cache (C:\Users\User\StudioProjects\Android-Project\.gradle\8.13\executionHistory)"        [_thread_blocked, id=19840, stack(0x000000e60b800000,0x000000e60b900000) (1024K)]
  0x000002d4ebf60e30 JavaThread "Unconstrained build operations Thread 43"        [_thread_blocked, id=20944, stack(0x000000e60b900000,0x000000e60ba00000) (1024K)]
  0x000002d4ebf61b50 JavaThread "Unconstrained build operations Thread 44"        [_thread_blocked, id=19344, stack(0x000000e60ba00000,0x000000e60bb00000) (1024K)]
  0x000002d4ebf5e6d0 JavaThread "Unconstrained build operations Thread 45"        [_thread_blocked, id=13356, stack(0x000000e60bb00000,0x000000e60bc00000) (1024K)]
  0x000002d4ebf621e0 JavaThread "Unconstrained build operations Thread 46"        [_thread_blocked, id=21128, stack(0x000000e60bc00000,0x000000e60bd00000) (1024K)]
  0x000002d4ebf5f3f0 JavaThread "Unconstrained build operations Thread 47"        [_thread_blocked, id=8024, stack(0x000000e60bd00000,0x000000e60be00000) (1024K)]
  0x000002d4ebf5fa80 JavaThread "Unconstrained build operations Thread 48"        [_thread_blocked, id=7528, stack(0x000000e60be00000,0x000000e60bf00000) (1024K)]
  0x000002d4ebf63590 JavaThread "Unconstrained build operations Thread 49"        [_thread_blocked, id=19792, stack(0x000000e60bf00000,0x000000e60c000000) (1024K)]
  0x000002d4ebf614c0 JavaThread "Unconstrained build operations Thread 50"        [_thread_blocked, id=16756, stack(0x000000e60c000000,0x000000e60c100000) (1024K)]
  0x000002d4ebf60110 JavaThread "Unconstrained build operations Thread 51"        [_thread_blocked, id=19996, stack(0x000000e60c100000,0x000000e60c200000) (1024K)]
  0x000002d4ebf607a0 JavaThread "Unconstrained build operations Thread 52"        [_thread_blocked, id=12012, stack(0x000000e60c200000,0x000000e60c300000) (1024K)]
  0x000002d4ebf64940 JavaThread "Unconstrained build operations Thread 53"        [_thread_blocked, id=20520, stack(0x000000e60c300000,0x000000e60c400000) (1024K)]
  0x000002d4ed7ed5c0 JavaThread "WorkerExecutor Queue"              [_thread_blocked, id=11976, stack(0x000000e60c400000,0x000000e60c500000) (1024K)]
  0x000002d4ed7ef000 JavaThread "Unconstrained build operations Thread 54"        [_thread_blocked, id=21124, stack(0x000000e60c500000,0x000000e60c600000) (1024K)]
  0x000002d4ed7edc50 JavaThread "Unconstrained build operations Thread 55"        [_thread_blocked, id=19736, stack(0x000000e60c600000,0x000000e60c700000) (1024K)]
  0x000002d4ed7ee970 JavaThread "Unconstrained build operations Thread 56"        [_thread_blocked, id=3216, stack(0x000000e60c700000,0x000000e60c800000) (1024K)]
  0x000002d4ed7ec210 JavaThread "Unconstrained build operations Thread 57"        [_thread_blocked, id=10652, stack(0x000000e60c800000,0x000000e60c900000) (1024K)]
  0x000002d4ed7ef690 JavaThread "Unconstrained build operations Thread 58"        [_thread_blocked, id=16896, stack(0x000000e60c900000,0x000000e60ca00000) (1024K)]
  0x000002d4ed7efd20 JavaThread "Unconstrained build operations Thread 59"        [_thread_blocked, id=14952, stack(0x000000e60ca00000,0x000000e60cb00000) (1024K)]
  0x000002d4ed7ec8a0 JavaThread "Unconstrained build operations Thread 60"        [_thread_blocked, id=14148, stack(0x000000e60cb00000,0x000000e60cc00000) (1024K)]
  0x000002d4ed7f03b0 JavaThread "Unconstrained build operations Thread 61"        [_thread_blocked, id=10752, stack(0x000000e60cc00000,0x000000e60cd00000) (1024K)]
  0x000002d4ed7ecf30 JavaThread "Unconstrained build operations Thread 62"        [_thread_blocked, id=20724, stack(0x000000e60cd00000,0x000000e60ce00000) (1024K)]
  0x000002d4ed7f1760 JavaThread "Unconstrained build operations Thread 63"        [_thread_blocked, id=19940, stack(0x000000e60ce00000,0x000000e60cf00000) (1024K)]
  0x000002d4ed7f10d0 JavaThread "Unconstrained build operations Thread 64"        [_thread_blocked, id=20872, stack(0x000000e60cf00000,0x000000e60d000000) (1024K)]
  0x000002d4ed7f3830 JavaThread "Unconstrained build operations Thread 65"        [_thread_blocked, id=4676, stack(0x000000e60d000000,0x000000e60d100000) (1024K)]
  0x000002d4ed7f1df0 JavaThread "WorkerExecutor Queue Thread 2"        [_thread_blocked, id=18028, stack(0x000000e60d100000,0x000000e60d200000) (1024K)]
  0x000002d4ed7f2480 JavaThread "Unconstrained build operations Thread 66"        [_thread_blocked, id=16704, stack(0x000000e60d200000,0x000000e60d300000) (1024K)]
  0x000002d4ed7f0a40 JavaThread "Unconstrained build operations Thread 67"        [_thread_blocked, id=19884, stack(0x000000e60d300000,0x000000e60d400000) (1024K)]
  0x000002d4ed7f2b10 JavaThread "Unconstrained build operations Thread 68"        [_thread_blocked, id=18436, stack(0x000000e60d400000,0x000000e60d500000) (1024K)]
  0x000002d4ed7f31a0 JavaThread "Unconstrained build operations Thread 69"        [_thread_blocked, id=20900, stack(0x000000e60d500000,0x000000e60d600000) (1024K)]
  0x000002d4e641ef60 JavaThread "Unconstrained build operations Thread 70"        [_thread_blocked, id=18764, stack(0x000000e60d600000,0x000000e60d700000) (1024K)]
  0x000002d4e641f5f0 JavaThread "Unconstrained build operations Thread 71"        [_thread_blocked, id=18036, stack(0x000000e60d700000,0x000000e60d800000) (1024K)]
  0x000002d4e6420310 JavaThread "Unconstrained build operations Thread 72"        [_thread_blocked, id=17520, stack(0x000000e60d800000,0x000000e60d900000) (1024K)]
  0x000002d4e64209a0 JavaThread "Unconstrained build operations Thread 73"        [_thread_blocked, id=18064, stack(0x000000e60d900000,0x000000e60da00000) (1024K)]
  0x000002d4e64216c0 JavaThread "Unconstrained build operations Thread 74"        [_thread_blocked, id=10036, stack(0x000000e60da00000,0x000000e60db00000) (1024K)]
  0x000002d4e6421030 JavaThread "Unconstrained build operations Thread 75"        [_thread_blocked, id=7604, stack(0x000000e60db00000,0x000000e60dc00000) (1024K)]
  0x000002d4e641fc80 JavaThread "Unconstrained build operations Thread 76"        [_thread_blocked, id=18312, stack(0x000000e60dc00000,0x000000e60dd00000) (1024K)]
  0x000002d4f74211d0 JavaThread "WorkerExecutor Queue Thread 3"        [_thread_blocked, id=20984, stack(0x000000e60dd00000,0x000000e60de00000) (1024K)]
  0x000002d4f74232a0 JavaThread "WorkerExecutor Queue Thread 5"        [_thread_blocked, id=6164, stack(0x000000e60df00000,0x000000e60e000000) (1024K)]
  0x000002d4f74204b0 JavaThread "WorkerExecutor Queue Thread 6"        [_thread_blocked, id=9144, stack(0x000000e60e000000,0x000000e60e100000) (1024K)]
  0x000002d4f741fe20 JavaThread "WorkerExecutor Queue Thread 7"        [_thread_blocked, id=2732, stack(0x000000e60e100000,0x000000e60e200000) (1024K)]
  0x000002d4f7423930 JavaThread "WorkerExecutor Queue Thread 8"        [_thread_blocked, id=1180, stack(0x000000e60e200000,0x000000e60e300000) (1024K)]
  0x000002d4f7424ce0 JavaThread "WorkerExecutor Queue Thread 9"        [_thread_blocked, id=18968, stack(0x000000e60e300000,0x000000e60e400000) (1024K)]
  0x000002d4f7423fc0 JavaThread "WorkerExecutor Queue Thread 10"        [_thread_blocked, id=5180, stack(0x000000e60e400000,0x000000e60e500000) (1024K)]
  0x000002d4f7425370 JavaThread "WorkerExecutor Queue Thread 11"        [_thread_blocked, id=21156, stack(0x000000e60e500000,0x000000e60e600000) (1024K)]
  0x000002d4f7421ef0 JavaThread "WorkerExecutor Queue Thread 12"        [_thread_blocked, id=11232, stack(0x000000e60e600000,0x000000e60e700000) (1024K)]
  0x000002d4f7427ad0 JavaThread "Unconstrained build operations Thread 77"        [_thread_blocked, id=2668, stack(0x000000e60e800000,0x000000e60e900000) (1024K)]
  0x000002d4f9b3bc10 JavaThread "Unconstrained build operations Thread 78"        [_thread_blocked, id=17732, stack(0x000000e60e900000,0x000000e60ea00000) (1024K)]
  0x000002d4f9b3aef0 JavaThread "Unconstrained build operations Thread 79"        [_thread_blocked, id=21276, stack(0x000000e60ea00000,0x000000e60eb00000) (1024K)]
  0x000002d4f9b3b580 JavaThread "Unconstrained build operations Thread 80"        [_thread_blocked, id=2852, stack(0x000000e60eb00000,0x000000e60ec00000) (1024K)]
  0x000002d4f9b38790 JavaThread "Unconstrained build operations Thread 81"        [_thread_blocked, id=3804, stack(0x000000e60ec00000,0x000000e60ed00000) (1024K)]
  0x000002d4f9b3c2a0 JavaThread "Unconstrained build operations Thread 82"        [_thread_blocked, id=19488, stack(0x000000e60ed00000,0x000000e60ee00000) (1024K)]
  0x000002d4f9b3c930 JavaThread "Unconstrained build operations Thread 83"        [_thread_blocked, id=5044, stack(0x000000e60ee00000,0x000000e60ef00000) (1024K)]
  0x000002d4f9b3cfc0 JavaThread "Unconstrained build operations Thread 84"        [_thread_blocked, id=21240, stack(0x000000e60ef00000,0x000000e60f000000) (1024K)]
  0x000002d4f9b3d650 JavaThread "Unconstrained build operations Thread 85"        [_thread_blocked, id=9200, stack(0x000000e60f000000,0x000000e60f100000) (1024K)]
  0x000002d4f96e9490 JavaThread "Unconstrained build operations Thread 86"        [_thread_blocked, id=18472, stack(0x000000e60f100000,0x000000e60f200000) (1024K)]
  0x000002d4f96e8e00 JavaThread "Unconstrained build operations Thread 87"        [_thread_blocked, id=19580, stack(0x000000e60f200000,0x000000e60f300000) (1024K)]
  0x000002d4f96e6010 JavaThread "Unconstrained build operations Thread 88"        [_thread_blocked, id=7392, stack(0x000000e60f300000,0x000000e60f400000) (1024K)]
  0x000002d4f96e66a0 JavaThread "Unconstrained build operations Thread 89"        [_thread_blocked, id=19000, stack(0x000000e60f400000,0x000000e60f500000) (1024K)]
  0x000002d4f96e7a50 JavaThread "Unconstrained build operations Thread 90"        [_thread_blocked, id=16432, stack(0x000000e60f500000,0x000000e60f600000) (1024K)]
  0x000002d4f96e80e0 JavaThread "Unconstrained build operations Thread 91"        [_thread_blocked, id=6040, stack(0x000000e60f600000,0x000000e60f700000) (1024K)]
  0x000002d4f96e8770 JavaThread "Unconstrained build operations Thread 92"        [_thread_blocked, id=10780, stack(0x000000e60f700000,0x000000e60f800000) (1024K)]
  0x000002d4f96e6d30 JavaThread "Unconstrained build operations Thread 93"        [_thread_blocked, id=13796, stack(0x000000e60f800000,0x000000e60f900000) (1024K)]
  0x000002d4f96e9b20 JavaThread "Unconstrained build operations Thread 94"        [_thread_blocked, id=17828, stack(0x000000e60f900000,0x000000e60fa00000) (1024K)]
  0x000002d4f96ea1b0 JavaThread "Unconstrained build operations Thread 95"        [_thread_blocked, id=9656, stack(0x000000e60fa00000,0x000000e60fb00000) (1024K)]
  0x000002d4f96ea840 JavaThread "Unconstrained build operations Thread 96"        [_thread_blocked, id=20116, stack(0x000000e60fb00000,0x000000e60fc00000) (1024K)]
  0x000002d4f96e73c0 JavaThread "Unconstrained build operations Thread 97"        [_thread_blocked, id=14820, stack(0x000000e60fc00000,0x000000e60fd00000) (1024K)]
  0x000002d4f96ec910 JavaThread "Unconstrained build operations Thread 98"        [_thread_blocked, id=11124, stack(0x000000e60fd00000,0x000000e60fe00000) (1024K)]
  0x000002d4f96eaed0 JavaThread "Unconstrained build operations Thread 99"        [_thread_blocked, id=12104, stack(0x000000e60fe00000,0x000000e60ff00000) (1024K)]
  0x000002d4f96ecfa0 JavaThread "Unconstrained build operations Thread 100"        [_thread_blocked, id=7560, stack(0x000000e60ff00000,0x000000e610000000) (1024K)]
  0x000002d4f96eb560 JavaThread "Unconstrained build operations Thread 101"        [_thread_blocked, id=19832, stack(0x000000e610000000,0x000000e610100000) (1024K)]
  0x000002d4f96ebbf0 JavaThread "Unconstrained build operations Thread 102"        [_thread_blocked, id=19276, stack(0x000000e610100000,0x000000e610200000) (1024K)]
  0x000002d4f96ef070 JavaThread "Unconstrained build operations Thread 103"        [_thread_blocked, id=18548, stack(0x000000e610200000,0x000000e610300000) (1024K)]
  0x000002d4f96ef700 JavaThread "Unconstrained build operations Thread 104"        [_thread_blocked, id=9412, stack(0x000000e610300000,0x000000e610400000) (1024K)]
  0x000002d4f96ed630 JavaThread "Unconstrained build operations Thread 105"        [_thread_blocked, id=2692, stack(0x000000e610400000,0x000000e610500000) (1024K)]
  0x000002d4f96ec280 JavaThread "Unconstrained build operations Thread 106"        [_thread_blocked, id=20396, stack(0x000000e610500000,0x000000e610600000) (1024K)]
  0x000002d4f96efd90 JavaThread "Unconstrained build operations Thread 107"        [_thread_blocked, id=8808, stack(0x000000e610600000,0x000000e610700000) (1024K)]
  0x000002d4f96f0420 JavaThread "Unconstrained build operations Thread 108"        [_thread_blocked, id=1136, stack(0x000000e610700000,0x000000e610800000) (1024K)]
  0x000002d4f96edcc0 JavaThread "Unconstrained build operations Thread 109"        [_thread_blocked, id=20252, stack(0x000000e610800000,0x000000e610900000) (1024K)]
  0x000002d4f96f17d0 JavaThread "Unconstrained build operations Thread 110"        [_thread_blocked, id=15188, stack(0x000000e610900000,0x000000e610a00000) (1024K)]
  0x000002d4ecbf3a60 JavaThread "Unconstrained build operations Thread 111"        [_thread_blocked, id=15408, stack(0x000000e606d00000,0x000000e606e00000) (1024K)]
  0x000002d4ecbf40f0 JavaThread "Unconstrained build operations Thread 112"        [_thread_blocked, id=15016, stack(0x000000e610a00000,0x000000e610b00000) (1024K)]
  0x000002d4ee0ef510 JavaThread "Unconstrained build operations Thread 113"        [_thread_blocked, id=14652, stack(0x000000e610b00000,0x000000e610c00000) (1024K)]
  0x000002d4ee0f64a0 JavaThread "Unconstrained build operations Thread 114"        [_thread_blocked, id=19672, stack(0x000000e610c00000,0x000000e610d00000) (1024K)]
  0x000002d4ee0f3d40 JavaThread "Unconstrained build operations Thread 115"        [_thread_blocked, id=11024, stack(0x000000e610d00000,0x000000e610e00000) (1024K)]
  0x000002d4ee9d9640 JavaThread "Unconstrained build operations Thread 116"        [_thread_blocked, id=10648, stack(0x000000e610e00000,0x000000e610f00000) (1024K)]
  0x000002d4ee9da9f0 JavaThread "Unconstrained build operations Thread 117"        [_thread_blocked, id=9368, stack(0x000000e610f00000,0x000000e611000000) (1024K)]
  0x000002d4ee9d9cd0 JavaThread "Unconstrained build operations Thread 118"        [_thread_blocked, id=15876, stack(0x000000e611000000,0x000000e611100000) (1024K)]
  0x000002d4e64244b0 JavaThread "Unconstrained build operations Thread 119"        [_thread_blocked, id=20800, stack(0x000000e611100000,0x000000e611200000) (1024K)]
  0x000002d4e64251d0 JavaThread "Unconstrained build operations Thread 120"        [_thread_blocked, id=16752, stack(0x000000e611200000,0x000000e611300000) (1024K)]
  0x000002d4e6425860 JavaThread "WorkerExecutor Queue Thread 13"        [_thread_blocked, id=5140, stack(0x000000e611300000,0x000000e611400000) (1024K)]
  0x000002d4ed4158f0 JavaThread "C2 CompilerThread1"         daemon [_thread_in_native, id=7844, stack(0x000000e606700000,0x000000e606800000) (1024K)]
=>0x000002d4ed4136e0 JavaThread "C2 CompilerThread2"         daemon [_thread_in_native, id=11248, stack(0x000000e60de00000,0x000000e60df00000) (1024K)]
Total: 194

Other Threads:
  0x000002d4e5cd2de0 VMThread "VM Thread"                           [id=11372, stack(0x000000e604900000,0x000000e604a00000) (1024K)]
  0x000002d4e5820a20 WatcherThread "VM Periodic Task Thread"        [id=14476, stack(0x000000e604800000,0x000000e604900000) (1024K)]
  0x000002d4ce093340 WorkerThread "GC Thread#0"                     [id=17600, stack(0x000000e604300000,0x000000e604400000) (1024K)]
  0x000002d4e62d7bc0 WorkerThread "GC Thread#1"                     [id=20924, stack(0x000000e605500000,0x000000e605600000) (1024K)]
  0x000002d4e64ac0c0 WorkerThread "GC Thread#2"                     [id=7388, stack(0x000000e605600000,0x000000e605700000) (1024K)]
  0x000002d4e64ac460 WorkerThread "GC Thread#3"                     [id=5256, stack(0x000000e605700000,0x000000e605800000) (1024K)]
  0x000002d4eb6d4010 WorkerThread "GC Thread#4"                     [id=19812, stack(0x000000e605900000,0x000000e605a00000) (1024K)]
  0x000002d4eb46ca80 WorkerThread "GC Thread#5"                     [id=14156, stack(0x000000e605800000,0x000000e605900000) (1024K)]
  0x000002d4ec9f0060 WorkerThread "GC Thread#6"                     [id=3168, stack(0x000000e605f00000,0x000000e606000000) (1024K)]
  0x000002d4ec9f0400 WorkerThread "GC Thread#7"                     [id=832, stack(0x000000e606000000,0x000000e606100000) (1024K)]
  0x000002d4ec9ef580 WorkerThread "GC Thread#8"                     [id=17884, stack(0x000000e606100000,0x000000e606200000) (1024K)]
  0x000002d4ec9eee40 WorkerThread "GC Thread#9"                     [id=10848, stack(0x000000e606200000,0x000000e606300000) (1024K)]
  0x000002d4ce0a7d10 ConcurrentGCThread "G1 Main Marker"            [id=9092, stack(0x000000e604400000,0x000000e604500000) (1024K)]
  0x000002d4ce0a91d0 WorkerThread "G1 Conc#0"                       [id=9652, stack(0x000000e604500000,0x000000e604600000) (1024K)]
  0x000002d4ec9eeaa0 WorkerThread "G1 Conc#1"                       [id=13364, stack(0x000000e606300000,0x000000e606400000) (1024K)]
  0x000002d4ec9ef920 WorkerThread "G1 Conc#2"                       [id=20936, stack(0x000000e606400000,0x000000e606500000) (1024K)]
  0x000002d4e56f69b0 ConcurrentGCThread "G1 Refine#0"               [id=2492, stack(0x000000e604600000,0x000000e604700000) (1024K)]
  0x000002d4e56f72d0 ConcurrentGCThread "G1 Service"                [id=4672, stack(0x000000e604700000,0x000000e604800000) (1024K)]
Total: 18

Threads with active compile tasks:
C2 CompilerThread0  1151961 39760       4       com.android.tools.r8.internal.r31::b (911 bytes)
C2 CompilerThread1  1151961 39785       4       com.android.tools.r8.ir.optimize.f0::a (724 bytes)
C2 CompilerThread2  1151961 39758       4       com.android.tools.r8.internal.l32::a (3042 bytes)
Total: 3

VM state: not at safepoint (normal execution)

VM Mutex/Monitor currently owned by a thread: None

Heap address: 0x0000000080000000, size: 2048 MB, Compressed Oops mode: 32-bit

CDS archive(s) not mapped
Compressed class space mapped at: 0x0000000100000000-0x0000000140000000, reserved size: 1073741824
Narrow klass base: 0x0000000000000000, Narrow klass shift: 3, Narrow klass range: 0x140000000

GC Precious Log:
 CardTable entry size: 512
 Card Set container configuration: InlinePtr #cards 5 size 8 Array Of Cards #cards 12 size 40 Howl #buckets 4 coarsen threshold 1843 Howl Bitmap #cards 512 size 80 coarsen threshold 460 Card regions per heap region 1 cards per card region 2048
 CPUs: 12 total, 12 available
 Memory: 11913M
 Large Page Support: Disabled
 NUMA Support: Disabled
 Compressed Oops: Enabled (32-bit)
 Heap Region Size: 1M
 Heap Min Capacity: 8M
 Heap Initial Capacity: 188M
 Heap Max Capacity: 2G
 Pre-touch: Disabled
 Parallel Workers: 10
 Concurrent Workers: 3
 Concurrent Refinement Workers: 10
 Periodic GC: Disabled

Heap:
 garbage-first heap   total 894976K, used 788892K [0x0000000080000000, 0x0000000100000000)
  region size 1024K, 489 young (500736K), 18 survivors (18432K)
 Metaspace       used 174012K, committed 176640K, reserved 1245184K
  class space    used 23957K, committed 25216K, reserved 1048576K

Heap Regions: E=young(eden), S=young(survivor), O=old, HS=humongous(starts), HC=humongous(continues), CS=collection set, F=free, TAMS=top-at-mark-start, PB=parsable bottom
|   0|0x0000000080000000, 0x0000000080100000, 0x0000000080100000|100%|HS|  |TAMS 0x0000000080000000| PB 0x0000000080000000| Complete 
|   1|0x0000000080100000, 0x0000000080200000, 0x0000000080200000|100%|HC|  |TAMS 0x0000000080100000| PB 0x0000000080100000| Complete 
|   2|0x0000000080200000, 0x0000000080300000, 0x0000000080300000|100%|HC|  |TAMS 0x0000000080200000| PB 0x0000000080200000| Complete 
|   3|0x0000000080300000, 0x0000000080400000, 0x0000000080400000|100%| O|  |TAMS 0x0000000080300000| PB 0x0000000080300000| Untracked 
|   4|0x0000000080400000, 0x0000000080500000, 0x0000000080500000|100%| O|  |TAMS 0x0000000080400000| PB 0x0000000080400000| Untracked 
|   5|0x0000000080500000, 0x0000000080600000, 0x0000000080600000|100%| O|  |TAMS 0x0000000080500000| PB 0x0000000080500000| Untracked 
|   6|0x0000000080600000, 0x0000000080700000, 0x0000000080700000|100%|HS|  |TAMS 0x0000000080600000| PB 0x0000000080600000| Complete 
|   7|0x0000000080700000, 0x0000000080800000, 0x0000000080800000|100%| O|  |TAMS 0x0000000080700000| PB 0x0000000080700000| Untracked 
|   8|0x0000000080800000, 0x0000000080900000, 0x0000000080900000|100%| O|  |TAMS 0x0000000080800000| PB 0x0000000080800000| Untracked 
|   9|0x0000000080900000, 0x0000000080a00000, 0x0000000080a00000|100%| O|  |TAMS 0x0000000080900000| PB 0x0000000080900000| Untracked 
|  10|0x0000000080a00000, 0x0000000080b00000, 0x0000000080b00000|100%| O|  |TAMS 0x0000000080a00000| PB 0x0000000080a00000| Untracked 
|  11|0x0000000080b00000, 0x0000000080c00000, 0x0000000080c00000|100%| O|  |TAMS 0x0000000080b00000| PB 0x0000000080b00000| Untracked 
|  12|0x0000000080c00000, 0x0000000080d00000, 0x0000000080d00000|100%| O|  |TAMS 0x0000000080c00000| PB 0x0000000080c00000| Untracked 
|  13|0x0000000080d00000, 0x0000000080e00000, 0x0000000080e00000|100%| O|  |TAMS 0x0000000080d00000| PB 0x0000000080d00000| Untracked 
|  14|0x0000000080e00000, 0x0000000080f00000, 0x0000000080f00000|100%| O|  |TAMS 0x0000000080e00000| PB 0x0000000080e00000| Untracked 
|  15|0x0000000080f00000, 0x0000000081000000, 0x0000000081000000|100%| O|  |TAMS 0x0000000080f00000| PB 0x0000000080f00000| Untracked 
|  16|0x0000000081000000, 0x0000000081100000, 0x0000000081100000|100%| O|  |TAMS 0x0000000081000000| PB 0x0000000081000000| Untracked 
|  17|0x0000000081100000, 0x0000000081200000, 0x0000000081200000|100%|HS|  |TAMS 0x0000000081100000| PB 0x0000000081100000| Complete 
|  18|0x0000000081200000, 0x0000000081300000, 0x0000000081300000|100%|HC|  |TAMS 0x0000000081200000| PB 0x0000000081200000| Complete 
|  19|0x0000000081300000, 0x0000000081400000, 0x0000000081400000|100%|HC|  |TAMS 0x0000000081300000| PB 0x0000000081300000| Complete 
|  20|0x0000000081400000, 0x0000000081500000, 0x0000000081500000|100%|HC|  |TAMS 0x0000000081400000| PB 0x0000000081400000| Complete 
|  21|0x0000000081500000, 0x0000000081600000, 0x0000000081600000|100%|HC|  |TAMS 0x0000000081500000| PB 0x0000000081500000| Complete 
|  22|0x0000000081600000, 0x0000000081700000, 0x0000000081700000|100%|HC|  |TAMS 0x0000000081600000| PB 0x0000000081600000| Complete 
|  23|0x0000000081700000, 0x0000000081800000, 0x0000000081800000|100%|HS|  |TAMS 0x0000000081700000| PB 0x0000000081700000| Complete 
|  24|0x0000000081800000, 0x0000000081900000, 0x0000000081900000|100%|HC|  |TAMS 0x0000000081800000| PB 0x0000000081800000| Complete 
|  25|0x0000000081900000, 0x0000000081a00000, 0x0000000081a00000|100%|HS|  |TAMS 0x0000000081900000| PB 0x0000000081900000| Complete 
|  26|0x0000000081a00000, 0x0000000081b00000, 0x0000000081b00000|100%|HS|  |TAMS 0x0000000081a00000| PB 0x0000000081a00000| Complete 
|  27|0x0000000081b00000, 0x0000000081c00000, 0x0000000081c00000|100%|HC|  |TAMS 0x0000000081b00000| PB 0x0000000081b00000| Complete 
|  28|0x0000000081c00000, 0x0000000081d00000, 0x0000000081d00000|100%|HC|  |TAMS 0x0000000081c00000| PB 0x0000000081c00000| Complete 
|  29|0x0000000081d00000, 0x0000000081e00000, 0x0000000081e00000|100%|HC|  |TAMS 0x0000000081d00000| PB 0x0000000081d00000| Complete 
|  30|0x0000000081e00000, 0x0000000081f00000, 0x0000000081f00000|100%|HC|  |TAMS 0x0000000081e00000| PB 0x0000000081e00000| Complete 
|  31|0x0000000081f00000, 0x0000000082000000, 0x0000000082000000|100%|HC|  |TAMS 0x0000000081f00000| PB 0x0000000081f00000| Complete 
|  32|0x0000000082000000, 0x0000000082100000, 0x0000000082100000|100%|HS|  |TAMS 0x0000000082000000| PB 0x0000000082000000| Complete 
|  33|0x0000000082100000, 0x0000000082200000, 0x0000000082200000|100%|HC|  |TAMS 0x0000000082100000| PB 0x0000000082100000| Complete 
|  34|0x0000000082200000, 0x0000000082300000, 0x0000000082300000|100%|HS|  |TAMS 0x0000000082200000| PB 0x0000000082200000| Complete 
|  35|0x0000000082300000, 0x0000000082400000, 0x0000000082400000|100%| O|  |TAMS 0x0000000082300000| PB 0x0000000082300000| Untracked 
|  36|0x0000000082400000, 0x0000000082500000, 0x0000000082500000|100%| O|  |TAMS 0x0000000082400000| PB 0x0000000082400000| Untracked 
|  37|0x0000000082500000, 0x0000000082600000, 0x0000000082600000|100%| O|  |TAMS 0x0000000082500000| PB 0x0000000082500000| Untracked 
|  38|0x0000000082600000, 0x0000000082700000, 0x0000000082700000|100%| O|  |TAMS 0x0000000082600000| PB 0x0000000082600000| Untracked 
|  39|0x0000000082700000, 0x0000000082800000, 0x0000000082800000|100%| O|  |TAMS 0x0000000082700000| PB 0x0000000082700000| Untracked 
|  40|0x0000000082800000, 0x0000000082900000, 0x0000000082900000|100%| O|  |TAMS 0x0000000082800000| PB 0x0000000082800000| Untracked 
|  41|0x0000000082900000, 0x0000000082a00000, 0x0000000082a00000|100%| O|  |TAMS 0x0000000082900000| PB 0x0000000082900000| Untracked 
|  42|0x0000000082a00000, 0x0000000082b00000, 0x0000000082b00000|100%| O|  |TAMS 0x0000000082a00000| PB 0x0000000082a00000| Untracked 
|  43|0x0000000082b00000, 0x0000000082c00000, 0x0000000082c00000|100%| O|  |TAMS 0x0000000082b00000| PB 0x0000000082b00000| Untracked 
|  44|0x0000000082c00000, 0x0000000082d00000, 0x0000000082d00000|100%| O|  |TAMS 0x0000000082c00000| PB 0x0000000082c00000| Untracked 
|  45|0x0000000082d00000, 0x0000000082e00000, 0x0000000082e00000|100%| O|  |TAMS 0x0000000082d00000| PB 0x0000000082d00000| Untracked 
|  46|0x0000000082e00000, 0x0000000082f00000, 0x0000000082f00000|100%| O|  |TAMS 0x0000000082e00000| PB 0x0000000082e00000| Untracked 
|  47|0x0000000082f00000, 0x0000000083000000, 0x0000000083000000|100%| O|  |TAMS 0x0000000082f00000| PB 0x0000000082f00000| Untracked 
|  48|0x0000000083000000, 0x0000000083100000, 0x0000000083100000|100%| O|  |TAMS 0x0000000083000000| PB 0x0000000083000000| Untracked 
|  49|0x0000000083100000, 0x0000000083200000, 0x0000000083200000|100%| O|  |TAMS 0x0000000083100000| PB 0x0000000083100000| Untracked 
|  50|0x0000000083200000, 0x0000000083300000, 0x0000000083300000|100%|HS|  |TAMS 0x0000000083200000| PB 0x0000000083200000| Complete 
|  51|0x0000000083300000, 0x0000000083400000, 0x0000000083400000|100%|HC|  |TAMS 0x0000000083300000| PB 0x0000000083300000| Complete 
|  52|0x0000000083400000, 0x0000000083500000, 0x0000000083500000|100%| O|  |TAMS 0x0000000083400000| PB 0x0000000083400000| Untracked 
|  53|0x0000000083500000, 0x0000000083600000, 0x0000000083600000|100%| O|  |TAMS 0x0000000083500000| PB 0x0000000083500000| Untracked 
|  54|0x0000000083600000, 0x0000000083700000, 0x0000000083700000|100%| O|  |TAMS 0x0000000083600000| PB 0x0000000083600000| Untracked 
|  55|0x0000000083700000, 0x0000000083800000, 0x0000000083800000|100%| O|  |TAMS 0x0000000083700000| PB 0x0000000083700000| Untracked 
|  56|0x0000000083800000, 0x0000000083900000, 0x0000000083900000|100%| O|  |TAMS 0x0000000083800000| PB 0x0000000083800000| Untracked 
|  57|0x0000000083900000, 0x0000000083a00000, 0x0000000083a00000|100%| O|  |TAMS 0x0000000083900000| PB 0x0000000083900000| Untracked 
|  58|0x0000000083a00000, 0x0000000083b00000, 0x0000000083b00000|100%| O|  |TAMS 0x0000000083a00000| PB 0x0000000083a00000| Untracked 
|  59|0x0000000083b00000, 0x0000000083c00000, 0x0000000083c00000|100%| O|  |TAMS 0x0000000083b00000| PB 0x0000000083b00000| Untracked 
|  60|0x0000000083c00000, 0x0000000083d00000, 0x0000000083d00000|100%| O|  |TAMS 0x0000000083c00000| PB 0x0000000083c00000| Untracked 
|  61|0x0000000083d00000, 0x0000000083e00000, 0x0000000083e00000|100%| O|  |TAMS 0x0000000083d00000| PB 0x0000000083d00000| Untracked 
|  62|0x0000000083e00000, 0x0000000083f00000, 0x0000000083f00000|100%| O|  |TAMS 0x0000000083e00000| PB 0x0000000083e00000| Untracked 
|  63|0x0000000083f00000, 0x0000000084000000, 0x0000000084000000|100%| O|  |TAMS 0x0000000083f00000| PB 0x0000000083f00000| Untracked 
|  64|0x0000000084000000, 0x0000000084100000, 0x0000000084100000|100%| O|  |TAMS 0x0000000084000000| PB 0x0000000084000000| Untracked 
|  65|0x0000000084100000, 0x0000000084200000, 0x0000000084200000|100%| O|  |TAMS 0x0000000084100000| PB 0x0000000084100000| Untracked 
|  66|0x0000000084200000, 0x0000000084300000, 0x0000000084300000|100%|HS|  |TAMS 0x0000000084200000| PB 0x0000000084200000| Complete 
|  67|0x0000000084300000, 0x0000000084400000, 0x0000000084400000|100%| O|  |TAMS 0x0000000084300000| PB 0x0000000084300000| Untracked 
|  68|0x0000000084400000, 0x0000000084500000, 0x0000000084500000|100%|HS|  |TAMS 0x0000000084400000| PB 0x0000000084400000| Complete 
|  69|0x0000000084500000, 0x0000000084600000, 0x0000000084600000|100%|HS|  |TAMS 0x0000000084500000| PB 0x0000000084500000| Complete 
|  70|0x0000000084600000, 0x0000000084700000, 0x0000000084700000|100%|HC|  |TAMS 0x0000000084600000| PB 0x0000000084600000| Complete 
|  71|0x0000000084700000, 0x0000000084800000, 0x0000000084800000|100%|HS|  |TAMS 0x0000000084700000| PB 0x0000000084700000| Complete 
|  72|0x0000000084800000, 0x0000000084900000, 0x0000000084900000|100%|HC|  |TAMS 0x0000000084800000| PB 0x0000000084800000| Complete 
|  73|0x0000000084900000, 0x0000000084a00000, 0x0000000084a00000|100%| O|  |TAMS 0x0000000084900000| PB 0x0000000084900000| Untracked 
|  74|0x0000000084a00000, 0x0000000084b00000, 0x0000000084b00000|100%| O|  |TAMS 0x0000000084a00000| PB 0x0000000084a00000| Untracked 
|  75|0x0000000084b00000, 0x0000000084c00000, 0x0000000084c00000|100%| O|  |TAMS 0x0000000084b00000| PB 0x0000000084b00000| Untracked 
|  76|0x0000000084c00000, 0x0000000084d00000, 0x0000000084d00000|100%| O|  |TAMS 0x0000000084c00000| PB 0x0000000084c00000| Untracked 
|  77|0x0000000084d00000, 0x0000000084e00000, 0x0000000084e00000|100%| O|  |TAMS 0x0000000084d00000| PB 0x0000000084d00000| Untracked 
|  78|0x0000000084e00000, 0x0000000084f00000, 0x0000000084f00000|100%|HS|  |TAMS 0x0000000084e00000| PB 0x0000000084e00000| Complete 
|  79|0x0000000084f00000, 0x0000000085000000, 0x0000000085000000|100%|HS|  |TAMS 0x0000000084f00000| PB 0x0000000084f00000| Complete 
|  80|0x0000000085000000, 0x0000000085100000, 0x0000000085100000|100%|HS|  |TAMS 0x0000000085000000| PB 0x0000000085000000| Complete 
|  81|0x0000000085100000, 0x0000000085200000, 0x0000000085200000|100%|HC|  |TAMS 0x0000000085100000| PB 0x0000000085100000| Complete 
|  82|0x0000000085200000, 0x0000000085300000, 0x0000000085300000|100%|HC|  |TAMS 0x0000000085200000| PB 0x0000000085200000| Complete 
|  83|0x0000000085300000, 0x0000000085400000, 0x0000000085400000|100%|HC|  |TAMS 0x0000000085300000| PB 0x0000000085300000| Complete 
|  84|0x0000000085400000, 0x0000000085500000, 0x0000000085500000|100%|HS|  |TAMS 0x0000000085400000| PB 0x0000000085400000| Complete 
|  85|0x0000000085500000, 0x0000000085600000, 0x0000000085600000|100%| O|  |TAMS 0x0000000085500000| PB 0x0000000085500000| Untracked 
|  86|0x0000000085600000, 0x0000000085700000, 0x0000000085700000|100%|HS|  |TAMS 0x0000000085600000| PB 0x0000000085600000| Complete 
|  87|0x0000000085700000, 0x0000000085800000, 0x0000000085800000|100%| O|  |TAMS 0x0000000085700000| PB 0x0000000085700000| Untracked 
|  88|0x0000000085800000, 0x0000000085900000, 0x0000000085900000|100%| O|  |TAMS 0x0000000085800000| PB 0x0000000085800000| Untracked 
|  89|0x0000000085900000, 0x0000000085a00000, 0x0000000085a00000|100%| O|  |TAMS 0x0000000085900000| PB 0x0000000085900000| Untracked 
|  90|0x0000000085a00000, 0x0000000085b00000, 0x0000000085b00000|100%| O|  |TAMS 0x0000000085a00000| PB 0x0000000085a00000| Untracked 
|  91|0x0000000085b00000, 0x0000000085c00000, 0x0000000085c00000|100%| O|  |TAMS 0x0000000085b00000| PB 0x0000000085b00000| Untracked 
|  92|0x0000000085c00000, 0x0000000085d00000, 0x0000000085d00000|100%| O|  |TAMS 0x0000000085c00000| PB 0x0000000085c00000| Untracked 
|  93|0x0000000085d00000, 0x0000000085e00000, 0x0000000085e00000|100%| O|  |TAMS 0x0000000085d00000| PB 0x0000000085d00000| Untracked 
|  94|0x0000000085e00000, 0x0000000085f00000, 0x0000000085f00000|100%| O|  |TAMS 0x0000000085e00000| PB 0x0000000085e00000| Untracked 
|  95|0x0000000085f00000, 0x0000000086000000, 0x0000000086000000|100%| O|  |TAMS 0x0000000085f00000| PB 0x0000000085f00000| Untracked 
|  96|0x0000000086000000, 0x0000000086100000, 0x0000000086100000|100%| O|  |TAMS 0x0000000086000000| PB 0x0000000086000000| Untracked 
|  97|0x0000000086100000, 0x0000000086200000, 0x0000000086200000|100%| O|  |TAMS 0x0000000086100000| PB 0x0000000086100000| Untracked 
|  98|0x0000000086200000, 0x0000000086300000, 0x0000000086300000|100%|HS|  |TAMS 0x0000000086200000| PB 0x0000000086200000| Complete 
|  99|0x0000000086300000, 0x0000000086400000, 0x0000000086400000|100%|HS|  |TAMS 0x0000000086300000| PB 0x0000000086300000| Complete 
| 100|0x0000000086400000, 0x0000000086500000, 0x0000000086500000|100%|HC|  |TAMS 0x0000000086400000| PB 0x0000000086400000| Complete 
| 101|0x0000000086500000, 0x0000000086600000, 0x0000000086600000|100%|HC|  |TAMS 0x0000000086500000| PB 0x0000000086500000| Complete 
| 102|0x0000000086600000, 0x0000000086700000, 0x0000000086700000|100%|HC|  |TAMS 0x0000000086600000| PB 0x0000000086600000| Complete 
| 103|0x0000000086700000, 0x0000000086800000, 0x0000000086800000|100%| O|  |TAMS 0x0000000086700000| PB 0x0000000086700000| Untracked 
| 104|0x0000000086800000, 0x0000000086900000, 0x0000000086900000|100%| O|  |TAMS 0x0000000086800000| PB 0x0000000086800000| Untracked 
| 105|0x0000000086900000, 0x0000000086a00000, 0x0000000086a00000|100%| O|  |TAMS 0x0000000086900000| PB 0x0000000086900000| Untracked 
| 106|0x0000000086a00000, 0x0000000086b00000, 0x0000000086b00000|100%| O|  |TAMS 0x0000000086a00000| PB 0x0000000086a00000| Untracked 
| 107|0x0000000086b00000, 0x0000000086c00000, 0x0000000086c00000|100%| O|  |TAMS 0x0000000086b00000| PB 0x0000000086b00000| Untracked 
| 108|0x0000000086c00000, 0x0000000086d00000, 0x0000000086d00000|100%| O|  |TAMS 0x0000000086c00000| PB 0x0000000086c00000| Untracked 
| 109|0x0000000086d00000, 0x0000000086e00000, 0x0000000086e00000|100%| O|  |TAMS 0x0000000086d00000| PB 0x0000000086d00000| Untracked 
| 110|0x0000000086e00000, 0x0000000086f00000, 0x0000000086f00000|100%| O|  |TAMS 0x0000000086e00000| PB 0x0000000086e00000| Untracked 
| 111|0x0000000086f00000, 0x0000000087000000, 0x0000000087000000|100%| O|  |TAMS 0x0000000086f00000| PB 0x0000000086f00000| Untracked 
| 112|0x0000000087000000, 0x0000000087100000, 0x0000000087100000|100%| O|Cm|TAMS 0x0000000087000000| PB 0x0000000087000000| Complete 
| 113|0x0000000087100000, 0x0000000087200000, 0x0000000087200000|100%| O|  |TAMS 0x0000000087100000| PB 0x0000000087100000| Untracked 
| 114|0x0000000087200000, 0x0000000087300000, 0x0000000087300000|100%|HS|  |TAMS 0x0000000087200000| PB 0x0000000087200000| Complete 
| 115|0x0000000087300000, 0x0000000087400000, 0x0000000087400000|100%|HC|  |TAMS 0x0000000087300000| PB 0x0000000087300000| Complete 
| 116|0x0000000087400000, 0x0000000087500000, 0x0000000087500000|100%| O|  |TAMS 0x0000000087400000| PB 0x0000000087400000| Untracked 
| 117|0x0000000087500000, 0x0000000087600000, 0x0000000087600000|100%| O|  |TAMS 0x0000000087500000| PB 0x0000000087500000| Untracked 
| 118|0x0000000087600000, 0x0000000087700000, 0x0000000087700000|100%| O|  |TAMS 0x0000000087600000| PB 0x0000000087600000| Untracked 
| 119|0x0000000087700000, 0x0000000087800000, 0x0000000087800000|100%| O|  |TAMS 0x0000000087700000| PB 0x0000000087700000| Untracked 
| 120|0x0000000087800000, 0x0000000087900000, 0x0000000087900000|100%| O|  |TAMS 0x0000000087800000| PB 0x0000000087800000| Untracked 
| 121|0x0000000087900000, 0x0000000087a00000, 0x0000000087a00000|100%| O|  |TAMS 0x0000000087900000| PB 0x0000000087900000| Untracked 
| 122|0x0000000087a00000, 0x0000000087b00000, 0x0000000087b00000|100%| O|  |TAMS 0x0000000087a00000| PB 0x0000000087a00000| Untracked 
| 123|0x0000000087b00000, 0x0000000087c00000, 0x0000000087c00000|100%| O|  |TAMS 0x0000000087b00000| PB 0x0000000087b00000| Untracked 
| 124|0x0000000087c00000, 0x0000000087d00000, 0x0000000087d00000|100%| O|  |TAMS 0x0000000087c00000| PB 0x0000000087c00000| Untracked 
| 125|0x0000000087d00000, 0x0000000087e00000, 0x0000000087e00000|100%| O|  |TAMS 0x0000000087d00000| PB 0x0000000087d00000| Untracked 
| 126|0x0000000087e00000, 0x0000000087f00000, 0x0000000087f00000|100%| O|  |TAMS 0x0000000087e00000| PB 0x0000000087e00000| Untracked 
| 127|0x0000000087f00000, 0x0000000088000000, 0x0000000088000000|100%| O|  |TAMS 0x0000000087f00000| PB 0x0000000087f00000| Untracked 
| 128|0x0000000088000000, 0x0000000088100000, 0x0000000088100000|100%| O|  |TAMS 0x0000000088000000| PB 0x0000000088000000| Untracked 
| 129|0x0000000088100000, 0x0000000088200000, 0x0000000088200000|100%| O|  |TAMS 0x0000000088100000| PB 0x0000000088100000| Untracked 
| 130|0x0000000088200000, 0x0000000088300000, 0x0000000088300000|100%| O|  |TAMS 0x0000000088200000| PB 0x0000000088200000| Untracked 
| 131|0x0000000088300000, 0x0000000088400000, 0x0000000088400000|100%| O|  |TAMS 0x0000000088300000| PB 0x0000000088300000| Untracked 
| 132|0x0000000088400000, 0x0000000088500000, 0x0000000088500000|100%| O|  |TAMS 0x0000000088400000| PB 0x0000000088400000| Untracked 
| 133|0x0000000088500000, 0x0000000088600000, 0x0000000088600000|100%| O|  |TAMS 0x0000000088500000| PB 0x0000000088500000| Untracked 
| 134|0x0000000088600000, 0x0000000088700000, 0x0000000088700000|100%| O|  |TAMS 0x0000000088600000| PB 0x0000000088600000| Untracked 
| 135|0x0000000088700000, 0x0000000088800000, 0x0000000088800000|100%| O|  |TAMS 0x0000000088700000| PB 0x0000000088700000| Untracked 
| 136|0x0000000088800000, 0x0000000088900000, 0x0000000088900000|100%| O|  |TAMS 0x0000000088800000| PB 0x0000000088800000| Untracked 
| 137|0x0000000088900000, 0x0000000088a00000, 0x0000000088a00000|100%| O|  |TAMS 0x0000000088900000| PB 0x0000000088900000| Untracked 
| 138|0x0000000088a00000, 0x0000000088b00000, 0x0000000088b00000|100%| O|  |TAMS 0x0000000088a00000| PB 0x0000000088a00000| Untracked 
| 139|0x0000000088b00000, 0x0000000088c00000, 0x0000000088c00000|100%| O|  |TAMS 0x0000000088b00000| PB 0x0000000088b00000| Untracked 
| 140|0x0000000088c00000, 0x0000000088d00000, 0x0000000088d00000|100%| O|  |TAMS 0x0000000088c00000| PB 0x0000000088c00000| Untracked 
| 141|0x0000000088d00000, 0x0000000088e00000, 0x0000000088e00000|100%| O|  |TAMS 0x0000000088d00000| PB 0x0000000088d00000| Untracked 
| 142|0x0000000088e00000, 0x0000000088f00000, 0x0000000088f00000|100%| O|  |TAMS 0x0000000088e00000| PB 0x0000000088e00000| Untracked 
| 143|0x0000000088f00000, 0x0000000089000000, 0x0000000089000000|100%| O|  |TAMS 0x0000000088f00000| PB 0x0000000088f00000| Untracked 
| 144|0x0000000089000000, 0x0000000089100000, 0x0000000089100000|100%| O|  |TAMS 0x0000000089000000| PB 0x0000000089000000| Untracked 
| 145|0x0000000089100000, 0x0000000089200000, 0x0000000089200000|100%| O|Cm|TAMS 0x0000000089100000| PB 0x0000000089100000| Complete 
| 146|0x0000000089200000, 0x0000000089300000, 0x0000000089300000|100%| O|  |TAMS 0x0000000089200000| PB 0x0000000089200000| Untracked 
| 147|0x0000000089300000, 0x0000000089400000, 0x0000000089400000|100%| O|  |TAMS 0x0000000089300000| PB 0x0000000089300000| Untracked 
| 148|0x0000000089400000, 0x0000000089500000, 0x0000000089500000|100%| O|Cm|TAMS 0x0000000089400000| PB 0x0000000089400000| Complete 
| 149|0x0000000089500000, 0x0000000089600000, 0x0000000089600000|100%| O|  |TAMS 0x0000000089500000| PB 0x0000000089500000| Untracked 
| 150|0x0000000089600000, 0x0000000089700000, 0x0000000089700000|100%| O|  |TAMS 0x0000000089600000| PB 0x0000000089600000| Untracked 
| 151|0x0000000089700000, 0x0000000089800000, 0x0000000089800000|100%| O|Cm|TAMS 0x0000000089700000| PB 0x0000000089700000| Complete 
| 152|0x0000000089800000, 0x00000000898dab10, 0x0000000089900000| 85%| O|  |TAMS 0x0000000089800000| PB 0x0000000089800000| Untracked 
| 153|0x0000000089900000, 0x0000000089a00000, 0x0000000089a00000|100%|HS|  |TAMS 0x0000000089900000| PB 0x0000000089900000| Complete 
| 154|0x0000000089a00000, 0x0000000089b00000, 0x0000000089b00000|100%| O|Cm|TAMS 0x0000000089a00000| PB 0x0000000089a00000| Complete 
| 155|0x0000000089b00000, 0x0000000089c00000, 0x0000000089c00000|100%| O|  |TAMS 0x0000000089b00000| PB 0x0000000089b00000| Untracked 
| 156|0x0000000089c00000, 0x0000000089d00000, 0x0000000089d00000|100%| O|  |TAMS 0x0000000089c00000| PB 0x0000000089c00000| Untracked 
| 157|0x0000000089d00000, 0x0000000089e00000, 0x0000000089e00000|100%|HS|  |TAMS 0x0000000089d00000| PB 0x0000000089d00000| Complete 
| 158|0x0000000089e00000, 0x0000000089f00000, 0x0000000089f00000|100%| O|  |TAMS 0x0000000089e00000| PB 0x0000000089e00000| Untracked 
| 159|0x0000000089f00000, 0x000000008a000000, 0x000000008a000000|100%| O|Cm|TAMS 0x0000000089f00000| PB 0x0000000089f00000| Complete 
| 160|0x000000008a000000, 0x000000008a100000, 0x000000008a100000|100%| O|  |TAMS 0x000000008a000000| PB 0x000000008a000000| Untracked 
| 161|0x000000008a100000, 0x000000008a200000, 0x000000008a200000|100%| O|  |TAMS 0x000000008a100000| PB 0x000000008a100000| Untracked 
| 162|0x000000008a200000, 0x000000008a300000, 0x000000008a300000|100%| O|  |TAMS 0x000000008a200000| PB 0x000000008a200000| Untracked 
| 163|0x000000008a300000, 0x000000008a400000, 0x000000008a400000|100%| O|  |TAMS 0x000000008a300000| PB 0x000000008a300000| Untracked 
| 164|0x000000008a400000, 0x000000008a500000, 0x000000008a500000|100%| O|  |TAMS 0x000000008a400000| PB 0x000000008a400000| Untracked 
| 165|0x000000008a500000, 0x000000008a600000, 0x000000008a600000|100%| O|  |TAMS 0x000000008a500000| PB 0x000000008a500000| Untracked 
| 166|0x000000008a600000, 0x000000008a700000, 0x000000008a700000|100%| O|  |TAMS 0x000000008a600000| PB 0x000000008a600000| Untracked 
| 167|0x000000008a700000, 0x000000008a800000, 0x000000008a800000|100%| O|  |TAMS 0x000000008a700000| PB 0x000000008a700000| Untracked 
| 168|0x000000008a800000, 0x000000008a900000, 0x000000008a900000|100%| O|  |TAMS 0x000000008a800000| PB 0x000000008a800000| Untracked 
| 169|0x000000008a900000, 0x000000008aa00000, 0x000000008aa00000|100%| O|  |TAMS 0x000000008a900000| PB 0x000000008a900000| Untracked 
| 170|0x000000008aa00000, 0x000000008ab00000, 0x000000008ab00000|100%| O|  |TAMS 0x000000008aa00000| PB 0x000000008aa00000| Untracked 
| 171|0x000000008ab00000, 0x000000008ac00000, 0x000000008ac00000|100%| O|Cm|TAMS 0x000000008ab00000| PB 0x000000008ab00000| Complete 
| 172|0x000000008ac00000, 0x000000008ad00000, 0x000000008ad00000|100%| O|  |TAMS 0x000000008ac00000| PB 0x000000008ac00000| Untracked 
| 173|0x000000008ad00000, 0x000000008ae00000, 0x000000008ae00000|100%| O|  |TAMS 0x000000008ad00000| PB 0x000000008ad00000| Untracked 
| 174|0x000000008ae00000, 0x000000008af00000, 0x000000008af00000|100%| O|  |TAMS 0x000000008ae00000| PB 0x000000008ae00000| Untracked 
| 175|0x000000008af00000, 0x000000008b000000, 0x000000008b000000|100%| O|  |TAMS 0x000000008af00000| PB 0x000000008af00000| Untracked 
| 176|0x000000008b000000, 0x000000008b100000, 0x000000008b100000|100%| O|  |TAMS 0x000000008b000000| PB 0x000000008b000000| Untracked 
| 177|0x000000008b100000, 0x000000008b200000, 0x000000008b200000|100%| O|  |TAMS 0x000000008b100000| PB 0x000000008b100000| Untracked 
| 178|0x000000008b200000, 0x000000008b300000, 0x000000008b300000|100%| O|  |TAMS 0x000000008b200000| PB 0x000000008b200000| Untracked 
| 179|0x000000008b300000, 0x000000008b400000, 0x000000008b400000|100%| O|  |TAMS 0x000000008b300000| PB 0x000000008b300000| Untracked 
| 180|0x000000008b400000, 0x000000008b500000, 0x000000008b500000|100%| O|  |TAMS 0x000000008b400000| PB 0x000000008b400000| Untracked 
| 181|0x000000008b500000, 0x000000008b600000, 0x000000008b600000|100%| O|  |TAMS 0x000000008b500000| PB 0x000000008b500000| Untracked 
| 182|0x000000008b600000, 0x000000008b700000, 0x000000008b700000|100%| O|Cm|TAMS 0x000000008b600000| PB 0x000000008b600000| Complete 
| 183|0x000000008b700000, 0x000000008b800000, 0x000000008b800000|100%| O|  |TAMS 0x000000008b700000| PB 0x000000008b700000| Untracked 
| 184|0x000000008b800000, 0x000000008b800000, 0x000000008b900000|  0%| F|  |TAMS 0x000000008b800000| PB 0x000000008b800000| Untracked 
| 185|0x000000008b900000, 0x000000008ba00000, 0x000000008ba00000|100%| O|Cm|TAMS 0x000000008b900000| PB 0x000000008b900000| Complete 
| 186|0x000000008ba00000, 0x000000008bb00000, 0x000000008bb00000|100%| O|  |TAMS 0x000000008ba00000| PB 0x000000008ba00000| Untracked 
| 187|0x000000008bb00000, 0x000000008bc00000, 0x000000008bc00000|100%| O|  |TAMS 0x000000008bb00000| PB 0x000000008bb00000| Untracked 
| 188|0x000000008bc00000, 0x000000008bd00000, 0x000000008bd00000|100%| O|  |TAMS 0x000000008bc00000| PB 0x000000008bc00000| Untracked 
| 189|0x000000008bd00000, 0x000000008be00000, 0x000000008be00000|100%| O|  |TAMS 0x000000008bd00000| PB 0x000000008bd00000| Untracked 
| 190|0x000000008be00000, 0x000000008bf00000, 0x000000008bf00000|100%| O|  |TAMS 0x000000008be00000| PB 0x000000008be00000| Untracked 
| 191|0x000000008bf00000, 0x000000008c000000, 0x000000008c000000|100%| O|  |TAMS 0x000000008bf00000| PB 0x000000008bf00000| Untracked 
| 192|0x000000008c000000, 0x000000008c100000, 0x000000008c100000|100%| O|  |TAMS 0x000000008c000000| PB 0x000000008c000000| Untracked 
| 193|0x000000008c100000, 0x000000008c200000, 0x000000008c200000|100%| O|  |TAMS 0x000000008c100000| PB 0x000000008c100000| Untracked 
| 194|0x000000008c200000, 0x000000008c300000, 0x000000008c300000|100%| O|  |TAMS 0x000000008c200000| PB 0x000000008c200000| Untracked 
| 195|0x000000008c300000, 0x000000008c400000, 0x000000008c400000|100%| O|  |TAMS 0x000000008c300000| PB 0x000000008c300000| Untracked 
| 196|0x000000008c400000, 0x000000008c500000, 0x000000008c500000|100%| O|  |TAMS 0x000000008c400000| PB 0x000000008c400000| Untracked 
| 197|0x000000008c500000, 0x000000008c600000, 0x000000008c600000|100%| O|  |TAMS 0x000000008c500000| PB 0x000000008c500000| Untracked 
| 198|0x000000008c600000, 0x000000008c700000, 0x000000008c700000|100%| O|  |TAMS 0x000000008c600000| PB 0x000000008c600000| Untracked 
| 199|0x000000008c700000, 0x000000008c800000, 0x000000008c800000|100%| O|  |TAMS 0x000000008c700000| PB 0x000000008c700000| Untracked 
| 200|0x000000008c800000, 0x000000008c900000, 0x000000008c900000|100%| O|  |TAMS 0x000000008c800000| PB 0x000000008c800000| Untracked 
| 201|0x000000008c900000, 0x000000008ca00000, 0x000000008ca00000|100%| O|  |TAMS 0x000000008c900000| PB 0x000000008c900000| Untracked 
| 202|0x000000008ca00000, 0x000000008cb00000, 0x000000008cb00000|100%| O|  |TAMS 0x000000008ca00000| PB 0x000000008ca00000| Untracked 
| 203|0x000000008cb00000, 0x000000008cc00000, 0x000000008cc00000|100%| O|  |TAMS 0x000000008cb00000| PB 0x000000008cb00000| Untracked 
| 204|0x000000008cc00000, 0x000000008cd00000, 0x000000008cd00000|100%| O|  |TAMS 0x000000008cc00000| PB 0x000000008cc00000| Untracked 
| 205|0x000000008cd00000, 0x000000008ce00000, 0x000000008ce00000|100%| O|  |TAMS 0x000000008cd00000| PB 0x000000008cd00000| Untracked 
| 206|0x000000008ce00000, 0x000000008cf00000, 0x000000008cf00000|100%| O|  |TAMS 0x000000008ce00000| PB 0x000000008ce00000| Untracked 
| 207|0x000000008cf00000, 0x000000008d000000, 0x000000008d000000|100%| O|  |TAMS 0x000000008cf00000| PB 0x000000008cf00000| Untracked 
| 208|0x000000008d000000, 0x000000008d100000, 0x000000008d100000|100%| O|  |TAMS 0x000000008d000000| PB 0x000000008d000000| Untracked 
| 209|0x000000008d100000, 0x000000008d200000, 0x000000008d200000|100%| O|  |TAMS 0x000000008d100000| PB 0x000000008d100000| Untracked 
| 210|0x000000008d200000, 0x000000008d200000, 0x000000008d300000|  0%| F|  |TAMS 0x000000008d200000| PB 0x000000008d200000| Untracked 
| 211|0x000000008d300000, 0x000000008d400000, 0x000000008d400000|100%| O|  |TAMS 0x000000008d300000| PB 0x000000008d300000| Untracked 
| 212|0x000000008d400000, 0x000000008d500000, 0x000000008d500000|100%| O|  |TAMS 0x000000008d400000| PB 0x000000008d400000| Untracked 
| 213|0x000000008d500000, 0x000000008d600000, 0x000000008d600000|100%| O|  |TAMS 0x000000008d500000| PB 0x000000008d500000| Untracked 
| 214|0x000000008d600000, 0x000000008d700000, 0x000000008d700000|100%| O|  |TAMS 0x000000008d600000| PB 0x000000008d600000| Untracked 
| 215|0x000000008d700000, 0x000000008d800000, 0x000000008d800000|100%| O|  |TAMS 0x000000008d700000| PB 0x000000008d700000| Untracked 
| 216|0x000000008d800000, 0x000000008d900000, 0x000000008d900000|100%| O|  |TAMS 0x000000008d800000| PB 0x000000008d800000| Untracked 
| 217|0x000000008d900000, 0x000000008da00000, 0x000000008da00000|100%| O|  |TAMS 0x000000008d900000| PB 0x000000008d900000| Untracked 
| 218|0x000000008da00000, 0x000000008db00000, 0x000000008db00000|100%| O|  |TAMS 0x000000008da00000| PB 0x000000008da00000| Untracked 
| 219|0x000000008db00000, 0x000000008dc00000, 0x000000008dc00000|100%| O|  |TAMS 0x000000008db00000| PB 0x000000008db00000| Untracked 
| 220|0x000000008dc00000, 0x000000008dd00000, 0x000000008dd00000|100%| O|  |TAMS 0x000000008dc00000| PB 0x000000008dc00000| Untracked 
| 221|0x000000008dd00000, 0x000000008de00000, 0x000000008de00000|100%| O|  |TAMS 0x000000008dd00000| PB 0x000000008dd00000| Untracked 
| 222|0x000000008de00000, 0x000000008df00000, 0x000000008df00000|100%| O|  |TAMS 0x000000008de00000| PB 0x000000008de00000| Untracked 
| 223|0x000000008df00000, 0x000000008e000000, 0x000000008e000000|100%| O|  |TAMS 0x000000008df00000| PB 0x000000008df00000| Untracked 
| 224|0x000000008e000000, 0x000000008e100000, 0x000000008e100000|100%| O|Cm|TAMS 0x000000008e000000| PB 0x000000008e000000| Complete 
| 225|0x000000008e100000, 0x000000008e200000, 0x000000008e200000|100%| O|  |TAMS 0x000000008e100000| PB 0x000000008e100000| Untracked 
| 226|0x000000008e200000, 0x000000008e300000, 0x000000008e300000|100%| O|  |TAMS 0x000000008e200000| PB 0x000000008e200000| Untracked 
| 227|0x000000008e300000, 0x000000008e400000, 0x000000008e400000|100%| O|  |TAMS 0x000000008e300000| PB 0x000000008e300000| Untracked 
| 228|0x000000008e400000, 0x000000008e500000, 0x000000008e500000|100%| O|  |TAMS 0x000000008e400000| PB 0x000000008e400000| Untracked 
| 229|0x000000008e500000, 0x000000008e600000, 0x000000008e600000|100%| O|  |TAMS 0x000000008e500000| PB 0x000000008e500000| Untracked 
| 230|0x000000008e600000, 0x000000008e700000, 0x000000008e700000|100%| O|  |TAMS 0x000000008e600000| PB 0x000000008e600000| Untracked 
| 231|0x000000008e700000, 0x000000008e800000, 0x000000008e800000|100%| O|  |TAMS 0x000000008e700000| PB 0x000000008e700000| Untracked 
| 232|0x000000008e800000, 0x000000008e900000, 0x000000008e900000|100%| O|  |TAMS 0x000000008e800000| PB 0x000000008e800000| Untracked 
| 233|0x000000008e900000, 0x000000008ea00000, 0x000000008ea00000|100%| O|  |TAMS 0x000000008e900000| PB 0x000000008e900000| Untracked 
| 234|0x000000008ea00000, 0x000000008eb00000, 0x000000008eb00000|100%| O|  |TAMS 0x000000008ea00000| PB 0x000000008ea00000| Untracked 
| 235|0x000000008eb00000, 0x000000008ec00000, 0x000000008ec00000|100%| O|  |TAMS 0x000000008eb00000| PB 0x000000008eb00000| Untracked 
| 236|0x000000008ec00000, 0x000000008ed00000, 0x000000008ed00000|100%| O|  |TAMS 0x000000008ec00000| PB 0x000000008ec00000| Untracked 
| 237|0x000000008ed00000, 0x000000008ee00000, 0x000000008ee00000|100%| O|  |TAMS 0x000000008ed00000| PB 0x000000008ed00000| Untracked 
| 238|0x000000008ee00000, 0x000000008ef00000, 0x000000008ef00000|100%| O|  |TAMS 0x000000008ee00000| PB 0x000000008ee00000| Untracked 
| 239|0x000000008ef00000, 0x000000008f000000, 0x000000008f000000|100%| O|  |TAMS 0x000000008ef00000| PB 0x000000008ef00000| Untracked 
| 240|0x000000008f000000, 0x000000008f100000, 0x000000008f100000|100%| O|  |TAMS 0x000000008f000000| PB 0x000000008f000000| Untracked 
| 241|0x000000008f100000, 0x000000008f200000, 0x000000008f200000|100%| O|  |TAMS 0x000000008f100000| PB 0x000000008f100000| Untracked 
| 242|0x000000008f200000, 0x000000008f300000, 0x000000008f300000|100%| O|  |TAMS 0x000000008f200000| PB 0x000000008f200000| Untracked 
| 243|0x000000008f300000, 0x000000008f400000, 0x000000008f400000|100%| O|  |TAMS 0x000000008f300000| PB 0x000000008f300000| Untracked 
| 244|0x000000008f400000, 0x000000008f500000, 0x000000008f500000|100%| O|  |TAMS 0x000000008f400000| PB 0x000000008f400000| Untracked 
| 245|0x000000008f500000, 0x000000008f600000, 0x000000008f600000|100%| O|  |TAMS 0x000000008f500000| PB 0x000000008f500000| Untracked 
| 246|0x000000008f600000, 0x000000008f700000, 0x000000008f700000|100%| O|  |TAMS 0x000000008f600000| PB 0x000000008f600000| Untracked 
| 247|0x000000008f700000, 0x000000008f800000, 0x000000008f800000|100%| O|  |TAMS 0x000000008f700000| PB 0x000000008f700000| Untracked 
| 248|0x000000008f800000, 0x000000008f900000, 0x000000008f900000|100%| O|  |TAMS 0x000000008f800000| PB 0x000000008f800000| Untracked 
| 249|0x000000008f900000, 0x000000008fa00000, 0x000000008fa00000|100%| O|  |TAMS 0x000000008f900000| PB 0x000000008f900000| Untracked 
| 250|0x000000008fa00000, 0x000000008fb00000, 0x000000008fb00000|100%| O|  |TAMS 0x000000008fa00000| PB 0x000000008fa00000| Untracked 
| 251|0x000000008fb00000, 0x000000008fc00000, 0x000000008fc00000|100%| O|  |TAMS 0x000000008fb00000| PB 0x000000008fb00000| Untracked 
| 252|0x000000008fc00000, 0x000000008fd00000, 0x000000008fd00000|100%| O|  |TAMS 0x000000008fc00000| PB 0x000000008fc00000| Untracked 
| 253|0x000000008fd00000, 0x000000008fe00000, 0x000000008fe00000|100%| O|  |TAMS 0x000000008fd00000| PB 0x000000008fd00000| Untracked 
| 254|0x000000008fe00000, 0x000000008ff00000, 0x000000008ff00000|100%| O|Cm|TAMS 0x000000008fe00000| PB 0x000000008fe00000| Complete 
| 255|0x000000008ff00000, 0x0000000090000000, 0x0000000090000000|100%| O|  |TAMS 0x000000008ff00000| PB 0x000000008ff00000| Untracked 
| 256|0x0000000090000000, 0x0000000090100000, 0x0000000090100000|100%| O|  |TAMS 0x0000000090000000| PB 0x0000000090000000| Untracked 
| 257|0x0000000090100000, 0x0000000090200000, 0x0000000090200000|100%| O|Cm|TAMS 0x0000000090100000| PB 0x0000000090100000| Complete 
| 258|0x0000000090200000, 0x0000000090300000, 0x0000000090300000|100%| O|Cm|TAMS 0x0000000090200000| PB 0x0000000090200000| Complete 
| 259|0x0000000090300000, 0x0000000090400000, 0x0000000090400000|100%| O|  |TAMS 0x0000000090300000| PB 0x0000000090300000| Untracked 
| 260|0x0000000090400000, 0x0000000090500000, 0x0000000090500000|100%| O|  |TAMS 0x0000000090400000| PB 0x0000000090400000| Untracked 
| 261|0x0000000090500000, 0x0000000090600000, 0x0000000090600000|100%| O|  |TAMS 0x0000000090500000| PB 0x0000000090500000| Untracked 
| 262|0x0000000090600000, 0x0000000090700000, 0x0000000090700000|100%| O|  |TAMS 0x0000000090600000| PB 0x0000000090600000| Untracked 
| 263|0x0000000090700000, 0x0000000090800000, 0x0000000090800000|100%| O|  |TAMS 0x0000000090700000| PB 0x0000000090700000| Untracked 
| 264|0x0000000090800000, 0x0000000090900000, 0x0000000090900000|100%| O|  |TAMS 0x0000000090800000| PB 0x0000000090800000| Untracked 
| 265|0x0000000090900000, 0x0000000090a00000, 0x0000000090a00000|100%| O|  |TAMS 0x0000000090900000| PB 0x0000000090900000| Untracked 
| 266|0x0000000090a00000, 0x0000000090b00000, 0x0000000090b00000|100%| O|  |TAMS 0x0000000090a00000| PB 0x0000000090a00000| Untracked 
| 267|0x0000000090b00000, 0x0000000090c00000, 0x0000000090c00000|100%| O|  |TAMS 0x0000000090b00000| PB 0x0000000090b00000| Untracked 
| 268|0x0000000090c00000, 0x0000000090d00000, 0x0000000090d00000|100%| O|  |TAMS 0x0000000090c00000| PB 0x0000000090c00000| Untracked 
| 269|0x0000000090d00000, 0x0000000090e00000, 0x0000000090e00000|100%| O|  |TAMS 0x0000000090d00000| PB 0x0000000090d00000| Untracked 
| 270|0x0000000090e00000, 0x0000000090f00000, 0x0000000090f00000|100%| O|  |TAMS 0x0000000090e00000| PB 0x0000000090e00000| Untracked 
| 271|0x0000000090f00000, 0x0000000090fc4b40, 0x0000000091000000| 76%| O|  |TAMS 0x0000000090f00000| PB 0x0000000090f00000| Untracked 
| 272|0x0000000091000000, 0x0000000091000000, 0x0000000091100000|  0%| F|  |TAMS 0x0000000091000000| PB 0x0000000091000000| Untracked 
| 273|0x0000000091100000, 0x0000000091100000, 0x0000000091200000|  0%| F|  |TAMS 0x0000000091100000| PB 0x0000000091100000| Untracked 
| 274|0x0000000091200000, 0x0000000091200000, 0x0000000091300000|  0%| F|  |TAMS 0x0000000091200000| PB 0x0000000091200000| Untracked 
| 275|0x0000000091300000, 0x0000000091300000, 0x0000000091400000|  0%| F|  |TAMS 0x0000000091300000| PB 0x0000000091300000| Untracked 
| 276|0x0000000091400000, 0x0000000091400000, 0x0000000091500000|  0%| F|  |TAMS 0x0000000091400000| PB 0x0000000091400000| Untracked 
| 277|0x0000000091500000, 0x0000000091500000, 0x0000000091600000|  0%| F|  |TAMS 0x0000000091500000| PB 0x0000000091500000| Untracked 
| 278|0x0000000091600000, 0x0000000091600000, 0x0000000091700000|  0%| F|  |TAMS 0x0000000091600000| PB 0x0000000091600000| Untracked 
| 279|0x0000000091700000, 0x0000000091700000, 0x0000000091800000|  0%| F|  |TAMS 0x0000000091700000| PB 0x0000000091700000| Untracked 
| 280|0x0000000091800000, 0x0000000091800000, 0x0000000091900000|  0%| F|  |TAMS 0x0000000091800000| PB 0x0000000091800000| Untracked 
| 281|0x0000000091900000, 0x0000000091900000, 0x0000000091a00000|  0%| F|  |TAMS 0x0000000091900000| PB 0x0000000091900000| Untracked 
| 282|0x0000000091a00000, 0x0000000091a00000, 0x0000000091b00000|  0%| F|  |TAMS 0x0000000091a00000| PB 0x0000000091a00000| Untracked 
| 283|0x0000000091b00000, 0x0000000091b00000, 0x0000000091c00000|  0%| F|  |TAMS 0x0000000091b00000| PB 0x0000000091b00000| Untracked 
| 284|0x0000000091c00000, 0x0000000091c00000, 0x0000000091d00000|  0%| F|  |TAMS 0x0000000091c00000| PB 0x0000000091c00000| Untracked 
| 285|0x0000000091d00000, 0x0000000091d00000, 0x0000000091e00000|  0%| F|  |TAMS 0x0000000091d00000| PB 0x0000000091d00000| Untracked 
| 286|0x0000000091e00000, 0x0000000091e00000, 0x0000000091f00000|  0%| F|  |TAMS 0x0000000091e00000| PB 0x0000000091e00000| Untracked 
| 287|0x0000000091f00000, 0x0000000091f00000, 0x0000000092000000|  0%| F|  |TAMS 0x0000000091f00000| PB 0x0000000091f00000| Untracked 
| 288|0x0000000092000000, 0x0000000092000000, 0x0000000092100000|  0%| F|  |TAMS 0x0000000092000000| PB 0x0000000092000000| Untracked 
| 289|0x0000000092100000, 0x0000000092100000, 0x0000000092200000|  0%| F|  |TAMS 0x0000000092100000| PB 0x0000000092100000| Untracked 
| 290|0x0000000092200000, 0x0000000092200000, 0x0000000092300000|  0%| F|  |TAMS 0x0000000092200000| PB 0x0000000092200000| Untracked 
| 291|0x0000000092300000, 0x0000000092300000, 0x0000000092400000|  0%| F|  |TAMS 0x0000000092300000| PB 0x0000000092300000| Untracked 
| 292|0x0000000092400000, 0x0000000092400000, 0x0000000092500000|  0%| F|  |TAMS 0x0000000092400000| PB 0x0000000092400000| Untracked 
| 293|0x0000000092500000, 0x0000000092500000, 0x0000000092600000|  0%| F|  |TAMS 0x0000000092500000| PB 0x0000000092500000| Untracked 
| 294|0x0000000092600000, 0x0000000092600000, 0x0000000092700000|  0%| F|  |TAMS 0x0000000092600000| PB 0x0000000092600000| Untracked 
| 295|0x0000000092700000, 0x0000000092700000, 0x0000000092800000|  0%| F|  |TAMS 0x0000000092700000| PB 0x0000000092700000| Untracked 
| 296|0x0000000092800000, 0x0000000092800000, 0x0000000092900000|  0%| F|  |TAMS 0x0000000092800000| PB 0x0000000092800000| Untracked 
| 297|0x0000000092900000, 0x0000000092900000, 0x0000000092a00000|  0%| F|  |TAMS 0x0000000092900000| PB 0x0000000092900000| Untracked 
| 298|0x0000000092a00000, 0x0000000092a00000, 0x0000000092b00000|  0%| F|  |TAMS 0x0000000092a00000| PB 0x0000000092a00000| Untracked 
| 299|0x0000000092b00000, 0x0000000092b00000, 0x0000000092c00000|  0%| F|  |TAMS 0x0000000092b00000| PB 0x0000000092b00000| Untracked 
| 300|0x0000000092c00000, 0x0000000092c00000, 0x0000000092d00000|  0%| F|  |TAMS 0x0000000092c00000| PB 0x0000000092c00000| Untracked 
| 301|0x0000000092d00000, 0x0000000092d00000, 0x0000000092e00000|  0%| F|  |TAMS 0x0000000092d00000| PB 0x0000000092d00000| Untracked 
| 302|0x0000000092e00000, 0x0000000092e00000, 0x0000000092f00000|  0%| F|  |TAMS 0x0000000092e00000| PB 0x0000000092e00000| Untracked 
| 303|0x0000000092f00000, 0x0000000092f00000, 0x0000000093000000|  0%| F|  |TAMS 0x0000000092f00000| PB 0x0000000092f00000| Untracked 
| 304|0x0000000093000000, 0x0000000093000000, 0x0000000093100000|  0%| F|  |TAMS 0x0000000093000000| PB 0x0000000093000000| Untracked 
| 305|0x0000000093100000, 0x0000000093100000, 0x0000000093200000|  0%| F|  |TAMS 0x0000000093100000| PB 0x0000000093100000| Untracked 
| 306|0x0000000093200000, 0x0000000093200000, 0x0000000093300000|  0%| F|  |TAMS 0x0000000093200000| PB 0x0000000093200000| Untracked 
| 307|0x0000000093300000, 0x0000000093300000, 0x0000000093400000|  0%| F|  |TAMS 0x0000000093300000| PB 0x0000000093300000| Untracked 
| 308|0x0000000093400000, 0x0000000093400000, 0x0000000093500000|  0%| F|  |TAMS 0x0000000093400000| PB 0x0000000093400000| Untracked 
| 309|0x0000000093500000, 0x0000000093500000, 0x0000000093600000|  0%| F|  |TAMS 0x0000000093500000| PB 0x0000000093500000| Untracked 
| 310|0x0000000093600000, 0x0000000093600000, 0x0000000093700000|  0%| F|  |TAMS 0x0000000093600000| PB 0x0000000093600000| Untracked 
| 311|0x0000000093700000, 0x0000000093700000, 0x0000000093800000|  0%| F|  |TAMS 0x0000000093700000| PB 0x0000000093700000| Untracked 
| 312|0x0000000093800000, 0x0000000093800000, 0x0000000093900000|  0%| F|  |TAMS 0x0000000093800000| PB 0x0000000093800000| Untracked 
| 313|0x0000000093900000, 0x0000000093900000, 0x0000000093a00000|  0%| F|  |TAMS 0x0000000093900000| PB 0x0000000093900000| Untracked 
| 314|0x0000000093a00000, 0x0000000093a00000, 0x0000000093b00000|  0%| F|  |TAMS 0x0000000093a00000| PB 0x0000000093a00000| Untracked 
| 315|0x0000000093b00000, 0x0000000093b00000, 0x0000000093c00000|  0%| F|  |TAMS 0x0000000093b00000| PB 0x0000000093b00000| Untracked 
| 316|0x0000000093c00000, 0x0000000093c00000, 0x0000000093d00000|  0%| F|  |TAMS 0x0000000093c00000| PB 0x0000000093c00000| Untracked 
| 317|0x0000000093d00000, 0x0000000093d00000, 0x0000000093e00000|  0%| F|  |TAMS 0x0000000093d00000| PB 0x0000000093d00000| Untracked 
| 318|0x0000000093e00000, 0x0000000093e00000, 0x0000000093f00000|  0%| F|  |TAMS 0x0000000093e00000| PB 0x0000000093e00000| Untracked 
| 319|0x0000000093f00000, 0x0000000093fc7a10, 0x0000000094000000| 77%| S|CS|TAMS 0x0000000093f00000| PB 0x0000000093f00000| Complete 
| 320|0x0000000094000000, 0x0000000094100000, 0x0000000094100000|100%| S|CS|TAMS 0x0000000094000000| PB 0x0000000094000000| Complete 
| 321|0x0000000094100000, 0x0000000094200000, 0x0000000094200000|100%| S|CS|TAMS 0x0000000094100000| PB 0x0000000094100000| Complete 
| 322|0x0000000094200000, 0x0000000094300000, 0x0000000094300000|100%| S|CS|TAMS 0x0000000094200000| PB 0x0000000094200000| Complete 
| 323|0x0000000094300000, 0x0000000094400000, 0x0000000094400000|100%| S|CS|TAMS 0x0000000094300000| PB 0x0000000094300000| Complete 
| 324|0x0000000094400000, 0x0000000094500000, 0x0000000094500000|100%| S|CS|TAMS 0x0000000094400000| PB 0x0000000094400000| Complete 
| 325|0x0000000094500000, 0x0000000094600000, 0x0000000094600000|100%| S|CS|TAMS 0x0000000094500000| PB 0x0000000094500000| Complete 
| 326|0x0000000094600000, 0x0000000094700000, 0x0000000094700000|100%| S|CS|TAMS 0x0000000094600000| PB 0x0000000094600000| Complete 
| 327|0x0000000094700000, 0x0000000094800000, 0x0000000094800000|100%| S|CS|TAMS 0x0000000094700000| PB 0x0000000094700000| Complete 
| 328|0x0000000094800000, 0x0000000094900000, 0x0000000094900000|100%| S|CS|TAMS 0x0000000094800000| PB 0x0000000094800000| Complete 
| 329|0x0000000094900000, 0x0000000094a00000, 0x0000000094a00000|100%| S|CS|TAMS 0x0000000094900000| PB 0x0000000094900000| Complete 
| 330|0x0000000094a00000, 0x0000000094b00000, 0x0000000094b00000|100%| S|CS|TAMS 0x0000000094a00000| PB 0x0000000094a00000| Complete 
| 331|0x0000000094b00000, 0x0000000094c00000, 0x0000000094c00000|100%| S|CS|TAMS 0x0000000094b00000| PB 0x0000000094b00000| Complete 
| 332|0x0000000094c00000, 0x0000000094d00000, 0x0000000094d00000|100%| S|CS|TAMS 0x0000000094c00000| PB 0x0000000094c00000| Complete 
| 333|0x0000000094d00000, 0x0000000094e00000, 0x0000000094e00000|100%| S|CS|TAMS 0x0000000094d00000| PB 0x0000000094d00000| Complete 
| 334|0x0000000094e00000, 0x0000000094f00000, 0x0000000094f00000|100%| S|CS|TAMS 0x0000000094e00000| PB 0x0000000094e00000| Complete 
| 335|0x0000000094f00000, 0x0000000095000000, 0x0000000095000000|100%| S|CS|TAMS 0x0000000094f00000| PB 0x0000000094f00000| Complete 
| 336|0x0000000095000000, 0x0000000095100000, 0x0000000095100000|100%| S|CS|TAMS 0x0000000095000000| PB 0x0000000095000000| Complete 
| 337|0x0000000095100000, 0x0000000095100000, 0x0000000095200000|  0%| F|  |TAMS 0x0000000095100000| PB 0x0000000095100000| Untracked 
| 338|0x0000000095200000, 0x0000000095200000, 0x0000000095300000|  0%| F|  |TAMS 0x0000000095200000| PB 0x0000000095200000| Untracked 
| 339|0x0000000095300000, 0x0000000095300000, 0x0000000095400000|  0%| F|  |TAMS 0x0000000095300000| PB 0x0000000095300000| Untracked 
| 340|0x0000000095400000, 0x0000000095400000, 0x0000000095500000|  0%| F|  |TAMS 0x0000000095400000| PB 0x0000000095400000| Untracked 
| 341|0x0000000095500000, 0x0000000095500000, 0x0000000095600000|  0%| F|  |TAMS 0x0000000095500000| PB 0x0000000095500000| Untracked 
| 342|0x0000000095600000, 0x0000000095600000, 0x0000000095700000|  0%| F|  |TAMS 0x0000000095600000| PB 0x0000000095600000| Untracked 
| 343|0x0000000095700000, 0x0000000095700000, 0x0000000095800000|  0%| F|  |TAMS 0x0000000095700000| PB 0x0000000095700000| Untracked 
| 344|0x0000000095800000, 0x0000000095800000, 0x0000000095900000|  0%| F|  |TAMS 0x0000000095800000| PB 0x0000000095800000| Untracked 
| 345|0x0000000095900000, 0x0000000095900000, 0x0000000095a00000|  0%| F|  |TAMS 0x0000000095900000| PB 0x0000000095900000| Untracked 
| 346|0x0000000095a00000, 0x0000000095a00000, 0x0000000095b00000|  0%| F|  |TAMS 0x0000000095a00000| PB 0x0000000095a00000| Untracked 
| 347|0x0000000095b00000, 0x0000000095b00000, 0x0000000095c00000|  0%| F|  |TAMS 0x0000000095b00000| PB 0x0000000095b00000| Untracked 
| 348|0x0000000095c00000, 0x0000000095c00000, 0x0000000095d00000|  0%| F|  |TAMS 0x0000000095c00000| PB 0x0000000095c00000| Untracked 
| 349|0x0000000095d00000, 0x0000000095d00000, 0x0000000095e00000|  0%| F|  |TAMS 0x0000000095d00000| PB 0x0000000095d00000| Untracked 
| 350|0x0000000095e00000, 0x0000000095e00000, 0x0000000095f00000|  0%| F|  |TAMS 0x0000000095e00000| PB 0x0000000095e00000| Untracked 
| 351|0x0000000095f00000, 0x0000000095f00000, 0x0000000096000000|  0%| F|  |TAMS 0x0000000095f00000| PB 0x0000000095f00000| Untracked 
| 352|0x0000000096000000, 0x0000000096000000, 0x0000000096100000|  0%| F|  |TAMS 0x0000000096000000| PB 0x0000000096000000| Untracked 
| 353|0x0000000096100000, 0x0000000096100000, 0x0000000096200000|  0%| F|  |TAMS 0x0000000096100000| PB 0x0000000096100000| Untracked 
| 354|0x0000000096200000, 0x0000000096200000, 0x0000000096300000|  0%| F|  |TAMS 0x0000000096200000| PB 0x0000000096200000| Untracked 
| 355|0x0000000096300000, 0x0000000096300000, 0x0000000096400000|  0%| F|  |TAMS 0x0000000096300000| PB 0x0000000096300000| Untracked 
| 356|0x0000000096400000, 0x0000000096400000, 0x0000000096500000|  0%| F|  |TAMS 0x0000000096400000| PB 0x0000000096400000| Untracked 
| 357|0x0000000096500000, 0x0000000096500000, 0x0000000096600000|  0%| F|  |TAMS 0x0000000096500000| PB 0x0000000096500000| Untracked 
| 358|0x0000000096600000, 0x0000000096600000, 0x0000000096700000|  0%| F|  |TAMS 0x0000000096600000| PB 0x0000000096600000| Untracked 
| 359|0x0000000096700000, 0x0000000096700000, 0x0000000096800000|  0%| F|  |TAMS 0x0000000096700000| PB 0x0000000096700000| Untracked 
| 360|0x0000000096800000, 0x0000000096800000, 0x0000000096900000|  0%| F|  |TAMS 0x0000000096800000| PB 0x0000000096800000| Untracked 
| 361|0x0000000096900000, 0x0000000096900000, 0x0000000096a00000|  0%| F|  |TAMS 0x0000000096900000| PB 0x0000000096900000| Untracked 
| 362|0x0000000096a00000, 0x0000000096a00000, 0x0000000096b00000|  0%| F|  |TAMS 0x0000000096a00000| PB 0x0000000096a00000| Untracked 
| 363|0x0000000096b00000, 0x0000000096b00000, 0x0000000096c00000|  0%| F|  |TAMS 0x0000000096b00000| PB 0x0000000096b00000| Untracked 
| 364|0x0000000096c00000, 0x0000000096c00000, 0x0000000096d00000|  0%| F|  |TAMS 0x0000000096c00000| PB 0x0000000096c00000| Untracked 
| 365|0x0000000096d00000, 0x0000000096d00000, 0x0000000096e00000|  0%| F|  |TAMS 0x0000000096d00000| PB 0x0000000096d00000| Untracked 
| 366|0x0000000096e00000, 0x0000000096e00000, 0x0000000096f00000|  0%| F|  |TAMS 0x0000000096e00000| PB 0x0000000096e00000| Untracked 
| 367|0x0000000096f00000, 0x0000000096f00000, 0x0000000097000000|  0%| F|  |TAMS 0x0000000096f00000| PB 0x0000000096f00000| Untracked 
| 368|0x0000000097000000, 0x0000000097000000, 0x0000000097100000|  0%| F|  |TAMS 0x0000000097000000| PB 0x0000000097000000| Untracked 
| 369|0x0000000097100000, 0x0000000097100000, 0x0000000097200000|  0%| F|  |TAMS 0x0000000097100000| PB 0x0000000097100000| Untracked 
| 370|0x0000000097200000, 0x0000000097200000, 0x0000000097300000|  0%| F|  |TAMS 0x0000000097200000| PB 0x0000000097200000| Untracked 
| 371|0x0000000097300000, 0x0000000097300000, 0x0000000097400000|  0%| F|  |TAMS 0x0000000097300000| PB 0x0000000097300000| Untracked 
| 372|0x0000000097400000, 0x0000000097400000, 0x0000000097500000|  0%| F|  |TAMS 0x0000000097400000| PB 0x0000000097400000| Untracked 
| 373|0x0000000097500000, 0x0000000097500000, 0x0000000097600000|  0%| F|  |TAMS 0x0000000097500000| PB 0x0000000097500000| Untracked 
| 374|0x0000000097600000, 0x0000000097600000, 0x0000000097700000|  0%| F|  |TAMS 0x0000000097600000| PB 0x0000000097600000| Untracked 
| 375|0x0000000097700000, 0x0000000097700000, 0x0000000097800000|  0%| F|  |TAMS 0x0000000097700000| PB 0x0000000097700000| Untracked 
| 376|0x0000000097800000, 0x0000000097800000, 0x0000000097900000|  0%| F|  |TAMS 0x0000000097800000| PB 0x0000000097800000| Untracked 
| 377|0x0000000097900000, 0x0000000097900000, 0x0000000097a00000|  0%| F|  |TAMS 0x0000000097900000| PB 0x0000000097900000| Untracked 
| 378|0x0000000097a00000, 0x0000000097a00000, 0x0000000097b00000|  0%| F|  |TAMS 0x0000000097a00000| PB 0x0000000097a00000| Untracked 
| 379|0x0000000097b00000, 0x0000000097c00000, 0x0000000097c00000|100%| E|  |TAMS 0x0000000097b00000| PB 0x0000000097b00000| Complete 
| 380|0x0000000097c00000, 0x0000000097d00000, 0x0000000097d00000|100%| E|CS|TAMS 0x0000000097c00000| PB 0x0000000097c00000| Complete 
| 381|0x0000000097d00000, 0x0000000097e00000, 0x0000000097e00000|100%| E|CS|TAMS 0x0000000097d00000| PB 0x0000000097d00000| Complete 
| 382|0x0000000097e00000, 0x0000000097f00000, 0x0000000097f00000|100%| E|CS|TAMS 0x0000000097e00000| PB 0x0000000097e00000| Complete 
| 383|0x0000000097f00000, 0x0000000098000000, 0x0000000098000000|100%| E|CS|TAMS 0x0000000097f00000| PB 0x0000000097f00000| Complete 
| 384|0x0000000098000000, 0x0000000098100000, 0x0000000098100000|100%| E|CS|TAMS 0x0000000098000000| PB 0x0000000098000000| Complete 
| 385|0x0000000098100000, 0x0000000098200000, 0x0000000098200000|100%| E|CS|TAMS 0x0000000098100000| PB 0x0000000098100000| Complete 
| 386|0x0000000098200000, 0x0000000098300000, 0x0000000098300000|100%| E|CS|TAMS 0x0000000098200000| PB 0x0000000098200000| Complete 
| 387|0x0000000098300000, 0x0000000098400000, 0x0000000098400000|100%| E|CS|TAMS 0x0000000098300000| PB 0x0000000098300000| Complete 
| 388|0x0000000098400000, 0x0000000098500000, 0x0000000098500000|100%| E|CS|TAMS 0x0000000098400000| PB 0x0000000098400000| Complete 
| 389|0x0000000098500000, 0x0000000098600000, 0x0000000098600000|100%| E|CS|TAMS 0x0000000098500000| PB 0x0000000098500000| Complete 
| 390|0x0000000098600000, 0x0000000098700000, 0x0000000098700000|100%| E|CS|TAMS 0x0000000098600000| PB 0x0000000098600000| Complete 
| 391|0x0000000098700000, 0x0000000098800000, 0x0000000098800000|100%| E|CS|TAMS 0x0000000098700000| PB 0x0000000098700000| Complete 
| 392|0x0000000098800000, 0x0000000098900000, 0x0000000098900000|100%| E|CS|TAMS 0x0000000098800000| PB 0x0000000098800000| Complete 
| 393|0x0000000098900000, 0x0000000098a00000, 0x0000000098a00000|100%| E|CS|TAMS 0x0000000098900000| PB 0x0000000098900000| Complete 
| 394|0x0000000098a00000, 0x0000000098b00000, 0x0000000098b00000|100%| E|CS|TAMS 0x0000000098a00000| PB 0x0000000098a00000| Complete 
| 395|0x0000000098b00000, 0x0000000098c00000, 0x0000000098c00000|100%| E|CS|TAMS 0x0000000098b00000| PB 0x0000000098b00000| Complete 
| 396|0x0000000098c00000, 0x0000000098d00000, 0x0000000098d00000|100%| E|CS|TAMS 0x0000000098c00000| PB 0x0000000098c00000| Complete 
| 397|0x0000000098d00000, 0x0000000098e00000, 0x0000000098e00000|100%| E|CS|TAMS 0x0000000098d00000| PB 0x0000000098d00000| Complete 
| 398|0x0000000098e00000, 0x0000000098f00000, 0x0000000098f00000|100%| E|CS|TAMS 0x0000000098e00000| PB 0x0000000098e00000| Complete 
| 399|0x0000000098f00000, 0x0000000099000000, 0x0000000099000000|100%| E|CS|TAMS 0x0000000098f00000| PB 0x0000000098f00000| Complete 
| 400|0x0000000099000000, 0x0000000099100000, 0x0000000099100000|100%| E|CS|TAMS 0x0000000099000000| PB 0x0000000099000000| Complete 
| 401|0x0000000099100000, 0x0000000099200000, 0x0000000099200000|100%| E|CS|TAMS 0x0000000099100000| PB 0x0000000099100000| Complete 
| 402|0x0000000099200000, 0x0000000099300000, 0x0000000099300000|100%| E|CS|TAMS 0x0000000099200000| PB 0x0000000099200000| Complete 
| 403|0x0000000099300000, 0x0000000099400000, 0x0000000099400000|100%| E|CS|TAMS 0x0000000099300000| PB 0x0000000099300000| Complete 
| 404|0x0000000099400000, 0x0000000099500000, 0x0000000099500000|100%| E|CS|TAMS 0x0000000099400000| PB 0x0000000099400000| Complete 
| 405|0x0000000099500000, 0x0000000099600000, 0x0000000099600000|100%| E|CS|TAMS 0x0000000099500000| PB 0x0000000099500000| Complete 
| 406|0x0000000099600000, 0x0000000099700000, 0x0000000099700000|100%| E|CS|TAMS 0x0000000099600000| PB 0x0000000099600000| Complete 
| 407|0x0000000099700000, 0x0000000099800000, 0x0000000099800000|100%| E|CS|TAMS 0x0000000099700000| PB 0x0000000099700000| Complete 
| 408|0x0000000099800000, 0x0000000099900000, 0x0000000099900000|100%| E|CS|TAMS 0x0000000099800000| PB 0x0000000099800000| Complete 
| 409|0x0000000099900000, 0x0000000099a00000, 0x0000000099a00000|100%| E|CS|TAMS 0x0000000099900000| PB 0x0000000099900000| Complete 
| 410|0x0000000099a00000, 0x0000000099b00000, 0x0000000099b00000|100%| E|CS|TAMS 0x0000000099a00000| PB 0x0000000099a00000| Complete 
| 411|0x0000000099b00000, 0x0000000099c00000, 0x0000000099c00000|100%| E|CS|TAMS 0x0000000099b00000| PB 0x0000000099b00000| Complete 
| 412|0x0000000099c00000, 0x0000000099d00000, 0x0000000099d00000|100%| E|CS|TAMS 0x0000000099c00000| PB 0x0000000099c00000| Complete 
| 413|0x0000000099d00000, 0x0000000099e00000, 0x0000000099e00000|100%| E|CS|TAMS 0x0000000099d00000| PB 0x0000000099d00000| Complete 
| 414|0x0000000099e00000, 0x0000000099f00000, 0x0000000099f00000|100%| E|CS|TAMS 0x0000000099e00000| PB 0x0000000099e00000| Complete 
| 415|0x0000000099f00000, 0x000000009a000000, 0x000000009a000000|100%| E|CS|TAMS 0x0000000099f00000| PB 0x0000000099f00000| Complete 
| 416|0x000000009a000000, 0x000000009a100000, 0x000000009a100000|100%| E|CS|TAMS 0x000000009a000000| PB 0x000000009a000000| Complete 
| 417|0x000000009a100000, 0x000000009a200000, 0x000000009a200000|100%| E|CS|TAMS 0x000000009a100000| PB 0x000000009a100000| Complete 
| 418|0x000000009a200000, 0x000000009a300000, 0x000000009a300000|100%| E|CS|TAMS 0x000000009a200000| PB 0x000000009a200000| Complete 
| 419|0x000000009a300000, 0x000000009a400000, 0x000000009a400000|100%| E|CS|TAMS 0x000000009a300000| PB 0x000000009a300000| Complete 
| 420|0x000000009a400000, 0x000000009a500000, 0x000000009a500000|100%| E|CS|TAMS 0x000000009a400000| PB 0x000000009a400000| Complete 
| 421|0x000000009a500000, 0x000000009a600000, 0x000000009a600000|100%| E|CS|TAMS 0x000000009a500000| PB 0x000000009a500000| Complete 
| 422|0x000000009a600000, 0x000000009a700000, 0x000000009a700000|100%| E|CS|TAMS 0x000000009a600000| PB 0x000000009a600000| Complete 
| 423|0x000000009a700000, 0x000000009a800000, 0x000000009a800000|100%| E|CS|TAMS 0x000000009a700000| PB 0x000000009a700000| Complete 
| 424|0x000000009a800000, 0x000000009a900000, 0x000000009a900000|100%| E|CS|TAMS 0x000000009a800000| PB 0x000000009a800000| Complete 
| 425|0x000000009a900000, 0x000000009aa00000, 0x000000009aa00000|100%| E|CS|TAMS 0x000000009a900000| PB 0x000000009a900000| Complete 
| 426|0x000000009aa00000, 0x000000009ab00000, 0x000000009ab00000|100%| E|CS|TAMS 0x000000009aa00000| PB 0x000000009aa00000| Complete 
| 427|0x000000009ab00000, 0x000000009ac00000, 0x000000009ac00000|100%| E|CS|TAMS 0x000000009ab00000| PB 0x000000009ab00000| Complete 
| 428|0x000000009ac00000, 0x000000009ad00000, 0x000000009ad00000|100%| E|CS|TAMS 0x000000009ac00000| PB 0x000000009ac00000| Complete 
| 429|0x000000009ad00000, 0x000000009ae00000, 0x000000009ae00000|100%| E|CS|TAMS 0x000000009ad00000| PB 0x000000009ad00000| Complete 
| 430|0x000000009ae00000, 0x000000009af00000, 0x000000009af00000|100%| E|CS|TAMS 0x000000009ae00000| PB 0x000000009ae00000| Complete 
| 431|0x000000009af00000, 0x000000009b000000, 0x000000009b000000|100%| E|CS|TAMS 0x000000009af00000| PB 0x000000009af00000| Complete 
| 432|0x000000009b000000, 0x000000009b100000, 0x000000009b100000|100%| E|CS|TAMS 0x000000009b000000| PB 0x000000009b000000| Complete 
| 433|0x000000009b100000, 0x000000009b200000, 0x000000009b200000|100%| E|CS|TAMS 0x000000009b100000| PB 0x000000009b100000| Complete 
| 434|0x000000009b200000, 0x000000009b300000, 0x000000009b300000|100%| E|CS|TAMS 0x000000009b200000| PB 0x000000009b200000| Complete 
| 435|0x000000009b300000, 0x000000009b400000, 0x000000009b400000|100%| E|CS|TAMS 0x000000009b300000| PB 0x000000009b300000| Complete 
| 436|0x000000009b400000, 0x000000009b500000, 0x000000009b500000|100%| E|CS|TAMS 0x000000009b400000| PB 0x000000009b400000| Complete 
| 437|0x000000009b500000, 0x000000009b600000, 0x000000009b600000|100%| E|CS|TAMS 0x000000009b500000| PB 0x000000009b500000| Complete 
| 438|0x000000009b600000, 0x000000009b700000, 0x000000009b700000|100%| E|CS|TAMS 0x000000009b600000| PB 0x000000009b600000| Complete 
| 439|0x000000009b700000, 0x000000009b800000, 0x000000009b800000|100%| E|CS|TAMS 0x000000009b700000| PB 0x000000009b700000| Complete 
| 440|0x000000009b800000, 0x000000009b900000, 0x000000009b900000|100%| E|CS|TAMS 0x000000009b800000| PB 0x000000009b800000| Complete 
| 441|0x000000009b900000, 0x000000009ba00000, 0x000000009ba00000|100%| E|CS|TAMS 0x000000009b900000| PB 0x000000009b900000| Complete 
| 442|0x000000009ba00000, 0x000000009bb00000, 0x000000009bb00000|100%| E|CS|TAMS 0x000000009ba00000| PB 0x000000009ba00000| Complete 
| 443|0x000000009bb00000, 0x000000009bc00000, 0x000000009bc00000|100%| E|CS|TAMS 0x000000009bb00000| PB 0x000000009bb00000| Complete 
| 444|0x000000009bc00000, 0x000000009bd00000, 0x000000009bd00000|100%| E|CS|TAMS 0x000000009bc00000| PB 0x000000009bc00000| Complete 
| 445|0x000000009bd00000, 0x000000009be00000, 0x000000009be00000|100%| E|CS|TAMS 0x000000009bd00000| PB 0x000000009bd00000| Complete 
| 446|0x000000009be00000, 0x000000009bf00000, 0x000000009bf00000|100%| E|CS|TAMS 0x000000009be00000| PB 0x000000009be00000| Complete 
| 447|0x000000009bf00000, 0x000000009c000000, 0x000000009c000000|100%| E|CS|TAMS 0x000000009bf00000| PB 0x000000009bf00000| Complete 
| 448|0x000000009c000000, 0x000000009c100000, 0x000000009c100000|100%| E|CS|TAMS 0x000000009c000000| PB 0x000000009c000000| Complete 
| 449|0x000000009c100000, 0x000000009c200000, 0x000000009c200000|100%| E|CS|TAMS 0x000000009c100000| PB 0x000000009c100000| Complete 
| 450|0x000000009c200000, 0x000000009c300000, 0x000000009c300000|100%| E|CS|TAMS 0x000000009c200000| PB 0x000000009c200000| Complete 
| 451|0x000000009c300000, 0x000000009c400000, 0x000000009c400000|100%| E|CS|TAMS 0x000000009c300000| PB 0x000000009c300000| Complete 
| 452|0x000000009c400000, 0x000000009c500000, 0x000000009c500000|100%| E|CS|TAMS 0x000000009c400000| PB 0x000000009c400000| Complete 
| 453|0x000000009c500000, 0x000000009c600000, 0x000000009c600000|100%| E|CS|TAMS 0x000000009c500000| PB 0x000000009c500000| Complete 
| 454|0x000000009c600000, 0x000000009c700000, 0x000000009c700000|100%| E|CS|TAMS 0x000000009c600000| PB 0x000000009c600000| Complete 
| 455|0x000000009c700000, 0x000000009c800000, 0x000000009c800000|100%| E|CS|TAMS 0x000000009c700000| PB 0x000000009c700000| Complete 
| 456|0x000000009c800000, 0x000000009c900000, 0x000000009c900000|100%| E|CS|TAMS 0x000000009c800000| PB 0x000000009c800000| Complete 
| 457|0x000000009c900000, 0x000000009ca00000, 0x000000009ca00000|100%| E|CS|TAMS 0x000000009c900000| PB 0x000000009c900000| Complete 
| 458|0x000000009ca00000, 0x000000009cb00000, 0x000000009cb00000|100%| E|CS|TAMS 0x000000009ca00000| PB 0x000000009ca00000| Complete 
| 459|0x000000009cb00000, 0x000000009cc00000, 0x000000009cc00000|100%| E|CS|TAMS 0x000000009cb00000| PB 0x000000009cb00000| Complete 
| 460|0x000000009cc00000, 0x000000009cd00000, 0x000000009cd00000|100%| E|CS|TAMS 0x000000009cc00000| PB 0x000000009cc00000| Complete 
| 461|0x000000009cd00000, 0x000000009ce00000, 0x000000009ce00000|100%| E|CS|TAMS 0x000000009cd00000| PB 0x000000009cd00000| Complete 
| 462|0x000000009ce00000, 0x000000009cf00000, 0x000000009cf00000|100%| E|CS|TAMS 0x000000009ce00000| PB 0x000000009ce00000| Complete 
| 463|0x000000009cf00000, 0x000000009d000000, 0x000000009d000000|100%| E|CS|TAMS 0x000000009cf00000| PB 0x000000009cf00000| Complete 
| 464|0x000000009d000000, 0x000000009d100000, 0x000000009d100000|100%| E|CS|TAMS 0x000000009d000000| PB 0x000000009d000000| Complete 
| 465|0x000000009d100000, 0x000000009d200000, 0x000000009d200000|100%| E|CS|TAMS 0x000000009d100000| PB 0x000000009d100000| Complete 
| 466|0x000000009d200000, 0x000000009d300000, 0x000000009d300000|100%| E|CS|TAMS 0x000000009d200000| PB 0x000000009d200000| Complete 
| 467|0x000000009d300000, 0x000000009d400000, 0x000000009d400000|100%| E|CS|TAMS 0x000000009d300000| PB 0x000000009d300000| Complete 
| 468|0x000000009d400000, 0x000000009d500000, 0x000000009d500000|100%| E|CS|TAMS 0x000000009d400000| PB 0x000000009d400000| Complete 
| 469|0x000000009d500000, 0x000000009d600000, 0x000000009d600000|100%| E|CS|TAMS 0x000000009d500000| PB 0x000000009d500000| Complete 
| 470|0x000000009d600000, 0x000000009d700000, 0x000000009d700000|100%| E|CS|TAMS 0x000000009d600000| PB 0x000000009d600000| Complete 
| 471|0x000000009d700000, 0x000000009d800000, 0x000000009d800000|100%| E|CS|TAMS 0x000000009d700000| PB 0x000000009d700000| Complete 
| 472|0x000000009d800000, 0x000000009d900000, 0x000000009d900000|100%| E|CS|TAMS 0x000000009d800000| PB 0x000000009d800000| Complete 
| 473|0x000000009d900000, 0x000000009da00000, 0x000000009da00000|100%| E|CS|TAMS 0x000000009d900000| PB 0x000000009d900000| Complete 
| 474|0x000000009da00000, 0x000000009db00000, 0x000000009db00000|100%| E|CS|TAMS 0x000000009da00000| PB 0x000000009da00000| Complete 
| 475|0x000000009db00000, 0x000000009dc00000, 0x000000009dc00000|100%| E|CS|TAMS 0x000000009db00000| PB 0x000000009db00000| Complete 
| 476|0x000000009dc00000, 0x000000009dd00000, 0x000000009dd00000|100%| E|CS|TAMS 0x000000009dc00000| PB 0x000000009dc00000| Complete 
| 477|0x000000009dd00000, 0x000000009de00000, 0x000000009de00000|100%| E|CS|TAMS 0x000000009dd00000| PB 0x000000009dd00000| Complete 
| 478|0x000000009de00000, 0x000000009df00000, 0x000000009df00000|100%| E|CS|TAMS 0x000000009de00000| PB 0x000000009de00000| Complete 
| 479|0x000000009df00000, 0x000000009e000000, 0x000000009e000000|100%| E|CS|TAMS 0x000000009df00000| PB 0x000000009df00000| Complete 
| 480|0x000000009e000000, 0x000000009e100000, 0x000000009e100000|100%| E|CS|TAMS 0x000000009e000000| PB 0x000000009e000000| Complete 
| 481|0x000000009e100000, 0x000000009e200000, 0x000000009e200000|100%| E|CS|TAMS 0x000000009e100000| PB 0x000000009e100000| Complete 
| 482|0x000000009e200000, 0x000000009e300000, 0x000000009e300000|100%| E|CS|TAMS 0x000000009e200000| PB 0x000000009e200000| Complete 
| 483|0x000000009e300000, 0x000000009e400000, 0x000000009e400000|100%| E|CS|TAMS 0x000000009e300000| PB 0x000000009e300000| Complete 
| 484|0x000000009e400000, 0x000000009e500000, 0x000000009e500000|100%| E|CS|TAMS 0x000000009e400000| PB 0x000000009e400000| Complete 
| 485|0x000000009e500000, 0x000000009e600000, 0x000000009e600000|100%| E|CS|TAMS 0x000000009e500000| PB 0x000000009e500000| Complete 
| 486|0x000000009e600000, 0x000000009e700000, 0x000000009e700000|100%| E|CS|TAMS 0x000000009e600000| PB 0x000000009e600000| Complete 
| 487|0x000000009e700000, 0x000000009e800000, 0x000000009e800000|100%| E|CS|TAMS 0x000000009e700000| PB 0x000000009e700000| Complete 
| 488|0x000000009e800000, 0x000000009e900000, 0x000000009e900000|100%| E|CS|TAMS 0x000000009e800000| PB 0x000000009e800000| Complete 
| 489|0x000000009e900000, 0x000000009ea00000, 0x000000009ea00000|100%| E|CS|TAMS 0x000000009e900000| PB 0x000000009e900000| Complete 
| 490|0x000000009ea00000, 0x000000009eb00000, 0x000000009eb00000|100%| E|CS|TAMS 0x000000009ea00000| PB 0x000000009ea00000| Complete 
| 491|0x000000009eb00000, 0x000000009ec00000, 0x000000009ec00000|100%| E|CS|TAMS 0x000000009eb00000| PB 0x000000009eb00000| Complete 
| 492|0x000000009ec00000, 0x000000009ed00000, 0x000000009ed00000|100%| E|CS|TAMS 0x000000009ec00000| PB 0x000000009ec00000| Complete 
| 493|0x000000009ed00000, 0x000000009ee00000, 0x000000009ee00000|100%| E|CS|TAMS 0x000000009ed00000| PB 0x000000009ed00000| Complete 
| 494|0x000000009ee00000, 0x000000009ef00000, 0x000000009ef00000|100%| E|CS|TAMS 0x000000009ee00000| PB 0x000000009ee00000| Complete 
| 495|0x000000009ef00000, 0x000000009f000000, 0x000000009f000000|100%| E|CS|TAMS 0x000000009ef00000| PB 0x000000009ef00000| Complete 
| 496|0x000000009f000000, 0x000000009f100000, 0x000000009f100000|100%| E|CS|TAMS 0x000000009f000000| PB 0x000000009f000000| Complete 
| 497|0x000000009f100000, 0x000000009f200000, 0x000000009f200000|100%| E|CS|TAMS 0x000000009f100000| PB 0x000000009f100000| Complete 
| 498|0x000000009f200000, 0x000000009f300000, 0x000000009f300000|100%| E|CS|TAMS 0x000000009f200000| PB 0x000000009f200000| Complete 
| 499|0x000000009f300000, 0x000000009f400000, 0x000000009f400000|100%| E|CS|TAMS 0x000000009f300000| PB 0x000000009f300000| Complete 
| 500|0x000000009f400000, 0x000000009f500000, 0x000000009f500000|100%| E|CS|TAMS 0x000000009f400000| PB 0x000000009f400000| Complete 
| 501|0x000000009f500000, 0x000000009f600000, 0x000000009f600000|100%| E|CS|TAMS 0x000000009f500000| PB 0x000000009f500000| Complete 
| 502|0x000000009f600000, 0x000000009f700000, 0x000000009f700000|100%| E|CS|TAMS 0x000000009f600000| PB 0x000000009f600000| Complete 
| 503|0x000000009f700000, 0x000000009f800000, 0x000000009f800000|100%| E|CS|TAMS 0x000000009f700000| PB 0x000000009f700000| Complete 
| 504|0x000000009f800000, 0x000000009f900000, 0x000000009f900000|100%| E|CS|TAMS 0x000000009f800000| PB 0x000000009f800000| Complete 
| 505|0x000000009f900000, 0x000000009fa00000, 0x000000009fa00000|100%| E|CS|TAMS 0x000000009f900000| PB 0x000000009f900000| Complete 
| 506|0x000000009fa00000, 0x000000009fb00000, 0x000000009fb00000|100%| E|CS|TAMS 0x000000009fa00000| PB 0x000000009fa00000| Complete 
| 507|0x000000009fb00000, 0x000000009fc00000, 0x000000009fc00000|100%| E|CS|TAMS 0x000000009fb00000| PB 0x000000009fb00000| Complete 
| 508|0x000000009fc00000, 0x000000009fd00000, 0x000000009fd00000|100%| E|CS|TAMS 0x000000009fc00000| PB 0x000000009fc00000| Complete 
| 509|0x000000009fd00000, 0x000000009fe00000, 0x000000009fe00000|100%| E|CS|TAMS 0x000000009fd00000| PB 0x000000009fd00000| Complete 
| 510|0x000000009fe00000, 0x000000009ff00000, 0x000000009ff00000|100%| E|CS|TAMS 0x000000009fe00000| PB 0x000000009fe00000| Complete 
| 511|0x000000009ff00000, 0x00000000a0000000, 0x00000000a0000000|100%| E|CS|TAMS 0x000000009ff00000| PB 0x000000009ff00000| Complete 
| 512|0x00000000a0000000, 0x00000000a0100000, 0x00000000a0100000|100%| E|CS|TAMS 0x00000000a0000000| PB 0x00000000a0000000| Complete 
| 513|0x00000000a0100000, 0x00000000a0200000, 0x00000000a0200000|100%| E|CS|TAMS 0x00000000a0100000| PB 0x00000000a0100000| Complete 
| 514|0x00000000a0200000, 0x00000000a0300000, 0x00000000a0300000|100%| E|CS|TAMS 0x00000000a0200000| PB 0x00000000a0200000| Complete 
| 515|0x00000000a0300000, 0x00000000a0400000, 0x00000000a0400000|100%| E|CS|TAMS 0x00000000a0300000| PB 0x00000000a0300000| Complete 
| 516|0x00000000a0400000, 0x00000000a0500000, 0x00000000a0500000|100%| E|CS|TAMS 0x00000000a0400000| PB 0x00000000a0400000| Complete 
| 517|0x00000000a0500000, 0x00000000a0600000, 0x00000000a0600000|100%| E|CS|TAMS 0x00000000a0500000| PB 0x00000000a0500000| Complete 
| 518|0x00000000a0600000, 0x00000000a0700000, 0x00000000a0700000|100%| E|CS|TAMS 0x00000000a0600000| PB 0x00000000a0600000| Complete 
| 519|0x00000000a0700000, 0x00000000a0800000, 0x00000000a0800000|100%| E|CS|TAMS 0x00000000a0700000| PB 0x00000000a0700000| Complete 
| 520|0x00000000a0800000, 0x00000000a0900000, 0x00000000a0900000|100%| E|CS|TAMS 0x00000000a0800000| PB 0x00000000a0800000| Complete 
| 521|0x00000000a0900000, 0x00000000a0a00000, 0x00000000a0a00000|100%| E|CS|TAMS 0x00000000a0900000| PB 0x00000000a0900000| Complete 
| 522|0x00000000a0a00000, 0x00000000a0b00000, 0x00000000a0b00000|100%| E|CS|TAMS 0x00000000a0a00000| PB 0x00000000a0a00000| Complete 
| 523|0x00000000a0b00000, 0x00000000a0c00000, 0x00000000a0c00000|100%| E|CS|TAMS 0x00000000a0b00000| PB 0x00000000a0b00000| Complete 
| 524|0x00000000a0c00000, 0x00000000a0d00000, 0x00000000a0d00000|100%| E|CS|TAMS 0x00000000a0c00000| PB 0x00000000a0c00000| Complete 
| 525|0x00000000a0d00000, 0x00000000a0e00000, 0x00000000a0e00000|100%| E|CS|TAMS 0x00000000a0d00000| PB 0x00000000a0d00000| Complete 
| 526|0x00000000a0e00000, 0x00000000a0f00000, 0x00000000a0f00000|100%| E|CS|TAMS 0x00000000a0e00000| PB 0x00000000a0e00000| Complete 
| 527|0x00000000a0f00000, 0x00000000a1000000, 0x00000000a1000000|100%| E|CS|TAMS 0x00000000a0f00000| PB 0x00000000a0f00000| Complete 
| 528|0x00000000a1000000, 0x00000000a1100000, 0x00000000a1100000|100%| E|CS|TAMS 0x00000000a1000000| PB 0x00000000a1000000| Complete 
| 529|0x00000000a1100000, 0x00000000a1200000, 0x00000000a1200000|100%| E|CS|TAMS 0x00000000a1100000| PB 0x00000000a1100000| Complete 
| 530|0x00000000a1200000, 0x00000000a1300000, 0x00000000a1300000|100%| E|CS|TAMS 0x00000000a1200000| PB 0x00000000a1200000| Complete 
| 531|0x00000000a1300000, 0x00000000a1400000, 0x00000000a1400000|100%| E|CS|TAMS 0x00000000a1300000| PB 0x00000000a1300000| Complete 
| 532|0x00000000a1400000, 0x00000000a1500000, 0x00000000a1500000|100%| E|CS|TAMS 0x00000000a1400000| PB 0x00000000a1400000| Complete 
| 533|0x00000000a1500000, 0x00000000a1600000, 0x00000000a1600000|100%| E|CS|TAMS 0x00000000a1500000| PB 0x00000000a1500000| Complete 
| 534|0x00000000a1600000, 0x00000000a1700000, 0x00000000a1700000|100%| E|CS|TAMS 0x00000000a1600000| PB 0x00000000a1600000| Complete 
| 535|0x00000000a1700000, 0x00000000a1800000, 0x00000000a1800000|100%| E|CS|TAMS 0x00000000a1700000| PB 0x00000000a1700000| Complete 
| 536|0x00000000a1800000, 0x00000000a1900000, 0x00000000a1900000|100%| E|CS|TAMS 0x00000000a1800000| PB 0x00000000a1800000| Complete 
| 537|0x00000000a1900000, 0x00000000a1a00000, 0x00000000a1a00000|100%| E|CS|TAMS 0x00000000a1900000| PB 0x00000000a1900000| Complete 
| 538|0x00000000a1a00000, 0x00000000a1b00000, 0x00000000a1b00000|100%| E|CS|TAMS 0x00000000a1a00000| PB 0x00000000a1a00000| Complete 
| 539|0x00000000a1b00000, 0x00000000a1c00000, 0x00000000a1c00000|100%| E|CS|TAMS 0x00000000a1b00000| PB 0x00000000a1b00000| Complete 
| 540|0x00000000a1c00000, 0x00000000a1d00000, 0x00000000a1d00000|100%| E|CS|TAMS 0x00000000a1c00000| PB 0x00000000a1c00000| Complete 
| 541|0x00000000a1d00000, 0x00000000a1e00000, 0x00000000a1e00000|100%| E|CS|TAMS 0x00000000a1d00000| PB 0x00000000a1d00000| Complete 
| 542|0x00000000a1e00000, 0x00000000a1f00000, 0x00000000a1f00000|100%| E|CS|TAMS 0x00000000a1e00000| PB 0x00000000a1e00000| Complete 
| 543|0x00000000a1f00000, 0x00000000a2000000, 0x00000000a2000000|100%| E|CS|TAMS 0x00000000a1f00000| PB 0x00000000a1f00000| Complete 
| 544|0x00000000a2000000, 0x00000000a2100000, 0x00000000a2100000|100%| E|CS|TAMS 0x00000000a2000000| PB 0x00000000a2000000| Complete 
| 545|0x00000000a2100000, 0x00000000a2200000, 0x00000000a2200000|100%| E|CS|TAMS 0x00000000a2100000| PB 0x00000000a2100000| Complete 
| 546|0x00000000a2200000, 0x00000000a2300000, 0x00000000a2300000|100%| E|CS|TAMS 0x00000000a2200000| PB 0x00000000a2200000| Complete 
| 547|0x00000000a2300000, 0x00000000a2400000, 0x00000000a2400000|100%| E|CS|TAMS 0x00000000a2300000| PB 0x00000000a2300000| Complete 
| 548|0x00000000a2400000, 0x00000000a2500000, 0x00000000a2500000|100%| E|CS|TAMS 0x00000000a2400000| PB 0x00000000a2400000| Complete 
| 549|0x00000000a2500000, 0x00000000a2600000, 0x00000000a2600000|100%| E|CS|TAMS 0x00000000a2500000| PB 0x00000000a2500000| Complete 
| 550|0x00000000a2600000, 0x00000000a2700000, 0x00000000a2700000|100%| E|CS|TAMS 0x00000000a2600000| PB 0x00000000a2600000| Complete 
| 551|0x00000000a2700000, 0x00000000a2800000, 0x00000000a2800000|100%| E|CS|TAMS 0x00000000a2700000| PB 0x00000000a2700000| Complete 
| 552|0x00000000a2800000, 0x00000000a2900000, 0x00000000a2900000|100%| E|CS|TAMS 0x00000000a2800000| PB 0x00000000a2800000| Complete 
| 553|0x00000000a2900000, 0x00000000a2a00000, 0x00000000a2a00000|100%| E|CS|TAMS 0x00000000a2900000| PB 0x00000000a2900000| Complete 
| 554|0x00000000a2a00000, 0x00000000a2b00000, 0x00000000a2b00000|100%| E|CS|TAMS 0x00000000a2a00000| PB 0x00000000a2a00000| Complete 
| 555|0x00000000a2b00000, 0x00000000a2c00000, 0x00000000a2c00000|100%| E|CS|TAMS 0x00000000a2b00000| PB 0x00000000a2b00000| Complete 
| 556|0x00000000a2c00000, 0x00000000a2d00000, 0x00000000a2d00000|100%| E|CS|TAMS 0x00000000a2c00000| PB 0x00000000a2c00000| Complete 
| 557|0x00000000a2d00000, 0x00000000a2e00000, 0x00000000a2e00000|100%| E|CS|TAMS 0x00000000a2d00000| PB 0x00000000a2d00000| Complete 
| 558|0x00000000a2e00000, 0x00000000a2f00000, 0x00000000a2f00000|100%| E|CS|TAMS 0x00000000a2e00000| PB 0x00000000a2e00000| Complete 
| 559|0x00000000a2f00000, 0x00000000a3000000, 0x00000000a3000000|100%| E|CS|TAMS 0x00000000a2f00000| PB 0x00000000a2f00000| Complete 
| 560|0x00000000a3000000, 0x00000000a3100000, 0x00000000a3100000|100%| E|CS|TAMS 0x00000000a3000000| PB 0x00000000a3000000| Complete 
| 561|0x00000000a3100000, 0x00000000a3200000, 0x00000000a3200000|100%| E|CS|TAMS 0x00000000a3100000| PB 0x00000000a3100000| Complete 
| 562|0x00000000a3200000, 0x00000000a3300000, 0x00000000a3300000|100%| E|CS|TAMS 0x00000000a3200000| PB 0x00000000a3200000| Complete 
| 563|0x00000000a3300000, 0x00000000a3400000, 0x00000000a3400000|100%| E|CS|TAMS 0x00000000a3300000| PB 0x00000000a3300000| Complete 
| 564|0x00000000a3400000, 0x00000000a3500000, 0x00000000a3500000|100%| E|CS|TAMS 0x00000000a3400000| PB 0x00000000a3400000| Complete 
| 565|0x00000000a3500000, 0x00000000a3600000, 0x00000000a3600000|100%| E|CS|TAMS 0x00000000a3500000| PB 0x00000000a3500000| Complete 
| 566|0x00000000a3600000, 0x00000000a3700000, 0x00000000a3700000|100%| E|CS|TAMS 0x00000000a3600000| PB 0x00000000a3600000| Complete 
| 567|0x00000000a3700000, 0x00000000a3800000, 0x00000000a3800000|100%| E|CS|TAMS 0x00000000a3700000| PB 0x00000000a3700000| Complete 
| 568|0x00000000a3800000, 0x00000000a3900000, 0x00000000a3900000|100%| E|CS|TAMS 0x00000000a3800000| PB 0x00000000a3800000| Complete 
| 569|0x00000000a3900000, 0x00000000a3a00000, 0x00000000a3a00000|100%| E|CS|TAMS 0x00000000a3900000| PB 0x00000000a3900000| Complete 
| 570|0x00000000a3a00000, 0x00000000a3b00000, 0x00000000a3b00000|100%| E|CS|TAMS 0x00000000a3a00000| PB 0x00000000a3a00000| Complete 
| 571|0x00000000a3b00000, 0x00000000a3c00000, 0x00000000a3c00000|100%| E|CS|TAMS 0x00000000a3b00000| PB 0x00000000a3b00000| Complete 
| 572|0x00000000a3c00000, 0x00000000a3d00000, 0x00000000a3d00000|100%| E|CS|TAMS 0x00000000a3c00000| PB 0x00000000a3c00000| Complete 
| 573|0x00000000a3d00000, 0x00000000a3e00000, 0x00000000a3e00000|100%| E|CS|TAMS 0x00000000a3d00000| PB 0x00000000a3d00000| Complete 
| 574|0x00000000a3e00000, 0x00000000a3f00000, 0x00000000a3f00000|100%| E|CS|TAMS 0x00000000a3e00000| PB 0x00000000a3e00000| Complete 
| 575|0x00000000a3f00000, 0x00000000a4000000, 0x00000000a4000000|100%| E|CS|TAMS 0x00000000a3f00000| PB 0x00000000a3f00000| Complete 
| 576|0x00000000a4000000, 0x00000000a4100000, 0x00000000a4100000|100%| E|CS|TAMS 0x00000000a4000000| PB 0x00000000a4000000| Complete 
| 577|0x00000000a4100000, 0x00000000a4200000, 0x00000000a4200000|100%| E|CS|TAMS 0x00000000a4100000| PB 0x00000000a4100000| Complete 
| 578|0x00000000a4200000, 0x00000000a4300000, 0x00000000a4300000|100%| E|CS|TAMS 0x00000000a4200000| PB 0x00000000a4200000| Complete 
| 579|0x00000000a4300000, 0x00000000a4400000, 0x00000000a4400000|100%| E|CS|TAMS 0x00000000a4300000| PB 0x00000000a4300000| Complete 
| 580|0x00000000a4400000, 0x00000000a4500000, 0x00000000a4500000|100%| E|CS|TAMS 0x00000000a4400000| PB 0x00000000a4400000| Complete 
| 581|0x00000000a4500000, 0x00000000a4600000, 0x00000000a4600000|100%| E|CS|TAMS 0x00000000a4500000| PB 0x00000000a4500000| Complete 
| 582|0x00000000a4600000, 0x00000000a4700000, 0x00000000a4700000|100%| E|CS|TAMS 0x00000000a4600000| PB 0x00000000a4600000| Complete 
| 583|0x00000000a4700000, 0x00000000a4800000, 0x00000000a4800000|100%| E|CS|TAMS 0x00000000a4700000| PB 0x00000000a4700000| Complete 
| 584|0x00000000a4800000, 0x00000000a4900000, 0x00000000a4900000|100%| E|CS|TAMS 0x00000000a4800000| PB 0x00000000a4800000| Complete 
| 585|0x00000000a4900000, 0x00000000a4a00000, 0x00000000a4a00000|100%| E|CS|TAMS 0x00000000a4900000| PB 0x00000000a4900000| Complete 
| 586|0x00000000a4a00000, 0x00000000a4b00000, 0x00000000a4b00000|100%| E|CS|TAMS 0x00000000a4a00000| PB 0x00000000a4a00000| Complete 
| 587|0x00000000a4b00000, 0x00000000a4c00000, 0x00000000a4c00000|100%| E|CS|TAMS 0x00000000a4b00000| PB 0x00000000a4b00000| Complete 
| 588|0x00000000a4c00000, 0x00000000a4d00000, 0x00000000a4d00000|100%| E|CS|TAMS 0x00000000a4c00000| PB 0x00000000a4c00000| Complete 
| 589|0x00000000a4d00000, 0x00000000a4e00000, 0x00000000a4e00000|100%| E|CS|TAMS 0x00000000a4d00000| PB 0x00000000a4d00000| Complete 
| 590|0x00000000a4e00000, 0x00000000a4f00000, 0x00000000a4f00000|100%| E|CS|TAMS 0x00000000a4e00000| PB 0x00000000a4e00000| Complete 
| 591|0x00000000a4f00000, 0x00000000a5000000, 0x00000000a5000000|100%| E|CS|TAMS 0x00000000a4f00000| PB 0x00000000a4f00000| Complete 
| 592|0x00000000a5000000, 0x00000000a5100000, 0x00000000a5100000|100%| E|CS|TAMS 0x00000000a5000000| PB 0x00000000a5000000| Complete 
| 593|0x00000000a5100000, 0x00000000a5200000, 0x00000000a5200000|100%| E|CS|TAMS 0x00000000a5100000| PB 0x00000000a5100000| Complete 
| 594|0x00000000a5200000, 0x00000000a5300000, 0x00000000a5300000|100%| E|CS|TAMS 0x00000000a5200000| PB 0x00000000a5200000| Complete 
| 595|0x00000000a5300000, 0x00000000a5400000, 0x00000000a5400000|100%| E|CS|TAMS 0x00000000a5300000| PB 0x00000000a5300000| Complete 
| 596|0x00000000a5400000, 0x00000000a5500000, 0x00000000a5500000|100%| E|CS|TAMS 0x00000000a5400000| PB 0x00000000a5400000| Complete 
| 597|0x00000000a5500000, 0x00000000a5600000, 0x00000000a5600000|100%| E|CS|TAMS 0x00000000a5500000| PB 0x00000000a5500000| Complete 
| 598|0x00000000a5600000, 0x00000000a5700000, 0x00000000a5700000|100%| E|CS|TAMS 0x00000000a5600000| PB 0x00000000a5600000| Complete 
| 599|0x00000000a5700000, 0x00000000a5800000, 0x00000000a5800000|100%| E|CS|TAMS 0x00000000a5700000| PB 0x00000000a5700000| Complete 
| 600|0x00000000a5800000, 0x00000000a5900000, 0x00000000a5900000|100%| E|CS|TAMS 0x00000000a5800000| PB 0x00000000a5800000| Complete 
| 601|0x00000000a5900000, 0x00000000a5a00000, 0x00000000a5a00000|100%| E|CS|TAMS 0x00000000a5900000| PB 0x00000000a5900000| Complete 
| 602|0x00000000a5a00000, 0x00000000a5b00000, 0x00000000a5b00000|100%| E|CS|TAMS 0x00000000a5a00000| PB 0x00000000a5a00000| Complete 
| 603|0x00000000a5b00000, 0x00000000a5c00000, 0x00000000a5c00000|100%| E|CS|TAMS 0x00000000a5b00000| PB 0x00000000a5b00000| Complete 
| 604|0x00000000a5c00000, 0x00000000a5d00000, 0x00000000a5d00000|100%| E|CS|TAMS 0x00000000a5c00000| PB 0x00000000a5c00000| Complete 
| 605|0x00000000a5d00000, 0x00000000a5e00000, 0x00000000a5e00000|100%| E|CS|TAMS 0x00000000a5d00000| PB 0x00000000a5d00000| Complete 
| 606|0x00000000a5e00000, 0x00000000a5f00000, 0x00000000a5f00000|100%| E|CS|TAMS 0x00000000a5e00000| PB 0x00000000a5e00000| Complete 
| 607|0x00000000a5f00000, 0x00000000a6000000, 0x00000000a6000000|100%| E|CS|TAMS 0x00000000a5f00000| PB 0x00000000a5f00000| Complete 
| 608|0x00000000a6000000, 0x00000000a6100000, 0x00000000a6100000|100%| E|CS|TAMS 0x00000000a6000000| PB 0x00000000a6000000| Complete 
| 609|0x00000000a6100000, 0x00000000a6200000, 0x00000000a6200000|100%| E|CS|TAMS 0x00000000a6100000| PB 0x00000000a6100000| Complete 
| 610|0x00000000a6200000, 0x00000000a6300000, 0x00000000a6300000|100%| E|CS|TAMS 0x00000000a6200000| PB 0x00000000a6200000| Complete 
| 611|0x00000000a6300000, 0x00000000a6400000, 0x00000000a6400000|100%| E|CS|TAMS 0x00000000a6300000| PB 0x00000000a6300000| Complete 
| 612|0x00000000a6400000, 0x00000000a6500000, 0x00000000a6500000|100%| E|CS|TAMS 0x00000000a6400000| PB 0x00000000a6400000| Complete 
| 613|0x00000000a6500000, 0x00000000a6600000, 0x00000000a6600000|100%| E|CS|TAMS 0x00000000a6500000| PB 0x00000000a6500000| Complete 
| 614|0x00000000a6600000, 0x00000000a6700000, 0x00000000a6700000|100%| E|CS|TAMS 0x00000000a6600000| PB 0x00000000a6600000| Complete 
| 615|0x00000000a6700000, 0x00000000a6800000, 0x00000000a6800000|100%| E|CS|TAMS 0x00000000a6700000| PB 0x00000000a6700000| Complete 
| 616|0x00000000a6800000, 0x00000000a6900000, 0x00000000a6900000|100%| E|CS|TAMS 0x00000000a6800000| PB 0x00000000a6800000| Complete 
| 617|0x00000000a6900000, 0x00000000a6a00000, 0x00000000a6a00000|100%| E|CS|TAMS 0x00000000a6900000| PB 0x00000000a6900000| Complete 
| 618|0x00000000a6a00000, 0x00000000a6b00000, 0x00000000a6b00000|100%| E|CS|TAMS 0x00000000a6a00000| PB 0x00000000a6a00000| Complete 
| 619|0x00000000a6b00000, 0x00000000a6c00000, 0x00000000a6c00000|100%| E|CS|TAMS 0x00000000a6b00000| PB 0x00000000a6b00000| Complete 
| 620|0x00000000a6c00000, 0x00000000a6d00000, 0x00000000a6d00000|100%| E|CS|TAMS 0x00000000a6c00000| PB 0x00000000a6c00000| Complete 
| 621|0x00000000a6d00000, 0x00000000a6e00000, 0x00000000a6e00000|100%| E|CS|TAMS 0x00000000a6d00000| PB 0x00000000a6d00000| Complete 
| 622|0x00000000a6e00000, 0x00000000a6f00000, 0x00000000a6f00000|100%| E|CS|TAMS 0x00000000a6e00000| PB 0x00000000a6e00000| Complete 
| 623|0x00000000a6f00000, 0x00000000a7000000, 0x00000000a7000000|100%| E|CS|TAMS 0x00000000a6f00000| PB 0x00000000a6f00000| Complete 
| 624|0x00000000a7000000, 0x00000000a7100000, 0x00000000a7100000|100%| E|CS|TAMS 0x00000000a7000000| PB 0x00000000a7000000| Complete 
| 625|0x00000000a7100000, 0x00000000a7200000, 0x00000000a7200000|100%| E|CS|TAMS 0x00000000a7100000| PB 0x00000000a7100000| Complete 
| 626|0x00000000a7200000, 0x00000000a7300000, 0x00000000a7300000|100%| E|CS|TAMS 0x00000000a7200000| PB 0x00000000a7200000| Complete 
| 627|0x00000000a7300000, 0x00000000a7400000, 0x00000000a7400000|100%| E|CS|TAMS 0x00000000a7300000| PB 0x00000000a7300000| Complete 
| 628|0x00000000a7400000, 0x00000000a7500000, 0x00000000a7500000|100%| E|CS|TAMS 0x00000000a7400000| PB 0x00000000a7400000| Complete 
| 629|0x00000000a7500000, 0x00000000a7600000, 0x00000000a7600000|100%| E|CS|TAMS 0x00000000a7500000| PB 0x00000000a7500000| Complete 
| 630|0x00000000a7600000, 0x00000000a7700000, 0x00000000a7700000|100%| E|CS|TAMS 0x00000000a7600000| PB 0x00000000a7600000| Complete 
| 631|0x00000000a7700000, 0x00000000a7800000, 0x00000000a7800000|100%| E|CS|TAMS 0x00000000a7700000| PB 0x00000000a7700000| Complete 
| 632|0x00000000a7800000, 0x00000000a7900000, 0x00000000a7900000|100%| E|CS|TAMS 0x00000000a7800000| PB 0x00000000a7800000| Complete 
| 633|0x00000000a7900000, 0x00000000a7a00000, 0x00000000a7a00000|100%| E|CS|TAMS 0x00000000a7900000| PB 0x00000000a7900000| Complete 
| 634|0x00000000a7a00000, 0x00000000a7b00000, 0x00000000a7b00000|100%| E|CS|TAMS 0x00000000a7a00000| PB 0x00000000a7a00000| Complete 
| 635|0x00000000a7b00000, 0x00000000a7c00000, 0x00000000a7c00000|100%| E|CS|TAMS 0x00000000a7b00000| PB 0x00000000a7b00000| Complete 
| 636|0x00000000a7c00000, 0x00000000a7d00000, 0x00000000a7d00000|100%| E|CS|TAMS 0x00000000a7c00000| PB 0x00000000a7c00000| Complete 
| 637|0x00000000a7d00000, 0x00000000a7e00000, 0x00000000a7e00000|100%| E|CS|TAMS 0x00000000a7d00000| PB 0x00000000a7d00000| Complete 
| 638|0x00000000a7e00000, 0x00000000a7f00000, 0x00000000a7f00000|100%| E|CS|TAMS 0x00000000a7e00000| PB 0x00000000a7e00000| Complete 
| 639|0x00000000a7f00000, 0x00000000a8000000, 0x00000000a8000000|100%| E|CS|TAMS 0x00000000a7f00000| PB 0x00000000a7f00000| Complete 
| 640|0x00000000a8000000, 0x00000000a8100000, 0x00000000a8100000|100%| E|CS|TAMS 0x00000000a8000000| PB 0x00000000a8000000| Complete 
| 641|0x00000000a8100000, 0x00000000a8200000, 0x00000000a8200000|100%| E|CS|TAMS 0x00000000a8100000| PB 0x00000000a8100000| Complete 
| 642|0x00000000a8200000, 0x00000000a8300000, 0x00000000a8300000|100%| E|CS|TAMS 0x00000000a8200000| PB 0x00000000a8200000| Complete 
| 643|0x00000000a8300000, 0x00000000a8400000, 0x00000000a8400000|100%| E|CS|TAMS 0x00000000a8300000| PB 0x00000000a8300000| Complete 
| 644|0x00000000a8400000, 0x00000000a8500000, 0x00000000a8500000|100%| E|CS|TAMS 0x00000000a8400000| PB 0x00000000a8400000| Complete 
| 645|0x00000000a8500000, 0x00000000a8600000, 0x00000000a8600000|100%| E|CS|TAMS 0x00000000a8500000| PB 0x00000000a8500000| Complete 
| 646|0x00000000a8600000, 0x00000000a8700000, 0x00000000a8700000|100%| E|CS|TAMS 0x00000000a8600000| PB 0x00000000a8600000| Complete 
| 647|0x00000000a8700000, 0x00000000a8800000, 0x00000000a8800000|100%| E|CS|TAMS 0x00000000a8700000| PB 0x00000000a8700000| Complete 
| 648|0x00000000a8800000, 0x00000000a8900000, 0x00000000a8900000|100%| E|CS|TAMS 0x00000000a8800000| PB 0x00000000a8800000| Complete 
| 649|0x00000000a8900000, 0x00000000a8a00000, 0x00000000a8a00000|100%| E|CS|TAMS 0x00000000a8900000| PB 0x00000000a8900000| Complete 
| 650|0x00000000a8a00000, 0x00000000a8b00000, 0x00000000a8b00000|100%| E|CS|TAMS 0x00000000a8a00000| PB 0x00000000a8a00000| Complete 
| 651|0x00000000a8b00000, 0x00000000a8c00000, 0x00000000a8c00000|100%| E|CS|TAMS 0x00000000a8b00000| PB 0x00000000a8b00000| Complete 
| 652|0x00000000a8c00000, 0x00000000a8d00000, 0x00000000a8d00000|100%| E|CS|TAMS 0x00000000a8c00000| PB 0x00000000a8c00000| Complete 
| 653|0x00000000a8d00000, 0x00000000a8e00000, 0x00000000a8e00000|100%| E|CS|TAMS 0x00000000a8d00000| PB 0x00000000a8d00000| Complete 
| 654|0x00000000a8e00000, 0x00000000a8f00000, 0x00000000a8f00000|100%| E|CS|TAMS 0x00000000a8e00000| PB 0x00000000a8e00000| Complete 
| 655|0x00000000a8f00000, 0x00000000a9000000, 0x00000000a9000000|100%| E|CS|TAMS 0x00000000a8f00000| PB 0x00000000a8f00000| Complete 
| 656|0x00000000a9000000, 0x00000000a9100000, 0x00000000a9100000|100%| E|CS|TAMS 0x00000000a9000000| PB 0x00000000a9000000| Complete 
| 657|0x00000000a9100000, 0x00000000a9200000, 0x00000000a9200000|100%| E|CS|TAMS 0x00000000a9100000| PB 0x00000000a9100000| Complete 
| 658|0x00000000a9200000, 0x00000000a9300000, 0x00000000a9300000|100%| E|CS|TAMS 0x00000000a9200000| PB 0x00000000a9200000| Complete 
| 659|0x00000000a9300000, 0x00000000a9400000, 0x00000000a9400000|100%| E|CS|TAMS 0x00000000a9300000| PB 0x00000000a9300000| Complete 
| 660|0x00000000a9400000, 0x00000000a9500000, 0x00000000a9500000|100%| E|CS|TAMS 0x00000000a9400000| PB 0x00000000a9400000| Complete 
| 661|0x00000000a9500000, 0x00000000a9600000, 0x00000000a9600000|100%| E|CS|TAMS 0x00000000a9500000| PB 0x00000000a9500000| Complete 
| 662|0x00000000a9600000, 0x00000000a9700000, 0x00000000a9700000|100%| E|CS|TAMS 0x00000000a9600000| PB 0x00000000a9600000| Complete 
| 663|0x00000000a9700000, 0x00000000a9800000, 0x00000000a9800000|100%| E|CS|TAMS 0x00000000a9700000| PB 0x00000000a9700000| Complete 
| 664|0x00000000a9800000, 0x00000000a9900000, 0x00000000a9900000|100%| E|CS|TAMS 0x00000000a9800000| PB 0x00000000a9800000| Complete 
| 665|0x00000000a9900000, 0x00000000a9a00000, 0x00000000a9a00000|100%| E|CS|TAMS 0x00000000a9900000| PB 0x00000000a9900000| Complete 
| 666|0x00000000a9a00000, 0x00000000a9b00000, 0x00000000a9b00000|100%| E|CS|TAMS 0x00000000a9a00000| PB 0x00000000a9a00000| Complete 
| 667|0x00000000a9b00000, 0x00000000a9c00000, 0x00000000a9c00000|100%| E|CS|TAMS 0x00000000a9b00000| PB 0x00000000a9b00000| Complete 
| 668|0x00000000a9c00000, 0x00000000a9d00000, 0x00000000a9d00000|100%| E|CS|TAMS 0x00000000a9c00000| PB 0x00000000a9c00000| Complete 
| 669|0x00000000a9d00000, 0x00000000a9e00000, 0x00000000a9e00000|100%| E|CS|TAMS 0x00000000a9d00000| PB 0x00000000a9d00000| Complete 
| 670|0x00000000a9e00000, 0x00000000a9f00000, 0x00000000a9f00000|100%| E|CS|TAMS 0x00000000a9e00000| PB 0x00000000a9e00000| Complete 
| 671|0x00000000a9f00000, 0x00000000aa000000, 0x00000000aa000000|100%| E|CS|TAMS 0x00000000a9f00000| PB 0x00000000a9f00000| Complete 
| 672|0x00000000aa000000, 0x00000000aa100000, 0x00000000aa100000|100%| E|CS|TAMS 0x00000000aa000000| PB 0x00000000aa000000| Complete 
| 673|0x00000000aa100000, 0x00000000aa200000, 0x00000000aa200000|100%| E|CS|TAMS 0x00000000aa100000| PB 0x00000000aa100000| Complete 
| 674|0x00000000aa200000, 0x00000000aa300000, 0x00000000aa300000|100%| E|CS|TAMS 0x00000000aa200000| PB 0x00000000aa200000| Complete 
| 675|0x00000000aa300000, 0x00000000aa400000, 0x00000000aa400000|100%| E|CS|TAMS 0x00000000aa300000| PB 0x00000000aa300000| Complete 
| 676|0x00000000aa400000, 0x00000000aa500000, 0x00000000aa500000|100%| E|CS|TAMS 0x00000000aa400000| PB 0x00000000aa400000| Complete 
| 677|0x00000000aa500000, 0x00000000aa600000, 0x00000000aa600000|100%| E|CS|TAMS 0x00000000aa500000| PB 0x00000000aa500000| Complete 
| 678|0x00000000aa600000, 0x00000000aa700000, 0x00000000aa700000|100%| E|CS|TAMS 0x00000000aa600000| PB 0x00000000aa600000| Complete 
| 679|0x00000000aa700000, 0x00000000aa800000, 0x00000000aa800000|100%| E|CS|TAMS 0x00000000aa700000| PB 0x00000000aa700000| Complete 
| 680|0x00000000aa800000, 0x00000000aa900000, 0x00000000aa900000|100%| E|CS|TAMS 0x00000000aa800000| PB 0x00000000aa800000| Complete 
| 681|0x00000000aa900000, 0x00000000aaa00000, 0x00000000aaa00000|100%| E|CS|TAMS 0x00000000aa900000| PB 0x00000000aa900000| Complete 
| 682|0x00000000aaa00000, 0x00000000aab00000, 0x00000000aab00000|100%| E|CS|TAMS 0x00000000aaa00000| PB 0x00000000aaa00000| Complete 
| 683|0x00000000aab00000, 0x00000000aac00000, 0x00000000aac00000|100%| E|CS|TAMS 0x00000000aab00000| PB 0x00000000aab00000| Complete 
| 684|0x00000000aac00000, 0x00000000aad00000, 0x00000000aad00000|100%| E|CS|TAMS 0x00000000aac00000| PB 0x00000000aac00000| Complete 
| 685|0x00000000aad00000, 0x00000000aae00000, 0x00000000aae00000|100%| E|CS|TAMS 0x00000000aad00000| PB 0x00000000aad00000| Complete 
| 686|0x00000000aae00000, 0x00000000aaf00000, 0x00000000aaf00000|100%| E|CS|TAMS 0x00000000aae00000| PB 0x00000000aae00000| Complete 
| 687|0x00000000aaf00000, 0x00000000ab000000, 0x00000000ab000000|100%| E|CS|TAMS 0x00000000aaf00000| PB 0x00000000aaf00000| Complete 
| 688|0x00000000ab000000, 0x00000000ab100000, 0x00000000ab100000|100%| E|CS|TAMS 0x00000000ab000000| PB 0x00000000ab000000| Complete 
| 689|0x00000000ab100000, 0x00000000ab200000, 0x00000000ab200000|100%| E|CS|TAMS 0x00000000ab100000| PB 0x00000000ab100000| Complete 
| 690|0x00000000ab200000, 0x00000000ab300000, 0x00000000ab300000|100%| E|CS|TAMS 0x00000000ab200000| PB 0x00000000ab200000| Complete 
| 691|0x00000000ab300000, 0x00000000ab400000, 0x00000000ab400000|100%| E|CS|TAMS 0x00000000ab300000| PB 0x00000000ab300000| Complete 
| 692|0x00000000ab400000, 0x00000000ab500000, 0x00000000ab500000|100%| E|CS|TAMS 0x00000000ab400000| PB 0x00000000ab400000| Complete 
| 693|0x00000000ab500000, 0x00000000ab600000, 0x00000000ab600000|100%| E|CS|TAMS 0x00000000ab500000| PB 0x00000000ab500000| Complete 
| 694|0x00000000ab600000, 0x00000000ab700000, 0x00000000ab700000|100%| E|CS|TAMS 0x00000000ab600000| PB 0x00000000ab600000| Complete 
| 695|0x00000000ab700000, 0x00000000ab800000, 0x00000000ab800000|100%| E|CS|TAMS 0x00000000ab700000| PB 0x00000000ab700000| Complete 
| 696|0x00000000ab800000, 0x00000000ab900000, 0x00000000ab900000|100%| E|CS|TAMS 0x00000000ab800000| PB 0x00000000ab800000| Complete 
| 697|0x00000000ab900000, 0x00000000aba00000, 0x00000000aba00000|100%| E|CS|TAMS 0x00000000ab900000| PB 0x00000000ab900000| Complete 
| 698|0x00000000aba00000, 0x00000000abb00000, 0x00000000abb00000|100%| E|CS|TAMS 0x00000000aba00000| PB 0x00000000aba00000| Complete 
| 699|0x00000000abb00000, 0x00000000abc00000, 0x00000000abc00000|100%| E|CS|TAMS 0x00000000abb00000| PB 0x00000000abb00000| Complete 
| 700|0x00000000abc00000, 0x00000000abd00000, 0x00000000abd00000|100%| E|CS|TAMS 0x00000000abc00000| PB 0x00000000abc00000| Complete 
| 701|0x00000000abd00000, 0x00000000abe00000, 0x00000000abe00000|100%| E|CS|TAMS 0x00000000abd00000| PB 0x00000000abd00000| Complete 
| 702|0x00000000abe00000, 0x00000000abf00000, 0x00000000abf00000|100%| E|CS|TAMS 0x00000000abe00000| PB 0x00000000abe00000| Complete 
| 703|0x00000000abf00000, 0x00000000ac000000, 0x00000000ac000000|100%| E|CS|TAMS 0x00000000abf00000| PB 0x00000000abf00000| Complete 
| 704|0x00000000ac000000, 0x00000000ac100000, 0x00000000ac100000|100%| E|CS|TAMS 0x00000000ac000000| PB 0x00000000ac000000| Complete 
| 705|0x00000000ac100000, 0x00000000ac200000, 0x00000000ac200000|100%| E|CS|TAMS 0x00000000ac100000| PB 0x00000000ac100000| Complete 
| 706|0x00000000ac200000, 0x00000000ac300000, 0x00000000ac300000|100%| E|CS|TAMS 0x00000000ac200000| PB 0x00000000ac200000| Complete 
| 707|0x00000000ac300000, 0x00000000ac400000, 0x00000000ac400000|100%| E|CS|TAMS 0x00000000ac300000| PB 0x00000000ac300000| Complete 
| 708|0x00000000ac400000, 0x00000000ac500000, 0x00000000ac500000|100%| E|CS|TAMS 0x00000000ac400000| PB 0x00000000ac400000| Complete 
| 709|0x00000000ac500000, 0x00000000ac600000, 0x00000000ac600000|100%| E|CS|TAMS 0x00000000ac500000| PB 0x00000000ac500000| Complete 
| 710|0x00000000ac600000, 0x00000000ac700000, 0x00000000ac700000|100%| E|CS|TAMS 0x00000000ac600000| PB 0x00000000ac600000| Complete 
| 711|0x00000000ac700000, 0x00000000ac800000, 0x00000000ac800000|100%| E|CS|TAMS 0x00000000ac700000| PB 0x00000000ac700000| Complete 
| 712|0x00000000ac800000, 0x00000000ac900000, 0x00000000ac900000|100%| E|CS|TAMS 0x00000000ac800000| PB 0x00000000ac800000| Complete 
| 713|0x00000000ac900000, 0x00000000aca00000, 0x00000000aca00000|100%| E|CS|TAMS 0x00000000ac900000| PB 0x00000000ac900000| Complete 
| 714|0x00000000aca00000, 0x00000000acb00000, 0x00000000acb00000|100%| E|CS|TAMS 0x00000000aca00000| PB 0x00000000aca00000| Complete 
| 715|0x00000000acb00000, 0x00000000acc00000, 0x00000000acc00000|100%| E|CS|TAMS 0x00000000acb00000| PB 0x00000000acb00000| Complete 
| 716|0x00000000acc00000, 0x00000000acd00000, 0x00000000acd00000|100%| E|CS|TAMS 0x00000000acc00000| PB 0x00000000acc00000| Complete 
| 717|0x00000000acd00000, 0x00000000ace00000, 0x00000000ace00000|100%| E|CS|TAMS 0x00000000acd00000| PB 0x00000000acd00000| Complete 
| 718|0x00000000ace00000, 0x00000000acf00000, 0x00000000acf00000|100%| E|CS|TAMS 0x00000000ace00000| PB 0x00000000ace00000| Complete 
| 719|0x00000000acf00000, 0x00000000ad000000, 0x00000000ad000000|100%| E|CS|TAMS 0x00000000acf00000| PB 0x00000000acf00000| Complete 
| 720|0x00000000ad000000, 0x00000000ad100000, 0x00000000ad100000|100%| E|CS|TAMS 0x00000000ad000000| PB 0x00000000ad000000| Complete 
| 721|0x00000000ad100000, 0x00000000ad200000, 0x00000000ad200000|100%| E|CS|TAMS 0x00000000ad100000| PB 0x00000000ad100000| Complete 
| 722|0x00000000ad200000, 0x00000000ad300000, 0x00000000ad300000|100%| E|CS|TAMS 0x00000000ad200000| PB 0x00000000ad200000| Complete 
| 723|0x00000000ad300000, 0x00000000ad400000, 0x00000000ad400000|100%| E|CS|TAMS 0x00000000ad300000| PB 0x00000000ad300000| Complete 
| 724|0x00000000ad400000, 0x00000000ad500000, 0x00000000ad500000|100%| E|CS|TAMS 0x00000000ad400000| PB 0x00000000ad400000| Complete 
| 725|0x00000000ad500000, 0x00000000ad600000, 0x00000000ad600000|100%| E|CS|TAMS 0x00000000ad500000| PB 0x00000000ad500000| Complete 
| 726|0x00000000ad600000, 0x00000000ad700000, 0x00000000ad700000|100%| E|CS|TAMS 0x00000000ad600000| PB 0x00000000ad600000| Complete 
| 727|0x00000000ad700000, 0x00000000ad800000, 0x00000000ad800000|100%| E|CS|TAMS 0x00000000ad700000| PB 0x00000000ad700000| Complete 
| 728|0x00000000ad800000, 0x00000000ad900000, 0x00000000ad900000|100%| E|CS|TAMS 0x00000000ad800000| PB 0x00000000ad800000| Complete 
| 729|0x00000000ad900000, 0x00000000ada00000, 0x00000000ada00000|100%| E|CS|TAMS 0x00000000ad900000| PB 0x00000000ad900000| Complete 
| 730|0x00000000ada00000, 0x00000000adb00000, 0x00000000adb00000|100%| E|CS|TAMS 0x00000000ada00000| PB 0x00000000ada00000| Complete 
| 731|0x00000000adb00000, 0x00000000adc00000, 0x00000000adc00000|100%| E|CS|TAMS 0x00000000adb00000| PB 0x00000000adb00000| Complete 
| 732|0x00000000adc00000, 0x00000000add00000, 0x00000000add00000|100%| E|CS|TAMS 0x00000000adc00000| PB 0x00000000adc00000| Complete 
| 733|0x00000000add00000, 0x00000000ade00000, 0x00000000ade00000|100%| E|CS|TAMS 0x00000000add00000| PB 0x00000000add00000| Complete 
| 734|0x00000000ade00000, 0x00000000adf00000, 0x00000000adf00000|100%| E|CS|TAMS 0x00000000ade00000| PB 0x00000000ade00000| Complete 
| 735|0x00000000adf00000, 0x00000000ae000000, 0x00000000ae000000|100%| E|CS|TAMS 0x00000000adf00000| PB 0x00000000adf00000| Complete 
| 736|0x00000000ae000000, 0x00000000ae100000, 0x00000000ae100000|100%| E|CS|TAMS 0x00000000ae000000| PB 0x00000000ae000000| Complete 
| 737|0x00000000ae100000, 0x00000000ae200000, 0x00000000ae200000|100%| E|CS|TAMS 0x00000000ae100000| PB 0x00000000ae100000| Complete 
| 738|0x00000000ae200000, 0x00000000ae300000, 0x00000000ae300000|100%| E|CS|TAMS 0x00000000ae200000| PB 0x00000000ae200000| Complete 
| 739|0x00000000ae300000, 0x00000000ae400000, 0x00000000ae400000|100%| E|CS|TAMS 0x00000000ae300000| PB 0x00000000ae300000| Complete 
| 740|0x00000000ae400000, 0x00000000ae500000, 0x00000000ae500000|100%| E|CS|TAMS 0x00000000ae400000| PB 0x00000000ae400000| Complete 
| 741|0x00000000ae500000, 0x00000000ae600000, 0x00000000ae600000|100%| E|CS|TAMS 0x00000000ae500000| PB 0x00000000ae500000| Complete 
| 742|0x00000000ae600000, 0x00000000ae700000, 0x00000000ae700000|100%| E|CS|TAMS 0x00000000ae600000| PB 0x00000000ae600000| Complete 
| 743|0x00000000ae700000, 0x00000000ae800000, 0x00000000ae800000|100%| E|CS|TAMS 0x00000000ae700000| PB 0x00000000ae700000| Complete 
| 744|0x00000000ae800000, 0x00000000ae900000, 0x00000000ae900000|100%| E|CS|TAMS 0x00000000ae800000| PB 0x00000000ae800000| Complete 
| 745|0x00000000ae900000, 0x00000000aea00000, 0x00000000aea00000|100%| E|CS|TAMS 0x00000000ae900000| PB 0x00000000ae900000| Complete 
| 746|0x00000000aea00000, 0x00000000aeb00000, 0x00000000aeb00000|100%| E|CS|TAMS 0x00000000aea00000| PB 0x00000000aea00000| Complete 
| 747|0x00000000aeb00000, 0x00000000aec00000, 0x00000000aec00000|100%| E|CS|TAMS 0x00000000aeb00000| PB 0x00000000aeb00000| Complete 
| 748|0x00000000aec00000, 0x00000000aed00000, 0x00000000aed00000|100%| E|CS|TAMS 0x00000000aec00000| PB 0x00000000aec00000| Complete 
| 749|0x00000000aed00000, 0x00000000aee00000, 0x00000000aee00000|100%| E|CS|TAMS 0x00000000aed00000| PB 0x00000000aed00000| Complete 
| 750|0x00000000aee00000, 0x00000000aef00000, 0x00000000aef00000|100%| E|CS|TAMS 0x00000000aee00000| PB 0x00000000aee00000| Complete 
| 751|0x00000000aef00000, 0x00000000af000000, 0x00000000af000000|100%| E|CS|TAMS 0x00000000aef00000| PB 0x00000000aef00000| Complete 
| 752|0x00000000af000000, 0x00000000af100000, 0x00000000af100000|100%| E|CS|TAMS 0x00000000af000000| PB 0x00000000af000000| Complete 
| 753|0x00000000af100000, 0x00000000af200000, 0x00000000af200000|100%| E|CS|TAMS 0x00000000af100000| PB 0x00000000af100000| Complete 
| 804|0x00000000b2400000, 0x00000000b2500000, 0x00000000b2500000|100%| E|CS|TAMS 0x00000000b2400000| PB 0x00000000b2400000| Complete 
| 805|0x00000000b2500000, 0x00000000b2600000, 0x00000000b2600000|100%| E|CS|TAMS 0x00000000b2500000| PB 0x00000000b2500000| Complete 
| 806|0x00000000b2600000, 0x00000000b2700000, 0x00000000b2700000|100%| E|CS|TAMS 0x00000000b2600000| PB 0x00000000b2600000| Complete 
| 807|0x00000000b2700000, 0x00000000b2800000, 0x00000000b2800000|100%| E|CS|TAMS 0x00000000b2700000| PB 0x00000000b2700000| Complete 
| 808|0x00000000b2800000, 0x00000000b2900000, 0x00000000b2900000|100%| E|CS|TAMS 0x00000000b2800000| PB 0x00000000b2800000| Complete 
| 809|0x00000000b2900000, 0x00000000b2a00000, 0x00000000b2a00000|100%| E|CS|TAMS 0x00000000b2900000| PB 0x00000000b2900000| Complete 
| 810|0x00000000b2a00000, 0x00000000b2b00000, 0x00000000b2b00000|100%| E|CS|TAMS 0x00000000b2a00000| PB 0x00000000b2a00000| Complete 
| 811|0x00000000b2b00000, 0x00000000b2c00000, 0x00000000b2c00000|100%| E|CS|TAMS 0x00000000b2b00000| PB 0x00000000b2b00000| Complete 
| 812|0x00000000b2c00000, 0x00000000b2d00000, 0x00000000b2d00000|100%| E|CS|TAMS 0x00000000b2c00000| PB 0x00000000b2c00000| Complete 
| 813|0x00000000b2d00000, 0x00000000b2e00000, 0x00000000b2e00000|100%| E|CS|TAMS 0x00000000b2d00000| PB 0x00000000b2d00000| Complete 
| 814|0x00000000b2e00000, 0x00000000b2f00000, 0x00000000b2f00000|100%| E|CS|TAMS 0x00000000b2e00000| PB 0x00000000b2e00000| Complete 
| 815|0x00000000b2f00000, 0x00000000b3000000, 0x00000000b3000000|100%| E|CS|TAMS 0x00000000b2f00000| PB 0x00000000b2f00000| Complete 
| 816|0x00000000b3000000, 0x00000000b3100000, 0x00000000b3100000|100%| E|CS|TAMS 0x00000000b3000000| PB 0x00000000b3000000| Complete 
| 817|0x00000000b3100000, 0x00000000b3200000, 0x00000000b3200000|100%| E|CS|TAMS 0x00000000b3100000| PB 0x00000000b3100000| Complete 
| 818|0x00000000b3200000, 0x00000000b3300000, 0x00000000b3300000|100%| E|CS|TAMS 0x00000000b3200000| PB 0x00000000b3200000| Complete 
| 819|0x00000000b3300000, 0x00000000b3400000, 0x00000000b3400000|100%| E|CS|TAMS 0x00000000b3300000| PB 0x00000000b3300000| Complete 
| 820|0x00000000b3400000, 0x00000000b3500000, 0x00000000b3500000|100%| E|CS|TAMS 0x00000000b3400000| PB 0x00000000b3400000| Complete 
| 821|0x00000000b3500000, 0x00000000b3600000, 0x00000000b3600000|100%| E|CS|TAMS 0x00000000b3500000| PB 0x00000000b3500000| Complete 
| 822|0x00000000b3600000, 0x00000000b3700000, 0x00000000b3700000|100%| E|CS|TAMS 0x00000000b3600000| PB 0x00000000b3600000| Complete 
| 823|0x00000000b3700000, 0x00000000b3800000, 0x00000000b3800000|100%| E|CS|TAMS 0x00000000b3700000| PB 0x00000000b3700000| Complete 
| 824|0x00000000b3800000, 0x00000000b3900000, 0x00000000b3900000|100%| E|CS|TAMS 0x00000000b3800000| PB 0x00000000b3800000| Complete 
| 825|0x00000000b3900000, 0x00000000b3a00000, 0x00000000b3a00000|100%| E|CS|TAMS 0x00000000b3900000| PB 0x00000000b3900000| Complete 
| 826|0x00000000b3a00000, 0x00000000b3b00000, 0x00000000b3b00000|100%| E|CS|TAMS 0x00000000b3a00000| PB 0x00000000b3a00000| Complete 
| 827|0x00000000b3b00000, 0x00000000b3c00000, 0x00000000b3c00000|100%| E|CS|TAMS 0x00000000b3b00000| PB 0x00000000b3b00000| Complete 
| 828|0x00000000b3c00000, 0x00000000b3d00000, 0x00000000b3d00000|100%| E|CS|TAMS 0x00000000b3c00000| PB 0x00000000b3c00000| Complete 
| 829|0x00000000b3d00000, 0x00000000b3e00000, 0x00000000b3e00000|100%| E|CS|TAMS 0x00000000b3d00000| PB 0x00000000b3d00000| Complete 
| 830|0x00000000b3e00000, 0x00000000b3f00000, 0x00000000b3f00000|100%| E|CS|TAMS 0x00000000b3e00000| PB 0x00000000b3e00000| Complete 
| 831|0x00000000b3f00000, 0x00000000b4000000, 0x00000000b4000000|100%| E|CS|TAMS 0x00000000b3f00000| PB 0x00000000b3f00000| Complete 
| 832|0x00000000b4000000, 0x00000000b4100000, 0x00000000b4100000|100%| E|CS|TAMS 0x00000000b4000000| PB 0x00000000b4000000| Complete 
| 833|0x00000000b4100000, 0x00000000b4200000, 0x00000000b4200000|100%| E|CS|TAMS 0x00000000b4100000| PB 0x00000000b4100000| Complete 
| 870|0x00000000b6600000, 0x00000000b6700000, 0x00000000b6700000|100%| E|CS|TAMS 0x00000000b6600000| PB 0x00000000b6600000| Complete 
| 871|0x00000000b6700000, 0x00000000b6800000, 0x00000000b6800000|100%| E|CS|TAMS 0x00000000b6700000| PB 0x00000000b6700000| Complete 
| 872|0x00000000b6800000, 0x00000000b6900000, 0x00000000b6900000|100%| E|CS|TAMS 0x00000000b6800000| PB 0x00000000b6800000| Complete 
| 873|0x00000000b6900000, 0x00000000b6a00000, 0x00000000b6a00000|100%| E|CS|TAMS 0x00000000b6900000| PB 0x00000000b6900000| Complete 
| 874|0x00000000b6a00000, 0x00000000b6b00000, 0x00000000b6b00000|100%| E|CS|TAMS 0x00000000b6a00000| PB 0x00000000b6a00000| Complete 
| 875|0x00000000b6b00000, 0x00000000b6c00000, 0x00000000b6c00000|100%| E|CS|TAMS 0x00000000b6b00000| PB 0x00000000b6b00000| Complete 
| 876|0x00000000b6c00000, 0x00000000b6d00000, 0x00000000b6d00000|100%| E|CS|TAMS 0x00000000b6c00000| PB 0x00000000b6c00000| Complete 
| 877|0x00000000b6d00000, 0x00000000b6e00000, 0x00000000b6e00000|100%| E|CS|TAMS 0x00000000b6d00000| PB 0x00000000b6d00000| Complete 
| 878|0x00000000b6e00000, 0x00000000b6f00000, 0x00000000b6f00000|100%| E|CS|TAMS 0x00000000b6e00000| PB 0x00000000b6e00000| Complete 
| 879|0x00000000b6f00000, 0x00000000b7000000, 0x00000000b7000000|100%| E|CS|TAMS 0x00000000b6f00000| PB 0x00000000b6f00000| Complete 
| 880|0x00000000b7000000, 0x00000000b7100000, 0x00000000b7100000|100%| E|CS|TAMS 0x00000000b7000000| PB 0x00000000b7000000| Complete 
| 881|0x00000000b7100000, 0x00000000b7200000, 0x00000000b7200000|100%| E|CS|TAMS 0x00000000b7100000| PB 0x00000000b7100000| Complete 
| 882|0x00000000b7200000, 0x00000000b7300000, 0x00000000b7300000|100%| E|CS|TAMS 0x00000000b7200000| PB 0x00000000b7200000| Complete 
| 883|0x00000000b7300000, 0x00000000b7400000, 0x00000000b7400000|100%| E|CS|TAMS 0x00000000b7300000| PB 0x00000000b7300000| Complete 
| 884|0x00000000b7400000, 0x00000000b7500000, 0x00000000b7500000|100%| E|CS|TAMS 0x00000000b7400000| PB 0x00000000b7400000| Complete 
| 885|0x00000000b7500000, 0x00000000b7600000, 0x00000000b7600000|100%| E|CS|TAMS 0x00000000b7500000| PB 0x00000000b7500000| Complete 
| 886|0x00000000b7600000, 0x00000000b7700000, 0x00000000b7700000|100%| E|CS|TAMS 0x00000000b7600000| PB 0x00000000b7600000| Complete 
| 887|0x00000000b7700000, 0x00000000b7800000, 0x00000000b7800000|100%| E|CS|TAMS 0x00000000b7700000| PB 0x00000000b7700000| Complete 
| 888|0x00000000b7800000, 0x00000000b7900000, 0x00000000b7900000|100%| E|CS|TAMS 0x00000000b7800000| PB 0x00000000b7800000| Complete 
| 889|0x00000000b7900000, 0x00000000b7a00000, 0x00000000b7a00000|100%| E|CS|TAMS 0x00000000b7900000| PB 0x00000000b7900000| Complete 
| 890|0x00000000b7a00000, 0x00000000b7b00000, 0x00000000b7b00000|100%| E|CS|TAMS 0x00000000b7a00000| PB 0x00000000b7a00000| Complete 
| 891|0x00000000b7b00000, 0x00000000b7c00000, 0x00000000b7c00000|100%| E|CS|TAMS 0x00000000b7b00000| PB 0x00000000b7b00000| Complete 
| 892|0x00000000b7c00000, 0x00000000b7d00000, 0x00000000b7d00000|100%| E|CS|TAMS 0x00000000b7c00000| PB 0x00000000b7c00000| Complete 
| 893|0x00000000b7d00000, 0x00000000b7e00000, 0x00000000b7e00000|100%| E|CS|TAMS 0x00000000b7d00000| PB 0x00000000b7d00000| Complete 
| 894|0x00000000b7e00000, 0x00000000b7f00000, 0x00000000b7f00000|100%| E|CS|TAMS 0x00000000b7e00000| PB 0x00000000b7e00000| Complete 
| 895|0x00000000b7f00000, 0x00000000b8000000, 0x00000000b8000000|100%| E|CS|TAMS 0x00000000b7f00000| PB 0x00000000b7f00000| Complete 
| 896|0x00000000b8000000, 0x00000000b8100000, 0x00000000b8100000|100%| E|CS|TAMS 0x00000000b8000000| PB 0x00000000b8000000| Complete 
| 897|0x00000000b8100000, 0x00000000b8200000, 0x00000000b8200000|100%| E|CS|TAMS 0x00000000b8100000| PB 0x00000000b8100000| Complete 
| 898|0x00000000b8200000, 0x00000000b8300000, 0x00000000b8300000|100%| E|CS|TAMS 0x00000000b8200000| PB 0x00000000b8200000| Complete 
| 899|0x00000000b8300000, 0x00000000b8400000, 0x00000000b8400000|100%| E|CS|TAMS 0x00000000b8300000| PB 0x00000000b8300000| Complete 
| 926|0x00000000b9e00000, 0x00000000b9f00000, 0x00000000b9f00000|100%| E|CS|TAMS 0x00000000b9e00000| PB 0x00000000b9e00000| Complete 
| 927|0x00000000b9f00000, 0x00000000ba000000, 0x00000000ba000000|100%| E|CS|TAMS 0x00000000b9f00000| PB 0x00000000b9f00000| Complete 
| 928|0x00000000ba000000, 0x00000000ba100000, 0x00000000ba100000|100%| E|CS|TAMS 0x00000000ba000000| PB 0x00000000ba000000| Complete 
| 929|0x00000000ba100000, 0x00000000ba200000, 0x00000000ba200000|100%| E|CS|TAMS 0x00000000ba100000| PB 0x00000000ba100000| Complete 
| 930|0x00000000ba200000, 0x00000000ba300000, 0x00000000ba300000|100%| E|CS|TAMS 0x00000000ba200000| PB 0x00000000ba200000| Complete 
| 931|0x00000000ba300000, 0x00000000ba400000, 0x00000000ba400000|100%| E|CS|TAMS 0x00000000ba300000| PB 0x00000000ba300000| Complete 
| 932|0x00000000ba400000, 0x00000000ba500000, 0x00000000ba500000|100%| E|CS|TAMS 0x00000000ba400000| PB 0x00000000ba400000| Complete 
| 933|0x00000000ba500000, 0x00000000ba600000, 0x00000000ba600000|100%| E|CS|TAMS 0x00000000ba500000| PB 0x00000000ba500000| Complete 
| 934|0x00000000ba600000, 0x00000000ba700000, 0x00000000ba700000|100%| E|CS|TAMS 0x00000000ba600000| PB 0x00000000ba600000| Complete 
| 935|0x00000000ba700000, 0x00000000ba800000, 0x00000000ba800000|100%| E|CS|TAMS 0x00000000ba700000| PB 0x00000000ba700000| Complete 
| 936|0x00000000ba800000, 0x00000000ba900000, 0x00000000ba900000|100%| E|CS|TAMS 0x00000000ba800000| PB 0x00000000ba800000| Complete 
| 937|0x00000000ba900000, 0x00000000baa00000, 0x00000000baa00000|100%| E|CS|TAMS 0x00000000ba900000| PB 0x00000000ba900000| Complete 
| 938|0x00000000baa00000, 0x00000000bab00000, 0x00000000bab00000|100%| E|CS|TAMS 0x00000000baa00000| PB 0x00000000baa00000| Complete 
| 939|0x00000000bab00000, 0x00000000bac00000, 0x00000000bac00000|100%| E|CS|TAMS 0x00000000bab00000| PB 0x00000000bab00000| Complete 
| 940|0x00000000bac00000, 0x00000000bad00000, 0x00000000bad00000|100%| E|CS|TAMS 0x00000000bac00000| PB 0x00000000bac00000| Complete 
| 941|0x00000000bad00000, 0x00000000bae00000, 0x00000000bae00000|100%| E|CS|TAMS 0x00000000bad00000| PB 0x00000000bad00000| Complete 
| 942|0x00000000bae00000, 0x00000000baf00000, 0x00000000baf00000|100%| E|CS|TAMS 0x00000000bae00000| PB 0x00000000bae00000| Complete 
| 943|0x00000000baf00000, 0x00000000bb000000, 0x00000000bb000000|100%| E|CS|TAMS 0x00000000baf00000| PB 0x00000000baf00000| Complete 
| 944|0x00000000bb000000, 0x00000000bb100000, 0x00000000bb100000|100%| E|CS|TAMS 0x00000000bb000000| PB 0x00000000bb000000| Complete 
| 945|0x00000000bb100000, 0x00000000bb200000, 0x00000000bb200000|100%| E|CS|TAMS 0x00000000bb100000| PB 0x00000000bb100000| Complete 
| 946|0x00000000bb200000, 0x00000000bb300000, 0x00000000bb300000|100%| E|CS|TAMS 0x00000000bb200000| PB 0x00000000bb200000| Complete 
| 947|0x00000000bb300000, 0x00000000bb400000, 0x00000000bb400000|100%| E|CS|TAMS 0x00000000bb300000| PB 0x00000000bb300000| Complete 
| 948|0x00000000bb400000, 0x00000000bb500000, 0x00000000bb500000|100%| E|CS|TAMS 0x00000000bb400000| PB 0x00000000bb400000| Complete 
| 949|0x00000000bb500000, 0x00000000bb600000, 0x00000000bb600000|100%| E|CS|TAMS 0x00000000bb500000| PB 0x00000000bb500000| Complete 
|2012|0x00000000fdc00000, 0x00000000fdd00000, 0x00000000fdd00000|100%| E|CS|TAMS 0x00000000fdc00000| PB 0x00000000fdc00000| Complete 
|2013|0x00000000fdd00000, 0x00000000fde00000, 0x00000000fde00000|100%| E|CS|TAMS 0x00000000fdd00000| PB 0x00000000fdd00000| Complete 
|2014|0x00000000fde00000, 0x00000000fdf00000, 0x00000000fdf00000|100%| E|CS|TAMS 0x00000000fde00000| PB 0x00000000fde00000| Complete 
|2015|0x00000000fdf00000, 0x00000000fe000000, 0x00000000fe000000|100%| E|CS|TAMS 0x00000000fdf00000| PB 0x00000000fdf00000| Complete 
|2016|0x00000000fe000000, 0x00000000fe100000, 0x00000000fe100000|100%| E|CS|TAMS 0x00000000fe000000| PB 0x00000000fe000000| Complete 
|2017|0x00000000fe100000, 0x00000000fe200000, 0x00000000fe200000|100%| E|CS|TAMS 0x00000000fe100000| PB 0x00000000fe100000| Complete 
|2018|0x00000000fe200000, 0x00000000fe300000, 0x00000000fe300000|100%| E|CS|TAMS 0x00000000fe200000| PB 0x00000000fe200000| Complete 
|2019|0x00000000fe300000, 0x00000000fe400000, 0x00000000fe400000|100%| O|  |TAMS 0x00000000fe300000| PB 0x00000000fe300000| Untracked 
|2020|0x00000000fe400000, 0x00000000fe500000, 0x00000000fe500000|100%| E|CS|TAMS 0x00000000fe400000| PB 0x00000000fe400000| Complete 
|2021|0x00000000fe500000, 0x00000000fe600000, 0x00000000fe600000|100%| E|CS|TAMS 0x00000000fe500000| PB 0x00000000fe500000| Complete 
|2022|0x00000000fe600000, 0x00000000fe700000, 0x00000000fe700000|100%| E|CS|TAMS 0x00000000fe600000| PB 0x00000000fe600000| Complete 
|2023|0x00000000fe700000, 0x00000000fe800000, 0x00000000fe800000|100%| E|CS|TAMS 0x00000000fe700000| PB 0x00000000fe700000| Complete 
|2024|0x00000000fe800000, 0x00000000fe900000, 0x00000000fe900000|100%| E|CS|TAMS 0x00000000fe800000| PB 0x00000000fe800000| Complete 
|2025|0x00000000fe900000, 0x00000000fea00000, 0x00000000fea00000|100%| E|CS|TAMS 0x00000000fe900000| PB 0x00000000fe900000| Complete 
|2026|0x00000000fea00000, 0x00000000feb00000, 0x00000000feb00000|100%| E|CS|TAMS 0x00000000fea00000| PB 0x00000000fea00000| Complete 
|2027|0x00000000feb00000, 0x00000000fec00000, 0x00000000fec00000|100%| E|CS|TAMS 0x00000000feb00000| PB 0x00000000feb00000| Complete 
|2028|0x00000000fec00000, 0x00000000fed00000, 0x00000000fed00000|100%| E|CS|TAMS 0x00000000fec00000| PB 0x00000000fec00000| Complete 
|2029|0x00000000fed00000, 0x00000000fee00000, 0x00000000fee00000|100%| E|CS|TAMS 0x00000000fed00000| PB 0x00000000fed00000| Complete 
|2030|0x00000000fee00000, 0x00000000fef00000, 0x00000000fef00000|100%| O|  |TAMS 0x00000000fee00000| PB 0x00000000fee00000| Untracked 
|2031|0x00000000fef00000, 0x00000000ff000000, 0x00000000ff000000|100%| O|  |TAMS 0x00000000fef00000| PB 0x00000000fef00000| Untracked 
|2032|0x00000000ff000000, 0x00000000ff100000, 0x00000000ff100000|100%| O|  |TAMS 0x00000000ff000000| PB 0x00000000ff000000| Untracked 
|2033|0x00000000ff100000, 0x00000000ff200000, 0x00000000ff200000|100%| O|  |TAMS 0x00000000ff100000| PB 0x00000000ff100000| Untracked 
|2034|0x00000000ff200000, 0x00000000ff300000, 0x00000000ff300000|100%| E|CS|TAMS 0x00000000ff200000| PB 0x00000000ff200000| Complete 
|2035|0x00000000ff300000, 0x00000000ff400000, 0x00000000ff400000|100%| E|CS|TAMS 0x00000000ff300000| PB 0x00000000ff300000| Complete 
|2036|0x00000000ff400000, 0x00000000ff500000, 0x00000000ff500000|100%| E|CS|TAMS 0x00000000ff400000| PB 0x00000000ff400000| Complete 
|2037|0x00000000ff500000, 0x00000000ff600000, 0x00000000ff600000|100%| E|CS|TAMS 0x00000000ff500000| PB 0x00000000ff500000| Complete 
|2038|0x00000000ff600000, 0x00000000ff700000, 0x00000000ff700000|100%| O|  |TAMS 0x00000000ff600000| PB 0x00000000ff600000| Untracked 
|2039|0x00000000ff700000, 0x00000000ff800000, 0x00000000ff800000|100%| E|CS|TAMS 0x00000000ff700000| PB 0x00000000ff700000| Complete 
|2040|0x00000000ff800000, 0x00000000ff900000, 0x00000000ff900000|100%| O|  |TAMS 0x00000000ff800000| PB 0x00000000ff800000| Untracked 
|2041|0x00000000ff900000, 0x00000000ffa00000, 0x00000000ffa00000|100%| O|  |TAMS 0x00000000ff900000| PB 0x00000000ff900000| Untracked 
|2042|0x00000000ffa00000, 0x00000000ffb00000, 0x00000000ffb00000|100%| O|  |TAMS 0x00000000ffa00000| PB 0x00000000ffa00000| Untracked 
|2043|0x00000000ffb00000, 0x00000000ffc00000, 0x00000000ffc00000|100%| E|CS|TAMS 0x00000000ffb00000| PB 0x00000000ffb00000| Complete 
|2044|0x00000000ffc00000, 0x00000000ffd00000, 0x00000000ffd00000|100%| O|  |TAMS 0x00000000ffc00000| PB 0x00000000ffc00000| Untracked 
|2045|0x00000000ffd00000, 0x00000000ffe00000, 0x00000000ffe00000|100%| O|  |TAMS 0x00000000ffd00000| PB 0x00000000ffd00000| Untracked 
|2046|0x00000000ffe00000, 0x00000000fff00000, 0x00000000fff00000|100%| O|  |TAMS 0x00000000ffe00000| PB 0x00000000ffe00000| Untracked 
|2047|0x00000000fff00000, 0x0000000100000000, 0x0000000100000000|100%| O|  |TAMS 0x00000000fff00000| PB 0x00000000fff00000| Untracked 

Card table byte_map: [0x000002d4e0ac0000,0x000002d4e0ec0000] _byte_map_base: 0x000002d4e06c0000

Marking Bits: (CMBitMap*) 0x000002d4ce094800
 Bits: [0x000002d4e0ec0000, 0x000002d4e2ec0000)

Polling page: 0x000002d4cbe30000

Metaspace:

Usage:
  Non-class:    146.54 MB used.
      Class:     23.40 MB used.
       Both:    169.93 MB used.

Virtual space:
  Non-class space:      192.00 MB reserved,     147.88 MB ( 77%) committed,  3 nodes.
      Class space:        1.00 GB reserved,      24.62 MB (  2%) committed,  1 nodes.
             Both:        1.19 GB reserved,     172.50 MB ( 14%) committed. 

Chunk freelists:
   Non-Class:  11.47 MB
       Class:  7.32 MB
        Both:  18.79 MB

MaxMetaspaceSize: unlimited
CompressedClassSpaceSize: 1.00 GB
Initial GC threshold: 21.00 MB
Current GC threshold: 287.50 MB
CDS: off
 - commit_granule_bytes: 65536.
 - commit_granule_words: 8192.
 - virtual_space_node_default_size: 8388608.
 - enlarge_chunks_in_place: 1.
 - use_allocation_guard: 0.


Internal statistics:

num_allocs_failed_limit: 6.
num_arena_births: 5204.
num_arena_deaths: 50.
num_vsnodes_births: 4.
num_vsnodes_deaths: 0.
num_space_committed: 2751.
num_space_uncommitted: 0.
num_chunks_returned_to_freelist: 77.
num_chunks_taken_from_freelist: 12828.
num_chunk_merges: 21.
num_chunk_splits: 8377.
num_chunks_enlarged: 5322.
num_inconsistent_stats: 0.

CodeHeap 'non-profiled nmethods': size=120000Kb used=10277Kb max_used=13940Kb free=109722Kb
 bounds [0x000002d4d8c40000, 0x000002d4d9a70000, 0x000002d4e0170000]
CodeHeap 'profiled nmethods': size=120000Kb used=16645Kb max_used=29059Kb free=103354Kb
 bounds [0x000002d4d1170000, 0x000002d4d2e00000, 0x000002d4d86a0000]
CodeHeap 'non-nmethods': size=5760Kb used=2909Kb max_used=2996Kb free=2851Kb
 bounds [0x000002d4d86a0000, 0x000002d4d89a0000, 0x000002d4d8c40000]
CodeCache: size=245760Kb, used=29831Kb, max_used=45995Kb, free=215927Kb
 total_blobs=9305, nmethods=8154, adapters=1049, full_count=0
Compilation: enabled, stopped_count=0, restarted_count=0

Compilation events (20 events):
Event: 1151.458 Thread 0x000002d4e5d83f60 39823       2       com.android.tools.r8.internal.o30::b (10 bytes)
Event: 1151.459 Thread 0x000002d4e5d83f60 nmethod 39823 0x000002d4d2353090 code [0x000002d4d2353220, 0x000002d4d2353370]
Event: 1151.506 Thread 0x000002d4e5d83f60 39824       2       com.android.tools.r8.internal.ow::<init> (11 bytes)
Event: 1151.507 Thread 0x000002d4e5d83f60 nmethod 39824 0x000002d4d24afc90 code [0x000002d4d24afe40, 0x000002d4d24afff8]
Event: 1151.507 Thread 0x000002d4e5d83f60 39825       3       com.android.tools.r8.internal.rk::<init> (10 bytes)
Event: 1151.507 Thread 0x000002d4e5d83f60 nmethod 39825 0x000002d4d2592f90 code [0x000002d4d2593140, 0x000002d4d2593360]
Event: 1151.509 Thread 0x000002d4e5d83f60 39826       2       com.android.tools.r8.ir.optimize.x::a (121 bytes)
Event: 1151.511 Thread 0x000002d4e5d83f60 nmethod 39826 0x000002d4d2355e10 code [0x000002d4d23560a0, 0x000002d4d2356918]
Event: 1151.511 Thread 0x000002d4e5d83f60 39827       2       com.android.tools.r8.internal.ao::<init> (5 bytes)
Event: 1151.512 Thread 0x000002d4e5d83f60 nmethod 39827 0x000002d4d244de90 code [0x000002d4d244e020, 0x000002d4d244e128]
Event: 1151.531 Thread 0x000002d4e5d83f60 39828       2       com.android.tools.r8.internal.b5::b (10 bytes)
Event: 1151.532 Thread 0x000002d4e5d83f60 nmethod 39828 0x000002d4d24cc810 code [0x000002d4d24cc9c0, 0x000002d4d24ccb40]
Event: 1151.532 Thread 0x000002d4e5d83f60 39829       2       com.android.tools.r8.internal.bb0::<init> (7 bytes)
Event: 1151.532 Thread 0x000002d4e5d83f60 nmethod 39829 0x000002d4d27e9e90 code [0x000002d4d27ea040, 0x000002d4d27ea160]
Event: 1151.584 Thread 0x000002d4e5d83f60 39830       3       com.android.tools.r8.internal.rc1::a (990 bytes)
Event: 1151.590 Thread 0x000002d4e5d83f60 nmethod 39830 0x000002d4d1997e90 code [0x000002d4d1998360, 0x000002d4d199b410]
Event: 1151.624 Thread 0x000002d4e5d83f60 39834       3       com.android.tools.r8.internal.l32$$Lambda/0x0000000101849890::test (12 bytes)
Event: 1151.625 Thread 0x000002d4e5d83f60 nmethod 39834 0x000002d4d27cdc90 code [0x000002d4d27cde60, 0x000002d4d27ce128]
Event: 1151.626 Thread 0x000002d4e5d83f60 39836       3       com.android.tools.r8.internal.l32::a (119 bytes)
Event: 1151.627 Thread 0x000002d4e5d83f60 nmethod 39836 0x000002d4d207bf90 code [0x000002d4d207c1e0, 0x000002d4d207caa0]

GC Heap History (20 events):
Event: 1146.461 GC heap before
{Heap before GC invocations=155 (full 0):
 garbage-first heap   total 931840K, used 806159K [0x0000000080000000, 0x0000000100000000)
  region size 1024K, 546 young (559104K), 30 survivors (30720K)
 Metaspace       used 173798K, committed 176384K, reserved 1245184K
  class space    used 23927K, committed 25216K, reserved 1048576K
}
Event: 1146.481 GC heap after
{Heap after GC invocations=156 (full 0):
 garbage-first heap   total 931840K, used 282383K [0x0000000080000000, 0x0000000100000000)
  region size 1024K, 35 young (35840K), 35 survivors (35840K)
 Metaspace       used 173798K, committed 176384K, reserved 1245184K
  class space    used 23927K, committed 25216K, reserved 1048576K
}
Event: 1147.141 GC heap before
{Heap before GC invocations=156 (full 0):
 garbage-first heap   total 931840K, used 804623K [0x0000000080000000, 0x0000000100000000)
  region size 1024K, 546 young (559104K), 35 survivors (35840K)
 Metaspace       used 173832K, committed 176448K, reserved 1245184K
  class space    used 23930K, committed 25216K, reserved 1048576K
}
Event: 1147.160 GC heap after
{Heap after GC invocations=157 (full 0):
 garbage-first heap   total 931840K, used 267114K [0x0000000080000000, 0x0000000100000000)
  region size 1024K, 32 young (32768K), 32 survivors (32768K)
 Metaspace       used 173832K, committed 176448K, reserved 1245184K
  class space    used 23930K, committed 25216K, reserved 1048576K
}
Event: 1147.193 GC heap before
{Heap before GC invocations=157 (full 0):
 garbage-first heap   total 931840K, used 295786K [0x0000000080000000, 0x0000000100000000)
  region size 1024K, 62 young (63488K), 32 survivors (32768K)
 Metaspace       used 173834K, committed 176448K, reserved 1245184K
  class space    used 23930K, committed 25216K, reserved 1048576K
}
Event: 1147.209 GC heap after
{Heap after GC invocations=158 (full 0):
 garbage-first heap   total 931840K, used 266602K [0x0000000080000000, 0x0000000100000000)
  region size 1024K, 32 young (32768K), 32 survivors (32768K)
 Metaspace       used 173834K, committed 176448K, reserved 1245184K
  class space    used 23930K, committed 25216K, reserved 1048576K
}
Event: 1148.166 GC heap before
{Heap before GC invocations=159 (full 0):
 garbage-first heap   total 894976K, used 771434K [0x0000000080000000, 0x0000000100000000)
  region size 1024K, 524 young (536576K), 32 survivors (32768K)
 Metaspace       used 173925K, committed 176512K, reserved 1245184K
  class space    used 23947K, committed 25216K, reserved 1048576K
}
Event: 1148.184 GC heap after
{Heap after GC invocations=160 (full 0):
 garbage-first heap   total 894976K, used 261482K [0x0000000080000000, 0x0000000100000000)
  region size 1024K, 27 young (27648K), 27 survivors (27648K)
 Metaspace       used 173925K, committed 176512K, reserved 1245184K
  class space    used 23947K, committed 25216K, reserved 1048576K
}
Event: 1148.641 GC heap before
{Heap before GC invocations=160 (full 0):
 garbage-first heap   total 894976K, used 771434K [0x0000000080000000, 0x0000000100000000)
  region size 1024K, 524 young (536576K), 27 survivors (27648K)
 Metaspace       used 173979K, committed 176576K, reserved 1245184K
  class space    used 23957K, committed 25216K, reserved 1048576K
}
Event: 1148.678 GC heap after
{Heap after GC invocations=161 (full 0):
 garbage-first heap   total 894976K, used 291215K [0x0000000080000000, 0x0000000100000000)
  region size 1024K, 64 young (65536K), 64 survivors (65536K)
 Metaspace       used 173979K, committed 176576K, reserved 1245184K
  class space    used 23957K, committed 25216K, reserved 1048576K
}
Event: 1149.135 GC heap before
{Heap before GC invocations=161 (full 0):
 garbage-first heap   total 894976K, used 762255K [0x0000000080000000, 0x0000000100000000)
  region size 1024K, 524 young (536576K), 64 survivors (65536K)
 Metaspace       used 173983K, committed 176576K, reserved 1245184K
  class space    used 23957K, committed 25216K, reserved 1048576K
}
Event: 1149.173 GC heap after
{Heap after GC invocations=162 (full 0):
 garbage-first heap   total 894976K, used 300906K [0x0000000080000000, 0x0000000100000000)
  region size 1024K, 20 young (20480K), 20 survivors (20480K)
 Metaspace       used 173983K, committed 176576K, reserved 1245184K
  class space    used 23957K, committed 25216K, reserved 1048576K
}
Event: 1149.669 GC heap before
{Heap before GC invocations=163 (full 0):
 garbage-first heap   total 894976K, used 815978K [0x0000000080000000, 0x0000000100000000)
  region size 1024K, 524 young (536576K), 20 survivors (20480K)
 Metaspace       used 173986K, committed 176576K, reserved 1245184K
  class space    used 23957K, committed 25216K, reserved 1048576K
}
Event: 1149.690 GC heap after
{Heap after GC invocations=164 (full 0):
 garbage-first heap   total 894976K, used 313194K [0x0000000080000000, 0x0000000100000000)
  region size 1024K, 32 young (32768K), 32 survivors (32768K)
 Metaspace       used 173986K, committed 176576K, reserved 1245184K
  class space    used 23957K, committed 25216K, reserved 1048576K
}
Event: 1150.204 GC heap before
{Heap before GC invocations=164 (full 0):
 garbage-first heap   total 894976K, used 817002K [0x0000000080000000, 0x0000000100000000)
  region size 1024K, 524 young (536576K), 32 survivors (32768K)
 Metaspace       used 174004K, committed 176640K, reserved 1245184K
  class space    used 23957K, committed 25216K, reserved 1048576K
}
Event: 1150.226 GC heap after
{Heap after GC invocations=165 (full 0):
 garbage-first heap   total 894976K, used 311022K [0x0000000080000000, 0x0000000100000000)
  region size 1024K, 37 young (37888K), 37 survivors (37888K)
 Metaspace       used 174004K, committed 176640K, reserved 1245184K
  class space    used 23957K, committed 25216K, reserved 1048576K
}
Event: 1150.238 GC heap before
{Heap before GC invocations=165 (full 0):
 garbage-first heap   total 894976K, used 321262K [0x0000000080000000, 0x0000000100000000)
  region size 1024K, 48 young (49152K), 37 survivors (37888K)
 Metaspace       used 174004K, committed 176640K, reserved 1245184K
  class space    used 23957K, committed 25216K, reserved 1048576K
}
Event: 1150.255 GC heap after
{Heap after GC invocations=166 (full 0):
 garbage-first heap   total 894976K, used 311421K [0x0000000080000000, 0x0000000100000000)
  region size 1024K, 19 young (19456K), 19 survivors (19456K)
 Metaspace       used 174004K, committed 176640K, reserved 1245184K
  class space    used 23957K, committed 25216K, reserved 1048576K
}
Event: 1151.064 GC heap before
{Heap before GC invocations=167 (full 0):
 garbage-first heap   total 894976K, used 829565K [0x0000000080000000, 0x0000000100000000)
  region size 1024K, 524 young (536576K), 19 survivors (19456K)
 Metaspace       used 174008K, committed 176640K, reserved 1245184K
  class space    used 23957K, committed 25216K, reserved 1048576K
}
Event: 1151.083 GC heap after
{Heap after GC invocations=168 (full 0):
 garbage-first heap   total 894976K, used 306588K [0x0000000080000000, 0x0000000100000000)
  region size 1024K, 18 young (18432K), 18 survivors (18432K)
 Metaspace       used 174008K, committed 176640K, reserved 1245184K
  class space    used 23957K, committed 25216K, reserved 1048576K
}

Dll operation events (3 events):
Event: 0.023 Loaded shared library C:\Program Files\Android\Android Studio\jbr\bin\java.dll
Event: 0.033 Loaded shared library C:\Program Files\Android\Android Studio\jbr\bin\zip.dll
Event: 1.765 Loaded shared library C:\Program Files\Android\Android Studio\jbr\bin\verify.dll

Deoptimization events (20 events):
Event: 1151.697 Thread 0x000002d4ef5be610 DEOPT PACKING pc=0x000002d4d2a65872 sp=0x000000e609ef9a80
Event: 1151.697 Thread 0x000002d4ef5be610 DEOPT UNPACKING pc=0x000002d4d86f4b42 sp=0x000000e609ef9000 mode 0
Event: 1151.699 Thread 0x000002d4ef5be610 DEOPT PACKING pc=0x000002d4d2d195b0 sp=0x000000e609ef9780
Event: 1151.699 Thread 0x000002d4ef5be610 DEOPT UNPACKING pc=0x000002d4d86f4b42 sp=0x000000e609ef8e70 mode 0
Event: 1151.710 Thread 0x000002d4ef5be610 DEOPT PACKING pc=0x000002d4d2a65872 sp=0x000000e609ef9a80
Event: 1151.710 Thread 0x000002d4ef5be610 DEOPT UNPACKING pc=0x000002d4d86f4b42 sp=0x000000e609ef9000 mode 0
Event: 1151.727 Thread 0x000002d4ef5be610 DEOPT PACKING pc=0x000002d4d261f683 sp=0x000000e609ef9580
Event: 1151.727 Thread 0x000002d4ef5be610 DEOPT UNPACKING pc=0x000002d4d86f4b42 sp=0x000000e609ef8b80 mode 0
Event: 1151.740 Thread 0x000002d4ef5bbeb0 DEOPT PACKING pc=0x000002d4d2ba7ed5 sp=0x000000e609dfa140
Event: 1151.740 Thread 0x000002d4ef5bbeb0 DEOPT UNPACKING pc=0x000002d4d86f4b42 sp=0x000000e609df99a8 mode 0
Event: 1151.741 Thread 0x000002d4ef5be610 DEOPT PACKING pc=0x000002d4d2a65955 sp=0x000000e609ef9a80
Event: 1151.741 Thread 0x000002d4ef5be610 DEOPT UNPACKING pc=0x000002d4d86f4b42 sp=0x000000e609ef9000 mode 0
Event: 1151.742 Thread 0x000002d4ef5bd260 DEOPT PACKING pc=0x000002d4d2d19894 sp=0x000000e6097f9920
Event: 1151.742 Thread 0x000002d4ef5bd260 DEOPT UNPACKING pc=0x000002d4d86f4b42 sp=0x000000e6097f9010 mode 0
Event: 1151.782 Thread 0x000002d4ef5bbeb0 DEOPT PACKING pc=0x000002d4d2d195b0 sp=0x000000e609df9c80
Event: 1151.782 Thread 0x000002d4ef5bbeb0 DEOPT UNPACKING pc=0x000002d4d86f4b42 sp=0x000000e609df9370 mode 0
Event: 1151.796 Thread 0x000002d4ef5be610 DEOPT PACKING pc=0x000002d4d2ba7311 sp=0x000000e609ef9c40
Event: 1151.796 Thread 0x000002d4ef5be610 DEOPT UNPACKING pc=0x000002d4d86f4b42 sp=0x000000e609ef94a0 mode 0
Event: 1151.806 Thread 0x000002d4ef5bd260 DEOPT PACKING pc=0x000002d4d2d195d6 sp=0x000000e6097f9920
Event: 1151.806 Thread 0x000002d4ef5bd260 DEOPT UNPACKING pc=0x000002d4d86f4b42 sp=0x000000e6097f9018 mode 0

Classes loaded (20 events):
Event: 1127.672 Loading class java/util/SortedSet$1
Event: 1127.672 Loading class java/util/SortedSet$1 done
Event: 1127.673 Loading class java/util/stream/SliceOps
Event: 1127.674 Loading class java/util/stream/SliceOps done
Event: 1127.674 Loading class java/util/stream/SliceOps$1
Event: 1127.674 Loading class java/util/stream/SliceOps$1 done
Event: 1127.678 Loading class java/util/stream/SliceOps$1$1
Event: 1127.678 Loading class java/util/stream/SliceOps$1$1 done
Event: 1127.695 Loading class java/util/PriorityQueue
Event: 1127.696 Loading class java/util/PriorityQueue done
Event: 1127.715 Loading class java/util/IdentityHashMap$ValueIterator
Event: 1127.715 Loading class java/util/IdentityHashMap$ValueIterator done
Event: 1128.278 Loading class java/nio/ShortBuffer
Event: 1128.279 Loading class java/nio/ShortBuffer done
Event: 1128.323 Loading class java/nio/ByteBufferAsShortBufferL
Event: 1128.323 Loading class java/nio/ByteBufferAsShortBufferL done
Event: 1128.349 Loading class java/util/zip/Adler32
Event: 1128.350 Loading class java/util/zip/Adler32 done
Event: 1128.357 Loading class java/nio/file/Files$2
Event: 1128.357 Loading class java/nio/file/Files$2 done

Classes unloaded (20 events):
Event: 1128.886 Thread 0x000002d4e5cd2de0 Unloading class 0x00000001016ba000 'java/lang/invoke/LambdaForm$DMH+0x00000001016ba000'
Event: 1128.886 Thread 0x000002d4e5cd2de0 Unloading class 0x00000001016b9800 'java/lang/invoke/LambdaForm$DMH+0x00000001016b9800'
Event: 1128.886 Thread 0x000002d4e5cd2de0 Unloading class 0x00000001016b9000 'java/lang/invoke/LambdaForm$DMH+0x00000001016b9000'
Event: 1128.886 Thread 0x000002d4e5cd2de0 Unloading class 0x00000001016b9400 'java/lang/invoke/LambdaForm$DMH+0x00000001016b9400'
Event: 1128.886 Thread 0x000002d4e5cd2de0 Unloading class 0x00000001016b8c00 'java/lang/invoke/LambdaForm$DMH+0x00000001016b8c00'
Event: 1128.886 Thread 0x000002d4e5cd2de0 Unloading class 0x00000001016b8400 'java/lang/invoke/LambdaForm$DMH+0x00000001016b8400'
Event: 1128.886 Thread 0x000002d4e5cd2de0 Unloading class 0x00000001016b8800 'java/lang/invoke/LambdaForm$DMH+0x00000001016b8800'
Event: 1128.886 Thread 0x000002d4e5cd2de0 Unloading class 0x00000001015cc400 'java/lang/invoke/LambdaForm$DMH+0x00000001015cc400'
Event: 1129.778 Thread 0x000002d4e5cd2de0 Unloading class 0x0000000101842800 'java/lang/invoke/LambdaForm$MH+0x0000000101842800'
Event: 1129.778 Thread 0x000002d4e5cd2de0 Unloading class 0x0000000101842000 'java/lang/invoke/LambdaForm$MH+0x0000000101842000'
Event: 1129.778 Thread 0x000002d4e5cd2de0 Unloading class 0x0000000101841800 'java/lang/invoke/LambdaForm$MH+0x0000000101841800'
Event: 1129.778 Thread 0x000002d4e5cd2de0 Unloading class 0x0000000101841400 'java/lang/invoke/LambdaForm$MH+0x0000000101841400'
Event: 1129.778 Thread 0x000002d4e5cd2de0 Unloading class 0x0000000101840800 'java/lang/invoke/LambdaForm$MH+0x0000000101840800'
Event: 1129.778 Thread 0x000002d4e5cd2de0 Unloading class 0x0000000101840000 'java/lang/invoke/LambdaForm$MH+0x0000000101840000'
Event: 1129.778 Thread 0x000002d4e5cd2de0 Unloading class 0x0000000101831c00 'java/lang/invoke/LambdaForm$MH+0x0000000101831c00'
Event: 1129.778 Thread 0x000002d4e5cd2de0 Unloading class 0x0000000101831400 'java/lang/invoke/LambdaForm$DMH+0x0000000101831400'
Event: 1129.778 Thread 0x000002d4e5cd2de0 Unloading class 0x00000001017b8c00 'java/lang/invoke/LambdaForm$DMH+0x00000001017b8c00'
Event: 1129.778 Thread 0x000002d4e5cd2de0 Unloading class 0x00000001017b8400 'java/lang/invoke/LambdaForm$DMH+0x00000001017b8400'
Event: 1129.778 Thread 0x000002d4e5cd2de0 Unloading class 0x0000000101774800 'java/lang/invoke/LambdaForm$DMH+0x0000000101774800'
Event: 1129.778 Thread 0x000002d4e5cd2de0 Unloading class 0x0000000101774400 'java/lang/invoke/LambdaForm$DMH+0x0000000101774400'

Classes redefined (0 events):
No events

Internal exceptions (20 events):
Event: 1148.599 Thread 0x000002d4ef5c2120 Exception <a 'sun/nio/fs/WindowsException'{0x000000009d6cfb70}> (0x000000009d6cfb70) 
thrown [s\src\hotspot\share\prims\jni.cpp, line 537]
Event: 1148.599 Thread 0x000002d4ef5c2120 Exception <a 'sun/nio/fs/WindowsException'{0x000000009d6d0d98}> (0x000000009d6d0d98) 
thrown [s\src\hotspot\share\prims\jni.cpp, line 537]
Event: 1148.600 Thread 0x000002d4ef5c1400 Exception <a 'sun/nio/fs/WindowsException'{0x000000009a890b20}> (0x000000009a890b20) 
thrown [s\src\hotspot\share\prims\jni.cpp, line 537]
Event: 1148.600 Thread 0x000002d4ef5bdf80 Exception <a 'sun/nio/fs/WindowsException'{0x000000009cc50d48}> (0x000000009cc50d48) 
thrown [s\src\hotspot\share\prims\jni.cpp, line 537]
Event: 1148.630 Thread 0x000002d4ef5c2120 Exception <a 'sun/nio/fs/WindowsException'{0x000000009d6f08e0}> (0x000000009d6f08e0) 
thrown [s\src\hotspot\share\prims\jni.cpp, line 537]
Event: 1148.759 Thread 0x000002d4f7292c60 Exception <a 'sun/nio/fs/WindowsException'{0x00000000b27031d0}> (0x00000000b27031d0) 
thrown [s\src\hotspot\share\prims\jni.cpp, line 537]
Event: 1148.768 Thread 0x000002d4f7292c60 Exception <a 'sun/nio/fs/WindowsException'{0x00000000b2722168}> (0x00000000b2722168) 
thrown [s\src\hotspot\share\prims\jni.cpp, line 537]
Event: 1148.779 Thread 0x000002d4f7292c60 Exception <a 'sun/nio/fs/WindowsException'{0x00000000b2759c18}> (0x00000000b2759c18) 
thrown [s\src\hotspot\share\prims\jni.cpp, line 537]
Event: 1148.780 Thread 0x000002d4f7292c60 Exception <a 'sun/nio/fs/WindowsException'{0x00000000b275aad8}> (0x00000000b275aad8) 
thrown [s\src\hotspot\share\prims\jni.cpp, line 537]
Event: 1148.780 Thread 0x000002d4f7292c60 Exception <a 'sun/nio/fs/WindowsException'{0x00000000b275bbd8}> (0x00000000b275bbd8) 
thrown [s\src\hotspot\share\prims\jni.cpp, line 537]
Event: 1148.780 Thread 0x000002d4f7292c60 Exception <a 'sun/nio/fs/WindowsException'{0x00000000b275ce00}> (0x00000000b275ce00) 
thrown [s\src\hotspot\share\prims\jni.cpp, line 537]
Event: 1148.791 Thread 0x000002d4f7292c60 Exception <a 'sun/nio/fs/WindowsException'{0x00000000b277cea0}> (0x00000000b277cea0) 
thrown [s\src\hotspot\share\prims\jni.cpp, line 537]
Event: 1150.354 Thread 0x000002d4ef5bc540 Exception <a 'sun/nio/fs/WindowsException'{0x00000000b31e5d08}> (0x00000000b31e5d08) 
thrown [s\src\hotspot\share\prims\jni.cpp, line 537]
Event: 1150.388 Thread 0x000002d4ef5bc540 Exception <a 'sun/nio/fs/WindowsException'{0x00000000ad70bc38}> (0x00000000ad70bc38) 
thrown [s\src\hotspot\share\prims\jni.cpp, line 537]
Event: 1150.397 Thread 0x000002d4ef5bc540 Exception <a 'sun/nio/fs/WindowsException'{0x00000000ad743858}> (0x00000000ad743858) 
thrown [s\src\hotspot\share\prims\jni.cpp, line 537]
Event: 1150.398 Thread 0x000002d4ef5bc540 Exception <a 'sun/nio/fs/WindowsException'{0x00000000ad744718}> (0x00000000ad744718) 
thrown [s\src\hotspot\share\prims\jni.cpp, line 537]
Event: 1150.398 Thread 0x000002d4ef5bc540 Exception <a 'sun/nio/fs/WindowsException'{0x00000000ad745818}> (0x00000000ad745818) 
thrown [s\src\hotspot\share\prims\jni.cpp, line 537]
Event: 1150.398 Thread 0x000002d4ef5bc540 Exception <a 'sun/nio/fs/WindowsException'{0x00000000ad746a40}> (0x00000000ad746a40) 
thrown [s\src\hotspot\share\prims\jni.cpp, line 537]
Event: 1150.407 Thread 0x000002d4ef5bc540 Exception <a 'sun/nio/fs/WindowsException'{0x00000000ad766de8}> (0x00000000ad766de8) 
thrown [s\src\hotspot\share\prims\jni.cpp, line 537]
Event: 1151.388 Thread 0x000002d4f7293980 Exception <a 'sun/nio/fs/WindowsException'{0x00000000aa1994c8}> (0x00000000aa1994c8) 
thrown [s\src\hotspot\share\prims\jni.cpp, line 537]

ZGC Phase Switch (0 events):
No events

VM Operations (20 events):
Event: 1148.641 Executing VM operation: G1CollectForAllocation (G1 Evacuation Pause)
Event: 1148.678 Executing VM operation: G1CollectForAllocation (G1 Evacuation Pause) done
Event: 1149.135 Executing VM operation: G1CollectForAllocation (G1 Evacuation Pause)
Event: 1149.173 Executing VM operation: G1CollectForAllocation (G1 Evacuation Pause) done
Event: 1149.351 Executing VM operation: G1PauseRemark
Event: 1149.357 Executing VM operation: G1PauseRemark done
Event: 1149.480 Executing VM operation: G1PauseCleanup
Event: 1149.481 Executing VM operation: G1PauseCleanup done
Event: 1149.669 Executing VM operation: G1CollectForAllocation (G1 Evacuation Pause)
Event: 1149.690 Executing VM operation: G1CollectForAllocation (G1 Evacuation Pause) done
Event: 1150.204 Executing VM operation: G1CollectForAllocation (G1 Evacuation Pause)
Event: 1150.226 Executing VM operation: G1CollectForAllocation (G1 Evacuation Pause) done
Event: 1150.238 Executing VM operation: G1TryInitiateConcMark (G1 Humongous Allocation)
Event: 1150.256 Executing VM operation: G1TryInitiateConcMark (G1 Humongous Allocation) done
Event: 1150.461 Executing VM operation: G1PauseRemark
Event: 1150.468 Executing VM operation: G1PauseRemark done
Event: 1150.626 Executing VM operation: G1PauseCleanup
Event: 1150.641 Executing VM operation: G1PauseCleanup done
Event: 1151.064 Executing VM operation: G1CollectForAllocation (G1 Evacuation Pause)
Event: 1151.083 Executing VM operation: G1CollectForAllocation (G1 Evacuation Pause) done

Memory protections (0 events):
No events

Nmethod flushes (20 events):
Event: 1150.467 Thread 0x000002d4e5cd2de0 flushing  nmethod 0x000002d4d1aee890
Event: 1150.467 Thread 0x000002d4e5cd2de0 flushing  nmethod 0x000002d4d1f24290
Event: 1150.467 Thread 0x000002d4e5cd2de0 flushing  nmethod 0x000002d4d24ad090
Event: 1150.467 Thread 0x000002d4e5cd2de0 flushing  nmethod 0x000002d4d24afc90
Event: 1150.467 Thread 0x000002d4e5cd2de0 flushing  nmethod 0x000002d4d8fd6190
Event: 1150.467 Thread 0x000002d4e5cd2de0 flushing  nmethod 0x000002d4d924d810
Event: 1150.467 Thread 0x000002d4e5cd2de0 flushing  nmethod 0x000002d4d9734d90
Event: 1150.467 Thread 0x000002d4e5cd2de0 flushing  nmethod 0x000002d4d975f510
Event: 1150.467 Thread 0x000002d4e5cd2de0 flushing  nmethod 0x000002d4d1790690
Event: 1150.467 Thread 0x000002d4e5cd2de0 flushing  nmethod 0x000002d4d19fc490
Event: 1150.467 Thread 0x000002d4e5cd2de0 flushing  nmethod 0x000002d4d1a89f10
Event: 1150.467 Thread 0x000002d4e5cd2de0 flushing  nmethod 0x000002d4d1a8a610
Event: 1150.467 Thread 0x000002d4e5cd2de0 flushing  nmethod 0x000002d4d1feee10
Event: 1150.467 Thread 0x000002d4e5cd2de0 flushing  nmethod 0x000002d4d2028910
Event: 1150.467 Thread 0x000002d4e5cd2de0 flushing  nmethod 0x000002d4d213f390
Event: 1150.467 Thread 0x000002d4e5cd2de0 flushing  nmethod 0x000002d4d25e8b90
Event: 1150.467 Thread 0x000002d4e5cd2de0 flushing  nmethod 0x000002d4d8f81c90
Event: 1150.467 Thread 0x000002d4e5cd2de0 flushing  nmethod 0x000002d4d1297290
Event: 1150.467 Thread 0x000002d4e5cd2de0 flushing  nmethod 0x000002d4d2516a90
Event: 1150.467 Thread 0x000002d4e5cd2de0 flushing osr nmethod 0x000002d4d2a8b590

Events (20 events):
Event: 1122.745 Thread 0x000002d4f0263070 Thread added: 0x000002d4f96edcc0
Event: 1122.745 Thread 0x000002d4f0263070 Thread added: 0x000002d4f96f17d0
Event: 1123.640 Thread 0x000002d4ed59d400 Thread exited: 0x000002d4ed59d400
Event: 1123.641 Thread 0x000002d4ed59cd30 Thread exited: 0x000002d4ed59cd30
Event: 1123.875 Thread 0x000002d4e5d83f60 Thread added: 0x000002d4ed413db0
Event: 1123.940 Thread 0x000002d4f0262350 Thread added: 0x000002d4ecbf3a60
Event: 1123.941 Thread 0x000002d4f0262350 Thread added: 0x000002d4ecbf40f0
Event: 1123.941 Thread 0x000002d4f0262350 Thread added: 0x000002d4ee0ef510
Event: 1123.941 Thread 0x000002d4f0262350 Thread added: 0x000002d4ee0f64a0
Event: 1123.942 Thread 0x000002d4f0262350 Thread added: 0x000002d4ee0f3d40
Event: 1123.942 Thread 0x000002d4f0262350 Thread added: 0x000002d4ee9d9640
Event: 1123.942 Thread 0x000002d4f0262350 Thread added: 0x000002d4ee9da9f0
Event: 1123.943 Thread 0x000002d4f0262350 Thread added: 0x000002d4ee9d9cd0
Event: 1123.943 Thread 0x000002d4f0262350 Thread added: 0x000002d4e64244b0
Event: 1123.944 Thread 0x000002d4f0262350 Thread added: 0x000002d4e64251d0
Event: 1124.212 Thread 0x000002d4f0262350 Thread added: 0x000002d4e6425860
Event: 1126.022 Thread 0x000002d4ed413db0 Thread exited: 0x000002d4ed413db0
Event: 1126.221 Thread 0x000002d4f7421860 Thread exited: 0x000002d4f7421860
Event: 1126.476 Thread 0x000002d4e5d83f60 Thread added: 0x000002d4ed4158f0
Event: 1132.605 Thread 0x000002d4e5d83f60 Thread added: 0x000002d4ed4136e0


Dynamic libraries:
0x00007ff7a0be0000 - 0x00007ff7a0bea000 	C:\Program Files\Android\Android Studio\jbr\bin\java.exe
0x00007ffbea820000 - 0x00007ffbeaa87000 	C:\WINDOWS\SYSTEM32\ntdll.dll
0x00007ffbe9a80000 - 0x00007ffbe9b49000 	C:\WINDOWS\System32\KERNEL32.DLL
0x00007ffbe8100000 - 0x00007ffbe84f1000 	C:\WINDOWS\System32\KERNELBASE.dll
0x00007ffbe7fb0000 - 0x00007ffbe80fb000 	C:\WINDOWS\System32\ucrtbase.dll
0x00007ffbe4110000 - 0x00007ffbe412b000 	C:\Program Files\Android\Android Studio\jbr\bin\VCRUNTIME140.dll
0x00007ffbcbc00000 - 0x00007ffbcbc18000 	C:\Program Files\Android\Android Studio\jbr\bin\jli.dll
0x00007ffbea610000 - 0x00007ffbea7d5000 	C:\WINDOWS\System32\USER32.dll
0x00007ffbe7240000 - 0x00007ffbe7267000 	C:\WINDOWS\System32\win32u.dll
0x00007ffbe8d40000 - 0x00007ffbe8d6b000 	C:\WINDOWS\System32\GDI32.dll
0x00007ffbd1320000 - 0x00007ffbd15b3000 	C:\WINDOWS\WinSxS\amd64_microsoft.windows.common-controls_6595b64144ccf1df_6.0.26100.8037_none_3e092faae333b53b\COMCTL32.dll
0x00007ffbe7270000 - 0x00007ffbe739b000 	C:\WINDOWS\System32\gdi32full.dll
0x00007ffbe85c0000 - 0x00007ffbe8669000 	C:\WINDOWS\System32\msvcrt.dll
0x00007ffbe73a0000 - 0x00007ffbe7443000 	C:\WINDOWS\System32\msvcp_win.dll
0x00007ffbe9740000 - 0x00007ffbe9771000 	C:\WINDOWS\System32\IMM32.DLL
0x0000000065060000 - 0x000000006506d000 	C:\Program Files (x86)\360\Total Security\safemon\SafeWrapper.dll
0x00007ffbe9680000 - 0x00007ffbe973b000 	C:\WINDOWS\System32\ADVAPI32.dll
0x00007ffbe99d0000 - 0x00007ffbe9a77000 	C:\WINDOWS\System32\sechost.dll
0x00007ffbe9fa0000 - 0x00007ffbea0b8000 	C:\WINDOWS\System32\RPCRT4.dll
0x00007ffbde140000 - 0x00007ffbde245000 	C:\Program Files (x86)\360\Total Security\safemon\libzdtp64.dll
0x00007ffbe8d80000 - 0x00007ffbe94df000 	C:\WINDOWS\System32\SHELL32.dll
0x00007ffbe7e40000 - 0x00007ffbe7faa000 	C:\WINDOWS\System32\wintypes.dll
0x00007ffbe8670000 - 0x00007ffbe89f2000 	C:\WINDOWS\System32\combase.dll
0x00007ffbe8ab0000 - 0x00007ffbe8b17000 	C:\WINDOWS\System32\SHLWAPI.dll
0x00007ffbe7450000 - 0x00007ffbe7cb4000 	C:\WINDOWS\System32\Windows.Storage.dll
0x00007ffbe69e0000 - 0x00007ffbe69eb000 	C:\WINDOWS\SYSTEM32\VERSION.dll
0x00007ffbe4100000 - 0x00007ffbe410c000 	C:\Program Files\Android\Android Studio\jbr\bin\vcruntime140_1.dll
0x00007ffb894b0000 - 0x00007ffb8953d000 	C:\Program Files\Android\Android Studio\jbr\bin\msvcp140.dll
0x00007ffb80ce0000 - 0x00007ffb81976000 	C:\Program Files\Android\Android Studio\jbr\bin\server\jvm.dll
0x00007ffbe94f0000 - 0x00007ffbe9564000 	C:\WINDOWS\System32\WS2_32.dll
0x00007ffbe6f80000 - 0x00007ffbe6fde000 	C:\WINDOWS\SYSTEM32\POWRPROF.dll
0x00007ffbda7b0000 - 0x00007ffbda7e5000 	C:\WINDOWS\SYSTEM32\WINMM.dll
0x00007ffbe6f60000 - 0x00007ffbe6f74000 	C:\WINDOWS\SYSTEM32\UMPDC.dll
0x00007ffbe5e20000 - 0x00007ffbe5e3b000 	C:\WINDOWS\SYSTEM32\kernel.appcore.dll
0x00007ffbdd870000 - 0x00007ffbdd87a000 	C:\Program Files\Android\Android Studio\jbr\bin\jimage.dll
0x00007ffbe4ed0000 - 0x00007ffbe5112000 	C:\WINDOWS\SYSTEM32\DBGHELP.DLL
0x00007ffbe8c60000 - 0x00007ffbe8d37000 	C:\WINDOWS\System32\OLEAUT32.dll
0x00007ffbbe0c0000 - 0x00007ffbbe0fb000 	C:\WINDOWS\SYSTEM32\dbgcore.DLL
0x00007ffbe7190000 - 0x00007ffbe7235000 	C:\WINDOWS\System32\bcryptPrimitives.dll
0x00007ffbd3130000 - 0x00007ffbd313e000 	C:\Program Files\Android\Android Studio\jbr\bin\instrument.dll
0x00007ffbdd7e0000 - 0x00007ffbdd800000 	C:\Program Files\Android\Android Studio\jbr\bin\java.dll
0x00007ffbdd7c0000 - 0x00007ffbdd7d8000 	C:\Program Files\Android\Android Studio\jbr\bin\zip.dll
0x00007ffbe8b40000 - 0x00007ffbe8c37000 	C:\WINDOWS\System32\SHCORE.dll
0x00007ffbe6ff0000 - 0x00007ffbe7019000 	C:\WINDOWS\SYSTEM32\profapi.dll
0x00007ffbdd7b0000 - 0x00007ffbdd7c0000 	C:\Program Files\Android\Android Studio\jbr\bin\net.dll
0x00007ffbde410000 - 0x00007ffbde537000 	C:\WINDOWS\SYSTEM32\WINHTTP.dll
0x00007ffbe6390000 - 0x00007ffbe63fb000 	C:\WINDOWS\system32\mswsock.dll
0x00007ffbdd790000 - 0x00007ffbdd7a6000 	C:\Program Files\Android\Android Studio\jbr\bin\nio.dll
0x00007ffbd3a30000 - 0x00007ffbd3a40000 	C:\Program Files\Android\Android Studio\jbr\bin\verify.dll
0x00007ffbb3090000 - 0x00007ffbb30b7000 	C:\Users\User\.gradle\native\1def1411415f61bf3af743bc5b6707747c0891f09f0c88961ee8f79bc544acac\windows-amd64\native-platform.dll
0x00007ffb88d60000 - 0x00007ffb88dd8000 	C:\Users\User\.gradle\native\0.2.7\x86_64-windows-gnu\gradle-fileevents.dll
0x00007ffbda4e0000 - 0x00007ffbda4e9000 	C:\Program Files\Android\Android Studio\jbr\bin\management.dll
0x00007ffbd3de0000 - 0x00007ffbd3deb000 	C:\Program Files\Android\Android Studio\jbr\bin\management_ext.dll
0x00007ffbe8d70000 - 0x00007ffbe8d78000 	C:\WINDOWS\System32\PSAPI.DLL
0x00007ffbe57a0000 - 0x00007ffbe57d3000 	C:\WINDOWS\SYSTEM32\IPHLPAPI.DLL
0x00007ffbe9f90000 - 0x00007ffbe9f9a000 	C:\WINDOWS\System32\NSI.dll
0x00007ffbdd6a0000 - 0x00007ffbdd6a9000 	C:\Program Files\Android\Android Studio\jbr\bin\extnet.dll
0x00007ffbe6670000 - 0x00007ffbe668b000 	C:\WINDOWS\SYSTEM32\CRYPTSP.dll
0x00007ffbe5d80000 - 0x00007ffbe5db9000 	C:\WINDOWS\system32\rsaenh.dll
0x00007ffbe6440000 - 0x00007ffbe6472000 	C:\WINDOWS\SYSTEM32\USERENV.dll
0x00007ffbe7020000 - 0x00007ffbe704a000 	C:\WINDOWS\SYSTEM32\bcrypt.dll
0x00007ffbe6690000 - 0x00007ffbe669c000 	C:\WINDOWS\SYSTEM32\CRYPTBASE.dll
0x00007ffbcdcf0000 - 0x00007ffbcdcf8000 	C:\WINDOWS\system32\wshunix.dll
0x00007ffb1de10000 - 0x00007ffb1de28000 	C:\WINDOWS\system32\napinsp.dll
0x00007ffbe5920000 - 0x00007ffbe5a4a000 	C:\WINDOWS\SYSTEM32\DNSAPI.dll
0x00007ffb1dbc0000 - 0x00007ffb1dbd2000 	C:\WINDOWS\System32\winrnr.dll
0x00007ffbcfd20000 - 0x00007ffbcfd42000 	C:\WINDOWS\system32\nlansp_c.dll
0x00007ffbbb4e0000 - 0x00007ffbbb4f6000 	C:\WINDOWS\system32\wshbth.dll
0x00007ffbde300000 - 0x00007ffbde30b000 	C:\Windows\System32\rasadhlp.dll
0x00007ffbe0f70000 - 0x00007ffbe0ff6000 	C:\WINDOWS\System32\fwpuclnt.dll
0x00007ffbe5f40000 - 0x00007ffbe5f76000 	C:\WINDOWS\SYSTEM32\ntmarta.dll

JVMTI agents:
C:\Users\User\.gradle\wrapper\dists\gradle-8.13-bin\5xuhj0ry160q40clulazy9h7d\gradle-8.13\lib\agents\gradle-instrumentation-agent-8.13.jar path:C:\Program Files\Android\Android Studio\jbr\bin\instrument.dll, loaded, initialized, instrumentlib options:none

dbghelp: loaded successfully - version: 4.0.5 - missing functions: none
symbol engine: initialized successfully - sym options: 0x614 - pdb path: .;C:\Program Files\Android\Android Studio\jbr\bin;C:\WINDOWS\SYSTEM32;C:\WINDOWS\WinSxS\amd64_microsoft.windows.common-controls_6595b64144ccf1df_6.0.26100.8037_none_3e092faae333b53b;C:\Program Files (x86)\360\Total Security\safemon;C:\Program Files\Android\Android Studio\jbr\bin\server;C:\Users\User\.gradle\native\1def1411415f61bf3af743bc5b6707747c0891f09f0c88961ee8f79bc544acac\windows-amd64;C:\Users\User\.gradle\native\0.2.7\x86_64-windows-gnu

VM Arguments:
jvm_args: --add-opens=java.base/java.lang=ALL-UNNAMED --add-opens=java.base/java.lang.invoke=ALL-UNNAMED --add-opens=java.base/java.util=ALL-UNNAMED --add-opens=java.prefs/java.util.prefs=ALL-UNNAMED --add-exports=jdk.compiler/com.sun.tools.javac.api=ALL-UNNAMED --add-exports=jdk.compiler/com.sun.tools.javac.util=ALL-UNNAMED --add-opens=java.base/java.util=ALL-UNNAMED --add-opens=java.prefs/java.util.prefs=ALL-UNNAMED --add-opens=java.base/java.nio.charset=ALL-UNNAMED --add-opens=java.base/java.net=ALL-UNNAMED --add-opens=java.base/java.util.concurrent.atomic=ALL-UNNAMED --add-opens=java.xml/javax.xml.namespace=ALL-UNNAMED -Xmx2048m -Dfile.encoding=UTF-8 -Duser.country=RU -Duser.language=ru -Duser.variant -javaagent:C:\Users\User\.gradle\wrapper\dists\gradle-8.13-bin\5xuhj0ry160q40clulazy9h7d\gradle-8.13\lib\agents\gradle-instrumentation-agent-8.13.jar 
java_command: org.gradle.launcher.daemon.bootstrap.GradleDaemon 8.13
java_class_path (initial): C:\Users\User\.gradle\wrapper\dists\gradle-8.13-bin\5xuhj0ry160q40clulazy9h7d\gradle-8.13\lib\gradle-daemon-main-8.13.jar
Launcher Type: SUN_STANDARD

[Global flags]
     intx CICompilerCount                          = 4                                         {product} {ergonomic}
     uint ConcGCThreads                            = 3                                         {product} {ergonomic}
     uint G1ConcRefinementThreads                  = 10                                        {product} {ergonomic}
   size_t G1HeapRegionSize                         = 1048576                                   {product} {ergonomic}
    uintx GCDrainStackTargetSize                   = 64                                        {product} {ergonomic}
   size_t InitialHeapSize                          = 197132288                                 {product} {ergonomic}
   size_t MarkStackSize                            = 4194304                                   {product} {ergonomic}
   size_t MaxHeapSize                              = 2147483648                                {product} {command line}
   size_t MaxNewSize                               = 1287651328                                {product} {ergonomic}
   size_t MinHeapDeltaBytes                        = 1048576                                   {product} {ergonomic}
   size_t MinHeapSize                              = 8388608                                   {product} {ergonomic}
    uintx NonNMethodCodeHeapSize                   = 5839372                                {pd product} {ergonomic}
    uintx NonProfiledCodeHeapSize                  = 122909434                              {pd product} {ergonomic}
    uintx ProfiledCodeHeapSize                     = 122909434                              {pd product} {ergonomic}
    uintx ReservedCodeCacheSize                    = 251658240                              {pd product} {ergonomic}
     bool SegmentedCodeCache                       = true                                      {product} {ergonomic}
   size_t SoftMaxHeapSize                          = 2147483648                             {manageable} {ergonomic}
     bool UseCompressedOops                        = true                           {product lp64_product} {ergonomic}
     bool UseG1GC                                  = true                                      {product} {ergonomic}
     bool UseLargePagesIndividualAllocation        = false                                  {pd product} {ergonomic}

Logging:
Log output configuration:
 #0: stdout all=warning uptime,level,tags foldmultilines=false
 #1: stderr all=off uptime,level,tags foldmultilines=false

Release file:
JAVA_VERSION="21.0.9" 
MODULES="java.base java.compiler java.datatransfer java.xml java.prefs java.desktop java.instrument java.logging java.management java.security.sasl java.naming java.rmi java.management.rmi java.net.http java.scripting java.security.jgss java.transaction.xa java.sql java.sql.rowset java.xml.crypto java.se java.smartcardio jdk.accessibility jdk.internal.jvmstat jdk.attach jdk.charsets jdk.internal.opt jdk.zipfs jdk.compiler jdk.crypto.ec jdk.crypto.cryptoki jdk.dynalink jdk.hotspot.agent jdk.httpserver jdk.internal.ed jdk.internal.le jdk.internal.vm.ci jdk.jartool jdk.javadoc jdk.jcmd jdk.jdeps jdk.jdwp.agent jdk.jdi jdk.jfr jdk.jlink jdk.jsobject jdk.localedata jdk.management jdk.management.agent jdk.management.jfr jdk.naming.dns jdk.naming.rmi jdk.net jdk.sctp jdk.security.auth jdk.security.jgss jdk.unsupported jdk.unsupported.desktop jdk.xml.dom" 
IMPLEMENTOR="JetBrains s.r.o." 
JAVA_RUNTIME_VERSION="21.0.9+-14787801-b1163.94" 
LIBC="default" 
OS_ARCH="x86_64" 
OS_NAME="Windows" 
SOURCE=".:git:0c757ddc9f2f" 

Environment Variables:
PATH=C:\Program Files\Common Files\Oracle\Java\javapath;C:\Program Files (x86)\Common Files\Oracle\Java\javapath;C:\WINDOWS\system32;C:\WINDOWS;C:\WINDOWS\System32\Wbem;C:\WINDOWS\System32\WindowsPowerShell\v1.0\;C:\WINDOWS\System32\OpenSSH\;C:\JupyterLab;C:\Program Files\nodejs\;C:\Program Files\dotnet\;C:\Program Files\Git\cmd;C:\Users\User\AppData\Local\Programs\Python\Python313\Scripts\;C:\Users\User\AppData\Local\Programs\Python\Python313\;C:\Users\User\AppData\Local\Programs\Python\Launcher\;C:\Users\User\AppData\Local\Microsoft\WindowsApps;C:\Users\User\AppData\Local\Programs\Microsoft VS Code\bin;C:\Program Files\JetBrains\PyCharm 2025.2.3\bin;C:\Users\User\AppData\Local\Programs\MiKTeX\miktex\bin\x64\;C:\Program Files\JetBrains\WebStorm 2025.1.3\bin;;C:\Users\User\AppData\Roaming\npm;C:\Program Files\JetBrains\IntelliJ IDEA Community Edition 2025.2.1\bin;C:\Users\User\.lmstudio\bin
USERNAME=User
OS=Windows_NT
PROCESSOR_IDENTIFIER=Intel64 Family 6 Model 186 Stepping 3, GenuineIntel
TMP=C:\Users\User\AppData\Local\Temp
TEMP=C:\Users\User\AppData\Local\Temp




Periodic native trim disabled

JNI global refs:
JNI global refs: 32, weak refs: 349

JNI global refs memory usage: 835, weak refs: 6585

Process memory usage:
Resident Set Size: 1277724K (10% of 12199064K total physical memory with 1188564K free physical memory)

OOME stack traces (most recent first):
Classloader memory used:
Loader org.gradle.internal.classloader.VisitableURLClassLoader$InstrumentingVisitableURLClassLoader: 67211K
Loader org.gradle.internal.classloader.VisitableURLClassLoader                         : 48619K
Loader bootstrap                                                                       : 32699K
Loader org.gradle.initialization.MixInLegacyTypesClassLoader                           : 14754K
Loader org.gradle.internal.classloader.VisitableURLClassLoader                         : 8676K
Loader jdk.internal.reflect.DelegatingClassLoader                                      : 983K
Loader jdk.internal.loader.ClassLoaders$PlatformClassLoader                            : 553K
Loader jdk.internal.loader.ClassLoaders$AppClassLoader                                 : 235K
Loader org.gradle.groovy.scripts.internal.DefaultScriptCompilationHandler$ScriptClassLoader: 211K
Loader org.codehaus.groovy.runtime.callsite.CallSiteClassLoader                        : 66720B
Loader sun.reflect.misc.MethodUtil                                                     : 2984B

Classes loaded by more than one classloader:
Class Program                                                                         : loaded 5 times (x 72B)
Class com.google.common.collect.UnmodifiableIterator                                  : loaded 4 times (x 80B)
Class com.google.common.collect.Iterators                                             : loaded 4 times (x 71B)
Class com.google.common.collect.Lists$StringAsImmutableList                           : loaded 4 times (x 207B)
Class com.google.common.collect.ImmutableList                                         : loaded 4 times (x 206B)
Class com.google.common.collect.UnmodifiableListIterator                              : loaded 4 times (x 95B)
Class com.google.common.collect.AbstractIterator                                      : loaded 4 times (x 82B)
Class com.google.common.collect.AbstractIndexedListIterator                           : loaded 4 times (x 96B)
Class com.google.common.collect.Iterators$MergingIterator                             : loaded 4 times (x 81B)
Class com.google.common.collect.Iterators$1                                           : loaded 4 times (x 81B)
Class com.google.common.collect.Iterators$4                                           : loaded 4 times (x 82B)
Class com.google.common.collect.Iterators$5                                           : loaded 4 times (x 82B)
Class com.google.common.collect.PeekingIterator                                       : loaded 4 times (x 70B)
Class com.google.common.collect.ImmutableCollection                                   : loaded 4 times (x 125B)
Class com.google.common.collect.Lists                                                 : loaded 4 times (x 71B)
Class com.google.common.base.Preconditions                                            : loaded 4 times (x 71B)
Class com.google.common.collect.Iterators$9                                           : loaded 4 times (x 81B)
Class com.google.common.collect.Iterators$ArrayItr                                    : loaded 4 times (x 97B)
Class com.google.common.collect.ImmutableSet$RegularSetBuilderImpl                    : loaded 3 times (x 77B)
Class com.google.common.base.CharMatcher$IsEither                                     : loaded 3 times (x 111B)
Class com.google.common.collect.ImmutableRangeSet$ComplementRanges                    : loaded 3 times (x 207B)
Class org.gradle.internal.IoActions                                                   : loaded 3 times (x 71B)
Class org.gradle.api.GradleException                                                  : loaded 3 times (x 82B)
Class com.google.common.base.CharMatcher$NegatedFastMatcher                           : loaded 3 times (x 113B)
Class com.google.common.collect.AbstractRangeSet                                      : loaded 3 times (x 114B)
Class com.google.common.base.Predicate                                                : loaded 3 times (x 70B)
Class com.google.common.base.CharMatcher$FastMatcher                                  : loaded 3 times (x 111B)
Class org.gradle.api.Action                                                           : loaded 3 times (x 70B)
Class org.gradle.internal.Cast                                                        : loaded 3 times (x 71B)
Class com.google.common.base.CharMatcher$Or                                           : loaded 3 times (x 112B)
Class com.google.common.collect.ImmutableSet                                          : loaded 3 times (x 145B)
Class com.google.common.base.CharMatcher$BitSetMatcher                                : loaded 3 times (x 112B)
Class com.google.common.collect.ImmutableRangeSet$Builder                             : loaded 3 times (x 77B)
Class Build_gradle$1                                                                  : loaded 3 times (x 74B)
Class com.google.common.collect.ImmutableList$1                                       : loaded 3 times (x 97B)
Class com.google.common.collect.RegularImmutableList                                  : loaded 3 times (x 213B)
Class com.google.common.base.Function                                                 : loaded 3 times (x 70B)
Class com.google.common.base.CharMatcher$Negated                                      : loaded 3 times (x 113B)
Class com.google.common.base.CharMatcher$IsNot                                        : loaded 3 times (x 111B)
Class com.google.common.collect.RegularImmutableSet                                   : loaded 3 times (x 149B)
Class com.google.common.collect.ImmutableSortedSet                                    : loaded 3 times (x 300B)
Class com.google.common.collect.ImmutableAsList                                       : loaded 3 times (x 209B)
Class com.google.common.base.CharMatcher$Is                                           : loaded 3 times (x 111B)
Class com.google.common.collect.ImmutableSet$CachingAsList                            : loaded 3 times (x 148B)
Class com.google.common.base.Joiner$1                                                 : loaded 3 times (x 80B)
Class com.google.common.base.CharMatcher                                              : loaded 3 times (x 111B)
Class com.google.common.base.CharMatcher$AnyOf                                        : loaded 3 times (x 112B)
Class com.google.common.base.CharMatcher$ForPredicate                                 : loaded 3 times (x 112B)
Class com.google.common.collect.RangeGwtSerializationDependencies                     : loaded 3 times (x 71B)
Class com.google.common.base.Joiner$2                                                 : loaded 3 times (x 79B)
Class com.google.common.collect.SortedIterable                                        : loaded 3 times (x 70B)
Class com.google.common.collect.SingletonImmutableSet                                 : loaded 3 times (x 146B)
Class com.google.common.base.CharMatcher$NamedFastMatcher                             : loaded 3 times (x 112B)
Class com.google.common.collect.ImmutableList$ReverseImmutableList                    : loaded 3 times (x 209B)
Class com.google.common.collect.SingletonImmutableList                                : loaded 3 times (x 207B)
Class com.google.common.base.CharMatcher$1                                            : loaded 3 times (x 113B)
Class com.google.common.base.ExtraObjectsMethodsForWeb                                : loaded 3 times (x 71B)
Class com.google.common.collect.Multimap                                              : loaded 3 times (x 70B)
Class com.google.common.collect.RangeSet                                              : loaded 3 times (x 70B)
Class com.google.common.base.CharMatcher$InRange                                      : loaded 3 times (x 111B)
Class com.google.common.base.Objects                                                  : loaded 3 times (x 71B)
Class com.google.common.base.CharMatcher$And                                          : loaded 3 times (x 112B)
Class Build_gradle                                                                    : loaded 3 times (x 130B)
Class com.google.common.collect.ImmutableSet$SetBuilderImpl                           : loaded 3 times (x 76B)
Class com.google.common.collect.ForwardingObject                                      : loaded 3 times (x 72B)
Class com.google.common.collect.Range                                                 : loaded 3 times (x 87B)
Class com.google.common.collect.RegularImmutableAsList                                : loaded 3 times (x 217B)
Class com.google.common.collect.ImmutableRangeSet$1                                   : loaded 3 times (x 210B)
Class com.google.common.collect.ImmutableList$Builder                                 : loaded 3 times (x 77B)
Class com.google.common.collect.Iterators$SingletonIterator                           : loaded 3 times (x 81B)
Class com.intellij.gradle.toolingExtension.util.GradleVersionUtil                     : loaded 3 times (x 71B)
Class com.google.common.collect.ImmutableList$SubList                                 : loaded 3 times (x 209B)
Class com.google.common.base.Joiner                                                   : loaded 3 times (x 79B)
Class com.google.common.collect.ImmutableCollection$Builder                           : loaded 3 times (x 76B)
Class com.google.common.collect.RegularImmutableSortedSet                             : loaded 3 times (x 300B)
Class com.google.common.collect.ImmutableRangeSet$AsSet                               : loaded 3 times (x 300B)
Class com.google.common.collect.ImmutableRangeSet                                     : loaded 3 times (x 115B)
Class [Lcom.amazon.ion.impl.bin.IonRawBinaryWriter$StreamCloseMode;                   : loaded 2 times (x 69B)
Class com.amazon.ion.impl.lite.IonSymbolLite                                          : loaded 2 times (x 246B)
Class com.amazon.ion.impl.bin.IonManagedBinaryWriter$ImportedSymbolResolverMode$1     : loaded 2 times (x 80B)
Class com.intellij.util.containers.IntObjectHashMap$ArrayProducer                     : loaded 2 times (x 70B)
Class org.gradle.internal.classloader.DefaultClassLoaderFactory                       : loaded 2 times (x 82B)
Class com.google.common.base.CharMatcher$None                                         : loaded 2 times (x 112B)
Class com.google.gson.internal.bind.TypeAdapters$32                                   : loaded 2 times (x 76B)
Class com.amazon.ion.impl.bin.IonManagedBinaryWriter$ImportedSymbolResolverMode$2     : loaded 2 times (x 80B)
Class com.google.common.collect.ReverseNaturalOrdering                                : loaded 2 times (x 114B)
Class kotlin.text.MatcherMatchResult$groupValues$1                                    : loaded 2 times (x 198B)
Class kotlin.sequences.SequencesKt___SequencesKt                                      : loaded 2 times (x 71B)
Class kotlin.collections.AbstractList$Companion                                       : loaded 2 times (x 71B)
Class org.gradle.internal.classloader.ClassLoaderVisitor                              : loaded 2 times (x 76B)
Class com.google.gson.internal.bind.ObjectTypeAdapter                                 : loaded 2 times (x 74B)
Class [Lcom.google.common.collect.ImmutableMapEntry;                                  : loaded 2 times (x 69B)
Class [Lcom.android.ide.common.repository.AgpVersion$PreviewKind;                     : loaded 2 times (x 69B)
Class org.jetbrains.kotlin.idea.projectModel.KotlinTaskProperties                     : loaded 2 times (x 70B)
Class org.jetbrains.plugins.gradle.tooling.serialization.internal.IdeaProjectSerializationService: loaded 2 times (x 77B)
Class com.google.common.collect.Ordering                                              : loaded 2 times (x 114B)
Class kotlin.sequences.SequencesKt___SequencesKt$flatMap$2                            : loaded 2 times (x 125B)
Class org.gradle.api.internal.classpath.EffectiveClassPath                            : loaded 2 times (x 90B)
Class org.jetbrains.kotlin.idea.gradleTooling.AndroidAwareGradleModelProvider$Companion: loaded 2 times (x 71B)
Class com.android.builder.model.v2.models.AndroidDsl                                  : loaded 2 times (x 70B)
Class com.google.common.collect.ListMultimap                                          : loaded 2 times (x 70B)
Class com.google.common.collect.ImmutableEnumMap                                      : loaded 2 times (x 126B)
Class com.amazon.ion.impl.lite.IonSystemLite                                          : loaded 2 times (x 275B)
Class com.amazon.ion.util.InputStreamInterceptor                                      : loaded 2 times (x 70B)
Class com.amazon.ion.impl.bin.IonRawBinaryWriter$PreallocationMode                    : loaded 2 times (x 82B)
Class com.amazon.ion.impl.bin._Private_IonRawWriter                                   : loaded 2 times (x 70B)
Class com.amazon.ion.IonWriter                                                        : loaded 2 times (x 70B)
Class kotlin.text.StringsKt__AppendableKt                                             : loaded 2 times (x 71B)
Class org.gradle.tooling.internal.gradle.DefaultProjectIdentifier                     : loaded 2 times (x 86B)
Class com.google.common.collect.Iterators$EmptyModifiableIterator                     : loaded 2 times (x 86B)
Class com.google.common.base.Splitter                                                 : loaded 2 times (x 72B)
Class com.android.ide.common.gradle.Numeric                                           : loaded 2 times (x 77B)
Class com.google.common.collect.Sets$1                                                : loaded 2 times (x 139B)
Class org.objectweb.asm.AnnotationVisitor                                             : loaded 2 times (x 78B)
Class com.google.gson.internal.bind.TypeAdapters                                      : loaded 2 times (x 71B)
Class com.google.gson.FormattingStyle                                                 : loaded 2 times (x 78B)
Class com.google.gson.FieldNamingPolicy                                               : loaded 2 times (x 83B)
Class com.amazon.ion.impl._Private_RecyclingQueue$ElementFactory                      : loaded 2 times (x 70B)
Class com.amazon.ion.impl._Private_IonContainer                                       : loaded 2 times (x 70B)
Class com.intellij.gradle.toolingExtension.impl.model.buildScriptClasspathModel.GradleBuildScriptClasspathSerializationService$ReadContext: loaded 2 times (x 72B)
Class com.google.common.collect.ComparatorOrdering                                    : loaded 2 times (x 115B)
Class org.gradle.api.internal.DefaultClassPathProvider                                : loaded 2 times (x 76B)
Class com.google.common.collect.MapMakerInternalMap$Strength$1                        : loaded 2 times (x 80B)
Class com.google.common.collect.Maps$ViewCachingAbstractMap                           : loaded 2 times (x 125B)
Class com.android.builder.model.v2.models.BasicAndroidProject                         : loaded 2 times (x 70B)
Class com.google.common.collect.Sets$2                                                : loaded 2 times (x 139B)
Class com.google.gson.JsonArray                                                       : loaded 2 times (x 100B)
Class com.google.gson.FieldNamingStrategy                                             : loaded 2 times (x 70B)
Class com.amazon.ion.impl._Private_RecyclingStack$$Iterator                           : loaded 2 times (x 99B)
Class com.amazon.ion.impl.SharedSymbolTable                                           : loaded 2 times (x 93B)
Class com.amazon.ion.impl.bin.IonRawBinaryWriter                                      : loaded 2 times (x 169B)
Class com.amazon.ion.SymbolToken                                                      : loaded 2 times (x 70B)
Class kotlin.text.StringsKt__StringNumberConversionsJVMKt                             : loaded 2 times (x 71B)
Class com.google.common.collect.NaturalOrdering                                       : loaded 2 times (x 115B)
Class kotlin.text.MatchResult                                                         : loaded 2 times (x 70B)
Class kotlin.sequences.SequenceScope                                                  : loaded 2 times (x 73B)
Class kotlin.sequences.Sequence                                                       : loaded 2 times (x 70B)
Class org.gradle.tooling.ToolingModelContract                                         : loaded 2 times (x 70B)
Class [Lorg.gradle.api.internal.ClassPathProvider;                                    : loaded 2 times (x 69B)
Class org.gradle.api.internal.ClassPathProvider                                       : loaded 2 times (x 70B)
Class com.google.common.collect.MapMakerInternalMap$Strength$2                        : loaded 2 times (x 80B)
Class com.google.common.base.AbstractIterator$State                                   : loaded 2 times (x 79B)
Class com.google.common.collect.Sets$3                                                : loaded 2 times (x 139B)
Class com.google.common.util.concurrent.AbstractFuture$SafeAtomicHelper               : loaded 2 times (x 79B)
Class com.google.common.cache.LocalCache$LocalLoadingCache                            : loaded 2 times (x 134B)
Class com.amazon.ion.impl.lite.IonBoolLite                                            : loaded 2 times (x 178B)
Class kotlin.collections.CollectionsKt___CollectionsKt$asSequence$$inlined$Sequence$1 : loaded 2 times (x 75B)
Class org.gradle.internal.service.UnknownServiceException                             : loaded 2 times (x 83B)
Class com.google.common.collect.MapMakerInternalMap$StrongValueEntry                  : loaded 2 times (x 70B)
Class com.google.common.io.ByteArrayDataInput                                         : loaded 2 times (x 70B)
Class com.google.common.collect.Sets$4                                                : loaded 2 times (x 139B)
Class org.objectweb.asm.ModuleVisitor                                                 : loaded 2 times (x 81B)
Class com.google.common.cache.LocalCache$Strength$1                                   : loaded 2 times (x 81B)
Class org.jetbrains.kotlin.idea.gradleTooling.model.kapt.KaptGradleModel              : loaded 2 times (x 70B)
Class org.jetbrains.kotlin.idea.gradleTooling.KotlinDslScriptAdditionalTask           : loaded 2 times (x 70B)
Class org.jetbrains.plugins.gradle.model.ClasspathEntryModel                          : loaded 2 times (x 70B)
Class com.google.common.util.concurrent.SettableFuture                                : loaded 2 times (x 114B)
Class com.google.common.cache.LocalCache$Strength$2                                   : loaded 2 times (x 81B)
Class com.amazon.ion.IonTimestamp                                                     : loaded 2 times (x 70B)
Class com.amazon.ion.impl.bin.PooledBlockAllocatorProvider$PooledBlockAllocator       : loaded 2 times (x 81B)
Class org.jetbrains.plugins.gradle.tooling.serialization.GradleExtensionsSerializationService: loaded 2 times (x 77B)
Class org.gradle.api.JavaVersion                                                      : loaded 2 times (x 79B)
Class org.gradle.tooling.model.Dependency                                             : loaded 2 times (x 70B)
Class com.google.common.collect.Interners$InternerImpl                                : loaded 2 times (x 75B)
Class com.google.common.collect.Interner                                              : loaded 2 times (x 70B)
Class com.google.common.collect.TransformedIterator                                   : loaded 2 times (x 80B)
Class com.google.common.base.Splitter$1                                               : loaded 2 times (x 77B)
Class com.google.common.io.ByteStreams                                                : loaded 2 times (x 71B)
Class com.android.builder.model.v2.ide.AbstractArtifact                               : loaded 2 times (x 70B)
Class com.google.common.cache.LocalCache$Strength$3                                   : loaded 2 times (x 81B)
Class com.google.common.collect.MapDifference                                         : loaded 2 times (x 70B)
Class com.amazon.ion.IonDatagram                                                      : loaded 2 times (x 70B)
Class com.amazon.ion.impl._Private_RecyclingStack$ElementFactory                      : loaded 2 times (x 70B)
Class com.amazon.ion.impl.bin.IonManagedBinaryWriter$ImportedSymbolResolverMode$1$1   : loaded 2 times (x 78B)
Class com.amazon.ion.impl._Private_ByteTransferSink                                   : loaded 2 times (x 70B)
Class com.intellij.openapi.externalSystem.model.project.dependencies.ResolutionState  : loaded 2 times (x 79B)
Class kotlin.text.StringsKt__RegexExtensionsJVMKt                                     : loaded 2 times (x 71B)
Class com.google.common.collect.AllEqualOrdering                                      : loaded 2 times (x 114B)
Class kotlin.collections.ArraysKt___ArraysJvmKt                                       : loaded 2 times (x 71B)
Class kotlin.collections.CollectionsKt__CollectionsKt                                 : loaded 2 times (x 71B)
Class com.google.common.collect.MapMaker$Dummy                                        : loaded 2 times (x 79B)
Class org.objectweb.asm.FieldWriter                                                   : loaded 2 times (x 78B)
Class com.google.common.cache.CacheBuilder$NullListener                               : loaded 2 times (x 82B)
Class com.google.gson.LongSerializationPolicy                                         : loaded 2 times (x 80B)
Class org.jetbrains.plugins.gradle.model.ExternalLibraryDependency                    : loaded 2 times (x 70B)
Class kotlin.text.Regex$Companion                                                     : loaded 2 times (x 71B)
Class org.gradle.internal.classpath.TransformedClassPath                              : loaded 2 times (x 96B)
Class org.gradle.internal.classloader.InstrumentingClassLoader                        : loaded 2 times (x 70B)
Class com.google.gson.JsonSyntaxException                                             : loaded 2 times (x 82B)
Class com.google.common.collect.ImmutableListMultimap                                 : loaded 2 times (x 176B)
Class com.google.common.cache.CacheLoader$FunctionToCacheLoader                       : loaded 2 times (x 75B)
Class com.google.gson.internal.bind.TypeAdapters$31                                   : loaded 2 times (x 76B)
Class com.google.gson.internal.bind.JsonAdapterAnnotationTypeAdapterFactory$DummyTypeAdapterFactory: loaded 2 times (x 75B)
Class com.amazon.ion.IonValue                                                         : loaded 2 times (x 70B)
Class kotlin.jvm.internal.FunctionReference                                           : loaded 2 times (x 122B)
Class [Lkotlin.coroutines.intrinsics.CoroutineSingletons;                             : loaded 2 times (x 69B)
Class kotlin.jvm.internal.FunctionBase                                                : loaded 2 times (x 70B)
Class kotlin.enums.EnumEntriesList                                                    : loaded 2 times (x 223B)
Class com.google.common.collect.EmptyImmutableListMultimap                            : loaded 2 times (x 176B)
Class com.google.common.collect.BaseImmutableMultimap                                 : loaded 2 times (x 123B)
Class com.google.common.base.Suppliers                                                : loaded 2 times (x 71B)
Class com.google.common.base.MoreObjects                                              : loaded 2 times (x 71B)
Class com.google.gson.internal.bind.DefaultDateTypeAdapter                            : loaded 2 times (x 74B)
Class com.google.gson.GsonBuilder                                                     : loaded 2 times (x 72B)
Class com.amazon.ion.impl.bin.IonRawBinaryWriter$ContainerType                        : loaded 2 times (x 79B)
Class com.amazon.ion.impl._Private_IonTextWriterBuilder$Mutable                       : loaded 2 times (x 102B)
Class kotlin.comparisons.ComparisonsKt___ComparisonsJvmKt                             : loaded 2 times (x 71B)
Class kotlin.collections.CollectionsKt__IteratorsJVMKt                                : loaded 2 times (x 71B)
Class [Lorg.objectweb.asm.Attribute;                                                  : loaded 2 times (x 69B)
Class com.android.builder.model.v2.ide.TestInfo$Execution                             : loaded 2 times (x 79B)
Class com.google.gson.internal.Primitives                                             : loaded 2 times (x 71B)
Class com.google.common.collect.Platform                                              : loaded 2 times (x 71B)
Class [Lorg.objectweb.asm.Type;                                                       : loaded 2 times (x 69B)
Class com.google.gson.stream.JsonWriter                                               : loaded 2 times (x 98B)
Class [Lcom.google.common.cache.CacheBuilder$OneWeigher;                              : loaded 2 times (x 69B)
Class org.jetbrains.kotlin.idea.gradleTooling.KotlinSourceSetContainer                : loaded 2 times (x 70B)
Class org.jetbrains.plugins.gradle.model.IntelliJSettings                             : loaded 2 times (x 70B)
Class kotlin.Result                                                                   : loaded 2 times (x 72B)
Class org.gradle.internal.service.ServiceLocator                                      : loaded 2 times (x 70B)
Class org.objectweb.asm.MethodTooLargeException                                       : loaded 2 times (x 83B)
Class com.google.common.base.Ascii                                                    : loaded 2 times (x 71B)
Class com.google.common.collect.SingletonImmutableBiMap                               : loaded 2 times (x 143B)
Class com.google.common.cache.LocalCache$1                                            : loaded 2 times (x 89B)
Class com.google.gson.internal.bind.TypeAdapterRuntimeTypeWrapper                     : loaded 2 times (x 74B)
Class com.google.common.base.Platform$JdkPatternCompiler                              : loaded 2 times (x 75B)
Class com.google.common.collect.AbstractMapEntry                                      : loaded 2 times (x 81B)
Class com.amazon.ion.impl.IonWriterSystem                                             : loaded 2 times (x 171B)
Class com.amazon.ion.impl.bin.Symbols$2                                               : loaded 2 times (x 107B)
Class com.amazon.ion.impl.bin._Private_IonManagedWriter                               : loaded 2 times (x 70B)
Class com.android.ide.gradle.model.GradlePropertiesModel                              : loaded 2 times (x 70B)
Class kotlin.sequences.TransformingSequence$iterator$1                                : loaded 2 times (x 79B)
Class kotlin.Pair                                                                     : loaded 2 times (x 72B)
Class org.gradle.tooling.internal.adapter.ProtocolToModelAdapter$SupportedPropertyInvoker: loaded 2 times (x 76B)
Class org.gradle.tooling.model.UnsupportedMethodException                             : loaded 2 times (x 82B)
Class com.google.common.collect.MapMakerInternalMap$AbstractStrongKeyEntry            : loaded 2 times (x 80B)
Class com.android.builder.model.v2.ide.BytecodeTransformation                         : loaded 2 times (x 79B)
Class com.google.common.collect.Sets$ImprovedAbstractSet                              : loaded 2 times (x 135B)
Class com.google.common.collect.MapMakerInternalMap$Strength                          : loaded 2 times (x 80B)
Class com.google.common.collect.AbstractMultimap                                      : loaded 2 times (x 123B)
Class com.google.common.cache.LocalCache$2                                            : loaded 2 times (x 142B)
Class com.amazon.ion.impl.lite.IonContainerLite                                       : loaded 2 times (x 248B)
Class com.amazon.ion.IonBufferConfiguration$OversizedSymbolTableHandler               : loaded 2 times (x 70B)
Class com.amazon.ion.system.IonWriterBuilder                                          : loaded 2 times (x 74B)
Class org.jetbrains.plugins.gradle.tooling.serialization.ToolingStreamApiUtils        : loaded 2 times (x 71B)
Class com.amazon.ion.facet.Faceted                                                    : loaded 2 times (x 70B)
Class kotlin.collections.CollectionsKt__MutableCollectionsKt                          : loaded 2 times (x 71B)
Class com.google.common.collect.MapMakerInternalMap$StrongKeyDummyValueEntry$LinkedStrongKeyDummyValueEntry: loaded 2 times (x 82B)
Class com.android.builder.model.v2.ide.CodeShrinker                                   : loaded 2 times (x 79B)
Class com.google.common.util.concurrent.AbstractFuture$UnsafeAtomicHelper$1           : loaded 2 times (x 76B)
Class com.google.gson.internal.bind.MapTypeAdapterFactory$Adapter                     : loaded 2 times (x 74B)
Class com.google.gson.internal.sql.SqlTimeTypeAdapter$1                               : loaded 2 times (x 75B)
Class org.gradle.internal.operations.MultipleBuildOperationFailures                   : loaded 2 times (x 95B)
Class com.amazon.ion.impl.bin.utf8.Poolable                                           : loaded 2 times (x 79B)
Class com.amazon.ion.IonSymbol                                                        : loaded 2 times (x 70B)
Class org.jetbrains.plugins.gradle.tooling.serialization.AnnotationProcessingModelSerializationService$WriteContext: loaded 2 times (x 72B)
Class kotlin.io.TerminateException                                                    : loaded 2 times (x 82B)
Class kotlin.io.FilesKt__FilePathComponentsKt                                         : loaded 2 times (x 71B)
Class kotlin.reflect.KCallable                                                        : loaded 2 times (x 70B)
Class com.google.common.base.Optional                                                 : loaded 2 times (x 80B)
Class org.gradle.tooling.internal.adapter.MethodInvocation                            : loaded 2 times (x 85B)
Class com.google.common.util.concurrent.AbstractFuture$Trusted                        : loaded 2 times (x 70B)
Class kotlin.sequences.TransformingSequence                                           : loaded 2 times (x 75B)
Class com.intellij.gradle.toolingExtension.impl.util.collectionUtil.GradleCollections : loaded 2 times (x 71B)
Class org.jetbrains.kotlin.idea.gradleTooling.KotlinGradlePluginVersion               : loaded 2 times (x 70B)
Class com.intellij.compose.ide.plugin.gradleTooling.rt.ComposeResourcesModel          : loaded 2 times (x 70B)
Class com.amazon.ion.impl.lite.IonStructLite                                          : loaded 2 times (x 298B)
Class com.amazon.ion.impl._Private_ReaderWriter                                       : loaded 2 times (x 70B)
Class com.amazon.ion.impl.bin.AbstractSymbolTable                                     : loaded 2 times (x 107B)
Class com.amazon.ion.Decimal                                                          : loaded 2 times (x 133B)
Class com.amazon.ion.impl.bin._Private_IonManagedBinaryWriterBuilder$AllocatorMode$1  : loaded 2 times (x 80B)
Class org.jetbrains.plugins.gradle.tooling.serialization.ProjectDependenciesSerializationService$WriteContext: loaded 2 times (x 72B)
Class org.jetbrains.plugins.gradle.tooling.serialization.ProjectDependenciesSerializationService: loaded 2 times (x 77B)
Class kotlin.text.CharsKt                                                             : loaded 2 times (x 71B)
Class org.gradle.tooling.model.kotlin.dsl.KotlinDslScriptModel                        : loaded 2 times (x 70B)
Class org.gradle.tooling.internal.adapter.CollectionMapper                            : loaded 2 times (x 73B)
Class com.google.common.io.ByteSink$AsCharSink                                        : loaded 2 times (x 80B)
Class org.jetbrains.kotlin.tooling.core.KotlinToolingVersion                          : loaded 2 times (x 75B)
Class [Lcom.android.builder.model.v2.ide.LibraryType;                                 : loaded 2 times (x 69B)
Class com.android.builder.model.v2.ide.LibraryType                                    : loaded 2 times (x 79B)
Class com.intellij.util.ThrowableConsumer                                             : loaded 2 times (x 70B)
Class com.google.common.util.concurrent.UncheckedExecutionException                   : loaded 2 times (x 82B)
Class com.google.gson.internal.bind.DefaultDateTypeAdapter$DateType                   : loaded 2 times (x 73B)
Class org.gradle.kotlin.dsl.VersionCatalogAccessorsKt                                 : loaded 2 times (x 71B)
Class com.amazon.ion.impl.lite.IonFloatLite                                           : loaded 2 times (x 186B)
Class com.amazon.ion.impl._Private_IonTextWriterBuilder                               : loaded 2 times (x 102B)
Class com.amazon.ion.impl.bin._Private_IonManagedBinaryWriterBuilder$AllocatorMode$2  : loaded 2 times (x 80B)
Class com.google.common.collect.ExplicitOrdering                                      : loaded 2 times (x 115B)
Class com.google.gson.internal.bind.ReflectiveTypeAdapterFactory$1                    : loaded 2 times (x 74B)
Class org.jetbrains.plugins.gradle.ExternalDependencyId                               : loaded 2 times (x 70B)
Class com.amazon.ion.impl._Private_RecyclingStack                                     : loaded 2 times (x 79B)
Class com.amazon.ion.impl._Private_IonReaderBuilder                                   : loaded 2 times (x 97B)
Class com.amazon.ion.IonMutableCatalog                                                : loaded 2 times (x 70B)
Class gnu.trove.THash                                                                 : loaded 2 times (x 81B)
Class com.intellij.gradle.toolingExtension.impl.model.buildScriptClasspathModel.GradleBuildScriptClasspathSerializationService$WriteContext: loaded 2 times (x 72B)
Class org.gradle.tooling.internal.adapter.ProtocolToModelAdapter                      : loaded 2 times (x 80B)
Class org.gradle.internal.InternalTransformer                                         : loaded 2 times (x 70B)
Class com.android.builder.model.v2.ide.AndroidGradlePluginProjectFlags$BooleanFlag    : loaded 2 times (x 79B)
Class com.google.common.collect.AbstractMapBasedMultimap$KeySet$1                     : loaded 2 times (x 82B)
Class com.android.ide.common.gradle.Separator                                         : loaded 2 times (x 79B)
Class org.objectweb.asm.ClassWriter                                                   : loaded 2 times (x 106B)
Class com.google.common.cache.CacheLoader$UnsupportedLoadingOperationException        : loaded 2 times (x 82B)
Class com.google.gson.TypeAdapterFactory                                              : loaded 2 times (x 70B)
Class com.google.gson.internal.bind.ReflectiveTypeAdapterFactory$2                    : loaded 2 times (x 79B)
Class kotlin.collections.MapsKt__MapsJVMKt                                            : loaded 2 times (x 71B)
Class kotlin.collections.EmptyList                                                    : loaded 2 times (x 174B)
Class org.gradle.internal.time.DefaultTimer                                           : loaded 2 times (x 80B)
Class org.gradle.internal.classloader.ClasspathUtil$1                                 : loaded 2 times (x 76B)
Class com.google.gson.internal.bind.JsonTreeReader                                    : loaded 2 times (x 98B)
Class org.objectweb.asm.FieldVisitor                                                  : loaded 2 times (x 77B)
Class com.google.gson.ToNumberStrategy                                                : loaded 2 times (x 70B)
Class com.google.gson.TypeAdapter                                                     : loaded 2 times (x 73B)
Class com.google.common.collect.IndexedImmutableSet                                   : loaded 2 times (x 152B)
Class com.google.common.collect.ImmutableMap$1                                        : loaded 2 times (x 81B)
Class com.google.common.collect.BiMap                                                 : loaded 2 times (x 70B)
Class com.amazon.ion.impl.bin.PooledBlockAllocatorProvider$PooledBlockAllocator$1     : loaded 2 times (x 79B)
Class com.amazon.ion.impl.lite.IonStringLite                                          : loaded 2 times (x 212B)
Class org.gradle.tooling.internal.adapter.ProtocolToModelAdapter$ViewKey              : loaded 2 times (x 72B)
Class org.gradle.api.internal.classpath.DefaultModuleRegistry$DefaultModule           : loaded 2 times (x 86B)
Class com.android.builder.model.v2.CustomSourceDirectory                              : loaded 2 times (x 70B)
Class com.google.common.primitives.Ints                                               : loaded 2 times (x 71B)
Class com.android.ide.common.repository.AgpVersion                                    : loaded 2 times (x 75B)
Class com.google.gson.internal.bind.TypeAdapters$30                                   : loaded 2 times (x 76B)
Class com.amazon.ion.impl.bin.Block                                                   : loaded 2 times (x 79B)
Class com.google.common.collect.NullsFirstOrdering                                    : loaded 2 times (x 115B)
Class kotlin.ResultKt                                                                 : loaded 2 times (x 71B)
Class org.gradle.tooling.internal.adapter.ProtocolToModelAdapter$PropertyCachingMethodInvoker: loaded 2 times (x 76B)
Class com.android.builder.model.v2.models.ProjectSyncIssues                           : loaded 2 times (x 70B)
Class com.google.common.collect.ObjectArrays                                          : loaded 2 times (x 71B)
Class com.google.common.collect.Multiset                                              : loaded 2 times (x 70B)
Class com.google.common.collect.ArrayListMultimapGwtSerializationDependencies         : loaded 2 times (x 172B)
Class org.objectweb.asm.ClassVisitor                                                  : loaded 2 times (x 88B)
Class com.google.common.math.MathPreconditions                                        : loaded 2 times (x 71B)
Class com.intellij.openapi.externalSystem.model.ExternalSystemException               : loaded 2 times (x 86B)
Class org.jetbrains.plugins.gradle.model.ExternalTask                                 : loaded 2 times (x 70B)
Class com.amazon.ion.impl.bin.utf8.Utf8StringEncoderPool$1                            : loaded 2 times (x 76B)
Class com.amazon.ion.impl.lite.IonLoaderLite                                          : loaded 2 times (x 82B)
Class com.amazon.ion.impl.lite.IonContext                                             : loaded 2 times (x 70B)
Class com.amazon.ion.impl.IonWriterSystemText                                         : loaded 2 times (x 190B)
Class [Lcom.amazon.ion.impl.bin.IonManagedBinaryWriter$ImportedSymbolResolverMode;    : loaded 2 times (x 69B)
Class com.amazon.ion.ValueFactory                                                     : loaded 2 times (x 70B)
Class kotlin.Result$Failure                                                           : loaded 2 times (x 72B)
Class kotlin.collections.ArraysKt__ArraysKt                                           : loaded 2 times (x 71B)
Class org.gradle.internal.time.DefaultCountdownTimer                                  : loaded 2 times (x 88B)
Class com.google.gson.internal.ObjectConstructor                                      : loaded 2 times (x 70B)
Class com.google.common.collect.ImmutableMapEntrySet                                  : loaded 2 times (x 152B)
Class com.amazon.ion.impl.bin.IonManagedBinaryWriter$SymbolResolver                   : loaded 2 times (x 70B)
Class com.amazon.ion.impl._Private_SymbolToken                                        : loaded 2 times (x 70B)
Class com.amazon.ion.impl.bin._Private_IonManagedBinaryWriterBuilder$AllocatorMode    : loaded 2 times (x 80B)
Class org.jetbrains.plugins.gradle.model.GradleTaskModel                              : loaded 2 times (x 70B)
Class org.jetbrains.plugins.gradle.tooling.util.ObjectCollector                       : loaded 2 times (x 72B)
Class kotlin.collections.SetsKt__SetsJVMKt                                            : loaded 2 times (x 71B)
Class kotlin.Function                                                                 : loaded 2 times (x 70B)
Class org.gradle.tooling.internal.adapter.ProtocolToModelAdapter$AdaptingMethodInvoker: loaded 2 times (x 76B)
Class org.gradle.tooling.internal.gradle.DefaultBuildIdentifier                       : loaded 2 times (x 79B)
Class org.gradle.api.internal.classpath.Module                                        : loaded 2 times (x 70B)
Class com.google.common.cache.Weigher                                                 : loaded 2 times (x 70B)
Class [Lcom.amazon.ion.util.GzipStreamInterceptor;                                    : loaded 2 times (x 69B)
Class com.amazon.ion.impl._Private_IonReaderBuilder$Mutable                           : loaded 2 times (x 97B)
Class com.intellij.openapi.externalSystem.model.project.IExternalSystemSourceType     : loaded 2 times (x 70B)
Class kotlin.io.FileAlreadyExistsException                                            : loaded 2 times (x 82B)
Class kotlin.internal.ProgressionUtilKt                                               : loaded 2 times (x 71B)
Class org.gradle.api.internal.classpath.UnknownModuleException                        : loaded 2 times (x 82B)
Class com.google.common.base.Stopwatch                                                : loaded 2 times (x 72B)
Class com.google.common.cache.LocalCache$Strength                                     : loaded 2 times (x 81B)
Class com.google.common.cache.Cache                                                   : loaded 2 times (x 70B)
Class com.intellij.openapi.externalSystem.model.project.dependencies.ProjectDependencies: loaded 2 times (x 70B)
Class org.jetbrains.plugins.gradle.tooling.serialization.ProjectDependenciesSerializationService$ReadContext: loaded 2 times (x 72B)
Class com.google.common.io.AppendableWriter                                           : loaded 2 times (x 100B)
Class com.google.common.io.Files$2                                                    : loaded 2 times (x 76B)
Class com.google.common.base.NullnessCasts                                            : loaded 2 times (x 71B)
Class com.google.common.util.concurrent.AbstractFuture$Cancellation                   : loaded 2 times (x 72B)
Class com.google.common.collect.ImmutableMap$Builder                                  : loaded 2 times (x 82B)
Class com.google.common.base.Present                                                  : loaded 2 times (x 81B)
Class com.google.common.collect.AbstractMapBasedMultimap$WrappedCollection$WrappedIterator: loaded 2 times (x 84B)
Class com.google.common.cache.RemovalListener                                         : loaded 2 times (x 70B)
Class [Lcom.google.gson.ToNumberPolicy;                                               : loaded 2 times (x 69B)
Class com.google.gson.ToNumberPolicy                                                  : loaded 2 times (x 83B)
Class com.amazon.ion.IonBufferConfiguration                                           : loaded 2 times (x 73B)
Class com.amazon.ion.impl.bin.Symbols                                                 : loaded 2 times (x 71B)
Class org.jetbrains.plugins.gradle.tooling.serialization.RepositoriesModelSerializationService: loaded 2 times (x 82B)
Class com.android.ide.gradle.model.artifacts.AdditionalClassifierArtifactsModel       : loaded 2 times (x 70B)
Class org.gradle.tooling.internal.gradle.GradleProjectIdentity                        : loaded 2 times (x 70B)
Class org.gradle.api.internal.DefaultClassPathRegistry                                : loaded 2 times (x 76B)
Class com.google.common.collect.ImmutableMultimap$Keys                                : loaded 2 times (x 166B)
Class com.android.builder.model.v2.ide.JavaArtifact                                   : loaded 2 times (x 70B)
Class com.google.common.primitives.IntsMethodsForWeb                                  : loaded 2 times (x 71B)
Class [Lorg.objectweb.asm.Symbol;                                                     : loaded 2 times (x 69B)
Class [Lcom.amazon.ion.impl.bin.AbstractIonWriter$WriteValueOptimization;             : loaded 2 times (x 69B)
Class org.jetbrains.plugins.gradle.tooling.serialization.RepositoriesModelSerializationService$ReadContext: loaded 2 times (x 72B)
Class kotlin.ranges.ClosedRange                                                       : loaded 2 times (x 70B)
Class org.gradle.api.internal.ClassPathRegistry                                       : loaded 2 times (x 70B)
Class org.gradle.internal.classpath.DefaultClassPath$ImmutableUniqueList              : loaded 2 times (x 199B)
Class com.google.common.collect.MapMakerInternalMap$Segment                           : loaded 2 times (x 142B)
Class com.android.utils.FileUtils                                                     : loaded 2 times (x 71B)
Class com.amazon.ion.impl.bin.IonManagedBinaryWriter$UserState                        : loaded 2 times (x 85B)
Class com.amazon.ion.impl._Private_IonWriter                                          : loaded 2 times (x 70B)
Class com.amazon.ion.impl.bin._Private_IonManagedBinaryWriterBuilder                  : loaded 2 times (x 72B)
Class com.intellij.gradle.toolingExtension.impl.model.projectModel.GradleExternalProjectSerializationService$WriteContext: loaded 2 times (x 73B)
Class ijInit1_35dm7hl684e41ngwa7vmcdovq                                               : loaded 2 times (x 179B)
Class kotlin.text.StringsKt__StringsJVMKt                                             : loaded 2 times (x 71B)
Class kotlin.collections.IntIterator                                                  : loaded 2 times (x 82B)
Class com.google.common.collect.NullnessCasts                                         : loaded 2 times (x 71B)
Class com.android.builder.model.v2.ide.AaptOptions$Namespacing                        : loaded 2 times (x 79B)
Class com.google.common.io.ByteSink                                                   : loaded 2 times (x 76B)
Class com.android.builder.model.v2.dsl.SigningConfig                                  : loaded 2 times (x 70B)
Class com.android.builder.model.v2.models.AndroidProject                              : loaded 2 times (x 70B)
Class com.android.builder.model.v2.AndroidModel                                       : loaded 2 times (x 70B)
Class com.google.common.cache.CacheBuilder                                            : loaded 2 times (x 72B)
Class com.google.gson.internal.bind.ArrayTypeAdapter$1                                : loaded 2 times (x 75B)
Class com.google.gson.internal.bind.JsonTreeWriter                                    : loaded 2 times (x 98B)
Class com.google.common.collect.TransformedListIterator                               : loaded 2 times (x 93B)
Class Settings_gradle$1                                                               : loaded 2 times (x 74B)
Class [Lcom.amazon.ion.SymbolToken;                                                   : loaded 2 times (x 69B)
Class kotlin.text.StringsKt__IndentKt                                                 : loaded 2 times (x 71B)
Class kotlin.collections.SetsKt                                                       : loaded 2 times (x 71B)
Class org.gradle.internal.classpath.ClassPath                                         : loaded 2 times (x 70B)
Class org.gradle.api.UncheckedIOException                                             : loaded 2 times (x 82B)
Class com.google.common.collect.Interners$InternerBuilder                             : loaded 2 times (x 76B)
Class com.google.common.io.Files$FileByteSource                                       : loaded 2 times (x 85B)
Class com.google.common.base.JdkPattern                                               : loaded 2 times (x 75B)
Class org.gradle.tooling.internal.adapter.TargetTypeProvider                          : loaded 2 times (x 70B)
Class org.jetbrains.plugins.gradle.model.ExternalProjectDependency                    : loaded 2 times (x 70B)
Class org.jetbrains.plugins.gradle.tooling.serialization.KotlinDslScriptsModelSerializationService: loaded 2 times (x 81B)
Class kotlin.reflect.KFunction                                                        : loaded 2 times (x 70B)
Class kotlin.collections.ArrayDeque                                                   : loaded 2 times (x 207B)
Class com.google.common.io.CharStreams$NullWriter                                     : loaded 2 times (x 99B)
Class org.objectweb.asm.SymbolTable$Entry                                             : loaded 2 times (x 74B)
Class com.google.common.util.concurrent.AbstractFuture$AtomicHelper                   : loaded 2 times (x 78B)
Class com.amazon.ion.system.IonSystemBuilder$Mutable                                  : loaded 2 times (x 75B)
Class com.amazon.ion.impl.bin.IonManagedBinaryWriter$SymbolResolverBuilder            : loaded 2 times (x 70B)
Class org.jetbrains.kotlin.idea.gradleTooling.KotlinGradleModel                       : loaded 2 times (x 70B)
Class org.jetbrains.plugins.gradle.tooling.serialization.ExternalTestsSerializationService$WriteContext: loaded 2 times (x 72B)
Class kotlin.collections.MapsKt__MapsKt                                               : loaded 2 times (x 71B)
Class com.android.builder.model.v2.ide.Variant                                        : loaded 2 times (x 70B)
Class org.objectweb.asm.Edge                                                          : loaded 2 times (x 72B)
Class com.google.common.base.Suppliers$SupplierOfInstance                             : loaded 2 times (x 79B)
Class com.google.gson.internal.bind.ReflectiveTypeAdapterFactory                      : loaded 2 times (x 75B)
Class com.google.gson.internal.sql.SqlTimestampTypeAdapter                            : loaded 2 times (x 76B)
Class kotlin.ranges.IntProgression$Companion                                          : loaded 2 times (x 71B)
Class com.amazon.ion.impl._Private_RecyclingStack$Recycler                            : loaded 2 times (x 70B)
Class com.amazon.ion.impl.bin.IonManagedBinaryWriter$LocalSymbolTableView             : loaded 2 times (x 107B)
Class com.amazon.ion.impl.bin.IonRawBinaryWriter$ThrowingRunnable                     : loaded 2 times (x 70B)
Class org.gradle.tooling.model.Model                                                  : loaded 2 times (x 70B)
Class com.google.common.cache.LocalCache$ComputingValueReference                      : loaded 2 times (x 96B)
Class com.google.gson.internal.sql.SqlDateTypeAdapter$1                               : loaded 2 times (x 75B)
Class org.jetbrains.plugins.gradle.model.GradleExtensions                             : loaded 2 times (x 70B)
Class com.google.common.collect.ImmutableMap$IteratorBasedImmutableMap                : loaded 2 times (x 126B)
Class com.amazon.ion.UnknownSymbolException                                           : loaded 2 times (x 86B)
Class com.android.ide.gradle.model.composites.BuildMap                                : loaded 2 times (x 70B)
Class kotlin.text.MatchResult$Destructured                                            : loaded 2 times (x 72B)
Class kotlin.Metadata                                                                 : loaded 2 times (x 70B)
Class kotlin.UninitializedPropertyAccessException                                     : loaded 2 times (x 82B)
Class ijKotlinCoroutineJvmDebugInit1_dofq3drr9aihm4earzh7ldbbw                        : loaded 2 times (x 179B)
Class com.google.common.collect.AbstractMapBasedMultimap$AsMap$AsMapEntries           : loaded 2 times (x 138B)
Class com.android.builder.model.v2.ide.Library                                        : loaded 2 times (x 70B)
Class com.android.builder.model.v2.ide.ArtifactDependenciesAdjacencyList              : loaded 2 times (x 70B)
Class com.android.builder.model.v2.models.Versions                                    : loaded 2 times (x 70B)
Class com.google.common.cache.LocalCache$Segment                                      : loaded 2 times (x 154B)
Class org.jetbrains.plugins.gradle.model.IntelliJProjectSettings                      : loaded 2 times (x 70B)
Class org.gradle.tooling.internal.adapter.ProtocolToModelAdapter$MethodInvocationCache: loaded 2 times (x 73B)
Class org.jetbrains.plugins.gradle.model.AnnotationProcessingModel                    : loaded 2 times (x 70B)
Class com.android.builder.model.v2.models.ndk.NativeModule                            : loaded 2 times (x 70B)
Class com.google.common.collect.AbstractListMultimap                                  : loaded 2 times (x 172B)
Class [Lorg.objectweb.asm.SymbolTable$Entry;                                          : loaded 2 times (x 69B)
Class com.google.common.cache.CacheLoader                                             : loaded 2 times (x 74B)
Class com.google.gson.internal.bind.ReflectiveTypeAdapterFactory$Adapter              : loaded 2 times (x 77B)
Class com.google.gson.internal.bind.TypeAdapters$10                                   : loaded 2 times (x 75B)
Class com.amazon.ion.system.IonBinaryWriterBuilder                                    : loaded 2 times (x 99B)
Class com.google.common.collect.ImmutableBiMap                                        : loaded 2 times (x 143B)
Class org.jetbrains.plugins.gradle.model.ExternalDependency                           : loaded 2 times (x 70B)
Class com.intellij.util.containers.IntObjectHashMap                                   : loaded 2 times (x 72B)
Class org.gradle.internal.installation.GradleInstallation$1                           : loaded 2 times (x 75B)
Class org.gradle.api.internal.classpath.ModuleRegistry                                : loaded 2 times (x 70B)
Class com.google.common.base.Splitter$SplittingIterator                               : loaded 2 times (x 84B)
Class com.google.common.util.concurrent.internal.InternalFutureFailureAccess          : loaded 2 times (x 72B)
Class com.google.gson.internal.bind.TypeAdapters$11                                   : loaded 2 times (x 75B)
Class [Lcom.google.gson.FieldNamingPolicy;                                            : loaded 2 times (x 69B)
Class com.android.ide.common.repository.AgpVersion$PreviewKind$Companion              : loaded 2 times (x 71B)
Class com.amazon.ion.impl.bin.IonManagedBinaryWriter$UserState$4                      : loaded 2 times (x 85B)
Class com.google.common.collect.ImmutableSet$JdkBackedSetBuilderImpl                  : loaded 2 times (x 76B)
Class com.amazon.ion.impl.bin.IonManagedBinaryWriter$SymbolState$1                    : loaded 2 times (x 80B)
Class com.amazon.ion.impl.LocalSymbolTableAsStruct$Factory                            : loaded 2 times (x 79B)
Class [Lcom.amazon.ion.IonType;                                                       : loaded 2 times (x 69B)
Class org.jetbrains.plugins.gradle.model.VersionCatalogsModel                         : loaded 2 times (x 70B)
Class com.intellij.gradle.toolingExtension.impl.model.sourceSetDependencyModel.GradleSourceSetDependencySerialisationService$SourceSetDependencyModelReadContext: loaded 2 times (x 72B)
Class com.intellij.gradle.toolingExtension.impl.model.dependencyModel.DependencyReadContext: loaded 2 times (x 72B)
Class org.gradle.tooling.internal.adapter.ObjectGraphAdapter                          : loaded 2 times (x 70B)
Class com.google.common.collect.ImmutableMultimap$Values                              : loaded 2 times (x 126B)
Class com.android.builder.model.v2.ide.Installation                                   : loaded 2 times (x 70B)
Class com.google.common.util.concurrent.AbstractFuture$UnsafeAtomicHelper             : loaded 2 times (x 78B)
Class com.google.common.cache.LocalCache$LocalManualCache$1                           : loaded 2 times (x 75B)
Class org.jetbrains.plugins.gradle.model.UnresolvedExternalDependency                 : loaded 2 times (x 70B)
Class com.google.gson.internal.bind.TypeAdapters$12                                   : loaded 2 times (x 75B)
Class [Lcom.google.gson.ToNumberStrategy;                                             : loaded 2 times (x 69B)
Class org.jetbrains.plugins.gradle.model.ProjectImportModelProvider                   : loaded 2 times (x 70B)
Class org.jetbrains.plugins.gradle.model.ExternalSourceSet                            : loaded 2 times (x 70B)
Class com.amazon.ion.impl.bin.IonManagedBinaryWriter$SymbolState$2                    : loaded 2 times (x 80B)
Class com.amazon.ion.IonNull                                                          : loaded 2 times (x 70B)
Class com.intellij.gradle.toolingExtension.impl.model.warmUp.GradleTaskWarmUpRequest  : loaded 2 times (x 70B)
Class com.android.ide.gradle.model.LegacyAndroidGradlePluginPropertiesModelParameters : loaded 2 times (x 70B)
Class com.google.common.collect.ImmutableSortedAsList                                 : loaded 2 times (x 221B)
Class kotlin.text.RegexKt                                                             : loaded 2 times (x 71B)
Class kotlin.coroutines.intrinsics.IntrinsicsKt__IntrinsicsKt                         : loaded 2 times (x 71B)
Class com.android.builder.model.v2.models.ModelBuilderParameter                       : loaded 2 times (x 70B)
Class com.google.common.collect.ImmutableMap$MapViewOfValuesAsSingletonSets           : loaded 2 times (x 126B)
Class com.google.gson.internal.bind.TypeAdapters$13                                   : loaded 2 times (x 75B)
Class com.google.common.collect.RegularImmutableMap                                   : loaded 2 times (x 121B)
Class com.amazon.ion.impl.bin.IonRawBinaryWriter$ContainerInfo                        : loaded 2 times (x 74B)
Class com.amazon.ion.impl.bin.IonManagedBinaryWriter$SymbolState$3                    : loaded 2 times (x 80B)
Class com.amazon.ion.impl.bin.IonRawBinaryWriter$StreamFlushMode                      : loaded 2 times (x 79B)
Class com.amazon.ion.IonBinaryWriter                                                  : loaded 2 times (x 70B)
Class com.intellij.gradle.toolingExtension.impl.model.sourceSetArtifactIndex.GradleSourceSetArtifactBuildRequest: loaded 2 times (x 70B)
Class kotlin.io.FilesKt__UtilsKt                                                      : loaded 2 times (x 71B)
Class com.google.common.collect.Lists$TransformingRandomAccessList                    : loaded 2 times (x 199B)
Class kotlin.collections.CollectionsKt__CollectionsJVMKt                              : loaded 2 times (x 71B)
Class org.gradle.api.internal.classpath.DefaultModuleRegistry                         : loaded 2 times (x 86B)
Class com.google.gson.stream.MalformedJsonException                                   : loaded 2 times (x 82B)
Class com.google.common.util.concurrent.ListenableFuture                              : loaded 2 times (x 70B)
Class com.google.common.cache.ReferenceEntry                                          : loaded 2 times (x 70B)
Class com.google.gson.internal.bind.NumberTypeAdapter$1                               : loaded 2 times (x 76B)
Class com.google.gson.internal.bind.TypeAdapters$1                                    : loaded 2 times (x 75B)
Class com.google.gson.internal.bind.TypeAdapters$14                                   : loaded 2 times (x 75B)
Class com.google.common.base.Converter                                                : loaded 2 times (x 90B)
Class com.android.builder.model.v2.ide.AndroidArtifact                                : loaded 2 times (x 70B)
Class com.amazon.ion.impl.bin.IonManagedBinaryWriter$SymbolState$4                    : loaded 2 times (x 80B)
Class [Lcom.amazon.ion.util.InputStreamInterceptor;                                   : loaded 2 times (x 69B)
Class org.jetbrains.plugins.gradle.tooling.serialization.internal.IdeaProjectSerializationService$WriteContext$1: loaded 2 times (x 83B)
Class org.jetbrains.plugins.gradle.model.ExternalProject                              : loaded 2 times (x 70B)
Class kotlin.sequences.SequencesKt                                                    : loaded 2 times (x 71B)
Class kotlin.collections.CollectionsKt__IteratorsKt                                   : loaded 2 times (x 71B)
Class [Lcom.android.builder.model.v2.ide.CodeShrinker;                                : loaded 2 times (x 69B)
Class com.google.common.collect.AbstractMapBasedMultimap                              : loaded 2 times (x 139B)
Class com.google.common.util.concurrent.AbstractFuture                                : loaded 2 times (x 106B)
Class com.google.common.base.FunctionalEquivalence                                    : loaded 2 times (x 83B)
Class com.google.gson.Strictness                                                      : loaded 2 times (x 79B)
Class com.google.gson.internal.sql.SqlTypesSupport$1                                  : loaded 2 times (x 74B)
Class com.google.gson.internal.bind.TypeAdapters$2                                    : loaded 2 times (x 75B)
Class com.google.gson.internal.bind.TypeAdapters$15                                   : loaded 2 times (x 75B)
Class com.google.common.io.ByteArrayDataOutput                                        : loaded 2 times (x 70B)
Class org.gradle.api.internal.classpath.ManifestUtil                                  : loaded 2 times (x 71B)
Class com.amazon.ion.impl.bin.utf8.Pool                                               : loaded 2 times (x 74B)
Class com.amazon.ion.impl._Private_SymtabExtendsCache                                 : loaded 2 times (x 72B)
Class org.jetbrains.plugins.gradle.tooling.serialization.internal.IdeaProjectSerializationService$WriteContext$2: loaded 2 times (x 83B)
Class kotlin.text.StringsKt                                                           : loaded 2 times (x 71B)
Class com.google.common.io.CharStreams                                                : loaded 2 times (x 71B)
Class com.google.common.collect.ImmutableMultiset                                     : loaded 2 times (x 163B)
Class org.objectweb.asm.RecordComponentVisitor                                        : loaded 2 times (x 77B)
Class com.google.common.cache.CacheLoader$SupplierToCacheLoader                       : loaded 2 times (x 75B)
Class com.google.gson.internal.sql.SqlTypesSupport$2                                  : loaded 2 times (x 74B)
Class com.google.gson.internal.bind.TypeAdapters$16                                   : loaded 2 times (x 75B)
Class com.google.gson.internal.bind.TypeAdapters$3                                    : loaded 2 times (x 75B)
Class com.amazon.ion.impl._Private_IonSymbol                                          : loaded 2 times (x 70B)
Class com.amazon.ion.impl.lite.IonValueLite                                           : loaded 2 times (x 147B)
Class com.amazon.ion.IonContainer                                                     : loaded 2 times (x 70B)
Class com.amazon.ion.impl.bin.PooledBlockAllocatorProvider                            : loaded 2 times (x 73B)
Class org.jetbrains.plugins.gradle.tooling.serialization.AnnotationProcessingModelSerializationService$ReadContext: loaded 2 times (x 72B)
Class org.jetbrains.plugins.gradle.tooling.serialization.internal.IdeaProjectSerializationService$WriteContext$3: loaded 2 times (x 83B)
Class gnu.trove.TObjectHash$NULL                                                      : loaded 2 times (x 71B)
Class org.gradle.util.internal.DefaultGradleVersion$Stage                             : loaded 2 times (x 75B)
Class kotlin.coroutines.jvm.internal.RestrictedContinuationImpl                       : loaded 2 times (x 87B)
Class com.google.gson.internal.bind.TypeAdapters$17                                   : loaded 2 times (x 75B)
Class com.google.gson.internal.bind.TypeAdapters$4                                    : loaded 2 times (x 75B)
Class com.google.common.collect.Maps$EntryTransformer                                 : loaded 2 times (x 70B)
Class org.jetbrains.kotlin.idea.gradleTooling.AndroidAwareGradleModelProvider         : loaded 2 times (x 79B)
Class org.jetbrains.plugins.gradle.tooling.serialization.internal.IdeaProjectSerializationService$WriteContext$4: loaded 2 times (x 83B)
Class com.intellij.gradle.toolingExtension.impl.model.sourceSetDependencyModel.GradleSourceSetDependencySerialisationService$Companion: loaded 2 times (x 71B)
Class [Lkotlin.Pair;                                                                  : loaded 2 times (x 69B)
Class kotlin.text.StringsKt__StringNumberConversionsKt                                : loaded 2 times (x 71B)
Class kotlin.io.FilesKt__FileReadWriteKt                                              : loaded 2 times (x 71B)
Class com.google.common.collect.UsingToStringOrdering                                 : loaded 2 times (x 114B)
Class kotlin.text.MatchNamedGroupCollection                                           : loaded 2 times (x 70B)
Class kotlin.jvm.internal.markers.KMutableList                                        : loaded 2 times (x 70B)
Class org.gradle.internal.time.MonotonicClock                                         : loaded 2 times (x 77B)
Class org.gradle.internal.service.ServiceLookupException                              : loaded 2 times (x 82B)
Class com.google.common.base.CharMatcher$JavaLetter                                   : loaded 2 times (x 111B)
Class org.gradle.tooling.internal.adapter.ProtocolToModelAdapter$InvocationHandlerImpl: loaded 2 times (x 77B)
Class com.google.gson.annotations.JsonAdapter                                         : loaded 2 times (x 70B)
Class com.google.common.collect.Lists$ReverseList                                     : loaded 2 times (x 200B)
Class [Lcom.google.common.cache.LocalCache$EntryFactory;                              : loaded 2 times (x 69B)
Class com.google.gson.internal.bind.SerializationDelegatingTypeAdapter                : loaded 2 times (x 74B)
Class com.google.gson.internal.bind.TypeAdapters$18                                   : loaded 2 times (x 75B)
Class com.google.gson.internal.bind.TypeAdapters$5                                    : loaded 2 times (x 75B)
Class com.amazon.ion.BufferConfiguration$Builder                                      : loaded 2 times (x 78B)
Class com.intellij.gradle.toolingExtension.util.GradleVersionSpecificsUtil            : loaded 2 times (x 71B)
Class org.jetbrains.plugins.gradle.tooling.serialization.internal.IdeaProjectSerializationService$WriteContext$5: loaded 2 times (x 83B)
Class com.intellij.gradle.toolingExtension.impl.model.sourceSetDependencyModel.GradleSourceSetDependencySerialisationService$SourceSetDependencyModelWriteContext: loaded 2 times (x 72B)
Class sync_studio_tooling9_bm6pi3k6idwpxy2ntndy7wpup                                  : loaded 2 times (x 179B)
Class kotlin.sequences.SequencesKt___SequencesKt$sortedWith$1                         : loaded 2 times (x 75B)
Class org.gradle.internal.classloader.ClassLoaderFactory                              : loaded 2 times (x 70B)
Class com.google.common.collect.ImmutableMap$SerializedForm                           : loaded 2 times (x 73B)
Class com.android.builder.model.v2.ide.LibraryInfo                                    : loaded 2 times (x 70B)
Class org.gradle.tooling.model.build.GradleEnvironment                                : loaded 2 times (x 70B)
Class com.google.common.cache.LocalCache$LocalManualCache                             : loaded 2 times (x 99B)
Class org.jetbrains.plugins.gradle.tooling.util.IntObjectMap$ObjectFactory            : loaded 2 times (x 70B)
Class com.google.gson.internal.bind.ReflectiveTypeAdapterFactory$FieldReflectionAdapter: loaded 2 times (x 77B)
Class com.google.gson.internal.bind.TypeAdapters$19                                   : loaded 2 times (x 75B)
Class com.google.gson.internal.bind.TypeAdapters$6                                    : loaded 2 times (x 75B)
Class com.amazon.ion.impl.bin.IntList                                                 : loaded 2 times (x 77B)
Class com.amazon.ion.impl._Private_RecyclingQueue$ElementIterator                     : loaded 2 times (x 82B)
Class com.amazon.ion.impl.lite._Private_LiteDomTrampoline                             : loaded 2 times (x 71B)
Class com.amazon.ion.IonType                                                          : loaded 2 times (x 79B)
Class org.jetbrains.plugins.gradle.tooling.serialization.internal.IdeaProjectSerializationService$WriteContext$6: loaded 2 times (x 83B)
Class org.jetbrains.plugins.gradle.tooling.util.IntObjectMap                          : loaded 2 times (x 73B)
Class org.gradle.internal.service.CachingServiceLocator                               : loaded 2 times (x 82B)
Class com.amazon.ion.IonException                                                     : loaded 2 times (x 84B)
Class com.google.common.collect.Streams                                               : loaded 2 times (x 71B)
Class com.google.common.collect.AbstractMapBasedMultimap$KeySet                       : loaded 2 times (x 137B)
Class com.google.gson.annotations.SerializedName                                      : loaded 2 times (x 70B)
Class com.google.gson.internal.bind.TypeAdapters$7                                    : loaded 2 times (x 75B)
Class com.google.common.math.IntMath                                                  : loaded 2 times (x 71B)
Class com.amazon.ion.impl.lite.ValueFactoryLite                                       : loaded 2 times (x 218B)
Class org.jetbrains.plugins.gradle.model.RepositoryModels                             : loaded 2 times (x 70B)
Class org.jetbrains.plugins.gradle.tooling.serialization.internal.IdeaProjectSerializationService$WriteContext$7: loaded 2 times (x 83B)
Class kotlin.collections.AbstractList$SubList                                         : loaded 2 times (x 198B)
Class kotlin.jvm.internal.CallableReference                                           : loaded 2 times (x 106B)
Class com.google.common.collect.MapMakerInternalMap$InternalEntry                     : loaded 2 times (x 70B)
Class com.google.gson.internal.bind.CollectionTypeAdapterFactory$Adapter              : loaded 2 times (x 74B)
Class com.google.gson.internal.bind.TypeAdapters$8                                    : loaded 2 times (x 75B)
Class com.google.common.collect.ImmutableMapEntry                                     : loaded 2 times (x 85B)
Class com.amazon.ion.impl.bin.WriteBuffer                                             : loaded 2 times (x 78B)
Class com.amazon.ion.impl.bin.IonManagedBinaryWriter                                  : loaded 2 times (x 166B)
Class org.jetbrains.plugins.gradle.tooling.serialization.internal.IdeaProjectSerializationService$WriteContext$8: loaded 2 times (x 83B)
Class gnu.trove.TObjectIntProcedure                                                   : loaded 2 times (x 70B)
Class [Lorg.gradle.api.JavaVersion;                                                   : loaded 2 times (x 69B)
Class kotlin.ranges.IntRange                                                          : loaded 2 times (x 93B)
Class org.gradle.tooling.model.idea.IdeaDependencyScope                               : loaded 2 times (x 70B)
Class org.gradle.internal.time.TimeSource                                             : loaded 2 times (x 70B)
Class org.gradle.tooling.model.kotlin.dsl.KotlinDslScriptsModel                       : loaded 2 times (x 70B)
Class com.google.common.collect.ImmutableMultimap                                     : loaded 2 times (x 147B)
Class com.android.builder.model.v2.ide.TestInfo                                       : loaded 2 times (x 70B)
Class com.google.common.base.Equivalence                                              : loaded 2 times (x 82B)
Class com.google.gson.internal.bind.TypeAdapters$9                                    : loaded 2 times (x 75B)
Class com.amazon.ion.util.GzipStreamInterceptor                                       : loaded 2 times (x 85B)
Class com.google.common.collect.ImmutableMapEntry$NonTerminalImmutableMapEntry        : loaded 2 times (x 85B)
Class com.amazon.ion.impl.lite.IonBlobLite                                            : loaded 2 times (x 219B)
Class com.amazon.ion.impl.LocalSymbolTable                                            : loaded 2 times (x 121B)
Class org.jetbrains.plugins.gradle.tooling.serialization.SerializationService         : loaded 2 times (x 70B)
Class org.gradle.tooling.internal.gradle.GradleBuildIdentity                          : loaded 2 times (x 70B)
Class kotlin.enums.EnumEntries                                                        : loaded 2 times (x 70B)
Class com.android.builder.model.v2.ide.JavaCompileOptions                             : loaded 2 times (x 70B)
Class com.google.common.cache.CacheBuilder$OneWeigher                                 : loaded 2 times (x 82B)
Class com.google.gson.JsonParseException                                              : loaded 2 times (x 82B)
Class com.amazon.ion.impl.bin.IonManagedBinaryWriter$UserState$3                      : loaded 2 times (x 85B)
Class com.amazon.ion.IonList                                                          : loaded 2 times (x 70B)
Class org.jetbrains.plugins.gradle.tooling.serialization.internal.adapter.Supplier    : loaded 2 times (x 70B)
Class org.gradle.tooling.internal.adapter.ProtocolToModelAdapter$MixInMappingAction   : loaded 2 times (x 80B)
Class org.gradle.internal.exceptions.ResolutionProvider                               : loaded 2 times (x 70B)
Class com.amazon.ion.IonSystem                                                        : loaded 2 times (x 70B)
Class com.amazon.ion.impl.bin.IonManagedBinaryWriter$ImportedSymbolContext            : loaded 2 times (x 72B)
Class kotlin.text.MatchResult$DefaultImpls                                            : loaded 2 times (x 71B)
Class org.gradle.tooling.model.idea.IdeaCompilerOutput                                : loaded 2 times (x 70B)
Class org.gradle.tooling.model.ProjectIdentifier                                      : loaded 2 times (x 70B)
Class org.gradle.internal.classloader.ClasspathUtil                                   : loaded 2 times (x 71B)
Class com.android.builder.model.v2.ide.ComponentInfo                                  : loaded 2 times (x 70B)
Class org.jetbrains.kotlin.tooling.core.HasExtras                                     : loaded 2 times (x 70B)
Class com.google.common.base.Charsets                                                 : loaded 2 times (x 71B)
Class com.google.common.util.concurrent.Uninterruptibles                              : loaded 2 times (x 71B)
Class com.android.builder.model.v2.ide.ProjectType                                    : loaded 2 times (x 79B)
Class com.intellij.gradle.toolingExtension.impl.model.sourceSetModel.GradleSourceSetSerialisationService: loaded 2 times (x 77B)
Class kotlin.io.FileSystemException                                                   : loaded 2 times (x 82B)
Class com.android.builder.model.v2.dsl.BaseConfig                                     : loaded 2 times (x 70B)
Class com.google.common.collect.Maps                                                  : loaded 2 times (x 71B)
Class com.amazon.ion.impl.lite.IonIntLite                                             : loaded 2 times (x 189B)
Class com.amazon.ion.impl._Private_IonReaderBuilder$TwoElementInputStream             : loaded 2 times (x 92B)
Class com.amazon.ion.util._Private_FastAppendable                                     : loaded 2 times (x 70B)
Class [Lcom.amazon.ion.impl.bin.IonRawBinaryWriter$PreallocationMode;                 : loaded 2 times (x 69B)
Class org.gradle.internal.time.TimeSource$1                                           : loaded 2 times (x 77B)
Class kotlin.jvm.internal.DefaultConstructorMarker                                    : loaded 2 times (x 71B)
Class org.gradle.api.specs.Spec                                                       : loaded 2 times (x 70B)
Class com.google.common.collect.MapMaker                                              : loaded 2 times (x 72B)
Class com.google.gson.internal.sql.SqlDateTypeAdapter                                 : loaded 2 times (x 74B)
Class [Lcom.google.common.collect.ImmutableEntry;                                     : loaded 2 times (x 69B)
Class com.amazon.ion.impl.lite.IonSexpLite                                            : loaded 2 times (x 490B)
Class com.amazon.ion.impl.lite.IonListLite                                            : loaded 2 times (x 490B)
Class com.amazon.ion.IonFloat                                                         : loaded 2 times (x 70B)
Class com.google.common.cache.LocalCache$LoadingValueReference                        : loaded 2 times (x 96B)
Class com.amazon.ion.impl.LocalSymbolTable$Factory                                    : loaded 2 times (x 77B)
Class com.amazon.ion.impl.bin.IonManagedBinaryWriter$ImportedSymbolResolverMode       : loaded 2 times (x 80B)
Class com.intellij.gradle.toolingExtension.impl.model.buildScriptClasspathModel.GradleBuildScriptClasspathSerializationService: loaded 2 times (x 77B)
Class com.google.gson.JsonObject                                                      : loaded 2 times (x 93B)
Class com.google.common.io.LineReader$1                                               : loaded 2 times (x 75B)
Class com.google.common.collect.CollectSpliterators                                   : loaded 2 times (x 71B)
Class com.google.common.collect.AbstractMapBasedMultimap$AsMap                        : loaded 2 times (x 128B)
Class com.google.common.collect.MapMakerInternalMap$StrongKeyDummyValueEntry          : loaded 2 times (x 82B)
Class com.google.common.base.Platform                                                 : loaded 2 times (x 71B)
Class com.google.gson.internal.bind.ReflectiveTypeAdapterFactory$RecordAdapter        : loaded 2 times (x 77B)
Class com.amazon.ion.impl.LocalSymbolTableAsStruct                                    : loaded 2 times (x 126B)
Class com.amazon.ion.impl.lite.IonTimestampLite                                       : loaded 2 times (x 192B)
Class org.jetbrains.plugins.gradle.model.FileCollectionDependency                     : loaded 2 times (x 70B)
Class com.intellij.gradle.toolingExtension.impl.model.utilDummyModel.DummyModel       : loaded 2 times (x 70B)
Class kotlin.text.StringsKt__RegexExtensionsKt                                        : loaded 2 times (x 71B)
Class kotlin.collections.EmptyIterator                                                : loaded 2 times (x 89B)
Class org.gradle.internal.time.Clock                                                  : loaded 2 times (x 70B)
Class com.google.common.collect.AbstractMapBasedMultimap$WrappedList                  : loaded 2 times (x 205B)
Class com.android.builder.model.v2.dsl.ProductFlavor                                  : loaded 2 times (x 70B)
Class [Lcom.android.builder.model.v2.ide.TestInfo$Execution;                          : loaded 2 times (x 69B)
Class com.google.gson.internal.reflect.ReflectionHelper$RecordNotSupportedHelper      : loaded 2 times (x 78B)
Class com.google.gson.JsonIOException                                                 : loaded 2 times (x 82B)
Class com.google.common.collect.Maps$8                                                : loaded 2 times (x 82B)
Class com.amazon.ion.IonString                                                        : loaded 2 times (x 70B)
Class org.jetbrains.plugins.gradle.model.GradleSourceSetDependencyModel               : loaded 2 times (x 70B)
Class kotlin.io.FilePathComponents                                                    : loaded 2 times (x 72B)
Class com.google.common.collect.CompoundOrdering                                      : loaded 2 times (x 115B)
Class kotlin.sequences.SequencesKt__SequencesJVMKt                                    : loaded 2 times (x 71B)
Class kotlin.coroutines.jvm.internal.RestrictedSuspendLambda                          : loaded 2 times (x 91B)
Class org.gradle.tooling.internal.adapter.TypeInspector                               : loaded 2 times (x 73B)
Class org.gradle.tooling.internal.adapter.ProtocolToModelAdapter$NoOpDecoration       : loaded 2 times (x 79B)
Class org.gradle.tooling.model.Element                                                : loaded 2 times (x 70B)
Class kotlin.collections.AbstractList                                                 : loaded 2 times (x 197B)
Class kotlin.collections.AbstractCollection                                           : loaded 2 times (x 117B)
Class [Lcom.google.common.collect.Iterators$EmptyModifiableIterator;                  : loaded 2 times (x 69B)
Class com.google.common.util.concurrent.ExecutionError                                : loaded 2 times (x 82B)
Class com.google.common.collect.Lists$ReverseList$1                                   : loaded 2 times (x 99B)
Class org.jetbrains.kotlin.tooling.core.Extras                                        : loaded 2 times (x 70B)
Class com.google.common.collect.Sets$SetView                                          : loaded 2 times (x 138B)
Class com.google.common.cache.LocalCache$StrongValueReference                         : loaded 2 times (x 90B)
Class com.google.common.util.concurrent.AbstractFuture$SynchronizedHelper             : loaded 2 times (x 78B)
Class com.amazon.ion.BufferConfiguration                                              : loaded 2 times (x 73B)
Class com.amazon.ion.system.SimpleCatalog                                             : loaded 2 times (x 91B)
Class com.intellij.gradle.toolingExtension.impl.model.taskModel.GradleTaskSerialisationService: loaded 2 times (x 76B)
Class com.android.ide.gradle.model.LegacyV1AgpVersionModel                            : loaded 2 times (x 70B)
Class kotlin.text.StringsKt__StringBuilderJVMKt                                       : loaded 2 times (x 71B)
Class kotlin.text.Regex                                                               : loaded 2 times (x 72B)
Class kotlin.sequences.SequencesKt__SequenceBuilderKt$sequence$$inlined$Sequence$1    : loaded 2 times (x 75B)
Class kotlin.Triple                                                                   : loaded 2 times (x 72B)
Class com.google.common.graph.SuccessorsFunction                                      : loaded 2 times (x 70B)
Class org.objectweb.asm.Type                                                          : loaded 2 times (x 72B)
Class com.google.gson.LongSerializationPolicy$1                                       : loaded 2 times (x 80B)
Class org.jetbrains.plugins.gradle.tooling.util.IntObjectMap$1                        : loaded 2 times (x 77B)
Class org.gradle.tooling.model.internal.ImmutableDomainObjectSet                      : loaded 2 times (x 155B)
Class org.gradle.internal.classloader.VisitableURLClassLoader$InstrumentingVisitableURLClassLoader: loaded 2 times (x 123B)
Class com.google.common.collect.MapMakerInternalMap$StrongKeyDummyValueEntry$Helper   : loaded 2 times (x 79B)
Class com.google.common.io.Files$FileByteSink                                         : loaded 2 times (x 77B)
Class com.android.builder.model.v2.ide.AndroidGradlePluginProjectFlags                : loaded 2 times (x 70B)
Class [Lcom.android.builder.model.v2.ide.AndroidGradlePluginProjectFlags$BooleanFlag; : loaded 2 times (x 69B)
Class com.android.builder.model.v2.ide.BasicVariant                                   : loaded 2 times (x 70B)
Class org.objectweb.asm.ByteVector                                                    : loaded 2 times (x 79B)
Class [Lcom.google.common.cache.CacheBuilder$NullListener;                            : loaded 2 times (x 69B)
Class com.google.gson.LongSerializationPolicy$2                                       : loaded 2 times (x 80B)
Class com.google.common.math.IntMath$1                                                : loaded 2 times (x 71B)
Class [Lcom.amazon.ion.impl.bin.IonRawBinaryWriter$StreamFlushMode;                   : loaded 2 times (x 69B)
Class com.amazon.ion.UnsupportedIonVersionException                                   : loaded 2 times (x 85B)
Class kotlin.comparisons.ComparisonsKt__ComparisonsKt                                 : loaded 2 times (x 71B)
Class kotlin.ranges.RangesKt__RangesKt                                                : loaded 2 times (x 71B)
Class kotlin.collections.SetsKt___SetsKt                                              : loaded 2 times (x 71B)
Class kotlin.sequences.SequencesKt__SequencesKt                                       : loaded 2 times (x 71B)
Class kotlin.coroutines.Continuation                                                  : loaded 2 times (x 70B)
Class org.gradle.internal.classloader.VisitableURLClassLoader$Spec                    : loaded 2 times (x 74B)
Class org.gradle.internal.classpath.DefaultClassPath                                  : loaded 2 times (x 90B)
Class com.google.common.base.AbstractIterator                                         : loaded 2 times (x 80B)
Class com.android.builder.model.v2.ide.BundleInfo                                     : loaded 2 times (x 70B)
Class com.android.builder.model.v2.ide.SourceProvider                                 : loaded 2 times (x 70B)
Class org.objectweb.asm.Symbol                                                        : loaded 2 times (x 73B)
Class com.amazon.ion.impl.bin.IonManagedBinaryWriter$SymbolState                      : loaded 2 times (x 80B)
Class com.amazon.ion.IonStruct                                                        : loaded 2 times (x 70B)
Class org.jetbrains.plugins.gradle.model.GradleBuildScriptClasspathModel              : loaded 2 times (x 70B)
Class kotlin.sequences.FilteringSequence                                              : loaded 2 times (x 75B)
Class kotlin.text.CharsKt__CharJVMKt                                                  : loaded 2 times (x 71B)
Class kotlin.comparisons.ComparisonsKt                                                : loaded 2 times (x 71B)
Class kotlin.comparisons.ComparisonsKt___ComparisonsKt                                : loaded 2 times (x 71B)
Class kotlin.coroutines.jvm.internal.BaseContinuationImpl                             : loaded 2 times (x 87B)
Class kotlin.Result$Companion                                                         : loaded 2 times (x 71B)
Class org.gradle.util.internal.DefaultGradleVersion                                   : loaded 2 times (x 82B)
Class com.google.common.io.Java8Compatibility                                         : loaded 2 times (x 71B)
Class com.google.common.io.Closer                                                     : loaded 2 times (x 78B)
Class com.google.common.base.CharMatcher$Ascii                                        : loaded 2 times (x 112B)
Class com.google.common.collect.ImmutableEnumSet                                      : loaded 2 times (x 146B)
Class [Lcom.google.gson.Strictness;                                                   : loaded 2 times (x 69B)
Class com.google.gson.reflect.TypeToken                                               : loaded 2 times (x 75B)
Class com.android.builder.model.v2.models.VariantDependenciesAdjacencyList            : loaded 2 times (x 70B)
Class com.google.common.collect.RegularImmutableMap$Values                            : loaded 2 times (x 207B)
Class org.gradle.internal.classloader.ClassLoaderSpec                                 : loaded 2 times (x 71B)
Class org.objectweb.asm.AnnotationWriter                                              : loaded 2 times (x 79B)
Class com.google.common.cache.CacheStats                                              : loaded 2 times (x 71B)
Class com.google.gson.internal.sql.SqlTimestampTypeAdapter$1                          : loaded 2 times (x 75B)
Class com.google.gson.JsonPrimitive                                                   : loaded 2 times (x 93B)
Class com.amazon.ion.impl.IonWriterSystemTextMarkup                                   : loaded 2 times (x 192B)
Class com.amazon.ion.impl.bin.BlockAllocator                                          : loaded 2 times (x 80B)
Class kotlin.jvm.internal.FunctionReferenceImpl                                       : loaded 2 times (x 122B)
Class kotlin.collections.CollectionsKt___CollectionsJvmKt                             : loaded 2 times (x 71B)
Class com.google.common.collect.Interners                                             : loaded 2 times (x 71B)
Class com.google.common.io.Closer$Suppressor                                          : loaded 2 times (x 70B)
Class com.google.common.io.LineProcessor                                              : loaded 2 times (x 70B)
Class com.google.common.collect.ImmutableMultisetGwtSerializationDependencies         : loaded 2 times (x 125B)
Class [Lcom.google.gson.ReflectionAccessFilter$FilterResult;                          : loaded 2 times (x 69B)
Class org.objectweb.asm.RecordComponentWriter                                         : loaded 2 times (x 78B)
Class com.google.common.util.concurrent.AbstractFuture$Listener                       : loaded 2 times (x 72B)
Class [Lcom.android.builder.model.v2.ide.ProjectType;                                 : loaded 2 times (x 69B)
Class com.google.common.collect.AbstractMapBasedMultimap$WrappedCollection            : loaded 2 times (x 124B)
Class com.google.gson.JsonElement                                                     : loaded 2 times (x 92B)
Class Settings_gradle$1$1                                                             : loaded 2 times (x 74B)
Class com.amazon.ion.impl._Private_RecyclingQueue                                     : loaded 2 times (x 80B)
Class com.amazon.ion.system.IonWriterBuilderBase                                      : loaded 2 times (x 83B)
Class kotlin.TuplesKt                                                                 : loaded 2 times (x 71B)
Class kotlin.jvm.internal.markers.KMutableIterable                                    : loaded 2 times (x 70B)
Class kotlin.Unit                                                                     : loaded 2 times (x 71B)
Class kotlin.sequences.SequencesKt___SequencesJvmKt                                   : loaded 2 times (x 71B)
Class org.gradle.tooling.internal.adapter.ProtocolToModelAdapter$DefaultViewBuilder   : loaded 2 times (x 80B)
Class ijKotlinCoroutineJvmDebugInit1_dofq3drr9aihm4earzh7ldbbw$_run_closure1          : loaded 2 times (x 139B)
Class [Lorg.objectweb.asm.Label;                                                      : loaded 2 times (x 69B)
Class [Lcom.android.builder.model.v2.ide.AaptOptions$Namespacing;                     : loaded 2 times (x 69B)
Class com.android.ide.common.gradle.Version$Companion$ParseState                      : loaded 2 times (x 70B)
Class org.objectweb.asm.Attribute                                                     : loaded 2 times (x 77B)
Class com.google.common.base.Supplier                                                 : loaded 2 times (x 70B)
Class com.google.gson.internal.bind.CollectionTypeAdapterFactory                      : loaded 2 times (x 75B)
Class kotlin.ranges.RangesKt                                                          : loaded 2 times (x 71B)
Class org.gradle.tooling.internal.adapter.ProtocolToModelAdapter$ViewGraphDetails$1   : loaded 2 times (x 77B)
Class org.gradle.internal.classloader.VisitableURLClassLoader                         : loaded 2 times (x 117B)
Class com.google.common.util.concurrent.AbstractFuture$Waiter                         : loaded 2 times (x 72B)
Class com.android.ide.common.repository.AgpVersion$Companion                          : loaded 2 times (x 71B)
Class Settings_gradle                                                                 : loaded 2 times (x 128B)
Class com.amazon.ion.impl.bin.IonRawBinaryWriter$1                                    : loaded 2 times (x 77B)
Class [Lcom.amazon.ion.SymbolTable;                                                   : loaded 2 times (x 69B)
Class com.amazon.ion.impl.bin.IonBinaryWriterAdapter$Factory                          : loaded 2 times (x 70B)
Class com.amazon.ion.impl.BlockedBuffer$BufferedOutputStream                          : loaded 2 times (x 90B)
Class org.jetbrains.plugins.gradle.tooling.serialization.ExternalTestsSerializationService$ReadContext: loaded 2 times (x 72B)
Class kotlin.sequences.FlatteningSequence$iterator$1                                  : loaded 2 times (x 79B)
Class kotlin.jvm.functions.Function0                                                  : loaded 2 times (x 70B)
Class kotlin.collections.ArraysUtilJVM                                                : loaded 2 times (x 71B)
Class org.gradle.internal.classloader.ClassLoaderHierarchy                            : loaded 2 times (x 70B)
Class kotlin.collections.CollectionsKt__ReversedViewsKt                               : loaded 2 times (x 71B)
Class org.gradle.tooling.model.idea.IdeaDependency                                    : loaded 2 times (x 70B)
Class com.google.common.collect.MapMakerInternalMap                                   : loaded 2 times (x 161B)
Class com.android.builder.model.v2.ide.AaptOptions                                    : loaded 2 times (x 70B)
Class [Lcom.android.builder.model.v2.ide.BytecodeTransformation;                      : loaded 2 times (x 69B)
Class com.google.common.base.Strings                                                  : loaded 2 times (x 71B)
Class com.android.ide.common.gradle.Version$Companion                                 : loaded 2 times (x 71B)
Class com.google.common.collect.Sets                                                  : loaded 2 times (x 71B)
Class org.objectweb.asm.Handler                                                       : loaded 2 times (x 72B)
Class com.google.common.base.Ticker                                                   : loaded 2 times (x 72B)
Class kotlin.sequences.SequencesKt__SequenceBuilderKt                                 : loaded 2 times (x 71B)
Class com.google.gson.internal.bind.TreeTypeAdapter                                   : loaded 2 times (x 75B)
Class com.google.gson.internal.sql.SqlTimeTypeAdapter                                 : loaded 2 times (x 74B)
Class com.amazon.ion.impl.bin.AbstractIonWriter$WriteValueOptimization                : loaded 2 times (x 79B)
Class kotlin.collections.AbstractMutableList                                          : loaded 2 times (x 206B)
Class kotlin.jvm.functions.Function1                                                  : loaded 2 times (x 70B)
Class com.android.builder.model.v2.models.ndk.NativeModelBuilderParameter             : loaded 2 times (x 70B)
Class [Lcom.google.common.cache.LocalCache$Segment;                                   : loaded 2 times (x 69B)
Class [Lcom.google.common.cache.LocalCache$Strength;                                  : loaded 2 times (x 69B)
Class com.google.common.cache.CacheBuilder$1                                          : loaded 2 times (x 85B)
Class kotlin.io.FilesKt__FileTreeWalkKt                                               : loaded 2 times (x 71B)
Class com.google.gson.internal.bind.TypeAdapters$20                                   : loaded 2 times (x 75B)
Class com.google.common.collect.ImmutableMap                                          : loaded 2 times (x 120B)
Class com.amazon.ion.impl.bin.BlockAllocatorProvider                                  : loaded 2 times (x 72B)
Class org.jetbrains.plugins.gradle.tooling.serialization.internal.IdeaProjectSerializationService$WriteContext: loaded 2 times (x 72B)
Class com.intellij.gradle.toolingExtension.impl.model.sourceSetDependencyModel.GradleSourceSetDependencySerialisationService: loaded 2 times (x 77B)
Class org.jetbrains.plugins.gradle.model.GradleSourceSetModel                         : loaded 2 times (x 70B)
Class kotlin.KotlinNothingValueException                                              : loaded 2 times (x 82B)
Class kotlin.jvm.functions.Function2                                                  : loaded 2 times (x 70B)
Class org.gradle.internal.classpath.DefaultClassPath$ImmutableUniqueList$Builder      : loaded 2 times (x 75B)
Class com.google.common.collect.MapMakerInternalMap$WeakValueReference                : loaded 2 times (x 70B)
Class kotlin.jvm.internal.CollectionToArray                                           : loaded 2 times (x 71B)
Class com.google.common.cache.LocalCache                                              : loaded 2 times (x 187B)
Class com.google.common.cache.CacheBuilder$2                                          : loaded 2 times (x 79B)
Class kotlin.sequences.FilteringSequence$iterator$1                                   : loaded 2 times (x 79B)
Class com.google.gson.internal.bind.TypeAdapters$21                                   : loaded 2 times (x 75B)
Class com.google.gson.FieldNamingPolicy$1                                             : loaded 2 times (x 83B)
Class com.amazon.ion.impl.lite.IonSequenceLite                                        : loaded 2 times (x 432B)
Class com.amazon.ion.impl._Private_Utils$1                                            : loaded 2 times (x 89B)
Class com.amazon.ion.impl.SymbolTableAsStruct                                         : loaded 2 times (x 70B)
Class com.android.ide.gradle.model.dependencies.Coordinates                           : loaded 2 times (x 70B)
Class kotlin.collections.MapsKt___MapsJvmKt                                           : loaded 2 times (x 71B)
Class org.gradle.tooling.internal.adapter.WeakIdentityHashMap$AbsentValueProvider     : loaded 2 times (x 70B)
Class com.google.common.collect.ArrayListMultimap                                     : loaded 2 times (x 172B)
Class com.google.common.cache.CacheBuilder$3                                          : loaded 2 times (x 72B)
Class com.google.gson.internal.bind.TypeAdapters$22                                   : loaded 2 times (x 75B)
Class com.google.gson.FieldNamingPolicy$2                                             : loaded 2 times (x 83B)
Class com.google.gson.internal.Excluder$1                                             : loaded 2 times (x 74B)
Class [Lcom.google.common.collect.AbstractMapEntry;                                   : loaded 2 times (x 69B)
Class com.google.common.collect.ImmutableEntry                                        : loaded 2 times (x 82B)
Class com.amazon.ion.impl.bin.AbstractIonWriter                                       : loaded 2 times (x 161B)
Class gnu.trove.TObjectHash                                                           : loaded 2 times (x 94B)
Class org.jetbrains.plugins.gradle.tooling.util.ObjectCollector$Processor             : loaded 2 times (x 70B)
Class kotlin.jvm.functions.Function4                                                  : loaded 2 times (x 70B)
Class kotlin.collections.EmptySet                                                     : loaded 2 times (x 122B)
Class kotlin.annotation.Target                                                        : loaded 2 times (x 70B)
Class kotlin.collections.CollectionsKt___CollectionsKt                                : loaded 2 times (x 71B)
Class com.intellij.gradle.toolingExtension.impl.model.sourceSetModel.GradleSourceSetSerialisationService$Companion: loaded 2 times (x 71B)
Class org.gradle.internal.exceptions.NonGradleCauseExceptionsHolder                   : loaded 2 times (x 70B)
Class org.gradle.tooling.model.idea.IdeaModuleDependency                              : loaded 2 times (x 70B)
Class org.gradle.tooling.internal.adapter.ViewBuilder                                 : loaded 2 times (x 70B)
Class com.google.common.base.Suppliers$MemoizingSupplier                              : loaded 2 times (x 79B)
Class com.android.builder.model.v2.ide.AndroidLibraryData                             : loaded 2 times (x 70B)
Class com.android.builder.model.v2.ide.ApiVersion                                     : loaded 2 times (x 70B)
Class com.android.ide.common.gradle.Version                                           : loaded 2 times (x 75B)
Class com.google.gson.internal.bind.TypeAdapters$23                                   : loaded 2 times (x 75B)
Class com.google.gson.FieldNamingPolicy$3                                             : loaded 2 times (x 83B)
Class com.google.common.collect.CollectPreconditions                                  : loaded 2 times (x 71B)
Class com.amazon.ion.system.IonReaderBuilder                                          : loaded 2 times (x 95B)
Class org.jetbrains.plugins.gradle.model.AnnotationProcessingConfig                   : loaded 2 times (x 70B)
Class com.amazon.ion.IonReader                                                        : loaded 2 times (x 70B)
Class gnu.trove.Equality                                                              : loaded 2 times (x 70B)
Class kotlin.text.StringsKt___StringsJvmKt                                            : loaded 2 times (x 71B)
Class kotlin.reflect.KDeclarationContainer                                            : loaded 2 times (x 70B)
Class kotlin.annotation.Retention                                                     : loaded 2 times (x 70B)
Class [Lcom.google.common.collect.MapMakerInternalMap$Strength;                       : loaded 2 times (x 69B)
Class [Lcom.google.common.io.FileWriteMode;                                           : loaded 2 times (x 69B)
Class com.android.builder.model.v2.models.Versions$Version                            : loaded 2 times (x 70B)
Class com.google.gson.internal.bind.TypeAdapters$24                                   : loaded 2 times (x 75B)
Class com.google.gson.FieldNamingPolicy$4                                             : loaded 2 times (x 83B)
Class com.google.common.collect.SortedMapDifference                                   : loaded 2 times (x 70B)
Class com.amazon.ion.IonClob                                                          : loaded 2 times (x 70B)
Class org.jetbrains.plugins.gradle.tooling.ModelBuilderService$Parameter              : loaded 2 times (x 70B)
Class kotlin.io.FilesKt                                                               : loaded 2 times (x 71B)
Class kotlin.collections.MapsKt___MapsKt                                              : loaded 2 times (x 71B)
Class kotlin.collections.ArraysKt___ArraysKt                                          : loaded 2 times (x 71B)
Class com.google.common.collect.MapMakerInternalMap$StrongKeyDummyValueSegment        : loaded 2 times (x 142B)
Class com.google.common.cache.LocalCache$WriteThroughEntry                            : loaded 2 times (x 79B)
Class com.google.common.cache.LocalCache$HashIterator                                 : loaded 2 times (x 86B)
Class com.google.common.io.Files                                                      : loaded 2 times (x 71B)
Class com.google.common.cache.LocalCache$EntryFactory                                 : loaded 2 times (x 83B)
Class com.google.gson.internal.bind.TypeAdapters$25                                   : loaded 2 times (x 75B)
Class com.google.gson.FieldNamingPolicy$5                                             : loaded 2 times (x 83B)
Class com.amazon.ion.impl.lite.IonLobLite                                             : loaded 2 times (x 184B)
Class com.amazon.ion.impl.lite.IonTextLite                                            : loaded 2 times (x 181B)
Class com.amazon.ion.IonNumber                                                        : loaded 2 times (x 70B)
Class gnu.trove.TObjectHashingStrategy                                                : loaded 2 times (x 70B)
Class kotlin.collections.MapsKt__MapWithDefaultKt                                     : loaded 2 times (x 71B)
Class org.gradle.tooling.internal.adapter.ProtocolToModelAdapter$ReflectionMethodInvoker: loaded 2 times (x 76B)
Class ijJvmDebugger1_9x3erf11sbp6hr81ma3cxq5r2$_run_closure1$_closure2                : loaded 2 times (x 140B)
Class [Lcom.google.common.collect.MapMaker$Dummy;                                     : loaded 2 times (x 69B)
Class com.google.common.base.CharMatcher$Whitespace                                   : loaded 2 times (x 112B)
Class com.google.common.base.Splitter$1$1                                             : loaded 2 times (x 86B)
Class [Lcom.android.ide.common.gradle.Separator;                                      : loaded 2 times (x 69B)
Class org.jetbrains.kotlin.tooling.core.HasMutableExtras                              : loaded 2 times (x 70B)
Class com.google.common.cache.LocalCache$AbstractReferenceEntry                       : loaded 2 times (x 107B)
Class com.google.gson.internal.bind.ArrayTypeAdapter                                  : loaded 2 times (x 74B)
Class com.google.gson.internal.bind.TypeAdapters$26                                   : loaded 2 times (x 75B)
Class com.google.gson.FieldNamingPolicy$6                                             : loaded 2 times (x 83B)
Class [Lcom.amazon.ion.impl.bin.IonManagedBinaryWriter$UserState;                     : loaded 2 times (x 69B)
Class com.amazon.ion.impl.bin.utf8.Utf8StringEncoder                                  : loaded 2 times (x 80B)
Class com.amazon.ion.IonBool                                                          : loaded 2 times (x 70B)
Class kotlin.text.StringsKt___StringsKt                                               : loaded 2 times (x 71B)
Class com.google.common.collect.NullsLastOrdering                                     : loaded 2 times (x 115B)
Class kotlin.collections.CollectionsKt__MutableCollectionsJVMKt                       : loaded 2 times (x 71B)
Class com.amazon.ion.impl._Private_IonValue                                           : loaded 2 times (x 70B)
Class kotlin.enums.EnumEntriesKt                                                      : loaded 2 times (x 71B)
Class ijJvmDebugger1_9x3erf11sbp6hr81ma3cxq5r2                                        : loaded 2 times (x 179B)
Class com.google.common.collect.ImmutableMapKeySet                                    : loaded 2 times (x 152B)
Class com.amazon.ion.impl.bin.IonManagedBinaryWriter$UserState$2                      : loaded 2 times (x 85B)
Class com.android.builder.model.v2.models.VariantDependencies                         : loaded 2 times (x 70B)
Class com.google.gson.internal.reflect.ReflectionHelper                               : loaded 2 times (x 71B)
Class org.objectweb.asm.SymbolTable                                                   : loaded 2 times (x 72B)
Class com.google.common.cache.CacheLoader$InvalidCacheLoadException                   : loaded 2 times (x 82B)
Class com.google.gson.internal.bind.TypeAdapters$27                                   : loaded 2 times (x 75B)
Class com.google.gson.FieldNamingPolicy$7                                             : loaded 2 times (x 83B)
Class [Lcom.google.common.base.AbstractIterator$State;                                : loaded 2 times (x 69B)
Class com.amazon.ion.IonLoader                                                        : loaded 2 times (x 70B)
Class com.intellij.gradle.toolingExtension.model.repositoryModel.ProjectRepositoriesModel: loaded 2 times (x 70B)
Class org.jetbrains.plugins.gradle.model.GradleProperty                               : loaded 2 times (x 70B)
Class gnu.trove.TObjectCanonicalHashingStrategy                                       : loaded 2 times (x 78B)
Class org.gradle.internal.classloader.SystemClassLoaderSpec                           : loaded 2 times (x 71B)
Class com.android.builder.model.v2.ide.TestedTargetVariant                            : loaded 2 times (x 70B)
Class com.google.common.cache.LocalCache$StrongEntry                                  : loaded 2 times (x 108B)
Class com.google.common.util.concurrent.AbstractFuture$TrustedFuture                  : loaded 2 times (x 114B)
Class com.google.common.cache.LoadingCache                                            : loaded 2 times (x 70B)
Class [Lcom.google.gson.LongSerializationPolicy;                                      : loaded 2 times (x 69B)
Class com.amazon.ion.impl._Private_Utils                                              : loaded 2 times (x 71B)
Class kotlin.ranges.IntRange$Companion                                                : loaded 2 times (x 71B)
Class kotlin.text.MatcherMatchResult$groups$1                                         : loaded 2 times (x 151B)
Class kotlin.collections.EmptyMap                                                     : loaded 2 times (x 108B)
Class kotlin.reflect.KAnnotatedElement                                                : loaded 2 times (x 70B)
Class kotlin.jvm.internal.markers.KMutableCollection                                  : loaded 2 times (x 70B)
Class kotlin.coroutines.intrinsics.IntrinsicsKt                                       : loaded 2 times (x 71B)
Class org.gradle.internal.exceptions.MultiCauseException                              : loaded 2 times (x 70B)
Class org.gradle.internal.time.CountdownTimer                                         : loaded 2 times (x 70B)
Class kotlin.jvm.internal.Intrinsics                                                  : loaded 2 times (x 71B)
Class com.google.common.base.Suppliers$NonSerializableMemoizingSupplier               : loaded 2 times (x 79B)
Class com.google.gson.internal.Streams$AppendableWriter                               : loaded 2 times (x 99B)
Class com.google.common.io.ByteStreams$LimitedInputStream                             : loaded 2 times (x 92B)
Class org.objectweb.asm.MethodWriter                                                  : loaded 2 times (x 106B)
Class [Lcom.google.common.cache.Weigher;                                              : loaded 2 times (x 69B)
Class com.google.gson.internal.bind.MapTypeAdapterFactory                             : loaded 2 times (x 75B)
Class com.google.gson.internal.bind.TypeAdapters$29                                   : loaded 2 times (x 75B)
Class com.google.gson.JsonNull                                                        : loaded 2 times (x 92B)
Class com.google.common.collect.RegularImmutableMap$BucketOverflowException           : loaded 2 times (x 82B)
Class com.intellij.gradle.toolingExtension.impl.model.projectModel.GradleExternalProjectSerializationService$ReadContext: loaded 2 times (x 73B)
Class com.intellij.gradle.toolingExtension.impl.model.dependencyModel.DependencyWriteContext: loaded 2 times (x 72B)
Class kotlin.collections.MapsKt                                                       : loaded 2 times (x 71B)
Class kotlin.coroutines.intrinsics.CoroutineSingletons                                : loaded 2 times (x 79B)
Class kotlin.collections.CollectionsKt__IterablesKt                                   : loaded 2 times (x 71B)
Class org.gradle.tooling.model.ProjectModel                                           : loaded 2 times (x 70B)
Class com.google.common.collect.AbstractMapBasedMultimap$RandomAccessWrappedList      : loaded 2 times (x 205B)
Class com.google.common.collect.ImmutableMultimap$1                                   : loaded 2 times (x 82B)
Class com.android.ide.common.gradle.Version$Companion$ParseState$EMPTY                : loaded 2 times (x 74B)
Class org.jetbrains.plugins.gradle.model.GradleConfiguration                          : loaded 2 times (x 70B)
Class com.amazon.ion.impl.bin.utf8.Utf8StringEncoderPool                              : loaded 2 times (x 74B)
Class com.amazon.ion.impl._Private_IonSystem                                          : loaded 2 times (x 70B)
Class com.amazon.ion.BufferConfiguration$OversizedValueHandler                        : loaded 2 times (x 70B)
Class kotlin.ranges.OpenEndRange                                                      : loaded 2 times (x 70B)
Class kotlin.sequences.SequenceBuilderIterator                                        : loaded 2 times (x 85B)
Class kotlin.KotlinNullPointerException                                               : loaded 2 times (x 83B)
Class com.google.common.collect.ImmutableMultimap$2                                   : loaded 2 times (x 81B)
Class com.android.ide.common.repository.AgpVersion$Companion$WhenMappings             : loaded 2 times (x 71B)
Class com.google.common.collect.RegularImmutableBiMap                                 : loaded 2 times (x 149B)
Class com.google.common.cache.LocalCache$ValueReference                               : loaded 2 times (x 70B)
Class com.google.common.io.FileWriteMode                                              : loaded 2 times (x 79B)
Class [Lcom.google.common.collect.MapMakerInternalMap$Segment;                        : loaded 2 times (x 69B)
Class com.google.gson.internal.bind.DefaultDateTypeAdapter$DateType$1                 : loaded 2 times (x 73B)
Class com.amazon.ion.IonDecimal                                                       : loaded 2 times (x 70B)
Class org.jetbrains.plugins.gradle.model.tests.ExternalTestsModel                     : loaded 2 times (x 70B)
Class kotlin.ranges.RangesKt___RangesKt                                               : loaded 2 times (x 71B)
Class org.gradle.tooling.model.idea.IdeaLanguageLevel                                 : loaded 2 times (x 70B)
Class org.gradle.tooling.internal.adapter.ProtocolToModelAdapter$SafeMethodInvoker    : loaded 2 times (x 76B)
Class org.gradle.tooling.internal.adapter.WeakIdentityHashMap$WeakKey                 : loaded 2 times (x 79B)
Class org.gradle.internal.exceptions.DefaultMultiCauseException                       : loaded 2 times (x 95B)
Class ijJvmDebugger1_9x3erf11sbp6hr81ma3cxq5r2$_run_closure1                          : loaded 2 times (x 139B)
Class com.google.gson.internal.Streams                                                : loaded 2 times (x 71B)
Class com.android.builder.model.v2.ide.ProjectInfo                                    : loaded 2 times (x 70B)
Class com.google.common.base.PatternCompiler                                          : loaded 2 times (x 70B)
Class com.google.common.util.concurrent.AbstractFuture$Failure                        : loaded 2 times (x 72B)
Class com.google.common.base.Equivalence$Equals                                       : loaded 2 times (x 82B)
Class com.google.gson.internal.LazilyParsedNumber                                     : loaded 2 times (x 78B)
Class com.google.common.collect.Hashing                                               : loaded 2 times (x 71B)
Class org.gradle.internal.classloader.FilteringClassLoader                            : loaded 2 times (x 105B)
Class com.amazon.ion.impl.bin.IonRawBinaryWriter$StreamCloseMode                      : loaded 2 times (x 79B)
Class com.amazon.ion.impl._Private_IonBinaryWriterBuilder$Mutable                     : loaded 2 times (x 115B)
Class com.intellij.gradle.toolingExtension.impl.model.projectModel.GradleExternalProjectSerializationService: loaded 2 times (x 77B)
Class kotlin.text.CharsKt__CharKt                                                     : loaded 2 times (x 71B)
Class kotlin.collections.ArrayDeque$Companion                                         : loaded 2 times (x 71B)
Class kotlin.collections.ArraysKt                                                     : loaded 2 times (x 71B)
Class org.gradle.tooling.model.HierarchicalElement                                    : loaded 2 times (x 70B)
Class com.google.common.collect.ImmutableSetMultimap                                  : loaded 2 times (x 180B)
Class com.google.common.io.CharSink                                                   : loaded 2 times (x 79B)
Class com.android.builder.model.v2.dsl.DependenciesInfo                               : loaded 2 times (x 70B)
Class kotlin.NotImplementedError                                                      : loaded 2 times (x 82B)
Class org.objectweb.asm.Label                                                         : loaded 2 times (x 73B)
Class org.objectweb.asm.CurrentFrame                                                  : loaded 2 times (x 73B)
Class org.objectweb.asm.ClassTooLargeException                                        : loaded 2 times (x 83B)
Class kotlin.sequences.FlatteningSequence                                             : loaded 2 times (x 75B)
Class com.google.gson.stream.JsonReader                                               : loaded 2 times (x 97B)
Class kotlin.text.MatcherMatchResult                                                  : loaded 2 times (x 80B)
Class com.amazon.ion.impl.bin.IonRawBinaryWriter$PatchPoint                           : loaded 2 times (x 73B)
Class com.amazon.ion.IonBlob                                                          : loaded 2 times (x 70B)
Class com.amazon.ion.IonLob                                                           : loaded 2 times (x 70B)
Class com.amazon.ion.IonSequence                                                      : loaded 2 times (x 70B)
Class org.jetbrains.plugins.gradle.tooling.serialization.ExternalTestsSerializationService: loaded 2 times (x 77B)
Class com.google.common.collect.ByFunctionOrdering                                    : loaded 2 times (x 115B)
Class kotlin.collections.SetsKt__SetsKt                                               : loaded 2 times (x 71B)
Class kotlin.coroutines.EmptyCoroutineContext                                         : loaded 2 times (x 77B)
Class org.gradle.internal.time.Time                                                   : loaded 2 times (x 71B)
Class com.google.common.collect.MapMakerInternalMap$InternalEntryHelper               : loaded 2 times (x 70B)
Class com.google.common.collect.Maps$IteratorBasedAbstractMap                         : loaded 2 times (x 125B)
Class kotlin.text.MatchGroupCollection                                                : loaded 2 times (x 70B)
Class com.google.common.collect.Table                                                 : loaded 2 times (x 70B)
Class com.android.builder.model.v2.models.ProjectGraph                                : loaded 2 times (x 70B)
Class com.android.ide.common.gradle.Version$Companion$ParseState$NUMERIC              : loaded 2 times (x 74B)
Class com.google.gson.internal.reflect.ReflectionHelper$RecordSupportedHelper         : loaded 2 times (x 78B)
Class kotlin.text.StringsKt__StringsKt                                                : loaded 2 times (x 71B)
Class org.objectweb.asm.Frame                                                         : loaded 2 times (x 73B)
Class org.objectweb.asm.MethodVisitor                                                 : loaded 2 times (x 105B)
Class com.google.common.cache.LocalCache$EntryFactory$1                               : loaded 2 times (x 83B)
Class [Lcom.google.common.cache.RemovalListener;                                      : loaded 2 times (x 69B)
Class com.android.ide.gradle.model.dependencies.DeclaredDependencies                  : loaded 2 times (x 70B)
Class org.jetbrains.plugins.gradle.tooling.serialization.internal.IdeaProjectSerializationService$ReadContext: loaded 2 times (x 72B)
Class com.android.ide.common.repository.AgpVersion$PreviewKind                        : loaded 2 times (x 79B)
Class com.amazon.ion.system.IonTextWriterBuilder                                      : loaded 2 times (x 98B)
Class com.amazon.ion.impl.bin.IonManagedBinaryWriter$ImportedSymbolResolverMode$1$1$1 : loaded 2 times (x 76B)
Class com.amazon.ion.impl._Private_LocalSymbolTableFactory                            : loaded 2 times (x 70B)
Class org.jetbrains.plugins.gradle.tooling.serialization.AnnotationProcessingModelSerializationService: loaded 2 times (x 77B)
Class kotlin.collections.ArraysKt__ArraysJVMKt                                        : loaded 2 times (x 71B)
Class ijKotlinCoroutineJvmDebugInit1_dofq3drr9aihm4earzh7ldbbw$_run_closure1$_closure2: loaded 2 times (x 139B)
Class com.amazon.ion.impl.bin.IonManagedBinaryWriter$UserState$1                      : loaded 2 times (x 85B)
Class com.google.common.cache.LocalCache$EntryFactory$2                               : loaded 2 times (x 83B)
Class com.google.gson.internal.bind.JsonAdapterAnnotationTypeAdapterFactory           : loaded 2 times (x 75B)
Class com.amazon.ion.impl.lite.IonNullLite                                            : loaded 2 times (x 175B)
Class org.jetbrains.plugins.gradle.model.DependencyAccessorsModel                     : loaded 2 times (x 70B)
Class [Lcom.intellij.openapi.externalSystem.model.project.dependencies.ResolutionState;: loaded 2 times (x 69B)
Class gnu.trove.TObjectIntHashMap                                                     : loaded 2 times (x 109B)
Class kotlin.text.StringsKt__StringBuilderKt                                          : loaded 2 times (x 71B)
Class kotlin.jvm.internal.CallableReference$NoReceiver                                : loaded 2 times (x 71B)
Class org.gradle.api.internal.classpath.GlobalCacheRootsProvider                      : loaded 2 times (x 70B)
Class com.google.common.collect.CollectCollectors                                     : loaded 2 times (x 71B)
Class org.objectweb.asm.ModuleWriter                                                  : loaded 2 times (x 82B)
Class com.google.common.cache.LocalCache$EntryFactory$3                               : loaded 2 times (x 83B)
Class com.google.common.base.Ticker$1                                                 : loaded 2 times (x 72B)
Class com.google.gson.internal.bind.NumberTypeAdapter                                 : loaded 2 times (x 74B)
Class com.google.common.collect.Maps$BiMapConverter                                   : loaded 2 times (x 90B)
Class com.google.common.collect.ImmutableMapEntrySet$RegularEntrySet                  : loaded 2 times (x 152B)
Class com.amazon.ion.impl.lite.IonClobLite                                            : loaded 2 times (x 220B)
Class com.amazon.ion.impl._Private_ValueFactory                                       : loaded 2 times (x 70B)
Class com.amazon.ion.impl.bin.IonRawBinaryWriter$PreallocationMode$1                  : loaded 2 times (x 82B)
Class [Lcom.amazon.ion.impl.bin._Private_IonManagedBinaryWriterBuilder$AllocatorMode; : loaded 2 times (x 69B)
Class org.jetbrains.kotlin.idea.gradleTooling.KotlinMPPGradleModel                    : loaded 2 times (x 70B)
Class com.intellij.gradle.toolingExtension.impl.model.dependencyDownloadPolicyModel.GradleDependencyDownloadPolicy: loaded 2 times (x 70B)
Class org.gradle.tooling.model.BuildIdentifier                                        : loaded 2 times (x 70B)
Class kotlin.NoWhenBranchMatchedException                                             : loaded 2 times (x 82B)
Class com.google.common.collect.SetMultimap                                           : loaded 2 times (x 70B)
Class com.android.builder.model.v2.ide.VectorDrawablesOptions                         : loaded 2 times (x 70B)
Class com.google.common.cache.LocalCache$EntryFactory$4                               : loaded 2 times (x 83B)
Class com.google.common.collect.RegularImmutableMap$KeySet                            : loaded 2 times (x 152B)
Class com.google.gson.ToNumberPolicy$1                                                : loaded 2 times (x 83B)
Class [Lcom.google.gson.FieldNamingStrategy;                                          : loaded 2 times (x 69B)
Class com.google.gson.internal.Excluder                                               : loaded 2 times (x 75B)
Class com.google.common.collect.ImmutableSet$Builder                                  : loaded 2 times (x 85B)
Class com.amazon.ion.IonInt                                                           : loaded 2 times (x 70B)
Class com.amazon.ion.impl.bin.IonRawBinaryWriter$PreallocationMode$2                  : loaded 2 times (x 82B)
Class org.jetbrains.kotlin.idea.gradleTooling.PrepareKotlinIdeImportTaskModel         : loaded 2 times (x 70B)
Class com.google.common.io.ByteStreams$1                                              : loaded 2 times (x 85B)
Class com.android.builder.model.v2.ide.Edge                                           : loaded 2 times (x 70B)
Class com.android.builder.model.v2.models.VariantDependenciesFlatList                 : loaded 2 times (x 70B)
Class com.google.gson.internal.ReflectionAccessFilterHelper                           : loaded 2 times (x 71B)
Class com.google.gson.internal.reflect.ReflectionHelper$RecordHelper                  : loaded 2 times (x 75B)
Class com.google.common.cache.LocalCache$EntryFactory$5                               : loaded 2 times (x 83B)
Class com.google.gson.ToNumberPolicy$2                                                : loaded 2 times (x 83B)
Class com.amazon.ion.impl.bin.IonRawBinaryWriter$PreallocationMode$3                  : loaded 2 times (x 82B)
Class com.android.ide.gradle.model.GradlePluginModel                                  : loaded 2 times (x 70B)
Class com.google.common.collect.ReverseOrdering                                       : loaded 2 times (x 115B)
Class org.gradle.tooling.model.build.JavaEnvironment                                  : loaded 2 times (x 70B)
Class com.google.gson.internal.bind.ObjectTypeAdapter$1                               : loaded 2 times (x 76B)
Class com.android.builder.model.v2.ide.SourceSetContainer                             : loaded 2 times (x 70B)
Class com.google.gson.internal.bind.ReflectiveTypeAdapterFactory$FieldsData           : loaded 2 times (x 72B)
Class com.google.common.cache.LocalCache$EntryFactory$6                               : loaded 2 times (x 83B)
Class com.google.gson.ToNumberPolicy$3                                                : loaded 2 times (x 83B)
Class org.jetbrains.plugins.gradle.model.GradleExtension                              : loaded 2 times (x 70B)
Class com.amazon.ion.impl.lite.IonDecimalLite                                         : loaded 2 times (x 188B)
Class com.amazon.ion.IonBufferConfiguration$Builder                                   : loaded 2 times (x 78B)
Class org.gradle.internal.time.Timer                                                  : loaded 2 times (x 70B)
Class kotlin.jvm.internal.markers.KMappedMarker                                       : loaded 2 times (x 70B)
Class org.gradle.internal.installation.CurrentGradleInstallationLocator               : loaded 2 times (x 71B)
Class org.objectweb.asm.ClassReader                                                   : loaded 2 times (x 94B)
Class com.google.common.collect.ImmutableMultimap$Builder                             : loaded 2 times (x 86B)
Class com.android.builder.model.v2.ide.LintOptions                                    : loaded 2 times (x 70B)
Class com.google.common.collect.Maps$KeySet                                           : loaded 2 times (x 137B)
Class com.google.common.cache.LocalCache$EntryFactory$7                               : loaded 2 times (x 83B)
Class com.google.gson.ToNumberPolicy$4                                                : loaded 2 times (x 83B)
Class com.google.common.collect.ImmutableSet$EmptySetBuilderImpl                      : loaded 2 times (x 76B)
Class com.google.common.base.Equivalence$Identity                                     : loaded 2 times (x 82B)
Class [Lcom.amazon.ion.impl.bin.IonRawBinaryWriter$ContainerType;                     : loaded 2 times (x 69B)
Class org.gradle.tooling.internal.adapter.ProtocolToModelAdapter$ViewGraphDetails     : loaded 2 times (x 72B)
Class org.gradle.tooling.model.idea.IdeaProject                                       : loaded 2 times (x 70B)
Class org.gradle.tooling.model.DomainObjectSet                                        : loaded 2 times (x 70B)
Class org.gradle.internal.service.DefaultServiceLocator                               : loaded 2 times (x 83B)
Class com.google.common.collect.Maps$EntrySet                                         : loaded 2 times (x 136B)
Class com.google.common.collect.ImmutableMultimap$EntryCollection                     : loaded 2 times (x 128B)
Class com.android.builder.model.v2.ide.BasicArtifact                                  : loaded 2 times (x 70B)
Class com.google.common.cache.LocalCache$EntryFactory$8                               : loaded 2 times (x 83B)
Class com.google.gson.internal.sql.SqlTypesSupport                                    : loaded 2 times (x 71B)
Class com.google.gson.Gson                                                            : loaded 2 times (x 72B)
Class com.google.common.base.PairwiseEquivalence                                      : loaded 2 times (x 83B)
Class com.amazon.ion.impl.bin.utf8.Utf8StringEncoder$Result                           : loaded 2 times (x 74B)
Class com.amazon.ion.impl.bin.utf8.Pool$Allocator                                     : loaded 2 times (x 70B)
Class com.amazon.ion.IonText                                                          : loaded 2 times (x 70B)
Class com.amazon.ion.impl.SymbolTokenImpl                                             : loaded 2 times (x 81B)
Class com.amazon.ion.SubstituteSymbolTableException                                   : loaded 2 times (x 84B)
Class kotlin.coroutines.jvm.internal.SuspendFunction                                  : loaded 2 times (x 70B)
Class org.gradle.util.GradleVersion                                                   : loaded 2 times (x 81B)
Class org.gradle.internal.installation.CurrentGradleInstallation                      : loaded 2 times (x 73B)
Class com.google.common.cache.CacheLoader$1                                           : loaded 2 times (x 75B)
Class com.google.gson.Gson$FutureTypeAdapter                                          : loaded 2 times (x 76B)
Class com.google.gson.Gson$1                                                          : loaded 2 times (x 76B)
Class com.android.builder.model.v2.ide.ViewBindingOptions                             : loaded 2 times (x 70B)
Class com.amazon.ion.impl.bin.IonManagedBinaryWriter$ImportDescriptor                 : loaded 2 times (x 76B)
Class com.amazon.ion.SymbolTable                                                      : loaded 2 times (x 70B)
Class org.jetbrains.plugins.gradle.javaModel.JavaGradleManifestModel                  : loaded 2 times (x 70B)
Class org.jetbrains.plugins.gradle.tooling.serialization.GradleExtensionsSerializationService$WriteContext: loaded 2 times (x 72B)
Class com.intellij.gradle.toolingExtension.impl.model.taskModel.GradleTaskSerialisationService$Companion: loaded 2 times (x 71B)
Class kotlin.jvm.internal.Ref$BooleanRef                                              : loaded 2 times (x 71B)
Class kotlin.jvm.internal.StringCompanionObject                                       : loaded 2 times (x 71B)
Class kotlin.coroutines.intrinsics.IntrinsicsKt__IntrinsicsJvmKt                      : loaded 2 times (x 71B)
Class kotlin.coroutines.jvm.internal.CoroutineStackFrame                              : loaded 2 times (x 70B)
Class org.gradle.tooling.internal.adapter.ProtocolToModelAdapter$MethodInvocationCache$MethodInvocationKey: loaded 2 times (x 73B)
Class org.gradle.util.internal.GUtil                                                  : loaded 2 times (x 71B)
Class com.google.common.io.ByteSource                                                 : loaded 2 times (x 84B)
Class com.google.common.util.concurrent.AbstractFuture$SetFuture                      : loaded 2 times (x 75B)
Class com.android.utils.StringHelper                                                  : loaded 2 times (x 71B)
Class com.google.common.cache.AbstractCache$StatsCounter                              : loaded 2 times (x 70B)
Class com.google.gson.Gson$2                                                          : loaded 2 times (x 76B)
Class [Lcom.amazon.ion.impl.bin.IonManagedBinaryWriter$SymbolState;                   : loaded 2 times (x 69B)
Class com.amazon.ion.impl._Private_IonWriterBase                                      : loaded 2 times (x 162B)
Class com.amazon.ion.system.IonSystemBuilder                                          : loaded 2 times (x 75B)
Class com.amazon.ion.IonCatalog                                                       : loaded 2 times (x 70B)
Class com.intellij.gradle.toolingExtension.impl.model.utilTurnOffDefaultTasksModel.TurnOffDefaultTasks: loaded 2 times (x 70B)
Class com.intellij.gradle.toolingExtension.impl.model.sourceSetModel.GradleSourceSetSerialisationService$SourceSetModelReadContext: loaded 2 times (x 72B)
Class kotlin.io.NoSuchFileException                                                   : loaded 2 times (x 82B)
Class kotlin.collections.CollectionsKt                                                : loaded 2 times (x 71B)
Class com.google.common.io.LineBuffer                                                 : loaded 2 times (x 75B)
Class com.google.common.collect.MapMakerInternalMap$1                                 : loaded 2 times (x 83B)
Class org.objectweb.asm.Context                                                       : loaded 2 times (x 72B)
Class com.android.builder.model.v2.dsl.BuildType                                      : loaded 2 times (x 70B)
Class com.google.gson.internal.bind.ReflectiveTypeAdapterFactory$BoundField           : loaded 2 times (x 75B)
Class com.google.gson.Gson$3                                                          : loaded 2 times (x 75B)
Class com.google.common.base.CommonPattern                                            : loaded 2 times (x 74B)
Class com.google.common.io.LineReader                                                 : loaded 2 times (x 72B)
Class com.intellij.gradle.toolingExtension.impl.model.sourceSetModel.GradleSourceSetSerialisationService$SourceSetModelWriteContext: loaded 2 times (x 72B)
Class kotlin.ranges.IntProgressionIterator                                            : loaded 2 times (x 82B)
Class kotlin.coroutines.CoroutineContext                                              : loaded 2 times (x 70B)
Class kotlin.coroutines.jvm.internal.DebugProbesKt                                    : loaded 2 times (x 71B)
Class org.gradle.tooling.internal.adapter.WeakIdentityHashMap                         : loaded 2 times (x 76B)
Class org.gradle.tooling.GradleConnectionException                                    : loaded 2 times (x 83B)
Class org.gradle.tooling.internal.adapter.ProtocolToModelAdapter$1                    : loaded 2 times (x 75B)
Class org.gradle.tooling.internal.adapter.ProtocolToModelAdapter$ViewDecoration       : loaded 2 times (x 70B)
Class org.gradle.internal.installation.GradleInstallation                             : loaded 2 times (x 75B)
Class com.google.common.base.Splitter$Strategy                                        : loaded 2 times (x 70B)
Class com.google.gson.internal.bind.DefaultDateTypeAdapter$1                          : loaded 2 times (x 75B)
Class com.google.gson.Gson$4                                                          : loaded 2 times (x 76B)
Class com.google.gson.internal.ConstructorConstructor                                 : loaded 2 times (x 72B)
Class com.google.common.collect.Iterables                                             : loaded 2 times (x 71B)
Class com.amazon.ion.impl._Private_RecyclingQueue$Recycler                            : loaded 2 times (x 70B)
Class com.amazon.ion.impl.lite.ContainerlessContext                                   : loaded 2 times (x 80B)
Class org.jetbrains.plugins.gradle.tooling.serialization.GradleExtensionsSerializationService$ReadContext: loaded 2 times (x 72B)
Class com.google.common.collect.ForwardingCollection                                  : loaded 2 times (x 130B)
Class com.google.common.collect.LexicographicalOrdering                               : loaded 2 times (x 115B)
Class org.gradle.tooling.internal.adapter.MethodInvoker                               : loaded 2 times (x 70B)
Class com.android.ide.common.gradle.Part                                              : loaded 2 times (x 77B)
Class com.google.gson.ReflectionAccessFilter$FilterResult                             : loaded 2 times (x 79B)
Class com.google.common.collect.Lists$RandomAccessReverseList                         : loaded 2 times (x 200B)
Class com.google.gson.Gson$5                                                          : loaded 2 times (x 76B)
Class gnu.trove.PrimeFinder                                                           : loaded 2 times (x 71B)
Class com.amazon.ion.UnexpectedEofException                                           : loaded 2 times (x 84B)
Class com.amazon.ion.IonSexp                                                          : loaded 2 times (x 70B)
Class com.amazon.ion.ReadOnlyValueException                                           : loaded 2 times (x 84B)
Class com.amazon.ion.impl._Private_LocalSymbolTable                                   : loaded 2 times (x 70B)
Class com.amazon.ion.BufferConfiguration$DataHandler                                  : loaded 2 times (x 70B)
Class com.amazon.ion.impl._Private_IonBinaryWriterBuilder                             : loaded 2 times (x 115B)
Class org.jetbrains.plugins.gradle.tooling.serialization.RepositoriesModelSerializationService$WriteContext: loaded 2 times (x 72B)
Class com.android.ide.gradle.model.LegacyAndroidGradlePluginProperties                : loaded 2 times (x 70B)
Class kotlin.ranges.IntProgression                                                    : loaded 2 times (x 81B)
Class kotlin.jvm.KotlinReflectionNotSupportedError                                    : loaded 2 times (x 82B)
Class org.gradle.tooling.model.gradle.GradleScript                                    : loaded 2 times (x 70B)

---------------  S Y S T E M  ---------------

OS:
 Windows 11 , 64 bit Build 26100 (10.0.26100.7920)
OS uptime: 0 days 1:29 hours

CPU: total 12 (initial active 12) (12 cores per cpu, 1 threads per core) family 6 model 186 stepping 3 microcode 0x410e, cx8, cmov, fxsr, mmx, 3dnowpref, sse, sse2, sse3, ssse3, sse4.1, sse4.2, popcnt, lzcnt, tsc, tscinvbit, avx, avx2, aes, erms, clmul, bmi1, bmi2, adx, sha, fma, vzeroupper, clflush, clflushopt, clwb, serialize, rdtscp, rdpid, fsrm, f16c, pku, cet_ibt, cet_ss
Processor Information for processor 0
  Max Mhz: 1300, Current Mhz: 1300, Mhz Limit: 1300
Processor Information for processor 1
  Max Mhz: 1300, Current Mhz: 1300, Mhz Limit: 1300
Processor Information for processor 2
  Max Mhz: 1300, Current Mhz: 1300, Mhz Limit: 1300
Processor Information for processor 3
  Max Mhz: 1300, Current Mhz: 1300, Mhz Limit: 1300
Processor Information for processor 4
  Max Mhz: 1300, Current Mhz: 900, Mhz Limit: 897
Processor Information for processor 5
  Max Mhz: 1300, Current Mhz: 900, Mhz Limit: 897
Processor Information for processor 6
  Max Mhz: 1300, Current Mhz: 900, Mhz Limit: 897
Processor Information for processor 7
  Max Mhz: 1300, Current Mhz: 900, Mhz Limit: 897
Processor Information for processor 8
  Max Mhz: 1300, Current Mhz: 900, Mhz Limit: 897
Processor Information for processor 9
  Max Mhz: 1300, Current Mhz: 900, Mhz Limit: 897
Processor Information for processor 10
  Max Mhz: 1300, Current Mhz: 900, Mhz Limit: 897
Processor Information for processor 11
  Max Mhz: 1300, Current Mhz: 900, Mhz Limit: 897

Memory: 4k page, system-wide physical 11913M (1155M free)
TotalPageFile size 16009M (AvailPageFile size 16M)
current process WorkingSet (physical memory assigned to process): 1258M, peak: 1327M
current process commit charge ("private bytes"): 1470M, peak: 1542M

vm_info: OpenJDK 64-Bit Server VM (21.0.9+-14787801-b1163.94) for windows-amd64 JRE (21.0.9+-14787801-b1163.94), built on 2026-01-27T21:15:44Z by "builder" with MS VC++ 16.10 / 16.11 (VS2019)

END.
